{
 "type": "FeatureCollection",
 "name": "chennai2015_crowd",
 "features": [
  {
   "type": "Feature",
   "properties": {
    "source": "2015 Crowd-sourced Flooding",
    "type": "Flooded Street"
   },
   "geometry": {
    "type": "LineString",
    "coordinates": [
     [
      80.216556,
      12.984159
     ],
     [
      80.215497,
      12.984057
     ]
    ]
   }
  },
  {
   "type": "Feature",
   "properties": {
    "source": "2015 Crowd-sourced Flooding",
    "type": "Flooded Street"
   },
   "geometry": {
    "type": "LineString",
    "coordinates": [
     [
      80.200023,
      12.973801
     ],
     [
      80.200549,
      12.973761
     ],
     [
      80.201209,
      12.973748
     ]
    ]
   }
  },
  {
   "type": "Feature",
   "properties": {
    "source": "2015 Crowd-sourced Flooding",
    "type": "Flooded Street"
   },
   "geometry": {
    "type": "LineString",
    "coordinates": [
     [
      80.261183,
      13.030894
     ],
     [
      80.26062,
      13.030962
     ]
    ]
   }
  },
  {
   "type": "Feature",
   "properties": {
    "source": "2015 Crowd-sourced Flooding",
    "type": "Flooded Street"
   },
   "geometry": {
    "type": "LineString",
    "coordinates": [
     [
      80.156158,
      12.914111
     ],
     [
      80.156166,
      12.914522
     ]
    ]
   }
  },
  {
   "type": "Feature",
   "properties": {
    "source": "2015 Crowd-sourced Flooding",
    "type": "Flooded Street"
   },
   "geometry": {
    "type": "LineString",
    "coordinates": [
     [
      80.208571,
      13.067439
     ],
     [
      80.208633,
      13.067517
     ],
     [
      80.20866,
      13.067543
     ],
     [
      80.208711,
      13.067577
     ],
     [
      80.208773,
      13.067577
     ],
     [
      80.208907,
      13.067535
     ]
    ]
   }
  },
  {
   "type": "Feature",
   "properties": {
    "source": "2015 Crowd-sourced Flooding",
    "type": "Flooded Street"
   },
   "geometry": {
    "type": "LineString",
    "coordinates": [
     [
      80.047279,
      12.822681
     ],
     [
      80.047215,
      12.819932
     ]
    ]
   }
  },
  {
   "type": "Feature",
   "properties": {
    "source": "2015 Crowd-sourced Flooding",
    "type": "Flooded Street"
   },
   "geometry": {
    "type": "LineString",
    "coordinates": [
     [
      80.203231,
      13.005893
     ],
     [
      80.203888,
      13.00595
     ]
    ]
   }
  },
  {
   "type": "Feature",
   "properties": {
    "source": "2015 Crowd-sourced Flooding",
    "type": "Flooded Street"
   },
   "geometry": {
    "type": "LineString",
    "coordinates": [
     [
      80.18938,
      12.980047
     ],
     [
      80.188613,
      12.980105
     ]
    ]
   }
  },
  {
   "type": "Feature",
   "properties": {
    "source": "2015 Crowd-sourced Flooding",
    "type": "Flooded Street"
   },
   "geometry": {
    "type": "LineString",
    "coordinates": [
     [
      80.216921,
      12.977447
     ],
     [
      80.217683,
      12.977496
     ]
    ]
   }
  },
  {
   "type": "Feature",
   "properties": {
    "source": "2015 Crowd-sourced Flooding",
    "type": "Flooded Street"
   },
   "geometry": {
    "type": "LineString",
    "coordinates": [
     [
      80.264147,
      12.968563
     ],
     [
      80.264163,
      12.968725
     ],
     [
      80.264165,
      12.968934
     ],
     [
      80.264128,
      12.969357
     ],
     [
      80.26405,
      12.970628
     ],
     [
      80.263964,
      12.971908
     ],
     [
      80.263793,
      12.972609
     ]
    ]
   }
  },
  {
   "type": "Feature",
   "properties": {
    "source": "2015 Crowd-sourced Flooding",
    "type": "Flooded Street"
   },
   "geometry": {
    "type": "LineString",
    "coordinates": [
     [
      80.274157,
      13.063185
     ],
     [
      80.275753,
      13.063201
     ]
    ]
   }
  },
  {
   "type": "Feature",
   "properties": {
    "source": "2015 Crowd-sourced Flooding",
    "type": "Flooded Street"
   },
   "geometry": {
    "type": "LineString",
    "coordinates": [
     [
      80.301901,
      13.183229
     ],
     [
      80.302186,
      13.183086
     ],
     [
      80.303125,
      13.182626
     ]
    ]
   }
  },
  {
   "type": "Feature",
   "properties": {
    "source": "2015 Crowd-sourced Flooding",
    "type": "Flooded Street"
   },
   "geometry": {
    "type": "LineString",
    "coordinates": [
     [
      80.254469,
      12.977457
     ],
     [
      80.255298,
      12.977235
     ]
    ]
   }
  },
  {
   "type": "Feature",
   "properties": {
    "source": "2015 Crowd-sourced Flooding",
    "type": "Flooded Street"
   },
   "geometry": {
    "type": "LineString",
    "coordinates": [
     [
      80.221996,
      12.967316
     ],
     [
      80.222151,
      12.967334
     ],
     [
      80.222615,
      12.967447
     ],
     [
      80.223315,
      12.967708
     ],
     [
      80.223565,
      12.967894
     ],
     [
      80.223975,
      12.968137
     ],
     [
      80.225094,
      12.968709
     ],
     [
      80.225531,
      12.968968
     ],
     [
      80.226094,
      12.969457
     ],
     [
      80.227768,
      12.971124
     ],
     [
      80.228092,
      12.971464
     ],
     [
      80.229401,
      12.972609
     ]
    ]
   }
  },
  {
   "type": "Feature",
   "properties": {
    "source": "2015 Crowd-sourced Flooding",
    "type": "Flooded Street"
   },
   "geometry": {
    "type": "LineString",
    "coordinates": [
     [
      80.208,
      13.045213
     ],
     [
      80.207528,
      13.045072
     ],
     [
      80.206908,
      13.044869
     ],
     [
      80.206428,
      13.044631
     ]
    ]
   }
  },
  {
   "type": "Feature",
   "properties": {
    "source": "2015 Crowd-sourced Flooding",
    "type": "Flooded Street"
   },
   "geometry": {
    "type": "LineString",
    "coordinates": [
     [
      80.254864,
      12.983314
     ],
     [
      80.254692,
      12.982695
     ],
     [
      80.254464,
      12.98223
     ],
     [
      80.254357,
      12.982131
     ],
     [
      80.254164,
      12.982016
     ],
     [
      80.253863,
      12.981898
     ],
     [
      80.253665,
      12.981838
     ]
    ]
   }
  },
  {
   "type": "Feature",
   "properties": {
    "source": "2015 Crowd-sourced Flooding",
    "type": "Flooded Street"
   },
   "geometry": {
    "type": "LineString",
    "coordinates": [
     [
      80.20656,
      12.980377
     ],
     [
      80.206506,
      12.980288
     ],
     [
      80.205726,
      12.980437
     ]
    ]
   }
  },
  {
   "type": "Feature",
   "properties": {
    "source": "2015 Crowd-sourced Flooding",
    "type": "Flooded Street"
   },
   "geometry": {
    "type": "LineString",
    "coordinates": [
     [
      80.089382,
      12.98298
     ],
     [
      80.089307,
      12.985105
     ],
     [
      80.089041,
      12.990277
     ],
     [
      80.088148,
      12.992619
     ],
     [
      80.087837,
      12.993325
     ],
     [
      80.08769,
      12.993646
     ],
     [
      80.08759,
      12.99402
     ]
    ]
   }
  },
  {
   "type": "Feature",
   "properties": {
    "source": "2015 Crowd-sourced Flooding",
    "type": "Flooded Street"
   },
   "geometry": {
    "type": "LineString",
    "coordinates": [
     [
      80.205299,
      12.982008
     ],
     [
      80.205776,
      12.981995
     ],
     [
      80.206031,
      12.981948
     ],
     [
      80.206337,
      12.981911
     ],
     [
      80.206721,
      12.981877
     ],
     [
      80.206876,
      12.98188
     ]
    ]
   }
  },
  {
   "type": "Feature",
   "properties": {
    "source": "2015 Crowd-sourced Flooding",
    "type": "Flooded Street"
   },
   "geometry": {
    "type": "LineString",
    "coordinates": [
     [
      80.21532,
      12.935415
     ],
     [
      80.215569,
      12.93542
     ],
     [
      80.2158,
      12.935509
     ],
     [
      80.216765,
      12.935778
     ]
    ]
   }
  },
  {
   "type": "Feature",
   "properties": {
    "source": "2015 Crowd-sourced Flooding",
    "type": "Flooded Street"
   },
   "geometry": {
    "type": "LineString",
    "coordinates": [
     [
      80.2589,
      13.023522
     ],
     [
      80.260056,
      13.023206
     ],
     [
      80.260483,
      13.023083
     ]
    ]
   }
  },
  {
   "type": "Feature",
   "properties": {
    "source": "2015 Crowd-sourced Flooding",
    "type": "Flooded Street"
   },
   "geometry": {
    "type": "LineString",
    "coordinates": [
     [
      80.226092,
      13.021418
     ],
     [
      80.225807,
      13.021601
     ]
    ]
   }
  },
  {
   "type": "Feature",
   "properties": {
    "source": "2015 Crowd-sourced Flooding",
    "type": "Flooded Street"
   },
   "geometry": {
    "type": "LineString",
    "coordinates": [
     [
      80.221084,
      13.036836
     ],
     [
      80.22232,
      13.036606
     ]
    ]
   }
  },
  {
   "type": "Feature",
   "properties": {
    "source": "2015 Crowd-sourced Flooding",
    "type": "Flooded Street"
   },
   "geometry": {
    "type": "LineString",
    "coordinates": [
     [
      80.10149,
      12.935786
     ],
     [
      80.099658,
      12.936155
     ],
     [
      80.098394,
      12.936531
     ],
     [
      80.098051,
      12.936793
     ],
     [
      80.095197,
      12.937585
     ],
     [
      80.091383,
      12.93873
     ],
     [
      80.09016,
      12.938952
     ]
    ]
   }
  },
  {
   "type": "Feature",
   "properties": {
    "source": "2015 Crowd-sourced Flooding",
    "type": "Flooded Street"
   },
   "geometry": {
    "type": "LineString",
    "coordinates": [
     [
      80.072573,
      12.90803
     ],
     [
      80.074268,
      12.91311
     ],
     [
      80.07496,
      12.915596
     ],
     [
      80.076041,
      12.919073
     ]
    ]
   }
  },
  {
   "type": "Feature",
   "properties": {
    "source": "2015 Crowd-sourced Flooding",
    "type": "Flooded Street"
   },
   "geometry": {
    "type": "LineString",
    "coordinates": [
     [
      80.262519,
      13.035639
     ],
     [
      80.262462,
      13.035245
     ],
     [
      80.262326,
      13.03444
     ],
     [
      80.262269,
      13.034186
     ],
     [
      80.262213,
      13.033758
     ],
     [
      80.262181,
      13.033112
     ]
    ]
   }
  },
  {
   "type": "Feature",
   "properties": {
    "source": "2015 Crowd-sourced Flooding",
    "type": "Flooded Street"
   },
   "geometry": {
    "type": "LineString",
    "coordinates": [
     [
      80.123548,
      13.040032
     ],
     [
      80.124071,
      13.039893
     ],
     [
      80.124243,
      13.039818
     ],
     [
      80.124819,
      13.039632
     ]
    ]
   }
  },
  {
   "type": "Feature",
   "properties": {
    "source": "2015 Crowd-sourced Flooding",
    "type": "Flooded Street"
   },
   "geometry": {
    "type": "LineString",
    "coordinates": [
     [
      80.252943,
      13.141196
     ],
     [
      80.250658,
      13.141499
     ],
     [
      80.250518,
      13.141512
     ],
     [
      80.250261,
      13.141632
     ],
     [
      80.250205,
      13.14181
     ],
     [
      80.25021,
      13.142084
     ],
     [
      80.250025,
      13.142251
     ],
     [
      80.2494,
      13.142523
     ],
     [
      80.249207,
      13.14263
     ],
     [
      80.248343,
      13.14328
     ],
     [
      80.247976,
      13.143484
     ],
     [
      80.247777,
      13.143568
     ],
     [
      80.247579,
      13.143688
     ]
    ]
   }
  },
  {
   "type": "Feature",
   "properties": {
    "source": "2015 Crowd-sourced Flooding",
    "type": "Flooded Street"
   },
   "geometry": {
    "type": "LineString",
    "coordinates": [
     [
      80.200149,
      13.027609
     ],
     [
      80.198902,
      13.027293
     ],
     [
      80.198406,
      13.027267
     ],
     [
      80.197899,
      13.027275
     ]
    ]
   }
  },
  {
   "type": "Feature",
   "properties": {
    "source": "2015 Crowd-sourced Flooding",
    "type": "Flooded Street"
   },
   "geometry": {
    "type": "LineString",
    "coordinates": [
     [
      80.210245,
      13.029352
     ],
     [
      80.209054,
      13.029668
     ]
    ]
   }
  },
  {
   "type": "Feature",
   "properties": {
    "source": "2015 Crowd-sourced Flooding",
    "type": "Flooded Street"
   },
   "geometry": {
    "type": "LineString",
    "coordinates": [
     [
      80.254182,
      12.978367
     ],
     [
      80.254528,
      12.978296
     ],
     [
      80.255129,
      12.978132
     ],
     [
      80.255298,
      12.978087
     ]
    ]
   }
  },
  {
   "type": "Feature",
   "properties": {
    "source": "2015 Crowd-sourced Flooding",
    "type": "Flooded Street"
   },
   "geometry": {
    "type": "LineString",
    "coordinates": [
     [
      80.217144,
      13.064259
     ],
     [
      80.2168,
      13.064308
     ],
     [
      80.216672,
      13.064935
     ],
     [
      80.216135,
      13.064938
     ],
     [
      80.21584,
      13.064933
     ]
    ]
   }
  },
  {
   "type": "Feature",
   "properties": {
    "source": "2015 Crowd-sourced Flooding",
    "type": "Flooded Street"
   },
   "geometry": {
    "type": "LineString",
    "coordinates": [
     [
      80.249395,
      12.966527
     ],
     [
      80.249298,
      12.966119
     ]
    ]
   }
  },
  {
   "type": "Feature",
   "properties": {
    "source": "2015 Crowd-sourced Flooding",
    "type": "Flooded Street"
   },
   "geometry": {
    "type": "LineString",
    "coordinates": [
     [
      80.266242,
      13.032715
     ],
     [
      80.266322,
      13.033753
     ],
     [
      80.266065,
      13.034453
     ]
    ]
   }
  },
  {
   "type": "Feature",
   "properties": {
    "source": "2015 Crowd-sourced Flooding",
    "type": "Flooded Street"
   },
   "geometry": {
    "type": "LineString",
    "coordinates": [
     [
      80.044932,
      12.822887
     ],
     [
      80.046558,
      12.822934
     ]
    ]
   }
  },
  {
   "type": "Feature",
   "properties": {
    "source": "2015 Crowd-sourced Flooding",
    "type": "Flooded Street"
   },
   "geometry": {
    "type": "LineString",
    "coordinates": [
     [
      80.216307,
      12.965687
     ],
     [
      80.215041,
      12.96598
     ],
     [
      80.214748,
      12.966043
     ]
    ]
   }
  },
  {
   "type": "Feature",
   "properties": {
    "source": "2015 Crowd-sourced Flooding",
    "type": "Flooded Street"
   },
   "geometry": {
    "type": "LineString",
    "coordinates": [
     [
      80.22463,
      13.085623
     ],
     [
      80.224257,
      13.086114
     ],
     [
      80.224166,
      13.086351
     ],
     [
      80.224134,
      13.08667
     ],
     [
      80.224201,
      13.088128
     ]
    ]
   }
  },
  {
   "type": "Feature",
   "properties": {
    "source": "2015 Crowd-sourced Flooding",
    "type": "Flooded Street"
   },
   "geometry": {
    "type": "LineString",
    "coordinates": [
     [
      80.234042,
      13.056151
     ],
     [
      80.234728,
      13.056122
     ]
    ]
   }
  },
  {
   "type": "Feature",
   "properties": {
    "source": "2015 Crowd-sourced Flooding",
    "type": "Flooded Street"
   },
   "geometry": {
    "type": "LineString",
    "coordinates": [
     [
      80.210135,
      12.979629
     ],
     [
      80.209395,
      12.979676
     ],
     [
      80.209376,
      12.980108
     ]
    ]
   }
  },
  {
   "type": "Feature",
   "properties": {
    "source": "2015 Crowd-sourced Flooding",
    "type": "Flooded Street"
   },
   "geometry": {
    "type": "LineString",
    "coordinates": [
     [
      80.214008,
      13.0618
     ],
     [
      80.21245,
      13.062359
     ],
     [
      80.211782,
      13.062435
     ]
    ]
   }
  },
  {
   "type": "Feature",
   "properties": {
    "source": "2015 Crowd-sourced Flooding",
    "type": "Flooded Street"
   },
   "geometry": {
    "type": "LineString",
    "coordinates": [
     [
      80.250025,
      13.076993
     ],
     [
      80.249038,
      13.07669
     ]
    ]
   }
  },
  {
   "type": "Feature",
   "properties": {
    "source": "2015 Crowd-sourced Flooding",
    "type": "Flooded Street"
   },
   "geometry": {
    "type": "LineString",
    "coordinates": [
     [
      80.170028,
      12.952116
     ],
     [
      80.170079,
      12.952362
     ],
     [
      80.170162,
      12.952725
     ],
     [
      80.170318,
      12.952702
     ],
     [
      80.170283,
      12.952422
     ],
     [
      80.170318,
      12.952312
     ],
     [
      80.17028,
      12.952069
     ]
    ]
   }
  },
  {
   "type": "Feature",
   "properties": {
    "source": "2015 Crowd-sourced Flooding",
    "type": "Flooded Street"
   },
   "geometry": {
    "type": "LineString",
    "coordinates": [
     [
      80.216374,
      13.091177
     ],
     [
      80.216326,
      13.090393
     ]
    ]
   }
  },
  {
   "type": "Feature",
   "properties": {
    "source": "2015 Crowd-sourced Flooding",
    "type": "Flooded Street"
   },
   "geometry": {
    "type": "LineString",
    "coordinates": [
     [
      80.26026,
      13.022328
     ],
     [
      80.260483,
      13.023083
     ],
     [
      80.260587,
      13.023381
     ],
     [
      80.260671,
      13.023598
     ],
     [
      80.26084,
      13.024092
     ],
     [
      80.260982,
      13.024573
     ],
     [
      80.26111,
      13.024975
     ],
     [
      80.261143,
      13.025061
     ],
     [
      80.261416,
      13.025926
     ],
     [
      80.261475,
      13.026133
     ]
    ]
   }
  },
  {
   "type": "Feature",
   "properties": {
    "source": "2015 Crowd-sourced Flooding",
    "type": "Flooded Street"
   },
   "geometry": {
    "type": "LineString",
    "coordinates": [
     [
      80.240645,
      13.01095
     ],
     [
      80.240661,
      13.011407
     ],
     [
      80.240597,
      13.012408
     ],
     [
      80.24061,
      13.012782
     ],
     [
      80.240629,
      13.012826
     ],
     [
      80.240651,
      13.012857
     ],
     [
      80.240693,
      13.012873
     ],
     [
      80.240844,
      13.012899
     ],
     [
      80.241522,
      13.01297
     ],
     [
      80.241592,
      13.012991
     ],
     [
      80.241662,
      13.013027
     ],
     [
      80.241691,
      13.013045
     ],
     [
      80.241715,
      13.013074
     ]
    ]
   }
  },
  {
   "type": "Feature",
   "properties": {
    "source": "2015 Crowd-sourced Flooding",
    "type": "Flooded Street"
   },
   "geometry": {
    "type": "LineString",
    "coordinates": [
     [
      80.1153,
      13.044997
     ],
     [
      80.114297,
      13.044662
     ],
     [
      80.113648,
      13.044503
     ],
     [
      80.113034,
      13.044568
     ],
     [
      80.112618,
      13.044654
     ],
     [
      80.112133,
      13.044835
     ]
    ]
   }
  },
  {
   "type": "Feature",
   "properties": {
    "source": "2015 Crowd-sourced Flooding",
    "type": "Flooded Street"
   },
   "geometry": {
    "type": "LineString",
    "coordinates": [
     [
      80.161179,
      13.01431
     ],
     [
      80.160941,
      13.01431
     ],
     [
      80.160731,
      13.014318
     ]
    ]
   }
  },
  {
   "type": "Feature",
   "properties": {
    "source": "2015 Crowd-sourced Flooding",
    "type": "Flooded Street"
   },
   "geometry": {
    "type": "LineString",
    "coordinates": [
     [
      80.090334,
      12.924691
     ],
     [
      80.091353,
      12.924258
     ],
     [
      80.09289,
      12.92369
     ]
    ]
   }
  },
  {
   "type": "Feature",
   "properties": {
    "source": "2015 Crowd-sourced Flooding",
    "type": "Flooded Street"
   },
   "geometry": {
    "type": "LineString",
    "coordinates": [
     [
      80.260196,
      12.972413
     ],
     [
      80.259254,
      12.972664
     ],
     [
      80.258745,
      12.972732
     ],
     [
      80.258758,
      12.973111
     ]
    ]
   }
  },
  {
   "type": "Feature",
   "properties": {
    "source": "2015 Crowd-sourced Flooding",
    "type": "Flooded Street"
   },
   "geometry": {
    "type": "LineString",
    "coordinates": [
     [
      80.191255,
      12.964741
     ],
     [
      80.19048,
      12.964963
     ],
     [
      80.190504,
      12.965058
     ],
     [
      80.190204,
      12.965126
     ],
     [
      80.189037,
      12.965356
     ]
    ]
   }
  },
  {
   "type": "Feature",
   "properties": {
    "source": "2015 Crowd-sourced Flooding",
    "type": "Flooded Street"
   },
   "geometry": {
    "type": "LineString",
    "coordinates": [
     [
      80.234916,
      13.08358
     ],
     [
      80.23501,
      13.082728
     ],
     [
      80.235973,
      13.082422
     ],
     [
      80.236855,
      13.082124
     ],
     [
      80.237335,
      13.081991
     ]
    ]
   }
  },
  {
   "type": "Feature",
   "properties": {
    "source": "2015 Crowd-sourced Flooding",
    "type": "Flooded Street"
   },
   "geometry": {
    "type": "LineString",
    "coordinates": [
     [
      80.217892,
      13.05872
     ],
     [
      80.217994,
      13.059464
     ]
    ]
   }
  },
  {
   "type": "Feature",
   "properties": {
    "source": "2015 Crowd-sourced Flooding",
    "type": "Flooded Street"
   },
   "geometry": {
    "type": "LineString",
    "coordinates": [
     [
      80.232741,
      12.939333
     ],
     [
      80.231067,
      12.939971
     ],
     [
      80.230777,
      12.940029
     ]
    ]
   }
  },
  {
   "type": "Feature",
   "properties": {
    "source": "2015 Crowd-sourced Flooding",
    "type": "Flooded Street"
   },
   "geometry": {
    "type": "LineString",
    "coordinates": [
     [
      80.24631,
      12.940489
     ],
     [
      80.246141,
      12.939561
     ],
     [
      80.2459,
      12.938322
     ]
    ]
   }
  },
  {
   "type": "Feature",
   "properties": {
    "source": "2015 Crowd-sourced Flooding",
    "type": "Flooded Street"
   },
   "geometry": {
    "type": "LineString",
    "coordinates": [
     [
      80.186612,
      12.886612
     ],
     [
      80.184501,
      12.886983
     ],
     [
      80.184319,
      12.88707
     ],
     [
      80.184284,
      12.887219
     ],
     [
      80.184611,
      12.889901
     ],
     [
      80.184574,
      12.890346
     ],
     [
      80.183895,
      12.892511
     ]
    ]
   }
  },
  {
   "type": "Feature",
   "properties": {
    "source": "2015 Crowd-sourced Flooding",
    "type": "Flooded Street"
   },
   "geometry": {
    "type": "LineString",
    "coordinates": [
     [
      80.189788,
      12.971678
     ],
     [
      80.189973,
      12.972609
     ]
    ]
   }
  },
  {
   "type": "Feature",
   "properties": {
    "source": "2015 Crowd-sourced Flooding",
    "type": "Flooded Street"
   },
   "geometry": {
    "type": "LineString",
    "coordinates": [
     [
      80.266816,
      13.074992
     ],
     [
      80.266837,
      13.074851
     ],
     [
      80.266899,
      13.074532
     ],
     [
      80.266934,
      13.074375
     ],
     [
      80.266848,
      13.074347
     ]
    ]
   }
  },
  {
   "type": "Feature",
   "properties": {
    "source": "2015 Crowd-sourced Flooding",
    "type": "Flooded Street"
   },
   "geometry": {
    "type": "LineString",
    "coordinates": [
     [
      80.241707,
      13.063875
     ],
     [
      80.24171,
      13.063446
     ],
     [
      80.24219,
      13.063462
     ],
     [
      80.24314,
      13.063574
     ],
     [
      80.243499,
      13.0636
     ]
    ]
   }
  },
  {
   "type": "Feature",
   "properties": {
    "source": "2015 Crowd-sourced Flooding",
    "type": "Flooded Street"
   },
   "geometry": {
    "type": "LineString",
    "coordinates": [
     [
      80.211353,
      12.964441
     ],
     [
      80.211176,
      12.963735
     ],
     [
      80.211055,
      12.963306
     ],
     [
      80.21102,
      12.963142
     ],
     [
      80.210934,
      12.962857
     ],
     [
      80.210969,
      12.962682
     ],
     [
      80.210897,
      12.962363
     ],
     [
      80.210851,
      12.962214
     ],
     [
      80.210658,
      12.962193
     ]
    ]
   }
  },
  {
   "type": "Feature",
   "properties": {
    "source": "2015 Crowd-sourced Flooding",
    "type": "Flooded Street"
   },
   "geometry": {
    "type": "LineString",
    "coordinates": [
     [
      80.209639,
      12.958565
     ],
     [
      80.20922,
      12.958664
     ],
     [
      80.20866,
      12.958837
     ],
     [
      80.208185,
      12.95897
     ],
     [
      80.207592,
      12.959116
     ],
     [
      80.205747,
      12.959427
     ]
    ]
   }
  },
  {
   "type": "Feature",
   "properties": {
    "source": "2015 Crowd-sourced Flooding",
    "type": "Flooded Street"
   },
   "geometry": {
    "type": "LineString",
    "coordinates": [
     [
      80.198489,
      13.03259
     ],
     [
      80.200366,
      13.032355
     ]
    ]
   }
  },
  {
   "type": "Feature",
   "properties": {
    "source": "2015 Crowd-sourced Flooding",
    "type": "Flooded Street"
   },
   "geometry": {
    "type": "LineString",
    "coordinates": [
     [
      80.158645,
      13.029977
     ],
     [
      80.159015,
      13.029937
     ],
     [
      80.15917,
      13.029927
     ],
     [
      80.160839,
      13.029781
     ],
     [
      80.161373,
      13.029747
     ]
    ]
   }
  },
  {
   "type": "Feature",
   "properties": {
    "source": "2015 Crowd-sourced Flooding",
    "type": "Flooded Street"
   },
   "geometry": {
    "type": "LineString",
    "coordinates": [
     [
      80.198505,
      13.038994
     ],
     [
      80.198368,
      13.038122
     ],
     [
      80.198258,
      13.037476
     ]
    ]
   }
  },
  {
   "type": "Feature",
   "properties": {
    "source": "2015 Crowd-sourced Flooding",
    "type": "Flooded Street"
   },
   "geometry": {
    "type": "LineString",
    "coordinates": [
     [
      80.243968,
      13.021361
     ],
     [
      80.245124,
      13.021429
     ],
     [
      80.245189,
      13.021403
     ],
     [
      80.245226,
      13.021348
     ]
    ]
   }
  },
  {
   "type": "Feature",
   "properties": {
    "source": "2015 Crowd-sourced Flooding",
    "type": "Flooded Street"
   },
   "geometry": {
    "type": "LineString",
    "coordinates": [
     [
      80.207276,
      13.037066
     ],
     [
      80.207236,
      13.036692
     ],
     [
      80.207211,
      13.036502
     ]
    ]
   }
  },
  {
   "type": "Feature",
   "properties": {
    "source": "2015 Crowd-sourced Flooding",
    "type": "Flooded Street"
   },
   "geometry": {
    "type": "LineString",
    "coordinates": [
     [
      80.228229,
      12.811633
     ],
     [
      80.228626,
      12.812708
     ],
     [
      80.228913,
      12.81354
     ],
     [
      80.229133,
      12.814333
     ],
     [
      80.229348,
      12.81598
     ],
     [
      80.229592,
      12.817073
     ],
     [
      80.229839,
      12.817709
     ],
     [
      80.230354,
      12.818705
     ],
     [
      80.230418,
      12.818949
     ],
     [
      80.230407,
      12.82118
     ],
     [
      80.230461,
      12.821742
     ],
     [
      80.230579,
      12.822163
     ],
     [
      80.230716,
      12.822681
     ]
    ]
   }
  },
  {
   "type": "Feature",
   "properties": {
    "source": "2015 Crowd-sourced Flooding",
    "type": "Flooded Street"
   },
   "geometry": {
    "type": "LineString",
    "coordinates": [
     [
      80.209279,
      13.057134
     ],
     [
      80.210267,
      13.057066
     ]
    ]
   }
  },
  {
   "type": "Feature",
   "properties": {
    "source": "2015 Crowd-sourced Flooding",
    "type": "Flooded Street"
   },
   "geometry": {
    "type": "LineString",
    "coordinates": [
     [
      80.203078,
      12.99656
     ],
     [
      80.203003,
      12.997041
     ],
     [
      80.203067,
      12.997522
     ],
     [
      80.203129,
      12.997841
     ],
     [
      80.203574,
      12.999064
     ]
    ]
   }
  },
  {
   "type": "Feature",
   "properties": {
    "source": "2015 Crowd-sourced Flooding",
    "type": "Flooded Street"
   },
   "geometry": {
    "type": "LineString",
    "coordinates": [
     [
      80.242609,
      13.034999
     ],
     [
      80.242909,
      13.034701
     ],
     [
      80.242788,
      13.034529
     ],
     [
      80.242525,
      13.034116
     ],
     [
      80.242442,
      13.033959
     ],
     [
      80.242214,
      13.033873
     ],
     [
      80.242086,
      13.033873
     ],
     [
      80.241689,
      13.033614
     ],
     [
      80.240852,
      13.033021
     ]
    ]
   }
  },
  {
   "type": "Feature",
   "properties": {
    "source": "2015 Crowd-sourced Flooding",
    "type": "Flooded Street"
   },
   "geometry": {
    "type": "LineString",
    "coordinates": [
     [
      80.187808,
      12.921442
     ],
     [
      80.187993,
      12.921379
     ],
     [
      80.188559,
      12.921235
     ]
    ]
   }
  },
  {
   "type": "Feature",
   "properties": {
    "source": "2015 Crowd-sourced Flooding",
    "type": "Flooded Street"
   },
   "geometry": {
    "type": "LineString",
    "coordinates": [
     [
      80.122081,
      13.087971
     ],
     [
      80.121797,
      13.087498
     ],
     [
      80.120134,
      13.086362
     ],
     [
      80.119506,
      13.085534
     ],
     [
      80.118406,
      13.084413
     ],
     [
      80.118106,
      13.084298
     ],
     [
      80.116596,
      13.083044
     ],
     [
      80.116451,
      13.082258
     ],
     [
      80.115901,
      13.081079
     ],
     [
      80.115703,
      13.081045
     ],
     [
      80.113887,
      13.081181
     ]
    ]
   }
  },
  {
   "type": "Feature",
   "properties": {
    "source": "2015 Crowd-sourced Flooding",
    "type": "Flooded Street"
   },
   "geometry": {
    "type": "LineString",
    "coordinates": [
     [
      80.185022,
      12.961568
     ],
     [
      80.185156,
      12.962386
     ]
    ]
   }
  },
  {
   "type": "Feature",
   "properties": {
    "source": "2015 Crowd-sourced Flooding",
    "type": "Flooded Street"
   },
   "geometry": {
    "type": "LineString",
    "coordinates": [
     [
      80.216631,
      12.983045
     ],
     [
      80.215204,
      12.982938
     ],
     [
      80.21507,
      12.982904
     ],
     [
      80.214832,
      12.982896
     ],
     [
      80.214824,
      12.98287
     ],
     [
      80.214668,
      12.982873
     ],
     [
      80.214639,
      12.982909
     ],
     [
      80.213625,
      12.982896
     ]
    ]
   }
  },
  {
   "type": "Feature",
   "properties": {
    "source": "2015 Crowd-sourced Flooding",
    "type": "Flooded Street"
   },
   "geometry": {
    "type": "LineString",
    "coordinates": [
     [
      80.228546,
      13.035245
     ],
     [
      80.228278,
      13.035153
     ],
     [
      80.22787,
      13.035132
     ],
     [
      80.227685,
      13.035148
     ],
     [
      80.227307,
      13.035219
     ],
     [
      80.227336,
      13.035354
     ],
     [
      80.227685,
      13.035273
     ],
     [
      80.22802,
      13.035234
     ],
     [
      80.228278,
      13.035221
     ]
    ]
   }
  },
  {
   "type": "Feature",
   "properties": {
    "source": "2015 Crowd-sourced Flooding",
    "type": "Flooded Street"
   },
   "geometry": {
    "type": "LineString",
    "coordinates": [
     [
      80.21363,
      12.972465
     ],
     [
      80.214826,
      12.972394
     ],
     [
      80.21635,
      12.972107
     ]
    ]
   }
  },
  {
   "type": "Feature",
   "properties": {
    "source": "2015 Crowd-sourced Flooding",
    "type": "Flooded Street"
   },
   "geometry": {
    "type": "LineString",
    "coordinates": [
     [
      80.236472,
      12.942206
     ],
     [
      80.237542,
      12.941953
     ]
    ]
   }
  },
  {
   "type": "Feature",
   "properties": {
    "source": "2015 Crowd-sourced Flooding",
    "type": "Flooded Street"
   },
   "geometry": {
    "type": "LineString",
    "coordinates": [
     [
      80.206737,
      12.899044
     ],
     [
      80.206876,
      12.899013
     ],
     [
      80.207067,
      12.899002
     ],
     [
      80.207265,
      12.898908
     ],
     [
      80.207144,
      12.898077
     ],
     [
      80.207067,
      12.898009
     ],
     [
      80.206983,
      12.897996
     ],
     [
      80.20678,
      12.898025
     ],
     [
      80.20675,
      12.898095
     ],
     [
      80.206656,
      12.898137
     ],
     [
      80.206501,
      12.898168
     ],
     [
      80.206359,
      12.898205
     ],
     [
      80.206294,
      12.898153
     ],
     [
      80.206184,
      12.89814
     ],
     [
      80.205862,
      12.898189
     ],
     [
      80.205903,
      12.898571
     ],
     [
      80.205975,
      12.899097
     ],
     [
      80.20605,
      12.899144
     ],
     [
      80.206407,
      12.899086
     ],
     [
      80.206737,
      12.899044
     ],
     [
      80.206806,
      12.899123
     ],
     [
      80.207938,
      12.905387
     ]
    ]
   }
  },
  {
   "type": "Feature",
   "properties": {
    "source": "2015 Crowd-sourced Flooding",
    "type": "Flooded Street"
   },
   "geometry": {
    "type": "LineString",
    "coordinates": [
     [
      80.270364,
      13.027034
     ],
     [
      80.270359,
      13.027471
     ],
     [
      80.270372,
      13.02762
     ],
     [
      80.270372,
      13.027755
     ],
     [
      80.270359,
      13.028025
     ],
     [
      80.270359,
      13.028307
     ],
     [
      80.27034,
      13.028686
     ]
    ]
   }
  },
  {
   "type": "Feature",
   "properties": {
    "source": "2015 Crowd-sourced Flooding",
    "type": "Flooded Street"
   },
   "geometry": {
    "type": "LineString",
    "coordinates": [
     [
      80.158934,
      13.039057
     ],
     [
      80.158945,
      13.039436
     ],
     [
      80.158993,
      13.040575
     ],
     [
      80.158757,
      13.040594
     ],
     [
      80.158733,
      13.04069
     ],
     [
      80.158725,
      13.040923
     ],
     [
      80.158739,
      13.040999
     ],
     [
      80.15872,
      13.041291
     ],
     [
      80.158717,
      13.041393
     ],
     [
      80.158693,
      13.041699
     ],
     [
      80.158712,
      13.041793
     ],
     [
      80.158706,
      13.042026
     ]
    ]
   }
  },
  {
   "type": "Feature",
   "properties": {
    "source": "2015 Crowd-sourced Flooding",
    "type": "Flooded Street"
   },
   "geometry": {
    "type": "LineString",
    "coordinates": [
     [
      80.178903,
      13.036836
     ],
     [
      80.178973,
      13.035788
     ]
    ]
   }
  },
  {
   "type": "Feature",
   "properties": {
    "source": "2015 Crowd-sourced Flooding",
    "type": "Flooded Street"
   },
   "geometry": {
    "type": "LineString",
    "coordinates": [
     [
      80.220542,
      13.035895
     ],
     [
      80.220639,
      13.036042
     ],
     [
      80.220703,
      13.036376
     ],
     [
      80.220767,
      13.036836
     ]
    ]
   }
  },
  {
   "type": "Feature",
   "properties": {
    "source": "2015 Crowd-sourced Flooding",
    "type": "Flooded Street"
   },
   "geometry": {
    "type": "LineString",
    "coordinates": [
     [
      80.271477,
      13.038566
     ],
     [
      80.271692,
      13.038535
     ],
     [
      80.271783,
      13.039279
     ]
    ]
   }
  },
  {
   "type": "Feature",
   "properties": {
    "source": "2015 Crowd-sourced Flooding",
    "type": "Flooded Street"
   },
   "geometry": {
    "type": "LineString",
    "coordinates": [
     [
      80.135725,
      12.926595
     ],
     [
      80.135596,
      12.925599
     ],
     [
      80.135355,
      12.92557
     ],
     [
      80.1352,
      12.925366
     ],
     [
      80.135106,
      12.923614
     ],
     [
      80.135012,
      12.922652
     ]
    ]
   }
  },
  {
   "type": "Feature",
   "properties": {
    "source": "2015 Crowd-sourced Flooding",
    "type": "Flooded Street"
   },
   "geometry": {
    "type": "LineString",
    "coordinates": [
     [
      80.25555,
      13.164906
     ],
     [
      80.2557,
      13.165711
     ],
     [
      80.255727,
      13.166889
     ],
     [
      80.255518,
      13.167891
     ],
     [
      80.255548,
      13.16838
     ]
    ]
   }
  },
  {
   "type": "Feature",
   "properties": {
    "source": "2015 Crowd-sourced Flooding",
    "type": "Flooded Street"
   },
   "geometry": {
    "type": "LineString",
    "coordinates": [
     [
      80.121571,
      12.98298
     ],
     [
      80.121193,
      12.983589
     ],
     [
      80.120957,
      12.983581
     ]
    ]
   }
  },
  {
   "type": "Feature",
   "properties": {
    "source": "2015 Crowd-sourced Flooding",
    "type": "Flooded Street"
   },
   "geometry": {
    "type": "LineString",
    "coordinates": [
     [
      80.195764,
      12.950861
     ],
     [
      80.195812,
      12.95111
     ],
     [
      80.195925,
      12.951531
     ],
     [
      80.19637,
      12.951426
     ],
     [
      80.197134,
      12.951139
     ],
     [
      80.197188,
      12.951123
     ]
    ]
   }
  },
  {
   "type": "Feature",
   "properties": {
    "source": "2015 Crowd-sourced Flooding",
    "type": "Flooded Street"
   },
   "geometry": {
    "type": "LineString",
    "coordinates": [
     [
      80.199157,
      12.950621
     ],
     [
      80.199068,
      12.950637
     ],
     [
      80.19791,
      12.950783
     ],
     [
      80.197126,
      12.950895
     ]
    ]
   }
  },
  {
   "type": "Feature",
   "properties": {
    "source": "2015 Crowd-sourced Flooding",
    "type": "Flooded Street"
   },
   "geometry": {
    "type": "LineString",
    "coordinates": [
     [
      80.232127,
      12.978594
     ],
     [
      80.231185,
      12.978599
     ]
    ]
   }
  },
  {
   "type": "Feature",
   "properties": {
    "source": "2015 Crowd-sourced Flooding",
    "type": "Flooded Street"
   },
   "geometry": {
    "type": "LineString",
    "coordinates": [
     [
      80.239717,
      13.042904
     ],
     [
      80.239768,
      13.043489
     ],
     [
      80.239259,
      13.044427
     ]
    ]
   }
  },
  {
   "type": "Feature",
   "properties": {
    "source": "2015 Crowd-sourced Flooding",
    "type": "Flooded Street"
   },
   "geometry": {
    "type": "LineString",
    "coordinates": [
     [
      80.245725,
      12.886947
     ],
     [
      80.245736,
      12.886905
     ],
     [
      80.245787,
      12.886586
     ],
     [
      80.245779,
      12.886267
     ],
     [
      80.245594,
      12.885258
     ],
     [
      80.245521,
      12.884719
     ],
     [
      80.245411,
      12.884162
     ],
     [
      80.245267,
      12.883582
     ],
     [
      80.245224,
      12.88338
     ],
     [
      80.245065,
      12.882481
     ],
     [
      80.244974,
      12.881906
     ],
     [
      80.244749,
      12.880674
     ],
     [
      80.244583,
      12.879897
     ],
     [
      80.244483,
      12.879552
     ],
     [
      80.244019,
      12.878569
     ],
     [
      80.243987,
      12.878488
     ],
     [
      80.243968,
      12.87841
     ]
    ]
   }
  },
  {
   "type": "Feature",
   "properties": {
    "source": "2015 Crowd-sourced Flooding",
    "type": "Flooded Street"
   },
   "geometry": {
    "type": "LineString",
    "coordinates": [
     [
      80.12052,
      12.923238
     ],
     [
      80.120391,
      12.921008
     ],
     [
      80.120866,
      12.920647
     ]
    ]
   }
  },
  {
   "type": "Feature",
   "properties": {
    "source": "2015 Crowd-sourced Flooding",
    "type": "Flooded Street"
   },
   "geometry": {
    "type": "LineString",
    "coordinates": [
     [
      80.238019,
      13.019963
     ],
     [
      80.238435,
      13.020658
     ]
    ]
   }
  },
  {
   "type": "Feature",
   "properties": {
    "source": "2015 Crowd-sourced Flooding",
    "type": "Flooded Street"
   },
   "geometry": {
    "type": "LineString",
    "coordinates": [
     [
      80.184182,
      13.013926
     ],
     [
      80.184769,
      13.013806
     ]
    ]
   }
  },
  {
   "type": "Feature",
   "properties": {
    "source": "2015 Crowd-sourced Flooding",
    "type": "Flooded Street"
   },
   "geometry": {
    "type": "LineString",
    "coordinates": [
     [
      80.26799,
      13.042661
     ],
     [
      80.267491,
      13.042674
     ],
     [
      80.265941,
      13.042765
     ]
    ]
   }
  },
  {
   "type": "Feature",
   "properties": {
    "source": "2015 Crowd-sourced Flooding",
    "type": "Flooded Street"
   },
   "geometry": {
    "type": "LineString",
    "coordinates": [
     [
      80.2929,
      13.097661
     ],
     [
      80.2925,
      13.097784
     ]
    ]
   }
  },
  {
   "type": "Feature",
   "properties": {
    "source": "2015 Crowd-sourced Flooding",
    "type": "Flooded Street"
   },
   "geometry": {
    "type": "LineString",
    "coordinates": [
     [
      80.209824,
      13.077286
     ],
     [
      80.209837,
      13.078051
     ],
     [
      80.209848,
      13.078203
     ],
     [
      80.209574,
      13.078279
     ],
     [
      80.207622,
      13.078226
     ],
     [
      80.207198,
      13.078151
     ]
    ]
   }
  },
  {
   "type": "Feature",
   "properties": {
    "source": "2015 Crowd-sourced Flooding",
    "type": "Flooded Street"
   },
   "geometry": {
    "type": "LineString",
    "coordinates": [
     [
      80.205205,
      13.068758
     ],
     [
      80.205202,
      13.068609
     ]
    ]
   }
  },
  {
   "type": "Feature",
   "properties": {
    "source": "2015 Crowd-sourced Flooding",
    "type": "Flooded Street"
   },
   "geometry": {
    "type": "LineString",
    "coordinates": [
     [
      80.182755,
      12.947199
     ],
     [
      80.182637,
      12.948321
     ]
    ]
   }
  },
  {
   "type": "Feature",
   "properties": {
    "source": "2015 Crowd-sourced Flooding",
    "type": "Flooded Street"
   },
   "geometry": {
    "type": "LineString",
    "coordinates": [
     [
      80.209596,
      13.032485
     ],
     [
      80.209851,
      13.033839
     ],
     [
      80.209993,
      13.034719
     ],
     [
      80.210095,
      13.034915
     ],
     [
      80.210189,
      13.035002
     ],
     [
      80.210342,
      13.035067
     ]
    ]
   }
  },
  {
   "type": "Feature",
   "properties": {
    "source": "2015 Crowd-sourced Flooding",
    "type": "Flooded Street"
   },
   "geometry": {
    "type": "LineString",
    "coordinates": [
     [
      80.04261,
      12.908365
     ],
     [
      80.04261,
      12.908339
     ],
     [
      80.042859,
      12.906524
     ],
     [
      80.042816,
      12.905403
     ],
     [
      80.042567,
      12.903763
     ],
     [
      80.042231,
      12.902341
     ],
     [
      80.041167,
      12.899444
     ],
     [
      80.04103,
      12.898534
     ],
     [
      80.040823,
      12.897755
     ],
     [
      80.040909,
      12.897562
     ],
     [
      80.041199,
      12.897321
     ]
    ]
   }
  },
  {
   "type": "Feature",
   "properties": {
    "source": "2015 Crowd-sourced Flooding",
    "type": "Flooded Street"
   },
   "geometry": {
    "type": "LineString",
    "coordinates": [
     [
      80.123647,
      12.957488
     ],
     [
      80.123722,
      12.957969
     ],
     [
      80.123765,
      12.958319
     ],
     [
      80.123862,
      12.959009
     ]
    ]
   }
  },
  {
   "type": "Feature",
   "properties": {
    "source": "2015 Crowd-sourced Flooding",
    "type": "Flooded Street"
   },
   "geometry": {
    "type": "LineString",
    "coordinates": [
     [
      80.213901,
      12.83951
     ],
     [
      80.214153,
      12.839476
     ],
     [
      80.215191,
      12.839523
     ],
     [
      80.215626,
      12.839512
     ],
     [
      80.215953,
      12.839288
     ],
     [
      80.216275,
      12.839303
     ],
     [
      80.216562,
      12.839269
     ],
     [
      80.216951,
      12.839172
     ],
     [
      80.217409,
      12.838932
     ],
     [
      80.218152,
      12.838817
     ],
     [
      80.219788,
      12.838827
     ],
     [
      80.220097,
      12.838814
     ],
     [
      80.220572,
      12.838749
     ],
     [
      80.221679,
      12.83872
     ],
     [
      80.222339,
      12.838744
     ]
    ]
   }
  },
  {
   "type": "Feature",
   "properties": {
    "source": "2015 Crowd-sourced Flooding",
    "type": "Flooded Street"
   },
   "geometry": {
    "type": "LineString",
    "coordinates": [
     [
      80.172313,
      13.035391
     ],
     [
      80.171828,
      13.035449
     ],
     [
      80.171758,
      13.034973
     ],
     [
      80.170015,
      13.035422
     ],
     [
      80.169728,
      13.035488
     ]
    ]
   }
  },
  {
   "type": "Feature",
   "properties": {
    "source": "2015 Crowd-sourced Flooding",
    "type": "Flooded Street"
   },
   "geometry": {
    "type": "LineString",
    "coordinates": [
     [
      80.265941,
      13.080795
     ],
     [
      80.266936,
      13.080779
     ],
     [
      80.267478,
      13.080766
     ],
     [
      80.268009,
      13.080771
     ],
     [
      80.270174,
      13.080821
     ],
     [
      80.270517,
      13.080839
     ],
     [
      80.270764,
      13.080881
     ],
     [
      80.271008,
      13.080993
     ]
    ]
   }
  },
  {
   "type": "Feature",
   "properties": {
    "source": "2015 Crowd-sourced Flooding",
    "type": "Flooded Street"
   },
   "geometry": {
    "type": "LineString",
    "coordinates": [
     [
      80.239945,
      13.047706
     ],
     [
      80.239924,
      13.047596
     ],
     [
      80.239634,
      13.04629
     ],
     [
      80.239639,
      13.046107
     ],
     [
      80.239714,
      13.045961
     ],
     [
      80.240246,
      13.045208
     ],
     [
      80.240315,
      13.044994
     ]
    ]
   }
  },
  {
   "type": "Feature",
   "properties": {
    "source": "2015 Crowd-sourced Flooding",
    "type": "Flooded Street"
   },
   "geometry": {
    "type": "LineString",
    "coordinates": [
     [
      80.253429,
      13.086931
     ],
     [
      80.25511,
      13.087525
     ]
    ]
   }
  },
  {
   "type": "Feature",
   "properties": {
    "source": "2015 Crowd-sourced Flooding",
    "type": "Flooded Street"
   },
   "geometry": {
    "type": "LineString",
    "coordinates": [
     [
      80.267186,
      13.119092
     ],
     [
      80.267486,
      13.119077
     ],
     [
      80.267821,
      13.119079
     ]
    ]
   }
  },
  {
   "type": "Feature",
   "properties": {
    "source": "2015 Crowd-sourced Flooding",
    "type": "Flooded Street"
   },
   "geometry": {
    "type": "LineString",
    "coordinates": [
     [
      80.201504,
      13.096289
     ],
     [
      80.202684,
      13.096214
     ],
     [
      80.203408,
      13.096174
     ]
    ]
   }
  },
  {
   "type": "Feature",
   "properties": {
    "source": "2015 Crowd-sourced Flooding",
    "type": "Flooded Street"
   },
   "geometry": {
    "type": "LineString",
    "coordinates": [
     [
      80.136444,
      12.990031
     ],
     [
      80.137069,
      12.989977
     ],
     [
      80.138308,
      12.989877
     ],
     [
      80.139024,
      12.989754
     ],
     [
      80.139515,
      12.989658
     ],
     [
      80.139673,
      12.989642
     ],
     [
      80.139947,
      12.989595
     ],
     [
      80.140805,
      12.989459
     ],
     [
      80.141996,
      12.989302
     ]
    ]
   }
  },
  {
   "type": "Feature",
   "properties": {
    "source": "2015 Crowd-sourced Flooding",
    "type": "Flooded Street"
   },
   "geometry": {
    "type": "LineString",
    "coordinates": [
     [
      80.216822,
      13.023418
     ],
     [
      80.216873,
      13.023904
     ]
    ]
   }
  },
  {
   "type": "Feature",
   "properties": {
    "source": "2015 Crowd-sourced Flooding",
    "type": "Flooded Street"
   },
   "geometry": {
    "type": "LineString",
    "coordinates": [
     [
      80.251814,
      13.044079
     ],
     [
      80.251784,
      13.044874
     ]
    ]
   }
  },
  {
   "type": "Feature",
   "properties": {
    "source": "2015 Crowd-sourced Flooding",
    "type": "Flooded Street"
   },
   "geometry": {
    "type": "LineString",
    "coordinates": [
     [
      80.266456,
      13.121036
     ],
     [
      80.267845,
      13.121018
     ]
    ]
   }
  },
  {
   "type": "Feature",
   "properties": {
    "source": "2015 Crowd-sourced Flooding",
    "type": "Flooded Street"
   },
   "geometry": {
    "type": "LineString",
    "coordinates": [
     [
      80.123462,
      13.052608
     ],
     [
      80.123363,
      13.052417
     ],
     [
      80.122539,
      13.051234
     ],
     [
      80.120742,
      13.048425
     ],
     [
      80.120225,
      13.047623
     ],
     [
      80.119911,
      13.047205
     ]
    ]
   }
  },
  {
   "type": "Feature",
   "properties": {
    "source": "2015 Crowd-sourced Flooding",
    "type": "Flooded Street"
   },
   "geometry": {
    "type": "LineString",
    "coordinates": [
     [
      80.280025,
      13.053439
     ],
     [
      80.280119,
      13.053708
     ],
     [
      80.280197,
      13.054134
     ],
     [
      80.280337,
      13.054803
     ]
    ]
   }
  },
  {
   "type": "Feature",
   "properties": {
    "source": "2015 Crowd-sourced Flooding",
    "type": "Flooded Street"
   },
   "geometry": {
    "type": "LineString",
    "coordinates": [
     [
      80.1557,
      13.077409
     ],
     [
      80.156421,
      13.077362
     ]
    ]
   }
  },
  {
   "type": "Feature",
   "properties": {
    "source": "2015 Crowd-sourced Flooding",
    "type": "Flooded Street"
   },
   "geometry": {
    "type": "LineString",
    "coordinates": [
     [
      80.20027,
      13.079577
     ],
     [
      80.200012,
      13.079514
     ],
     [
      80.199165,
      13.079614
     ],
     [
      80.199036,
      13.079044
     ],
     [
      80.19887,
      13.079055
     ]
    ]
   }
  },
  {
   "type": "Feature",
   "properties": {
    "source": "2015 Crowd-sourced Flooding",
    "type": "Flooded Street"
   },
   "geometry": {
    "type": "LineString",
    "coordinates": [
     [
      80.254955,
      13.174687
     ],
     [
      80.257082,
      13.174648
     ]
    ]
   }
  },
  {
   "type": "Feature",
   "properties": {
    "source": "2015 Crowd-sourced Flooding",
    "type": "Flooded Street"
   },
   "geometry": {
    "type": "LineString",
    "coordinates": [
     [
      80.101559,
      12.925533
     ],
     [
      80.101527,
      12.926095
     ],
     [
      80.101546,
      12.926644
     ],
     [
      80.101656,
      12.927314
     ],
     [
      80.101846,
      12.928553
     ],
     [
      80.10219,
      12.9285
     ],
     [
      80.102436,
      12.929781
     ]
    ]
   }
  },
  {
   "type": "Feature",
   "properties": {
    "source": "2015 Crowd-sourced Flooding",
    "type": "Flooded Street"
   },
   "geometry": {
    "type": "LineString",
    "coordinates": [
     [
      80.212053,
      13.025498
     ],
     [
      80.211744,
      13.025589
     ],
     [
      80.211524,
      13.025688
     ],
     [
      80.211009,
      13.026101
     ]
    ]
   }
  },
  {
   "type": "Feature",
   "properties": {
    "source": "2015 Crowd-sourced Flooding",
    "type": "Flooded Street"
   },
   "geometry": {
    "type": "LineString",
    "coordinates": [
     [
      80.164969,
      13.038226
     ],
     [
      80.164969,
      13.037871
     ],
     [
      80.164849,
      13.037265
     ]
    ]
   }
  },
  {
   "type": "Feature",
   "properties": {
    "source": "2015 Crowd-sourced Flooding",
    "type": "Flooded Street"
   },
   "geometry": {
    "type": "LineString",
    "coordinates": [
     [
      80.261127,
      13.041594
     ],
     [
      80.259858,
      13.041636
     ]
    ]
   }
  },
  {
   "type": "Feature",
   "properties": {
    "source": "2015 Crowd-sourced Flooding",
    "type": "Flooded Street"
   },
   "geometry": {
    "type": "LineString",
    "coordinates": [
     [
      80.147489,
      12.903724
     ],
     [
      80.145861,
      12.903894
     ]
    ]
   }
  },
  {
   "type": "Feature",
   "properties": {
    "source": "2015 Crowd-sourced Flooding",
    "type": "Flooded Street"
   },
   "geometry": {
    "type": "LineString",
    "coordinates": [
     [
      80.256508,
      13.079183
     ],
     [
      80.256634,
      13.079086
     ],
     [
      80.256661,
      13.079028
     ],
     [
      80.25669,
      13.078934
     ],
     [
      80.256693,
      13.078239
     ],
     [
      80.256752,
      13.077607
     ]
    ]
   }
  },
  {
   "type": "Feature",
   "properties": {
    "source": "2015 Crowd-sourced Flooding",
    "type": "Flooded Street"
   },
   "geometry": {
    "type": "LineString",
    "coordinates": [
     [
      80.124658,
      12.961239
     ],
     [
      80.12464,
      12.961082
     ],
     [
      80.124527,
      12.960703
     ],
     [
      80.124444,
      12.960261
     ]
    ]
   }
  },
  {
   "type": "Feature",
   "properties": {
    "source": "2015 Crowd-sourced Flooding",
    "type": "Flooded Street"
   },
   "geometry": {
    "type": "LineString",
    "coordinates": [
     [
      80.210425,
      13.040413
     ],
     [
      80.210465,
      13.039465
     ],
     [
      80.210489,
      13.039102
     ],
     [
      80.210492,
      13.038798
     ],
     [
      80.210508,
      13.038456
     ]
    ]
   }
  },
  {
   "type": "Feature",
   "properties": {
    "source": "2015 Crowd-sourced Flooding",
    "type": "Flooded Street"
   },
   "geometry": {
    "type": "LineString",
    "coordinates": [
     [
      80.200366,
      13.062323
     ],
     [
      80.197059,
      13.062673
     ]
    ]
   }
  },
  {
   "type": "Feature",
   "properties": {
    "source": "2015 Crowd-sourced Flooding",
    "type": "Flooded Street"
   },
   "geometry": {
    "type": "LineString",
    "coordinates": [
     [
      80.223235,
      13.023715
     ],
     [
      80.223517,
      13.023655
     ],
     [
      80.223565,
      13.023689
     ],
     [
      80.223777,
      13.024199
     ],
     [
      80.22412,
      13.025171
     ],
     [
      80.224123,
      13.025213
     ]
    ]
   }
  },
  {
   "type": "Feature",
   "properties": {
    "source": "2015 Crowd-sourced Flooding",
    "type": "Flooded Street"
   },
   "geometry": {
    "type": "LineString",
    "coordinates": [
     [
      80.227009,
      13.089996
     ],
     [
      80.226904,
      13.089372
     ]
    ]
   }
  },
  {
   "type": "Feature",
   "properties": {
    "source": "2015 Crowd-sourced Flooding",
    "type": "Flooded Street"
   },
   "geometry": {
    "type": "LineString",
    "coordinates": [
     [
      80.14981,
      12.990518
     ],
     [
      80.148873,
      12.993651
     ],
     [
      80.148503,
      12.99402
     ]
    ]
   }
  },
  {
   "type": "Feature",
   "properties": {
    "source": "2015 Crowd-sourced Flooding",
    "type": "Flooded Street"
   },
   "geometry": {
    "type": "LineString",
    "coordinates": [
     [
      80.223227,
      13.092057
     ],
     [
      80.223243,
      13.09248
     ],
     [
      80.22324,
      13.092765
     ],
     [
      80.223246,
      13.092859
     ]
    ]
   }
  },
  {
   "type": "Feature",
   "properties": {
    "source": "2015 Crowd-sourced Flooding",
    "type": "Flooded Street"
   },
   "geometry": {
    "type": "LineString",
    "coordinates": [
     [
      80.182127,
      13.038326
     ],
     [
      80.18117,
      13.038305
     ]
    ]
   }
  },
  {
   "type": "Feature",
   "properties": {
    "source": "2015 Crowd-sourced Flooding",
    "type": "Flooded Street"
   },
   "geometry": {
    "type": "LineString",
    "coordinates": [
     [
      80.193473,
      12.959218
     ],
     [
      80.194927,
      12.959289
     ]
    ]
   }
  },
  {
   "type": "Feature",
   "properties": {
    "source": "2015 Crowd-sourced Flooding",
    "type": "Flooded Street"
   },
   "geometry": {
    "type": "LineString",
    "coordinates": [
     [
      80.211758,
      13.061325
     ],
     [
      80.211747,
      13.061076
     ]
    ]
   }
  },
  {
   "type": "Feature",
   "properties": {
    "source": "2015 Crowd-sourced Flooding",
    "type": "Flooded Street"
   },
   "geometry": {
    "type": "LineString",
    "coordinates": [
     [
      80.267159,
      13.018706
     ],
     [
      80.267116,
      13.018345
     ],
     [
      80.266936,
      13.018275
     ],
     [
      80.266842,
      13.018141
     ],
     [
      80.266794,
      13.018026
     ],
     [
      80.266746,
      13.017428
     ]
    ]
   }
  },
  {
   "type": "Feature",
   "properties": {
    "source": "2015 Crowd-sourced Flooding",
    "type": "Flooded Street"
   },
   "geometry": {
    "type": "LineString",
    "coordinates": [
     [
      80.251296,
      13.082851
     ],
     [
      80.249885,
      13.083078
     ]
    ]
   }
  },
  {
   "type": "Feature",
   "properties": {
    "source": "2015 Crowd-sourced Flooding",
    "type": "Flooded Street"
   },
   "geometry": {
    "type": "LineString",
    "coordinates": [
     [
      80.178394,
      13.037732
     ],
     [
      80.177383,
      13.037547
     ],
     [
      80.176894,
      13.037474
     ]
    ]
   }
  },
  {
   "type": "Feature",
   "properties": {
    "source": "2015 Crowd-sourced Flooding",
    "type": "Flooded Street"
   },
   "geometry": {
    "type": "LineString",
    "coordinates": [
     [
      80.203558,
      13.057332
     ],
     [
      80.203601,
      13.056486
     ]
    ]
   }
  },
  {
   "type": "Feature",
   "properties": {
    "source": "2015 Crowd-sourced Flooding",
    "type": "Flooded Street"
   },
   "geometry": {
    "type": "LineString",
    "coordinates": [
     [
      80.119254,
      13.076439
     ],
     [
      80.119329,
      13.076235
     ],
     [
      80.119407,
      13.075982
     ],
     [
      80.119444,
      13.075729
     ]
    ]
   }
  },
  {
   "type": "Feature",
   "properties": {
    "source": "2015 Crowd-sourced Flooding",
    "type": "Flooded Street"
   },
   "geometry": {
    "type": "LineString",
    "coordinates": [
     [
      80.19416,
      13.059762
     ],
     [
      80.192406,
      13.059726
     ],
     [
      80.190225,
      13.059629
     ]
    ]
   }
  },
  {
   "type": "Feature",
   "properties": {
    "source": "2015 Crowd-sourced Flooding",
    "type": "Flooded Street"
   },
   "geometry": {
    "type": "LineString",
    "coordinates": [
     [
      80.277271,
      13.155783
     ],
     [
      80.275911,
      13.155809
     ],
     [
      80.276072,
      13.161662
     ],
     [
      80.274661,
      13.161689
     ]
    ]
   }
  },
  {
   "type": "Feature",
   "properties": {
    "source": "2015 Crowd-sourced Flooding",
    "type": "Flooded Street"
   },
   "geometry": {
    "type": "LineString",
    "coordinates": [
     [
      80.268441,
      13.098126
     ],
     [
      80.268505,
      13.097854
     ],
     [
      80.268529,
      13.097538
     ],
     [
      80.268554,
      13.097314
     ],
     [
      80.268631,
      13.096765
     ],
     [
      80.268677,
      13.096161
     ],
     [
      80.268682,
      13.095548
     ],
     [
      80.268645,
      13.095033
     ],
     [
      80.268513,
      13.093925
     ]
    ]
   }
  },
  {
   "type": "Feature",
   "properties": {
    "source": "2015 Crowd-sourced Flooding",
    "type": "Flooded Street"
   },
   "geometry": {
    "type": "LineString",
    "coordinates": [
     [
      80.213375,
      12.992841
     ],
     [
      80.21326,
      12.992491
     ],
     [
      80.213051,
      12.99166
     ]
    ]
   }
  },
  {
   "type": "Feature",
   "properties": {
    "source": "2015 Crowd-sourced Flooding",
    "type": "Flooded Street"
   },
   "geometry": {
    "type": "LineString",
    "coordinates": [
     [
      80.240259,
      13.07529
     ],
     [
      80.240262,
      13.074328
     ],
     [
      80.240361,
      13.07432
     ],
     [
      80.240396,
      13.073769
     ]
    ]
   }
  },
  {
   "type": "Feature",
   "properties": {
    "source": "2015 Crowd-sourced Flooding",
    "type": "Flooded Street"
   },
   "geometry": {
    "type": "LineString",
    "coordinates": [
     [
      80.196955,
      12.978597
     ],
     [
      80.197006,
      12.977496
     ]
    ]
   }
  },
  {
   "type": "Feature",
   "properties": {
    "source": "2015 Crowd-sourced Flooding",
    "type": "Flooded Street"
   },
   "geometry": {
    "type": "LineString",
    "coordinates": [
     [
      80.215824,
      12.943004
     ],
     [
      80.216242,
      12.942928
     ],
     [
      80.216559,
      12.942878
     ],
     [
      80.21709,
      12.942708
     ]
    ]
   }
  },
  {
   "type": "Feature",
   "properties": {
    "source": "2015 Crowd-sourced Flooding",
    "type": "Flooded Street"
   },
   "geometry": {
    "type": "LineString",
    "coordinates": [
     [
      80.24285,
      13.070631
     ],
     [
      80.242035,
      13.070501
     ]
    ]
   }
  },
  {
   "type": "Feature",
   "properties": {
    "source": "2015 Crowd-sourced Flooding",
    "type": "Flooded Street"
   },
   "geometry": {
    "type": "LineString",
    "coordinates": [
     [
      80.17805,
      13.075457
     ],
     [
      80.180494,
      13.075504
     ],
     [
      80.181486,
      13.075624
     ]
    ]
   }
  },
  {
   "type": "Feature",
   "properties": {
    "source": "2015 Crowd-sourced Flooding",
    "type": "Flooded Street"
   },
   "geometry": {
    "type": "LineString",
    "coordinates": [
     [
      80.194849,
      13.038613
     ],
     [
      80.195809,
      13.038485
     ]
    ]
   }
  },
  {
   "type": "Feature",
   "properties": {
    "source": "2015 Crowd-sourced Flooding",
    "type": "Flooded Street"
   },
   "geometry": {
    "type": "LineString",
    "coordinates": [
     [
      80.233325,
      13.030327
     ],
     [
      80.232733,
      13.030207
     ]
    ]
   }
  },
  {
   "type": "Feature",
   "properties": {
    "source": "2015 Crowd-sourced Flooding",
    "type": "Flooded Street"
   },
   "geometry": {
    "type": "LineString",
    "coordinates": [
     [
      80.25444,
      13.090012
     ],
     [
      80.254416,
      13.090093
     ],
     [
      80.254375,
      13.090202
     ],
     [
      80.254247,
      13.09044
     ],
     [
      80.254217,
      13.090579
     ],
     [
      80.254241,
      13.091195
     ],
     [
      80.254196,
      13.091459
     ]
    ]
   }
  },
  {
   "type": "Feature",
   "properties": {
    "source": "2015 Crowd-sourced Flooding",
    "type": "Flooded Street"
   },
   "geometry": {
    "type": "LineString",
    "coordinates": [
     [
      80.207697,
      13.054975
     ],
     [
      80.207777,
      13.055529
     ],
     [
      80.207823,
      13.055926
     ],
     [
      80.207249,
      13.055976
     ],
     [
      80.207198,
      13.056047
     ],
     [
      80.207228,
      13.056825
     ]
    ]
   }
  },
  {
   "type": "Feature",
   "properties": {
    "source": "2015 Crowd-sourced Flooding",
    "type": "Flooded Street"
   },
   "geometry": {
    "type": "LineString",
    "coordinates": [
     [
      80.23049,
      12.977567
     ],
     [
      80.231177,
      12.977614
     ]
    ]
   }
  },
  {
   "type": "Feature",
   "properties": {
    "source": "2015 Crowd-sourced Flooding",
    "type": "Flooded Street"
   },
   "geometry": {
    "type": "LineString",
    "coordinates": [
     [
      80.244312,
      13.044119
     ],
     [
      80.243869,
      13.044205
     ],
     [
      80.243974,
      13.044845
     ],
     [
      80.244175,
      13.045966
     ]
    ]
   }
  },
  {
   "type": "Feature",
   "properties": {
    "source": "2015 Crowd-sourced Flooding",
    "type": "Flooded Street"
   },
   "geometry": {
    "type": "LineString",
    "coordinates": [
     [
      80.19873,
      13.109532
     ],
     [
      80.198744,
      13.109571
     ],
     [
      80.198819,
      13.109626
     ],
     [
      80.198972,
      13.109691
     ],
     [
      80.199052,
      13.109696
     ],
     [
      80.199318,
      13.109694
     ],
     [
      80.199656,
      13.109683
     ],
     [
      80.199755,
      13.109673
     ],
     [
      80.199996,
      13.10966
     ],
     [
      80.200155,
      13.10966
     ],
     [
      80.200286,
      13.10968
     ],
     [
      80.200366,
      13.10967
     ]
    ]
   }
  },
  {
   "type": "Feature",
   "properties": {
    "source": "2015 Crowd-sourced Flooding",
    "type": "Flooded Street"
   },
   "geometry": {
    "type": "LineString",
    "coordinates": [
     [
      80.134105,
      12.923627
     ],
     [
      80.134422,
      12.923573
     ]
    ]
   }
  },
  {
   "type": "Feature",
   "properties": {
    "source": "2015 Crowd-sourced Flooding",
    "type": "Flooded Street"
   },
   "geometry": {
    "type": "LineString",
    "coordinates": [
     [
      80.235224,
      13.030039
     ],
     [
      80.233084,
      13.029608
     ],
     [
      80.232982,
      13.029587
     ]
    ]
   }
  },
  {
   "type": "Feature",
   "properties": {
    "source": "2015 Crowd-sourced Flooding",
    "type": "Flooded Street"
   },
   "geometry": {
    "type": "LineString",
    "coordinates": [
     [
      80.196233,
      13.056096
     ],
     [
      80.196209,
      13.055566
     ]
    ]
   }
  },
  {
   "type": "Feature",
   "properties": {
    "source": "2015 Crowd-sourced Flooding",
    "type": "Flooded Street"
   },
   "geometry": {
    "type": "LineString",
    "coordinates": [
     [
      80.140583,
      12.971352
     ],
     [
      80.142369,
      12.970907
     ]
    ]
   }
  },
  {
   "type": "Feature",
   "properties": {
    "source": "2015 Crowd-sourced Flooding",
    "type": "Flooded Street"
   },
   "geometry": {
    "type": "LineString",
    "coordinates": [
     [
      80.257194,
      13.092919
     ],
     [
      80.258852,
      13.093008
     ]
    ]
   }
  },
  {
   "type": "Feature",
   "properties": {
    "source": "2015 Crowd-sourced Flooding",
    "type": "Flooded Street"
   },
   "geometry": {
    "type": "LineString",
    "coordinates": [
     [
      80.250191,
      13.053729
     ],
     [
      80.249746,
      13.05451
     ],
     [
      80.249231,
      13.055427
     ],
     [
      80.248933,
      13.056146
     ],
     [
      80.248228,
      13.058241
     ]
    ]
   }
  },
  {
   "type": "Feature",
   "properties": {
    "source": "2015 Crowd-sourced Flooding",
    "type": "Flooded Street"
   },
   "geometry": {
    "type": "LineString",
    "coordinates": [
     [
      80.221022,
      12.98431
     ],
     [
      80.221017,
      12.983754
     ],
     [
      80.222017,
      12.983665
     ],
     [
      80.221923,
      12.983166
     ]
    ]
   }
  },
  {
   "type": "Feature",
   "properties": {
    "source": "2015 Crowd-sourced Flooding",
    "type": "Flooded Street"
   },
   "geometry": {
    "type": "LineString",
    "coordinates": [
     [
      80.182532,
      13.080789
     ],
     [
      80.182398,
      13.08208
     ]
    ]
   }
  },
  {
   "type": "Feature",
   "properties": {
    "source": "2015 Crowd-sourced Flooding",
    "type": "Flooded Street"
   },
   "geometry": {
    "type": "LineString",
    "coordinates": [
     [
      80.234353,
      13.010349
     ],
     [
      80.232982,
      13.010505
     ]
    ]
   }
  },
  {
   "type": "Feature",
   "properties": {
    "source": "2015 Crowd-sourced Flooding",
    "type": "Flooded Street"
   },
   "geometry": {
    "type": "LineString",
    "coordinates": [
     [
      80.222339,
      13.037116
     ],
     [
      80.220867,
      13.037398
     ]
    ]
   }
  },
  {
   "type": "Feature",
   "properties": {
    "source": "2015 Crowd-sourced Flooding",
    "type": "Flooded Street"
   },
   "geometry": {
    "type": "LineString",
    "coordinates": [
     [
      80.201683,
      13.062048
     ],
     [
      80.201702,
      13.061824
     ],
     [
      80.201563,
      13.06174
     ],
     [
      80.200538,
      13.061847
     ],
     [
      80.200023,
      13.061907
     ]
    ]
   }
  },
  {
   "type": "Feature",
   "properties": {
    "source": "2015 Crowd-sourced Flooding",
    "type": "Flooded Street"
   },
   "geometry": {
    "type": "LineString",
    "coordinates": [
     [
      80.212613,
      12.973286
     ],
     [
      80.211913,
      12.973346
     ]
    ]
   }
  },
  {
   "type": "Feature",
   "properties": {
    "source": "2015 Crowd-sourced Flooding",
    "type": "Flooded Street"
   },
   "geometry": {
    "type": "LineString",
    "coordinates": [
     [
      80.252865,
      12.968063
     ],
     [
      80.252289,
      12.968186
     ]
    ]
   }
  },
  {
   "type": "Feature",
   "properties": {
    "source": "2015 Crowd-sourced Flooding",
    "type": "Flooded Street"
   },
   "geometry": {
    "type": "LineString",
    "coordinates": [
     [
      80.244312,
      12.879189
     ],
     [
      80.244019,
      12.878569
     ],
     [
      80.243987,
      12.878488
     ],
     [
      80.243794,
      12.877667
     ],
     [
      80.243775,
      12.877487
     ],
     [
      80.243577,
      12.875981
     ],
     [
      80.243547,
      12.875902
     ]
    ]
   }
  },
  {
   "type": "Feature",
   "properties": {
    "source": "2015 Crowd-sourced Flooding",
    "type": "Flooded Street"
   },
   "geometry": {
    "type": "LineString",
    "coordinates": [
     [
      80.258018,
      13.127428
     ],
     [
      80.257583,
      13.127457
     ],
     [
      80.257232,
      13.127433
     ]
    ]
   }
  },
  {
   "type": "Feature",
   "properties": {
    "source": "2015 Crowd-sourced Flooding",
    "type": "Flooded Street"
   },
   "geometry": {
    "type": "LineString",
    "coordinates": [
     [
      80.270107,
      13.035545
     ],
     [
      80.27001,
      13.035276
     ],
     [
      80.26986,
      13.034576
     ]
    ]
   }
  },
  {
   "type": "Feature",
   "properties": {
    "source": "2015 Crowd-sourced Flooding",
    "type": "Flooded Street"
   },
   "geometry": {
    "type": "LineString",
    "coordinates": [
     [
      80.112133,
      13.003439
     ],
     [
      80.112251,
      13.003423
     ],
     [
      80.112326,
      13.003352
     ],
     [
      80.113047,
      13.002341
     ],
     [
      80.114584,
      13.002033
     ],
     [
      80.11508,
      13.001622
     ],
     [
      80.116432,
      13.001223
     ],
     [
      80.116472,
      13.000919
     ],
     [
      80.117183,
      13.00082
     ],
     [
      80.118412,
      13.000904
     ],
     [
      80.119557,
      13.000807
     ],
     [
      80.120807,
      13.00035
     ],
     [
      80.122113,
      13.000248
     ],
     [
      80.12284,
      12.998358
     ],
     [
      80.122891,
      12.998126
     ],
     [
      80.123355,
      12.99703
     ],
     [
      80.1234,
      12.996942
     ]
    ]
   }
  },
  {
   "type": "Feature",
   "properties": {
    "source": "2015 Crowd-sourced Flooding",
    "type": "Flooded Street"
   },
   "geometry": {
    "type": "LineString",
    "coordinates": [
     [
      80.14967,
      12.899306
     ],
     [
      80.14978,
      12.90048
     ],
     [
      80.14986,
      12.901233
     ]
    ]
   }
  },
  {
   "type": "Feature",
   "properties": {
    "source": "2015 Crowd-sourced Flooding",
    "type": "Flooded Street"
   },
   "geometry": {
    "type": "LineString",
    "coordinates": [
     [
      80.255845,
      12.940154
     ],
     [
      80.256264,
      12.940045
     ],
     [
      80.257025,
      12.939833
     ],
     [
      80.257557,
      12.939579
     ],
     [
      80.257972,
      12.939412
     ],
     [
      80.258152,
      12.93913
     ],
     [
      80.258235,
      12.938688
     ],
     [
      80.258192,
      12.937938
     ]
    ]
   }
  },
  {
   "type": "Feature",
   "properties": {
    "source": "2015 Crowd-sourced Flooding",
    "type": "Flooded Street"
   },
   "geometry": {
    "type": "LineString",
    "coordinates": [
     [
      80.257889,
      12.975034
     ],
     [
      80.256921,
      12.975272
     ],
     [
      80.256411,
      12.975392
     ],
     [
      80.25602,
      12.975523
     ],
     [
      80.255534,
      12.975722
     ]
    ]
   }
  },
  {
   "type": "Feature",
   "properties": {
    "source": "2015 Crowd-sourced Flooding",
    "type": "Flooded Street"
   },
   "geometry": {
    "type": "LineString",
    "coordinates": [
     [
      80.233325,
      13.037591
     ],
     [
      80.23126,
      13.038082
     ]
    ]
   }
  },
  {
   "type": "Feature",
   "properties": {
    "source": "2015 Crowd-sourced Flooding",
    "type": "Flooded Street"
   },
   "geometry": {
    "type": "LineString",
    "coordinates": [
     [
      80.204256,
      12.90254
     ],
     [
      80.20498,
      12.902825
     ]
    ]
   }
  },
  {
   "type": "Feature",
   "properties": {
    "source": "2015 Crowd-sourced Flooding",
    "type": "Flooded Street"
   },
   "geometry": {
    "type": "LineString",
    "coordinates": [
     [
      80.202088,
      13.026133
     ],
     [
      80.201992,
      13.025694
     ]
    ]
   }
  },
  {
   "type": "Feature",
   "properties": {
    "source": "2015 Crowd-sourced Flooding",
    "type": "Flooded Street"
   },
   "geometry": {
    "type": "LineString",
    "coordinates": [
     [
      80.202338,
      12.975936
     ],
     [
      80.202137,
      12.975928
     ]
    ]
   }
  },
  {
   "type": "Feature",
   "properties": {
    "source": "2015 Crowd-sourced Flooding",
    "type": "Flooded Street"
   },
   "geometry": {
    "type": "LineString",
    "coordinates": [
     [
      80.152044,
      12.939522
     ],
     [
      80.152443,
      12.939446
     ],
     [
      80.152865,
      12.939347
     ],
     [
      80.153262,
      12.939263
     ],
     [
      80.153664,
      12.939164
     ],
     [
      80.153777,
      12.939564
     ],
     [
      80.155241,
      12.939114
     ],
     [
      80.156043,
      12.938552
     ],
     [
      80.156137,
      12.938319
     ],
     [
      80.156038,
      12.937477
     ],
     [
      80.156421,
      12.937394
     ]
    ]
   }
  },
  {
   "type": "Feature",
   "properties": {
    "source": "2015 Crowd-sourced Flooding",
    "type": "Flooded Street"
   },
   "geometry": {
    "type": "LineString",
    "coordinates": [
     [
      80.227666,
      13.058051
     ],
     [
      80.227167,
      13.058079
     ],
     [
      80.226438,
      13.05814
     ]
    ]
   }
  },
  {
   "type": "Feature",
   "properties": {
    "source": "2015 Crowd-sourced Flooding",
    "type": "Flooded Street"
   },
   "geometry": {
    "type": "LineString",
    "coordinates": [
     [
      80.203843,
      13.105903
     ],
     [
      80.202888,
      13.107073
     ],
     [
      80.202633,
      13.107379
     ]
    ]
   }
  },
  {
   "type": "Feature",
   "properties": {
    "source": "2015 Crowd-sourced Flooding",
    "type": "Flooded Street"
   },
   "geometry": {
    "type": "LineString",
    "coordinates": [
     [
      80.208998,
      12.92884
     ],
     [
      80.207877,
      12.929013
     ]
    ]
   }
  },
  {
   "type": "Feature",
   "properties": {
    "source": "2015 Crowd-sourced Flooding",
    "type": "Flooded Street"
   },
   "geometry": {
    "type": "LineString",
    "coordinates": [
     [
      80.184297,
      13.109952
     ],
     [
      80.183576,
      13.11001
     ],
     [
      80.180416,
      13.110336
     ]
    ]
   }
  },
  {
   "type": "Feature",
   "properties": {
    "source": "2015 Crowd-sourced Flooding",
    "type": "Flooded Street"
   },
   "geometry": {
    "type": "LineString",
    "coordinates": [
     [
      80.145311,
      13.121867
     ],
     [
      80.144627,
      13.121921
     ],
     [
      80.143525,
      13.121987
     ]
    ]
   }
  },
  {
   "type": "Feature",
   "properties": {
    "source": "2015 Crowd-sourced Flooding",
    "type": "Flooded Street"
   },
   "geometry": {
    "type": "LineString",
    "coordinates": [
     [
      80.239076,
      12.937799
     ],
     [
      80.239511,
      12.937663
     ],
     [
      80.24094,
      12.937138
     ]
    ]
   }
  },
  {
   "type": "Feature",
   "properties": {
    "source": "2015 Crowd-sourced Flooding",
    "type": "Flooded Street"
   },
   "geometry": {
    "type": "LineString",
    "coordinates": [
     [
      80.123462,
      13.128397
     ],
     [
      80.12115,
      13.126412
     ],
     [
      80.119938,
      13.126103
     ],
     [
      80.119087,
      13.125853
     ],
     [
      80.112924,
      13.123567
     ],
     [
      80.112133,
      13.123416
     ]
    ]
   }
  },
  {
   "type": "Feature",
   "properties": {
    "source": "2015 Crowd-sourced Flooding",
    "type": "Flooded Street"
   },
   "geometry": {
    "type": "LineString",
    "coordinates": [
     [
      80.253726,
      12.969245
     ],
     [
      80.252562,
      12.969362
     ]
    ]
   }
  },
  {
   "type": "Feature",
   "properties": {
    "source": "2015 Crowd-sourced Flooding",
    "type": "Flooded Street"
   },
   "geometry": {
    "type": "LineString",
    "coordinates": [
     [
      80.068531,
      12.902895
     ],
     [
      80.067994,
      12.903107
     ],
     [
      80.067889,
      12.903228
     ]
    ]
   }
  },
  {
   "type": "Feature",
   "properties": {
    "source": "2015 Crowd-sourced Flooding",
    "type": "Flooded Street"
   },
   "geometry": {
    "type": "LineString",
    "coordinates": [
     [
      80.13845,
      12.981213
     ],
     [
      80.140647,
      12.980703
     ]
    ]
   }
  },
  {
   "type": "Feature",
   "properties": {
    "source": "2015 Crowd-sourced Flooding",
    "type": "Flooded Street"
   },
   "geometry": {
    "type": "LineString",
    "coordinates": [
     [
      80.245637,
      13.029556
     ],
     [
      80.245291,
      13.029574
     ],
     [
      80.24443,
      13.029582
     ],
     [
      80.243968,
      13.029595
     ]
    ]
   }
  },
  {
   "type": "Feature",
   "properties": {
    "source": "2015 Crowd-sourced Flooding",
    "type": "Flooded Street"
   },
   "geometry": {
    "type": "LineString",
    "coordinates": [
     [
      80.256038,
      12.99402
     ],
     [
      80.256092,
      12.993162
     ],
     [
      80.256116,
      12.990782
     ],
     [
      80.256114,
      12.990363
     ],
     [
      80.256036,
      12.989007
     ],
     [
      80.255963,
      12.988403
     ],
     [
      80.25588,
      12.987776
     ],
     [
      80.25588,
      12.987682
     ]
    ]
   }
  },
  {
   "type": "Feature",
   "properties": {
    "source": "2015 Crowd-sourced Flooding",
    "type": "Flooded Street"
   },
   "geometry": {
    "type": "LineString",
    "coordinates": [
     [
      80.167649,
      13.080356
     ],
     [
      80.168244,
      13.080601
     ],
     [
      80.168671,
      13.080729
     ]
    ]
   }
  },
  {
   "type": "Feature",
   "properties": {
    "source": "2015 Crowd-sourced Flooding",
    "type": "Flooded Street"
   },
   "geometry": {
    "type": "LineString",
    "coordinates": [
     [
      80.149391,
      13.025798
     ],
     [
      80.14967,
      13.026078
     ],
     [
      80.150325,
      13.026914
     ],
     [
      80.15129,
      13.028189
     ],
     [
      80.152143,
      13.029423
     ],
     [
      80.152484,
      13.029885
     ],
     [
      80.152714,
      13.03023
     ],
     [
      80.152873,
      13.03051
     ],
     [
      80.15294,
      13.030646
     ]
    ]
   }
  },
  {
   "type": "Feature",
   "properties": {
    "source": "2015 Crowd-sourced Flooding",
    "type": "Flooded Street"
   },
   "geometry": {
    "type": "LineString",
    "coordinates": [
     [
      80.207603,
      12.965512
     ],
     [
      80.208437,
      12.965366
     ]
    ]
   }
  },
  {
   "type": "Feature",
   "properties": {
    "source": "2015 Crowd-sourced Flooding",
    "type": "Flooded Street"
   },
   "geometry": {
    "type": "LineString",
    "coordinates": [
     [
      80.252742,
      13.036394
     ],
     [
      80.252704,
      13.035843
     ],
     [
      80.25267,
      13.035182
     ]
    ]
   }
  },
  {
   "type": "Feature",
   "properties": {
    "source": "2015 Crowd-sourced Flooding",
    "type": "Flooded Street"
   },
   "geometry": {
    "type": "LineString",
    "coordinates": [
     [
      80.206922,
      13.027695
     ],
     [
      80.207155,
      13.028644
     ],
     [
      80.20727,
      13.029049
     ]
    ]
   }
  },
  {
   "type": "Feature",
   "properties": {
    "source": "2015 Crowd-sourced Flooding",
    "type": "Flooded Street"
   },
   "geometry": {
    "type": "LineString",
    "coordinates": [
     [
      80.23924,
      13.073942
     ],
     [
      80.23914,
      13.073346
     ],
     [
      80.239081,
      13.073249
     ],
     [
      80.238671,
      13.073095
     ],
     [
      80.236477,
      13.07251
     ],
     [
      80.235643,
      13.072183
     ],
     [
      80.234484,
      13.072107
     ],
     [
      80.234591,
      13.073043
     ]
    ]
   }
  },
  {
   "type": "Feature",
   "properties": {
    "source": "2015 Crowd-sourced Flooding",
    "type": "Flooded Street"
   },
   "geometry": {
    "type": "LineString",
    "coordinates": [
     [
      80.258141,
      13.024484
     ],
     [
      80.258018,
      13.02474
     ]
    ]
   }
  },
  {
   "type": "Feature",
   "properties": {
    "source": "2015 Crowd-sourced Flooding",
    "type": "Flooded Street"
   },
   "geometry": {
    "type": "LineString",
    "coordinates": [
     [
      80.214526,
      12.935938
     ],
     [
      80.214295,
      12.934814
     ]
    ]
   }
  },
  {
   "type": "Feature",
   "properties": {
    "source": "2015 Crowd-sourced Flooding",
    "type": "Flooded Street"
   },
   "geometry": {
    "type": "LineString",
    "coordinates": [
     [
      80.220875,
      13.079588
     ],
     [
      80.220545,
      13.079611
     ]
    ]
   }
  },
  {
   "type": "Feature",
   "properties": {
    "source": "2015 Crowd-sourced Flooding",
    "type": "Flooded Street"
   },
   "geometry": {
    "type": "LineString",
    "coordinates": [
     [
      80.173394,
      13.014334
     ],
     [
      80.173451,
      13.014483
     ],
     [
      80.17351,
      13.014566
     ]
    ]
   }
  },
  {
   "type": "Feature",
   "properties": {
    "source": "2015 Crowd-sourced Flooding",
    "type": "Flooded Street"
   },
   "geometry": {
    "type": "LineString",
    "coordinates": [
     [
      80.251497,
      12.999641
     ],
     [
      80.250926,
      12.998855
     ],
     [
      80.250041,
      12.998648
     ]
    ]
   }
  },
  {
   "type": "Feature",
   "properties": {
    "source": "2015 Crowd-sourced Flooding",
    "type": "Flooded Street"
   },
   "geometry": {
    "type": "LineString",
    "coordinates": [
     [
      80.240779,
      13.073281
     ],
     [
      80.240903,
      13.072881
     ],
     [
      80.240972,
      13.072724
     ],
     [
      80.241538,
      13.071828
     ],
     [
      80.241622,
      13.071669
     ],
     [
      80.241748,
      13.071363
     ],
     [
      80.242035,
      13.070501
     ],
     [
      80.242311,
      13.069557
     ],
     [
      80.242373,
      13.069382
     ],
     [
      80.242434,
      13.069267
     ],
     [
      80.242568,
      13.068881
     ]
    ]
   }
  },
  {
   "type": "Feature",
   "properties": {
    "source": "2015 Crowd-sourced Flooding",
    "type": "Flooded Street"
   },
   "geometry": {
    "type": "LineString",
    "coordinates": [
     [
      80.096632,
      12.924101
     ],
     [
      80.096541,
      12.923625
     ]
    ]
   }
  },
  {
   "type": "Feature",
   "properties": {
    "source": "2015 Crowd-sourced Flooding",
    "type": "Flooded Street"
   },
   "geometry": {
    "type": "LineString",
    "coordinates": [
     [
      80.119541,
      13.037189
     ],
     [
      80.120783,
      13.036695
     ],
     [
      80.121035,
      13.036677
     ],
     [
      80.121408,
      13.036603
     ],
     [
      80.121665,
      13.036603
     ],
     [
      80.122126,
      13.036813
     ],
     [
      80.123462,
      13.036967
     ]
    ]
   }
  },
  {
   "type": "Feature",
   "properties": {
    "source": "2015 Crowd-sourced Flooding",
    "type": "Flooded Street"
   },
   "geometry": {
    "type": "LineString",
    "coordinates": [
     [
      80.139754,
      12.969804
     ],
     [
      80.140438,
      12.969775
     ],
     [
      80.142412,
      12.969676
     ],
     [
      80.14279,
      12.969718
     ],
     [
      80.142417,
      12.968944
     ]
    ]
   }
  },
  {
   "type": "Feature",
   "properties": {
    "source": "2015 Crowd-sourced Flooding",
    "type": "Flooded Street"
   },
   "geometry": {
    "type": "LineString",
    "coordinates": [
     [
      80.167729,
      13.042776
     ],
     [
      80.168341,
      13.042726
     ]
    ]
   }
  },
  {
   "type": "Feature",
   "properties": {
    "source": "2015 Crowd-sourced Flooding",
    "type": "Flooded Street"
   },
   "geometry": {
    "type": "LineString",
    "coordinates": [
     [
      80.244972,
      13.069949
     ],
     [
      80.244631,
      13.071125
     ],
     [
      80.244666,
      13.071193
     ],
     [
      80.245065,
      13.071269
     ],
     [
      80.245141,
      13.071342
     ],
     [
      80.244993,
      13.071846
     ]
    ]
   }
  },
  {
   "type": "Feature",
   "properties": {
    "source": "2015 Crowd-sourced Flooding",
    "type": "Flooded Street"
   },
   "geometry": {
    "type": "LineString",
    "coordinates": [
     [
      80.21749,
      13.022631
     ],
     [
      80.217431,
      13.022218
     ],
     [
      80.217404,
      13.021863
     ],
     [
      80.217358,
      13.02158
     ]
    ]
   }
  },
  {
   "type": "Feature",
   "properties": {
    "source": "2015 Crowd-sourced Flooding",
    "type": "Flooded Street"
   },
   "geometry": {
    "type": "LineString",
    "coordinates": [
     [
      80.227741,
      13.035242
     ],
     [
      80.228063,
      13.035205
     ],
     [
      80.228546,
      13.035245
     ],
     [
      80.228766,
      13.035258
     ],
     [
      80.229195,
      13.035226
     ],
     [
      80.229595,
      13.035161
     ],
     [
      80.229887,
      13.035098
     ],
     [
      80.230109,
      13.03507
     ],
     [
      80.230362,
      13.035023
     ]
    ]
   }
  },
  {
   "type": "Feature",
   "properties": {
    "source": "2015 Crowd-sourced Flooding",
    "type": "Flooded Street"
   },
   "geometry": {
    "type": "LineString",
    "coordinates": [
     [
      80.145092,
      13.010254
     ],
     [
      80.145365,
      13.010158
     ],
     [
      80.145674,
      13.010087
     ],
     [
      80.145851,
      13.010038
     ],
     [
      80.145861,
      13.009687
     ],
     [
      80.145987,
      13.009669
     ],
     [
      80.146328,
      13.009575
     ],
     [
      80.146642,
      13.009497
     ],
     [
      80.147009,
      13.009397
     ],
     [
      80.14786,
      13.009298
     ],
     [
      80.147975,
      13.00929
     ]
    ]
   }
  },
  {
   "type": "Feature",
   "properties": {
    "source": "2015 Crowd-sourced Flooding",
    "type": "Flooded Street"
   },
   "geometry": {
    "type": "LineString",
    "coordinates": [
     [
      80.228994,
      13.111971
     ],
     [
      80.229911,
      13.111687
     ],
     [
      80.230721,
      13.111475
     ]
    ]
   }
  },
  {
   "type": "Feature",
   "properties": {
    "source": "2015 Crowd-sourced Flooding",
    "type": "Flooded Street"
   },
   "geometry": {
    "type": "LineString",
    "coordinates": [
     [
      80.222339,
      13.055258
     ],
     [
      80.220719,
      13.055367
     ]
    ]
   }
  },
  {
   "type": "Feature",
   "properties": {
    "source": "2015 Crowd-sourced Flooding",
    "type": "Flooded Street"
   },
   "geometry": {
    "type": "LineString",
    "coordinates": [
     [
      80.232132,
      12.979224
     ],
     [
      80.231174,
      12.979203
     ],
     [
      80.231139,
      12.979237
     ],
     [
      80.230316,
      12.979224
     ]
    ]
   }
  },
  {
   "type": "Feature",
   "properties": {
    "source": "2015 Crowd-sourced Flooding",
    "type": "Flooded Street"
   },
   "geometry": {
    "type": "LineString",
    "coordinates": [
     [
      80.265898,
      13.130197
     ],
     [
      80.265292,
      13.130408
     ]
    ]
   }
  },
  {
   "type": "Feature",
   "properties": {
    "source": "2015 Crowd-sourced Flooding",
    "type": "Flooded Street"
   },
   "geometry": {
    "type": "LineString",
    "coordinates": [
     [
      80.209062,
      12.948621
     ],
     [
      80.209647,
      12.948579
     ],
     [
      80.209738,
      12.948595
     ],
     [
      80.209802,
      12.948624
     ],
     [
      80.209848,
      12.948668
     ],
     [
      80.209891,
      12.948736
     ],
     [
      80.210366,
      12.949868
     ],
     [
      80.21083,
      12.95101
     ],
     [
      80.210948,
      12.951191
     ],
     [
      80.210948,
      12.951196
     ]
    ]
   }
  },
  {
   "type": "Feature",
   "properties": {
    "source": "2015 Crowd-sourced Flooding",
    "type": "Flooded Street"
   },
   "geometry": {
    "type": "LineString",
    "coordinates": [
     [
      80.262696,
      12.957545
     ],
     [
      80.26291,
      12.958876
     ],
     [
      80.263052,
      12.95925
     ],
     [
      80.263098,
      12.959642
     ],
     [
      80.263229,
      12.960481
     ]
    ]
   }
  },
  {
   "type": "Feature",
   "properties": {
    "source": "2015 Crowd-sourced Flooding",
    "type": "Flooded Street"
   },
   "geometry": {
    "type": "LineString",
    "coordinates": [
     [
      80.293726,
      13.101708
     ],
     [
      80.293436,
      13.100712
     ]
    ]
   }
  },
  {
   "type": "Feature",
   "properties": {
    "source": "2015 Crowd-sourced Flooding",
    "type": "Flooded Street"
   },
   "geometry": {
    "type": "LineString",
    "coordinates": [
     [
      80.188165,
      13.028404
     ],
     [
      80.188058,
      13.027259
     ]
    ]
   }
  },
  {
   "type": "Feature",
   "properties": {
    "source": "2015 Crowd-sourced Flooding",
    "type": "Flooded Street"
   },
   "geometry": {
    "type": "LineString",
    "coordinates": [
     [
      80.250213,
      13.007821
     ],
     [
      80.250315,
      13.010328
     ]
    ]
   }
  },
  {
   "type": "Feature",
   "properties": {
    "source": "2015 Crowd-sourced Flooding",
    "type": "Flooded Street"
   },
   "geometry": {
    "type": "LineString",
    "coordinates": [
     [
      80.200997,
      12.990105
     ],
     [
      80.201203,
      12.991323
     ],
     [
      80.201246,
      12.991796
     ],
     [
      80.201233,
      12.99183
     ],
     [
      80.201332,
      12.992661
     ],
     [
      80.201324,
      12.99287
     ],
     [
      80.201316,
      12.993311
     ],
     [
      80.201308,
      12.993429
     ],
     [
      80.201268,
      12.993562
     ]
    ]
   }
  },
  {
   "type": "Feature",
   "properties": {
    "source": "2015 Crowd-sourced Flooding",
    "type": "Flooded Street"
   },
   "geometry": {
    "type": "LineString",
    "coordinates": [
     [
      80.237628,
      13.081957
     ],
     [
      80.237668,
      13.0822
     ],
     [
      80.238411,
      13.082135
     ]
    ]
   }
  },
  {
   "type": "Feature",
   "properties": {
    "source": "2015 Crowd-sourced Flooding",
    "type": "Flooded Street"
   },
   "geometry": {
    "type": "LineString",
    "coordinates": [
     [
      80.198473,
      13.032271
     ],
     [
      80.199564,
      13.032099
     ],
     [
      80.200366,
      13.032065
     ]
    ]
   }
  },
  {
   "type": "Feature",
   "properties": {
    "source": "2015 Crowd-sourced Flooding",
    "type": "Flooded Street"
   },
   "geometry": {
    "type": "LineString",
    "coordinates": [
     [
      80.098357,
      12.934003
     ],
     [
      80.098984,
      12.933891
     ],
     [
      80.099341,
      12.933948
     ]
    ]
   }
  },
  {
   "type": "Feature",
   "properties": {
    "source": "2015 Crowd-sourced Flooding",
    "type": "Flooded Street"
   },
   "geometry": {
    "type": "LineString",
    "coordinates": [
     [
      80.144507,
      13.019579
     ],
     [
      80.144526,
      13.020018
     ]
    ]
   }
  },
  {
   "type": "Feature",
   "properties": {
    "source": "2015 Crowd-sourced Flooding",
    "type": "Flooded Street"
   },
   "geometry": {
    "type": "LineString",
    "coordinates": [
     [
      80.18603,
      12.986947
     ],
     [
      80.185995,
      12.986966
     ],
     [
      80.185958,
      12.986979
     ],
     [
      80.185773,
      12.987034
     ],
     [
      80.185722,
      12.987057
     ],
     [
      80.185671,
      12.987091
     ],
     [
      80.185641,
      12.987123
     ],
     [
      80.18562,
      12.987162
     ],
     [
      80.18559,
      12.987245
     ],
     [
      80.185577,
      12.987308
     ],
     [
      80.185545,
      12.9874
     ],
     [
      80.185402,
      12.987666
     ],
     [
      80.185354,
      12.987781
     ],
     [
      80.185322,
      12.987878
     ],
     [
      80.185311,
      12.987948
     ],
     [
      80.185303,
      12.987972
     ],
     [
      80.185309,
      12.988045
     ]
    ]
   }
  },
  {
   "type": "Feature",
   "properties": {
    "source": "2015 Crowd-sourced Flooding",
    "type": "Flooded Street"
   },
   "geometry": {
    "type": "LineString",
    "coordinates": [
     [
      80.258742,
      12.99132
     ],
     [
      80.259743,
      12.991181
     ],
     [
      80.260456,
      12.991074
     ]
    ]
   }
  },
  {
   "type": "Feature",
   "properties": {
    "source": "2015 Crowd-sourced Flooding",
    "type": "Flooded Street"
   },
   "geometry": {
    "type": "LineString",
    "coordinates": [
     [
      80.138123,
      12.932304
     ],
     [
      80.139445,
      12.932014
     ],
     [
      80.140776,
      12.931823
     ],
     [
      80.14069,
      12.931371
     ]
    ]
   }
  },
  {
   "type": "Feature",
   "properties": {
    "source": "2015 Crowd-sourced Flooding",
    "type": "Flooded Street"
   },
   "geometry": {
    "type": "LineString",
    "coordinates": [
     [
      80.221996,
      13.027413
     ],
     [
      80.224056,
      13.027596
     ]
    ]
   }
  },
  {
   "type": "Feature",
   "properties": {
    "source": "2015 Crowd-sourced Flooding",
    "type": "Flooded Street"
   },
   "geometry": {
    "type": "LineString",
    "coordinates": [
     [
      80.28021,
      13.056979
     ],
     [
      80.280063,
      13.056995
     ],
     [
      80.279323,
      13.057155
     ],
     [
      80.279138,
      13.057175
     ]
    ]
   }
  },
  {
   "type": "Feature",
   "properties": {
    "source": "2015 Crowd-sourced Flooding",
    "type": "Flooded Street"
   },
   "geometry": {
    "type": "LineString",
    "coordinates": [
     [
      80.26022,
      13.127428
     ],
     [
      80.261132,
      13.127532
     ],
     [
      80.261572,
      13.127616
     ],
     [
      80.262148,
      13.127754
     ],
     [
      80.263055,
      13.127861
     ]
    ]
   }
  },
  {
   "type": "Feature",
   "properties": {
    "source": "2015 Crowd-sourced Flooding",
    "type": "Flooded Street"
   },
   "geometry": {
    "type": "LineString",
    "coordinates": [
     [
      80.221207,
      13.049927
     ],
     [
      80.22066,
      13.049979
     ]
    ]
   }
  },
  {
   "type": "Feature",
   "properties": {
    "source": "2015 Crowd-sourced Flooding",
    "type": "Flooded Street"
   },
   "geometry": {
    "type": "LineString",
    "coordinates": [
     [
      80.257272,
      13.126989
     ],
     [
      80.257227,
      13.127504
     ]
    ]
   }
  },
  {
   "type": "Feature",
   "properties": {
    "source": "2015 Crowd-sourced Flooding",
    "type": "Flooded Street"
   },
   "geometry": {
    "type": "LineString",
    "coordinates": [
     [
      80.236362,
      13.010717
     ],
     [
      80.238623,
      13.010714
     ]
    ]
   }
  },
  {
   "type": "Feature",
   "properties": {
    "source": "2015 Crowd-sourced Flooding",
    "type": "Flooded Street"
   },
   "geometry": {
    "type": "LineString",
    "coordinates": [
     [
      80.204543,
      13.025145
     ],
     [
      80.204116,
      13.025187
     ],
     [
      80.203628,
      13.025221
     ]
    ]
   }
  },
  {
   "type": "Feature",
   "properties": {
    "source": "2015 Crowd-sourced Flooding",
    "type": "Flooded Street"
   },
   "geometry": {
    "type": "LineString",
    "coordinates": [
     [
      80.168649,
      13.014616
     ],
     [
      80.168818,
      13.014616
     ],
     [
      80.169245,
      13.014595
     ],
     [
      80.169205,
      13.014318
     ]
    ]
   }
  },
  {
   "type": "Feature",
   "properties": {
    "source": "2015 Crowd-sourced Flooding",
    "type": "Flooded Street"
   },
   "geometry": {
    "type": "LineString",
    "coordinates": [
     [
      80.212241,
      13.02145
     ],
     [
      80.212294,
      13.021076
     ],
     [
      80.213702,
      13.021228
     ]
    ]
   }
  },
  {
   "type": "Feature",
   "properties": {
    "source": "2015 Crowd-sourced Flooding",
    "type": "Flooded Street"
   },
   "geometry": {
    "type": "LineString",
    "coordinates": [
     [
      80.211009,
      13.029634
     ],
     [
      80.211111,
      13.029608
     ],
     [
      80.212525,
      13.029227
     ]
    ]
   }
  },
  {
   "type": "Feature",
   "properties": {
    "source": "2015 Crowd-sourced Flooding",
    "type": "Flooded Street"
   },
   "geometry": {
    "type": "LineString",
    "coordinates": [
     [
      80.148857,
      13.105671
     ],
     [
      80.148916,
      13.105966
     ],
     [
      80.149002,
      13.106334
     ],
     [
      80.149069,
      13.106661
     ]
    ]
   }
  },
  {
   "type": "Feature",
   "properties": {
    "source": "2015 Crowd-sourced Flooding",
    "type": "Flooded Street"
   },
   "geometry": {
    "type": "LineString",
    "coordinates": [
     [
      80.217323,
      13.019694
     ],
     [
      80.217428,
      13.020039
     ],
     [
      80.217514,
      13.020347
     ],
     [
      80.217715,
      13.020998
     ],
     [
      80.217825,
      13.021502
     ],
     [
      80.217881,
      13.022064
     ],
     [
      80.217964,
      13.022542
     ],
     [
      80.218077,
      13.022916
     ],
     [
      80.218278,
      13.024199
     ],
     [
      80.218289,
      13.024727
     ]
    ]
   }
  },
  {
   "type": "Feature",
   "properties": {
    "source": "2015 Crowd-sourced Flooding",
    "type": "Flooded Street"
   },
   "geometry": {
    "type": "LineString",
    "coordinates": [
     [
      80.190426,
      13.091051
     ],
     [
      80.191435,
      13.091156
     ]
    ]
   }
  },
  {
   "type": "Feature",
   "properties": {
    "source": "2015 Crowd-sourced Flooding",
    "type": "Flooded Street"
   },
   "geometry": {
    "type": "LineString",
    "coordinates": [
     [
      80.19847,
      13.090012
     ],
     [
      80.198513,
      13.093047
     ],
     [
      80.198559,
      13.094968
     ],
     [
      80.198591,
      13.097091
     ],
     [
      80.198481,
      13.097509
     ],
     [
      80.198301,
      13.097852
     ],
     [
      80.19806,
      13.098136
     ],
     [
      80.197794,
      13.098327
     ],
     [
      80.197553,
      13.098411
     ],
     [
      80.197387,
      13.09846
     ],
     [
      80.196378,
      13.098745
     ],
     [
      80.195619,
      13.099132
     ]
    ]
   }
  },
  {
   "type": "Feature",
   "properties": {
    "source": "2015 Crowd-sourced Flooding",
    "type": "Flooded Street"
   },
   "geometry": {
    "type": "LineString",
    "coordinates": [
     [
      80.257047,
      13.034892
     ],
     [
      80.25768,
      13.03478
     ],
     [
      80.257857,
      13.034725
     ],
     [
      80.258326,
      13.034696
     ],
     [
      80.258769,
      13.034693
     ],
     [
      80.2593,
      13.03468
     ],
     [
      80.260083,
      13.034638
     ]
    ]
   }
  },
  {
   "type": "Feature",
   "properties": {
    "source": "2015 Crowd-sourced Flooding",
    "type": "Flooded Street"
   },
   "geometry": {
    "type": "LineString",
    "coordinates": [
     [
      80.150636,
      12.942345
     ],
     [
      80.150308,
      12.942392
     ],
     [
      80.149882,
      12.942421
     ],
     [
      80.149582,
      12.94241
     ],
     [
      80.148865,
      12.942677
     ],
     [
      80.148417,
      12.942834
     ],
     [
      80.148227,
      12.942839
     ],
     [
      80.148074,
      12.942831
     ]
    ]
   }
  },
  {
   "type": "Feature",
   "properties": {
    "source": "2015 Crowd-sourced Flooding",
    "type": "Flooded Street"
   },
   "geometry": {
    "type": "LineString",
    "coordinates": [
     [
      80.068531,
      12.944551
     ],
     [
      80.067712,
      12.944786
     ],
     [
      80.065146,
      12.946274
     ],
     [
      80.064797,
      12.947335
     ],
     [
      80.064569,
      12.948849
     ],
     [
      80.063552,
      12.949808
     ],
     [
      80.06205,
      12.951196
     ]
    ]
   }
  },
  {
   "type": "Feature",
   "properties": {
    "source": "2015 Crowd-sourced Flooding",
    "type": "Flooded Street"
   },
   "geometry": {
    "type": "LineString",
    "coordinates": [
     [
      80.218166,
      12.958716
     ],
     [
      80.218973,
      12.959221
     ],
     [
      80.219303,
      12.959511
     ],
     [
      80.219649,
      12.95994
     ],
     [
      80.219936,
      12.960423
     ],
     [
      80.220464,
      12.961845
     ],
     [
      80.220488,
      12.961903
     ]
    ]
   }
  },
  {
   "type": "Feature",
   "properties": {
    "source": "2015 Crowd-sourced Flooding",
    "type": "Flooded Street"
   },
   "geometry": {
    "type": "LineString",
    "coordinates": [
     [
      80.260987,
      13.094487
     ],
     [
      80.261014,
      13.094001
     ]
    ]
   }
  },
  {
   "type": "Feature",
   "properties": {
    "source": "2015 Crowd-sourced Flooding",
    "type": "Flooded Street"
   },
   "geometry": {
    "type": "LineString",
    "coordinates": [
     [
      80.189941,
      13.051999
     ],
     [
      80.189479,
      13.052015
     ]
    ]
   }
  },
  {
   "type": "Feature",
   "properties": {
    "source": "2015 Crowd-sourced Flooding",
    "type": "Flooded Street"
   },
   "geometry": {
    "type": "LineString",
    "coordinates": [
     [
      80.254381,
      13.124617
     ],
     [
      80.254515,
      13.124612
     ],
     [
      80.254684,
      13.124588
     ],
     [
      80.255298,
      13.124523
     ]
    ]
   }
  },
  {
   "type": "Feature",
   "properties": {
    "source": "2015 Crowd-sourced Flooding",
    "type": "Flooded Street"
   },
   "geometry": {
    "type": "LineString",
    "coordinates": [
     [
      80.244521,
      13.079311
     ],
     [
      80.244524,
      13.079321
     ],
     [
      80.24465,
      13.079311
     ]
    ]
   }
  },
  {
   "type": "Feature",
   "properties": {
    "source": "2015 Crowd-sourced Flooding",
    "type": "Flooded Street"
   },
   "geometry": {
    "type": "LineString",
    "coordinates": [
     [
      80.276927,
      13.067028
     ],
     [
      80.277955,
      13.066561
     ],
     [
      80.278684,
      13.066143
     ],
     [
      80.278961,
      13.065853
     ],
     [
      80.27972,
      13.06474
     ],
     [
      80.279626,
      13.064444
     ]
    ]
   }
  },
  {
   "type": "Feature",
   "properties": {
    "source": "2015 Crowd-sourced Flooding",
    "type": "Flooded Street"
   },
   "geometry": {
    "type": "LineString",
    "coordinates": [
     [
      80.188997,
      13.027113
     ],
     [
      80.188938,
      13.0266
     ],
     [
      80.188871,
      13.026109
     ]
    ]
   }
  },
  {
   "type": "Feature",
   "properties": {
    "source": "2015 Crowd-sourced Flooding",
    "type": "Flooded Street"
   },
   "geometry": {
    "type": "LineString",
    "coordinates": [
     [
      80.197529,
      13.069325
     ],
     [
      80.197542,
      13.070856
     ],
     [
      80.19759,
      13.072228
     ]
    ]
   }
  },
  {
   "type": "Feature",
   "properties": {
    "source": "2015 Crowd-sourced Flooding",
    "type": "Flooded Street"
   },
   "geometry": {
    "type": "LineString",
    "coordinates": [
     [
      80.275876,
      13.027343
     ],
     [
      80.277118,
      13.026702
     ]
    ]
   }
  },
  {
   "type": "Feature",
   "properties": {
    "source": "2015 Crowd-sourced Flooding",
    "type": "Flooded Street"
   },
   "geometry": {
    "type": "LineString",
    "coordinates": [
     [
      80.200388,
      12.967792
     ],
     [
      80.201463,
      12.967737
     ]
    ]
   }
  },
  {
   "type": "Feature",
   "properties": {
    "source": "2015 Crowd-sourced Flooding",
    "type": "Flooded Street"
   },
   "geometry": {
    "type": "LineString",
    "coordinates": [
     [
      80.260035,
      13.114521
     ],
     [
      80.259592,
      13.114793
     ]
    ]
   }
  },
  {
   "type": "Feature",
   "properties": {
    "source": "2015 Crowd-sourced Flooding",
    "type": "Flooded Street"
   },
   "geometry": {
    "type": "LineString",
    "coordinates": [
     [
      80.160884,
      13.063572
     ],
     [
      80.160839,
      13.064084
     ],
     [
      80.16079,
      13.067692
     ],
     [
      80.160812,
      13.068943
     ]
    ]
   }
  },
  {
   "type": "Feature",
   "properties": {
    "source": "2015 Crowd-sourced Flooding",
    "type": "Flooded Street"
   },
   "geometry": {
    "type": "LineString",
    "coordinates": [
     [
      80.199092,
      13.017755
     ],
     [
      80.199023,
      13.017303
     ],
     [
      80.198819,
      13.016171
     ]
    ]
   }
  },
  {
   "type": "Feature",
   "properties": {
    "source": "2015 Crowd-sourced Flooding",
    "type": "Flooded Street"
   },
   "geometry": {
    "type": "LineString",
    "coordinates": [
     [
      80.265941,
      13.126166
     ],
     [
      80.26663,
      13.126177
     ],
     [
      80.266663,
      13.126171
     ],
     [
      80.267296,
      13.126171
     ]
    ]
   }
  },
  {
   "type": "Feature",
   "properties": {
    "source": "2015 Crowd-sourced Flooding",
    "type": "Flooded Street"
   },
   "geometry": {
    "type": "LineString",
    "coordinates": [
     [
      80.266199,
      12.980865
     ],
     [
      80.265863,
      12.980967
     ],
     [
      80.263726,
      12.981158
     ],
     [
      80.261768,
      12.981359
     ]
    ]
   }
  },
  {
   "type": "Feature",
   "properties": {
    "source": "2015 Crowd-sourced Flooding",
    "type": "Flooded Street"
   },
   "geometry": {
    "type": "LineString",
    "coordinates": [
     [
      80.265405,
      13.058299
     ],
     [
      80.265528,
      13.058824
     ],
     [
      80.265552,
      13.059232
     ],
     [
      80.26563,
      13.05978
     ],
     [
      80.265606,
      13.059979
     ],
     [
      80.265474,
      13.060394
     ],
     [
      80.265244,
      13.060862
     ],
     [
      80.265222,
      13.061134
     ],
     [
      80.265383,
      13.061377
     ],
     [
      80.265783,
      13.061693
     ],
     [
      80.266284,
      13.062072
     ]
    ]
   }
  },
  {
   "type": "Feature",
   "properties": {
    "source": "2015 Crowd-sourced Flooding",
    "type": "Flooded Street"
   },
   "geometry": {
    "type": "LineString",
    "coordinates": [
     [
      80.22912,
      12.930503
     ],
     [
      80.229796,
      12.930325
     ]
    ]
   }
  },
  {
   "type": "Feature",
   "properties": {
    "source": "2015 Crowd-sourced Flooding",
    "type": "Flooded Street"
   },
   "geometry": {
    "type": "LineString",
    "coordinates": [
     [
      80.203558,
      13.030128
     ],
     [
      80.201917,
      13.030403
     ],
     [
      80.201498,
      13.030486
     ],
     [
      80.200643,
      13.030614
     ]
    ]
   }
  },
  {
   "type": "Feature",
   "properties": {
    "source": "2015 Crowd-sourced Flooding",
    "type": "Flooded Street"
   },
   "geometry": {
    "type": "LineString",
    "coordinates": [
     [
      80.244886,
      13.133146
     ],
     [
      80.2448,
      13.132678
     ],
     [
      80.244733,
      13.13219
     ],
     [
      80.244674,
      13.131505
     ]
    ]
   }
  },
  {
   "type": "Feature",
   "properties": {
    "source": "2015 Crowd-sourced Flooding",
    "type": "Flooded Street"
   },
   "geometry": {
    "type": "LineString",
    "coordinates": [
     [
      80.068759,
      12.919073
     ],
     [
      80.06841,
      12.917889
     ],
     [
      80.068295,
      12.917481
     ],
     [
      80.068187,
      12.917157
     ]
    ]
   }
  },
  {
   "type": "Feature",
   "properties": {
    "source": "2015 Crowd-sourced Flooding",
    "type": "Flooded Street"
   },
   "geometry": {
    "type": "LineString",
    "coordinates": [
     [
      80.212686,
      13.063893
     ],
     [
      80.214478,
      13.063906
     ]
    ]
   }
  },
  {
   "type": "Feature",
   "properties": {
    "source": "2015 Crowd-sourced Flooding",
    "type": "Flooded Street"
   },
   "geometry": {
    "type": "LineString",
    "coordinates": [
     [
      80.184547,
      12.949236
     ],
     [
      80.1846,
      12.949502
     ],
     [
      80.1846,
      12.949826
     ],
     [
      80.184547,
      12.95008
     ],
     [
      80.184276,
      12.950059
     ],
     [
      80.183922,
      12.950069
     ]
    ]
   }
  },
  {
   "type": "Feature",
   "properties": {
    "source": "2015 Crowd-sourced Flooding",
    "type": "Flooded Street"
   },
   "geometry": {
    "type": "LineString",
    "coordinates": [
     [
      80.205221,
      13.059571
     ],
     [
      80.204975,
      13.059598
     ],
     [
      80.20458,
      13.059608
     ],
     [
      80.20413,
      13.059626
     ],
     [
      80.201678,
      13.059699
     ]
    ]
   }
  },
  {
   "type": "Feature",
   "properties": {
    "source": "2015 Crowd-sourced Flooding",
    "type": "Flooded Street"
   },
   "geometry": {
    "type": "LineString",
    "coordinates": [
     [
      80.21779,
      12.795061
     ],
     [
      80.216221,
      12.795519
     ]
    ]
   }
  },
  {
   "type": "Feature",
   "properties": {
    "source": "2015 Crowd-sourced Flooding",
    "type": "Flooded Street"
   },
   "geometry": {
    "type": "LineString",
    "coordinates": [
     [
      80.189439,
      12.968001
     ],
     [
      80.190314,
      12.967768
     ],
     [
      80.190745,
      12.967661
     ]
    ]
   }
  },
  {
   "type": "Feature",
   "properties": {
    "source": "2015 Crowd-sourced Flooding",
    "type": "Flooded Street"
   },
   "geometry": {
    "type": "LineString",
    "coordinates": [
     [
      80.211342,
      13.073795
     ],
     [
      80.211294,
      13.072784
     ]
    ]
   }
  },
  {
   "type": "Feature",
   "properties": {
    "source": "2015 Crowd-sourced Flooding",
    "type": "Flooded Street"
   },
   "geometry": {
    "type": "LineString",
    "coordinates": [
     [
      80.252876,
      13.12655
     ],
     [
      80.252881,
      13.125735
     ]
    ]
   }
  },
  {
   "type": "Feature",
   "properties": {
    "source": "2015 Crowd-sourced Flooding",
    "type": "Flooded Street"
   },
   "geometry": {
    "type": "LineString",
    "coordinates": [
     [
      80.1447,
      12.9727
     ],
     [
      80.145169,
      12.973526
     ],
     [
      80.145435,
      12.973926
     ]
    ]
   }
  },
  {
   "type": "Feature",
   "properties": {
    "source": "2015 Crowd-sourced Flooding",
    "type": "Flooded Street"
   },
   "geometry": {
    "type": "LineString",
    "coordinates": [
     [
      80.261191,
      12.997734
     ],
     [
      80.261054,
      12.996424
     ]
    ]
   }
  },
  {
   "type": "Feature",
   "properties": {
    "source": "2015 Crowd-sourced Flooding",
    "type": "Flooded Street"
   },
   "geometry": {
    "type": "LineString",
    "coordinates": [
     [
      80.176149,
      13.050332
     ],
     [
      80.177074,
      13.05029
     ],
     [
      80.177624,
      13.050256
     ]
    ]
   }
  },
  {
   "type": "Feature",
   "properties": {
    "source": "2015 Crowd-sourced Flooding",
    "type": "Flooded Street"
   },
   "geometry": {
    "type": "LineString",
    "coordinates": [
     [
      80.159905,
      13.036016
     ],
     [
      80.1609,
      13.036308
     ]
    ]
   }
  },
  {
   "type": "Feature",
   "properties": {
    "source": "2015 Crowd-sourced Flooding",
    "type": "Flooded Street"
   },
   "geometry": {
    "type": "LineString",
    "coordinates": [
     [
      80.168703,
      13.044704
     ],
     [
      80.170055,
      13.044537
     ]
    ]
   }
  },
  {
   "type": "Feature",
   "properties": {
    "source": "2015 Crowd-sourced Flooding",
    "type": "Flooded Street"
   },
   "geometry": {
    "type": "LineString",
    "coordinates": [
     [
      80.192309,
      13.04201
     ],
     [
      80.189839,
      13.041945
     ]
    ]
   }
  },
  {
   "type": "Feature",
   "properties": {
    "source": "2015 Crowd-sourced Flooding",
    "type": "Flooded Street"
   },
   "geometry": {
    "type": "LineString",
    "coordinates": [
     [
      80.160013,
      12.907557
     ],
     [
      80.159908,
      12.907008
     ],
     [
      80.159787,
      12.906577
     ]
    ]
   }
  },
  {
   "type": "Feature",
   "properties": {
    "source": "2015 Crowd-sourced Flooding",
    "type": "Flooded Street"
   },
   "geometry": {
    "type": "LineString",
    "coordinates": [
     [
      80.200366,
      13.099678
     ],
     [
      80.199294,
      13.099756
     ]
    ]
   }
  },
  {
   "type": "Feature",
   "properties": {
    "source": "2015 Crowd-sourced Flooding",
    "type": "Flooded Street"
   },
   "geometry": {
    "type": "LineString",
    "coordinates": [
     [
      80.266266,
      13.11584
     ],
     [
      80.266258,
      13.115404
     ],
     [
      80.266311,
      13.115336
     ],
     [
      80.266295,
      13.114905
     ],
     [
      80.266357,
      13.114764
     ],
     [
      80.266346,
      13.1141
     ]
    ]
   }
  },
  {
   "type": "Feature",
   "properties": {
    "source": "2015 Crowd-sourced Flooding",
    "type": "Flooded Street"
   },
   "geometry": {
    "type": "LineString",
    "coordinates": [
     [
      80.047014,
      13.034079
     ],
     [
      80.04718,
      13.0341
     ],
     [
      80.047304,
      13.034139
     ],
     [
      80.047532,
      13.034118
     ],
     [
      80.047797,
      13.034011
     ],
     [
      80.047939,
      13.033902
     ]
    ]
   }
  },
  {
   "type": "Feature",
   "properties": {
    "source": "2015 Crowd-sourced Flooding",
    "type": "Flooded Street"
   },
   "geometry": {
    "type": "LineString",
    "coordinates": [
     [
      80.171222,
      13.030034
     ],
     [
      80.171761,
      13.029953
     ],
     [
      80.171989,
      13.029906
     ],
     [
      80.172337,
      13.029822
     ]
    ]
   }
  },
  {
   "type": "Feature",
   "properties": {
    "source": "2015 Crowd-sourced Flooding",
    "type": "Flooded Street"
   },
   "geometry": {
    "type": "LineString",
    "coordinates": [
     [
      80.199125,
      12.957817
     ],
     [
      80.19847,
      12.957815
     ]
    ]
   }
  },
  {
   "type": "Feature",
   "properties": {
    "source": "2015 Crowd-sourced Flooding",
    "type": "Flooded Street"
   },
   "geometry": {
    "type": "LineString",
    "coordinates": [
     [
      80.249236,
      13.104688
     ],
     [
      80.2494,
      13.105253
     ],
     [
      80.249687,
      13.106339
     ]
    ]
   }
  },
  {
   "type": "Feature",
   "properties": {
    "source": "2015 Crowd-sourced Flooding",
    "type": "Flooded Street"
   },
   "geometry": {
    "type": "LineString",
    "coordinates": [
     [
      80.299243,
      13.17803
     ],
     [
      80.298868,
      13.178194
     ],
     [
      80.296993,
      13.178993
     ]
    ]
   }
  },
  {
   "type": "Feature",
   "properties": {
    "source": "2015 Crowd-sourced Flooding",
    "type": "Flooded Street"
   },
   "geometry": {
    "type": "LineString",
    "coordinates": [
     [
      80.187041,
      12.98907
     ],
     [
      80.187655,
      12.989025
     ],
     [
      80.18801,
      12.989119
     ],
     [
      80.188511,
      12.98903
     ],
     [
      80.188889,
      12.988986
     ]
    ]
   }
  },
  {
   "type": "Feature",
   "properties": {
    "source": "2015 Crowd-sourced Flooding",
    "type": "Flooded Street"
   },
   "geometry": {
    "type": "LineString",
    "coordinates": [
     [
      80.203057,
      13.027319
     ],
     [
      80.203019,
      13.026974
     ],
     [
      80.202963,
      13.026527
     ]
    ]
   }
  },
  {
   "type": "Feature",
   "properties": {
    "source": "2015 Crowd-sourced Flooding",
    "type": "Flooded Street"
   },
   "geometry": {
    "type": "LineString",
    "coordinates": [
     [
      80.232982,
      12.981838
     ],
     [
      80.233033,
      12.981812
     ],
     [
      80.233122,
      12.981765
     ],
     [
      80.234197,
      12.98126
     ],
     [
      80.23449,
      12.981195
     ],
     [
      80.234884,
      12.981184
     ],
     [
      80.235927,
      12.981234
     ],
     [
      80.237896,
      12.981294
     ],
     [
      80.238896,
      12.981318
     ],
     [
      80.239655,
      12.981341
     ],
     [
      80.240111,
      12.981344
     ],
     [
      80.241402,
      12.981365
     ]
    ]
   }
  },
  {
   "type": "Feature",
   "properties": {
    "source": "2015 Crowd-sourced Flooding",
    "type": "Flooded Street"
   },
   "geometry": {
    "type": "LineString",
    "coordinates": [
     [
      80.177214,
      13.038699
     ],
     [
      80.178394,
      13.038906
     ]
    ]
   }
  },
  {
   "type": "Feature",
   "properties": {
    "source": "2015 Crowd-sourced Flooding",
    "type": "Flooded Street"
   },
   "geometry": {
    "type": "LineString",
    "coordinates": [
     [
      80.057201,
      12.937342
     ],
     [
      80.057252,
      12.937339
     ],
     [
      80.05752,
      12.937261
     ],
     [
      80.057622,
      12.937237
     ],
     [
      80.05774,
      12.937229
     ],
     [
      80.057904,
      12.937187
     ],
     [
      80.058148,
      12.937088
     ],
     [
      80.058378,
      12.936952
     ],
     [
      80.058671,
      12.936769
     ],
     [
      80.058778,
      12.936662
     ],
     [
      80.058802,
      12.936602
     ],
     [
      80.05877,
      12.936463
     ],
     [
      80.058716,
      12.936322
     ],
     [
      80.058679,
      12.936082
     ],
     [
      80.058671,
      12.935872
     ],
     [
      80.058681,
      12.935674
     ],
     [
      80.058716,
      12.93554
     ],
     [
      80.058805,
      12.935486
     ],
     [
      80.058939,
      12.935436
     ],
     [
      80.059017,
      12.935352
     ],
     [
      80.059108,
      12.935235
     ],
     [
      80.059194,
      12.935104
     ],
     [
      80.059175,
      12.934997
     ],
     [
      80.059129,
      12.934842
     ],
     [
      80.059065,
      12.934699
     ],
     [
      80.059041,
      12.934631
     ]
    ]
   }
  },
  {
   "type": "Feature",
   "properties": {
    "source": "2015 Crowd-sourced Flooding",
    "type": "Flooded Street"
   },
   "geometry": {
    "type": "LineString",
    "coordinates": [
     [
      80.171568,
      12.998946
     ],
     [
      80.172214,
      13.000117
     ],
     [
      80.172461,
      13.000276
     ],
     [
      80.172801,
      13.000274
     ]
    ]
   }
  },
  {
   "type": "Feature",
   "properties": {
    "source": "2015 Crowd-sourced Flooding",
    "type": "Flooded Street"
   },
   "geometry": {
    "type": "LineString",
    "coordinates": [
     [
      80.273993,
      13.047029
     ],
     [
      80.273926,
      13.046711
     ],
     [
      80.273864,
      13.046525
     ],
     [
      80.273733,
      13.046282
     ],
     [
      80.27362,
      13.046018
     ],
     [
      80.273572,
      13.045835
     ],
     [
      80.273537,
      13.045488
     ],
     [
      80.273899,
      13.045182
     ],
     [
      80.274119,
      13.045088
     ],
     [
      80.274355,
      13.045078
     ]
    ]
   }
  },
  {
   "type": "Feature",
   "properties": {
    "source": "2015 Crowd-sourced Flooding",
    "type": "Flooded Street"
   },
   "geometry": {
    "type": "LineString",
    "coordinates": [
     [
      80.194484,
      12.991309
     ],
     [
      80.194391,
      12.991181
     ],
     [
      80.194372,
      12.991124
     ],
     [
      80.193567,
      12.991273
     ]
    ]
   }
  },
  {
   "type": "Feature",
   "properties": {
    "source": "2015 Crowd-sourced Flooding",
    "type": "Flooded Street"
   },
   "geometry": {
    "type": "LineString",
    "coordinates": [
     [
      80.23498,
      12.929496
     ],
     [
      80.232982,
      12.930004
     ]
    ]
   }
  },
  {
   "type": "Feature",
   "properties": {
    "source": "2015 Crowd-sourced Flooding",
    "type": "Flooded Street"
   },
   "geometry": {
    "type": "LineString",
    "coordinates": [
     [
      80.116601,
      12.929447
     ],
     [
      80.11673,
      12.930649
     ],
     [
      80.116716,
      12.931732
     ],
     [
      80.116749,
      12.932296
     ]
    ]
   }
  },
  {
   "type": "Feature",
   "properties": {
    "source": "2015 Crowd-sourced Flooding",
    "type": "Flooded Street"
   },
   "geometry": {
    "type": "LineString",
    "coordinates": [
     [
      80.206495,
      13.037176
     ],
     [
      80.208263,
      13.03693
     ]
    ]
   }
  },
  {
   "type": "Feature",
   "properties": {
    "source": "2015 Crowd-sourced Flooding",
    "type": "Flooded Street"
   },
   "geometry": {
    "type": "LineString",
    "coordinates": [
     [
      80.205468,
      13.019145
     ],
     [
      80.205554,
      13.019469
     ],
     [
      80.205634,
      13.020023
     ]
    ]
   }
  },
  {
   "type": "Feature",
   "properties": {
    "source": "2015 Crowd-sourced Flooding",
    "type": "Flooded Street"
   },
   "geometry": {
    "type": "LineString",
    "coordinates": [
     [
      80.240567,
      13.088031
     ],
     [
      80.24123,
      13.087984
     ]
    ]
   }
  },
  {
   "type": "Feature",
   "properties": {
    "source": "2015 Crowd-sourced Flooding",
    "type": "Flooded Street"
   },
   "geometry": {
    "type": "LineString",
    "coordinates": [
     [
      80.239594,
      13.056841
     ],
     [
      80.239567,
      13.056279
     ],
     [
      80.239476,
      13.054646
     ]
    ]
   }
  },
  {
   "type": "Feature",
   "properties": {
    "source": "2015 Crowd-sourced Flooding",
    "type": "Flooded Street"
   },
   "geometry": {
    "type": "LineString",
    "coordinates": [
     [
      80.262232,
      12.967658
     ],
     [
      80.262886,
      12.967522
     ],
     [
      80.263388,
      12.967447
     ]
    ]
   }
  },
  {
   "type": "Feature",
   "properties": {
    "source": "2015 Crowd-sourced Flooding",
    "type": "Flooded Street"
   },
   "geometry": {
    "type": "LineString",
    "coordinates": [
     [
      80.230048,
      13.050152
     ],
     [
      80.229163,
      13.050317
     ],
     [
      80.228983,
      13.050371
     ],
     [
      80.227942,
      13.050567
     ],
     [
      80.227234,
      13.0508
     ],
     [
      80.225402,
      13.051262
     ]
    ]
   }
  },
  {
   "type": "Feature",
   "properties": {
    "source": "2015 Crowd-sourced Flooding",
    "type": "Flooded Street"
   },
   "geometry": {
    "type": "LineString",
    "coordinates": [
     [
      80.250572,
      12.963267
     ],
     [
      80.249456,
      12.963474
     ]
    ]
   }
  },
  {
   "type": "Feature",
   "properties": {
    "source": "2015 Crowd-sourced Flooding",
    "type": "Flooded Street"
   },
   "geometry": {
    "type": "LineString",
    "coordinates": [
     [
      80.221996,
      13.028435
     ],
     [
      80.222741,
      13.028419
     ],
     [
      80.223954,
      13.028479
     ],
     [
      80.224107,
      13.028458
     ]
    ]
   }
  },
  {
   "type": "Feature",
   "properties": {
    "source": "2015 Crowd-sourced Flooding",
    "type": "Flooded Street"
   },
   "geometry": {
    "type": "LineString",
    "coordinates": [
     [
      80.165798,
      13.013236
     ],
     [
      80.165769,
      13.013445
     ],
     [
      80.165734,
      13.013743
     ],
     [
      80.165667,
      13.014201
     ]
    ]
   }
  },
  {
   "type": "Feature",
   "properties": {
    "source": "2015 Crowd-sourced Flooding",
    "type": "Flooded Street"
   },
   "geometry": {
    "type": "LineString",
    "coordinates": [
     [
      80.226368,
      12.976263
     ],
     [
      80.226966,
      12.976441
     ],
     [
      80.227065,
      12.97642
     ],
     [
      80.22776,
      12.976571
     ]
    ]
   }
  },
  {
   "type": "Feature",
   "properties": {
    "source": "2015 Crowd-sourced Flooding",
    "type": "Flooded Street"
   },
   "geometry": {
    "type": "LineString",
    "coordinates": [
     [
      80.227409,
      12.972664
     ],
     [
      80.226454,
      12.972543
     ],
     [
      80.226322,
      12.972559
     ],
     [
      80.225416,
      12.972366
     ]
    ]
   }
  },
  {
   "type": "Feature",
   "properties": {
    "source": "2015 Crowd-sourced Flooding",
    "type": "Flooded Street"
   },
   "geometry": {
    "type": "LineString",
    "coordinates": [
     [
      80.21367,
      13.030523
     ],
     [
      80.213584,
      13.03005
     ],
     [
      80.21355,
      13.029747
     ],
     [
      80.213429,
      13.028976
     ]
    ]
   }
  },
  {
   "type": "Feature",
   "properties": {
    "source": "2015 Crowd-sourced Flooding",
    "type": "Flooded Street"
   },
   "geometry": {
    "type": "LineString",
    "coordinates": [
     [
      80.236163,
      13.084457
     ],
     [
      80.236241,
      13.084862
     ]
    ]
   }
  },
  {
   "type": "Feature",
   "properties": {
    "source": "2015 Crowd-sourced Flooding",
    "type": "Flooded Street"
   },
   "geometry": {
    "type": "LineString",
    "coordinates": [
     [
      80.146014,
      12.969791
     ],
     [
      80.146612,
      12.968934
     ]
    ]
   }
  },
  {
   "type": "Feature",
   "properties": {
    "source": "2015 Crowd-sourced Flooding",
    "type": "Flooded Street"
   },
   "geometry": {
    "type": "LineString",
    "coordinates": [
     [
      80.171991,
      13.013202
     ],
     [
      80.172007,
      13.013573
     ],
     [
      80.172045,
      13.013944
     ],
     [
      80.172075,
      13.014465
     ]
    ]
   }
  },
  {
   "type": "Feature",
   "properties": {
    "source": "2015 Crowd-sourced Flooding",
    "type": "Flooded Street"
   },
   "geometry": {
    "type": "LineString",
    "coordinates": [
     [
      80.164698,
      13.025153
     ],
     [
      80.165428,
      13.025098
     ],
     [
      80.16583,
      13.025098
     ],
     [
      80.16616,
      13.024873
     ],
     [
      80.166925,
      13.024403
     ],
     [
      80.167407,
      13.024269
     ]
    ]
   }
  },
  {
   "type": "Feature",
   "properties": {
    "source": "2015 Crowd-sourced Flooding",
    "type": "Flooded Street"
   },
   "geometry": {
    "type": "LineString",
    "coordinates": [
     [
      80.233325,
      12.927348
     ],
     [
      80.233205,
      12.927387
     ],
     [
      80.232923,
      12.927387
     ],
     [
      80.232062,
      12.927494
     ],
     [
      80.23119,
      12.927669
     ]
    ]
   }
  },
  {
   "type": "Feature",
   "properties": {
    "source": "2015 Crowd-sourced Flooding",
    "type": "Flooded Street"
   },
   "geometry": {
    "type": "LineString",
    "coordinates": [
     [
      80.222339,
      13.06278
     ],
     [
      80.222127,
      13.062832
     ],
     [
      80.221652,
      13.062986
     ],
     [
      80.221572,
      13.062986
     ],
     [
      80.221194,
      13.063067
     ],
     [
      80.220864,
      13.063151
     ],
     [
      80.219987,
      13.063282
     ],
     [
      80.219759,
      13.063302
     ],
     [
      80.219762,
      13.062934
     ]
    ]
   }
  },
  {
   "type": "Feature",
   "properties": {
    "source": "2015 Crowd-sourced Flooding",
    "type": "Flooded Street"
   },
   "geometry": {
    "type": "LineString",
    "coordinates": [
     [
      80.251154,
      13.051926
     ],
     [
      80.250969,
      13.051984
     ],
     [
      80.250856,
      13.052057
     ],
     [
      80.250776,
      13.052143
     ],
     [
      80.250754,
      13.052391
     ],
     [
      80.250741,
      13.052715
     ],
     [
      80.250441,
      13.053277
     ],
     [
      80.250191,
      13.053729
     ]
    ]
   }
  },
  {
   "type": "Feature",
   "properties": {
    "source": "2015 Crowd-sourced Flooding",
    "type": "Flooded Street"
   },
   "geometry": {
    "type": "LineString",
    "coordinates": [
     [
      80.198931,
      12.947549
     ],
     [
      80.200098,
      12.947306
     ]
    ]
   }
  },
  {
   "type": "Feature",
   "properties": {
    "source": "2015 Crowd-sourced Flooding",
    "type": "Flooded Street"
   },
   "geometry": {
    "type": "LineString",
    "coordinates": [
     [
      80.201772,
      13.099372
     ],
     [
      80.202303,
      13.09926
     ],
     [
      80.202834,
      13.099176
     ],
     [
      80.202877,
      13.099163
     ],
     [
      80.204183,
      13.099774
     ],
     [
      80.204253,
      13.099845
     ],
     [
      80.204637,
      13.100033
     ]
    ]
   }
  },
  {
   "type": "Feature",
   "properties": {
    "source": "2015 Crowd-sourced Flooding",
    "type": "Flooded Street"
   },
   "geometry": {
    "type": "LineString",
    "coordinates": [
     [
      80.245462,
      12.981132
     ],
     [
      80.24528,
      12.979689
     ],
     [
      80.244435,
      12.979632
     ]
    ]
   }
  },
  {
   "type": "Feature",
   "properties": {
    "source": "2015 Crowd-sourced Flooding",
    "type": "Flooded Street"
   },
   "geometry": {
    "type": "LineString",
    "coordinates": [
     [
      80.24278,
      12.947267
     ],
     [
      80.242708,
      12.946833
     ]
    ]
   }
  },
  {
   "type": "Feature",
   "properties": {
    "source": "2015 Crowd-sourced Flooding",
    "type": "Flooded Street"
   },
   "geometry": {
    "type": "LineString",
    "coordinates": [
     [
      79.708999,
      12.817636
     ],
     [
      79.709858,
      12.817348
     ],
     [
      79.710051,
      12.817293
     ],
     [
      79.71,
      12.816909
     ],
     [
      79.710788,
      12.816786
     ]
    ]
   }
  },
  {
   "type": "Feature",
   "properties": {
    "source": "2015 Crowd-sourced Flooding",
    "type": "Flooded Street"
   },
   "geometry": {
    "type": "LineString",
    "coordinates": [
     [
      80.22964,
      13.086223
     ],
     [
      80.229839,
      13.086438
     ],
     [
      80.230075,
      13.086579
     ],
     [
      80.230402,
      13.086641
     ],
     [
      80.230721,
      13.086594
     ],
     [
      80.230941,
      13.086521
     ],
     [
      80.231359,
      13.086312
     ],
     [
      80.231716,
      13.086153
     ],
     [
      80.232644,
      13.085837
     ],
     [
      80.232915,
      13.085782
     ],
     [
      80.233269,
      13.085743
     ],
     [
      80.233325,
      13.085735
     ]
    ]
   }
  },
  {
   "type": "Feature",
   "properties": {
    "source": "2015 Crowd-sourced Flooding",
    "type": "Flooded Street"
   },
   "geometry": {
    "type": "LineString",
    "coordinates": [
     [
      80.203204,
      12.976229
     ],
     [
      80.203177,
      12.975813
     ]
    ]
   }
  },
  {
   "type": "Feature",
   "properties": {
    "source": "2015 Crowd-sourced Flooding",
    "type": "Flooded Street"
   },
   "geometry": {
    "type": "LineString",
    "coordinates": [
     [
      80.208555,
      13.060496
     ],
     [
      80.208641,
      13.060865
     ],
     [
      80.208767,
      13.061136
     ],
     [
      80.208955,
      13.061437
     ]
    ]
   }
  },
  {
   "type": "Feature",
   "properties": {
    "source": "2015 Crowd-sourced Flooding",
    "type": "Flooded Street"
   },
   "geometry": {
    "type": "LineString",
    "coordinates": [
     [
      80.207228,
      13.056825
     ],
     [
      80.206474,
      13.05687
     ]
    ]
   }
  },
  {
   "type": "Feature",
   "properties": {
    "source": "2015 Crowd-sourced Flooding",
    "type": "Flooded Street"
   },
   "geometry": {
    "type": "LineString",
    "coordinates": [
     [
      80.218764,
      12.970845
     ],
     [
      80.217994,
      12.970996
     ],
     [
      80.217533,
      12.97108
     ],
     [
      80.217026,
      12.971142
     ]
    ]
   }
  },
  {
   "type": "Feature",
   "properties": {
    "source": "2015 Crowd-sourced Flooding",
    "type": "Flooded Street"
   },
   "geometry": {
    "type": "LineString",
    "coordinates": [
     [
      80.248169,
      13.054173
     ],
     [
      80.249746,
      13.05451
     ]
    ]
   }
  },
  {
   "type": "Feature",
   "properties": {
    "source": "2015 Crowd-sourced Flooding",
    "type": "Flooded Street"
   },
   "geometry": {
    "type": "LineString",
    "coordinates": [
     [
      80.17432,
      13.035854
     ],
     [
      80.17389,
      13.035997
     ],
     [
      80.173405,
      13.036
     ],
     [
      80.172852,
      13.035982
     ],
     [
      80.172404,
      13.035987
     ],
     [
      80.171796,
      13.03601
     ],
     [
      80.171372,
      13.036089
     ],
     [
      80.169905,
      13.036115
     ],
     [
      80.169604,
      13.035054
     ]
    ]
   }
  },
  {
   "type": "Feature",
   "properties": {
    "source": "2015 Crowd-sourced Flooding",
    "type": "Flooded Street"
   },
   "geometry": {
    "type": "LineString",
    "coordinates": [
     [
      80.123119,
      12.91854
     ],
     [
      80.124227,
      12.917494
     ],
     [
      80.126198,
      12.917429
     ]
    ]
   }
  },
  {
   "type": "Feature",
   "properties": {
    "source": "2015 Crowd-sourced Flooding",
    "type": "Flooded Street"
   },
   "geometry": {
    "type": "LineString",
    "coordinates": [
     [
      80.158747,
      13.115433
     ],
     [
      80.159511,
      13.11531
     ],
     [
      80.159881,
      13.115234
     ]
    ]
   }
  },
  {
   "type": "Feature",
   "properties": {
    "source": "2015 Crowd-sourced Flooding",
    "type": "Flooded Street"
   },
   "geometry": {
    "type": "LineString",
    "coordinates": [
     [
      80.25694,
      12.983314
     ],
     [
      80.256897,
      12.982878
     ],
     [
      80.256846,
      12.982449
     ]
    ]
   }
  },
  {
   "type": "Feature",
   "properties": {
    "source": "2015 Crowd-sourced Flooding",
    "type": "Flooded Street"
   },
   "geometry": {
    "type": "LineString",
    "coordinates": [
     [
      80.152122,
      13.028025
     ],
     [
      80.151928,
      13.02659
     ],
     [
      80.151786,
      13.025798
     ]
    ]
   }
  },
  {
   "type": "Feature",
   "properties": {
    "source": "2015 Crowd-sourced Flooding",
    "type": "Flooded Street"
   },
   "geometry": {
    "type": "LineString",
    "coordinates": [
     [
      80.244312,
      13.019958
     ],
     [
      80.244202,
      13.019947
     ],
     [
      80.243939,
      13.019918
     ],
     [
      80.242888,
      13.019845
     ],
     [
      80.242761,
      13.019877
     ]
    ]
   }
  },
  {
   "type": "Feature",
   "properties": {
    "source": "2015 Crowd-sourced Flooding",
    "type": "Flooded Street"
   },
   "geometry": {
    "type": "LineString",
    "coordinates": [
     [
      80.152044,
      12.99558
     ],
     [
      80.152162,
      12.995878
     ],
     [
      80.152213,
      12.996069
     ],
     [
      80.152207,
      12.996267
     ],
     [
      80.15228,
      12.996652
     ],
     [
      80.152425,
      12.996722
     ],
     [
      80.15243,
      12.996897
     ]
    ]
   }
  },
  {
   "type": "Feature",
   "properties": {
    "source": "2015 Crowd-sourced Flooding",
    "type": "Flooded Street"
   },
   "geometry": {
    "type": "LineString",
    "coordinates": [
     [
      80.142077,
      12.944669
     ],
     [
      80.14249,
      12.945793
     ],
     [
      80.142935,
      12.945654
     ]
    ]
   }
  },
  {
   "type": "Feature",
   "properties": {
    "source": "2015 Crowd-sourced Flooding",
    "type": "Flooded Street"
   },
   "geometry": {
    "type": "LineString",
    "coordinates": [
     [
      80.145435,
      13.022775
     ],
     [
      80.144783,
      13.022999
     ],
     [
      80.144869,
      13.023637
     ],
     [
      80.142694,
      13.023731
     ]
    ]
   }
  },
  {
   "type": "Feature",
   "properties": {
    "source": "2015 Crowd-sourced Flooding",
    "type": "Flooded Street"
   },
   "geometry": {
    "type": "LineString",
    "coordinates": [
     [
      80.079174,
      12.945095
     ],
     [
      80.079436,
      12.94521
     ],
     [
      80.079927,
      12.946381
     ],
     [
      80.080209,
      12.947803
     ],
     [
      80.080606,
      12.948849
     ],
     [
      80.08144,
      12.951196
     ]
    ]
   }
  },
  {
   "type": "Feature",
   "properties": {
    "source": "2015 Crowd-sourced Flooding",
    "type": "Flooded Street"
   },
   "geometry": {
    "type": "LineString",
    "coordinates": [
     [
      80.253206,
      13.126814
     ],
     [
      80.252876,
      13.12655
     ],
     [
      80.25231,
      13.126117
     ]
    ]
   }
  },
  {
   "type": "Feature",
   "properties": {
    "source": "2015 Crowd-sourced Flooding",
    "type": "Flooded Street"
   },
   "geometry": {
    "type": "LineString",
    "coordinates": [
     [
      80.239358,
      12.963949
     ],
     [
      80.23972,
      12.963589
     ],
     [
      80.239653,
      12.963476
     ],
     [
      80.239414,
      12.963293
     ],
     [
      80.23876,
      12.962932
     ],
     [
      80.238776,
      12.962768
     ],
     [
      80.23877,
      12.962574
     ],
     [
      80.237115,
      12.962598
     ]
    ]
   }
  },
  {
   "type": "Feature",
   "properties": {
    "source": "2015 Crowd-sourced Flooding",
    "type": "Flooded Street"
   },
   "geometry": {
    "type": "LineString",
    "coordinates": [
     [
      80.135757,
      13.047489
     ],
     [
      80.135693,
      13.047092
     ],
     [
      80.135618,
      13.046685
     ],
     [
      80.135575,
      13.046314
     ],
     [
      80.1355,
      13.04589
     ],
     [
      80.135382,
      13.045023
     ]
    ]
   }
  },
  {
   "type": "Feature",
   "properties": {
    "source": "2015 Crowd-sourced Flooding",
    "type": "Flooded Street"
   },
   "geometry": {
    "type": "LineString",
    "coordinates": [
     [
      80.211581,
      13.061058
     ],
     [
      80.211592,
      13.061327
     ]
    ]
   }
  },
  {
   "type": "Feature",
   "properties": {
    "source": "2015 Crowd-sourced Flooding",
    "type": "Flooded Street"
   },
   "geometry": {
    "type": "LineString",
    "coordinates": [
     [
      80.233897,
      13.083506
     ],
     [
      80.233615,
      13.081944
     ]
    ]
   }
  },
  {
   "type": "Feature",
   "properties": {
    "source": "2015 Crowd-sourced Flooding",
    "type": "Flooded Street"
   },
   "geometry": {
    "type": "LineString",
    "coordinates": [
     [
      80.197765,
      13.070893
     ],
     [
      80.197542,
      13.070856
     ],
     [
      80.196923,
      13.070919
     ],
     [
      80.196064,
      13.071049
     ],
     [
      80.195753,
      13.071122
     ]
    ]
   }
  },
  {
   "type": "Feature",
   "properties": {
    "source": "2015 Crowd-sourced Flooding",
    "type": "Flooded Street"
   },
   "geometry": {
    "type": "LineString",
    "coordinates": [
     [
      80.138472,
      12.844105
     ],
     [
      80.137136,
      12.84223
     ],
     [
      80.136085,
      12.840796
     ],
     [
      80.135057,
      12.840532
     ],
     [
      80.134105,
      12.839227
     ]
    ]
   }
  },
  {
   "type": "Feature",
   "properties": {
    "source": "2015 Crowd-sourced Flooding",
    "type": "Flooded Street"
   },
   "geometry": {
    "type": "LineString",
    "coordinates": [
     [
      80.266284,
      13.053682
     ],
     [
      80.266132,
      13.053706
     ],
     [
      80.265676,
      13.053737
     ]
    ]
   }
  },
  {
   "type": "Feature",
   "properties": {
    "source": "2015 Crowd-sourced Flooding",
    "type": "Flooded Street"
   },
   "geometry": {
    "type": "LineString",
    "coordinates": [
     [
      80.256127,
      12.984268
     ],
     [
      80.257082,
      12.984167
     ]
    ]
   }
  },
  {
   "type": "Feature",
   "properties": {
    "source": "2015 Crowd-sourced Flooding",
    "type": "Flooded Street"
   },
   "geometry": {
    "type": "LineString",
    "coordinates": [
     [
      80.241125,
      12.93073
     ],
     [
      80.241281,
      12.931326
     ]
    ]
   }
  },
  {
   "type": "Feature",
   "properties": {
    "source": "2015 Crowd-sourced Flooding",
    "type": "Flooded Street"
   },
   "geometry": {
    "type": "LineString",
    "coordinates": [
     [
      80.044723,
      12.824451
     ],
     [
      80.044806,
      12.823047
     ]
    ]
   }
  },
  {
   "type": "Feature",
   "properties": {
    "source": "2015 Crowd-sourced Flooding",
    "type": "Flooded Street"
   },
   "geometry": {
    "type": "LineString",
    "coordinates": [
     [
      80.204097,
      12.927209
     ],
     [
      80.204564,
      12.927196
     ],
     [
      80.205055,
      12.927165
     ],
     [
      80.205672,
      12.927094
     ]
    ]
   }
  },
  {
   "type": "Feature",
   "properties": {
    "source": "2015 Crowd-sourced Flooding",
    "type": "Flooded Street"
   },
   "geometry": {
    "type": "LineString",
    "coordinates": [
     [
      80.290786,
      13.090012
     ],
     [
      80.290945,
      13.090524
     ],
     [
      80.291495,
      13.092154
     ],
     [
      80.291967,
      13.093612
     ],
     [
      80.292943,
      13.096488
     ],
     [
      80.293278,
      13.097536
     ],
     [
      80.293477,
      13.098074
     ],
     [
      80.293659,
      13.098601
     ],
     [
      80.293973,
      13.099644
     ],
     [
      80.294193,
      13.10066
     ],
     [
      80.294284,
      13.101047
     ]
    ]
   }
  },
  {
   "type": "Feature",
   "properties": {
    "source": "2015 Crowd-sourced Flooding",
    "type": "Flooded Street"
   },
   "geometry": {
    "type": "LineString",
    "coordinates": [
     [
      80.235474,
      12.935117
     ],
     [
      80.234455,
      12.93553
     ],
     [
      80.233843,
      12.935773
     ]
    ]
   }
  },
  {
   "type": "Feature",
   "properties": {
    "source": "2015 Crowd-sourced Flooding",
    "type": "Flooded Street"
   },
   "geometry": {
    "type": "LineString",
    "coordinates": [
     [
      80.172936,
      12.938923
     ],
     [
      80.173118,
      12.938737
     ],
     [
      80.173625,
      12.938808
     ],
     [
      80.174183,
      12.938656
     ],
     [
      80.174574,
      12.938575
     ],
     [
      80.175465,
      12.93846
     ],
     [
      80.175505,
      12.938897
     ]
    ]
   }
  },
  {
   "type": "Feature",
   "properties": {
    "source": "2015 Crowd-sourced Flooding",
    "type": "Flooded Street"
   },
   "geometry": {
    "type": "LineString",
    "coordinates": [
     [
      80.255167,
      12.990797
     ],
     [
      80.255183,
      12.991769
     ],
     [
      80.255242,
      12.993157
     ],
     [
      80.255247,
      12.993826
     ],
     [
      80.254955,
      12.993818
     ]
    ]
   }
  },
  {
   "type": "Feature",
   "properties": {
    "source": "2015 Crowd-sourced Flooding",
    "type": "Flooded Street"
   },
   "geometry": {
    "type": "LineString",
    "coordinates": [
     [
      80.219193,
      12.896121
     ],
     [
      80.222339,
      12.894973
     ]
    ]
   }
  },
  {
   "type": "Feature",
   "properties": {
    "source": "2015 Crowd-sourced Flooding",
    "type": "Flooded Street"
   },
   "geometry": {
    "type": "LineString",
    "coordinates": [
     [
      80.20336,
      13.104579
     ],
     [
      80.203341,
      13.104735
     ],
     [
      80.203328,
      13.104795
     ],
     [
      80.203202,
      13.104923
     ],
     [
      80.203124,
      13.104908
     ],
     [
      80.202437,
      13.104853
     ]
    ]
   }
  },
  {
   "type": "Feature",
   "properties": {
    "source": "2015 Crowd-sourced Flooding",
    "type": "Flooded Street"
   },
   "geometry": {
    "type": "LineString",
    "coordinates": [
     [
      80.203869,
      13.036886
     ],
     [
      80.202188,
      13.037137
     ]
    ]
   }
  },
  {
   "type": "Feature",
   "properties": {
    "source": "2015 Crowd-sourced Flooding",
    "type": "Flooded Street"
   },
   "geometry": {
    "type": "LineString",
    "coordinates": [
     [
      80.203271,
      13.028882
     ],
     [
      80.203454,
      13.029671
     ],
     [
      80.203505,
      13.029875
     ]
    ]
   }
  },
  {
   "type": "Feature",
   "properties": {
    "source": "2015 Crowd-sourced Flooding",
    "type": "Flooded Street"
   },
   "geometry": {
    "type": "LineString",
    "coordinates": [
     [
      80.272515,
      13.042266
     ],
     [
      80.272569,
      13.04258
     ],
     [
      80.273266,
      13.042438
     ]
    ]
   }
  },
  {
   "type": "Feature",
   "properties": {
    "source": "2015 Crowd-sourced Flooding",
    "type": "Flooded Street"
   },
   "geometry": {
    "type": "LineString",
    "coordinates": [
     [
      80.273237,
      13.059723
     ],
     [
      80.273213,
      13.05949
     ],
     [
      80.273154,
      13.059064
     ]
    ]
   }
  },
  {
   "type": "Feature",
   "properties": {
    "source": "2015 Crowd-sourced Flooding",
    "type": "Flooded Street"
   },
   "geometry": {
    "type": "LineString",
    "coordinates": [
     [
      80.186827,
      13.031654
     ],
     [
      80.186794,
      13.031202
     ],
     [
      80.18676,
      13.030826
     ],
     [
      80.186685,
      13.029911
     ]
    ]
   }
  },
  {
   "type": "Feature",
   "properties": {
    "source": "2015 Crowd-sourced Flooding",
    "type": "Flooded Street"
   },
   "geometry": {
    "type": "LineString",
    "coordinates": [
     [
      80.207351,
      12.968563
     ],
     [
      80.20914,
      12.968354
     ]
    ]
   }
  },
  {
   "type": "Feature",
   "properties": {
    "source": "2015 Crowd-sourced Flooding",
    "type": "Flooded Street"
   },
   "geometry": {
    "type": "LineString",
    "coordinates": [
     [
      80.222787,
      13.056959
     ],
     [
      80.224147,
      13.056904
     ],
     [
      80.225024,
      13.056857
     ],
     [
      80.226161,
      13.056844
     ]
    ]
   }
  },
  {
   "type": "Feature",
   "properties": {
    "source": "2015 Crowd-sourced Flooding",
    "type": "Flooded Street"
   },
   "geometry": {
    "type": "LineString",
    "coordinates": [
     [
      80.247302,
      12.942638
     ],
     [
      80.247549,
      12.942601
     ],
     [
      80.247584,
      12.942661
     ],
     [
      80.247691,
      12.942635
     ],
     [
      80.247646,
      12.942455
     ]
    ]
   }
  },
  {
   "type": "Feature",
   "properties": {
    "source": "2015 Crowd-sourced Flooding",
    "type": "Flooded Street"
   },
   "geometry": {
    "type": "LineString",
    "coordinates": [
     [
      80.198521,
      13.032752
     ],
     [
      80.197652,
      13.032859
     ]
    ]
   }
  },
  {
   "type": "Feature",
   "properties": {
    "source": "2015 Crowd-sourced Flooding",
    "type": "Flooded Street"
   },
   "geometry": {
    "type": "LineString",
    "coordinates": [
     [
      80.147733,
      13.107144
     ],
     [
      80.148283,
      13.10711
     ]
    ]
   }
  },
  {
   "type": "Feature",
   "properties": {
    "source": "2015 Crowd-sourced Flooding",
    "type": "Flooded Street"
   },
   "geometry": {
    "type": "LineString",
    "coordinates": [
     [
      80.080788,
      12.911745
     ],
     [
      80.081845,
      12.911654
     ]
    ]
   }
  },
  {
   "type": "Feature",
   "properties": {
    "source": "2015 Crowd-sourced Flooding",
    "type": "Flooded Street"
   },
   "geometry": {
    "type": "LineString",
    "coordinates": [
     [
      80.216103,
      13.066359
     ],
     [
      80.21584,
      13.065372
     ],
     [
      80.215837,
      13.063995
     ]
    ]
   }
  },
  {
   "type": "Feature",
   "properties": {
    "source": "2015 Crowd-sourced Flooding",
    "type": "Flooded Street"
   },
   "geometry": {
    "type": "LineString",
    "coordinates": [
     [
      80.174397,
      13.075642
     ],
     [
      80.173949,
      13.074968
     ]
    ]
   }
  },
  {
   "type": "Feature",
   "properties": {
    "source": "2015 Crowd-sourced Flooding",
    "type": "Flooded Street"
   },
   "geometry": {
    "type": "LineString",
    "coordinates": [
     [
      80.133531,
      12.970019
     ],
     [
      80.134011,
      12.969901
     ],
     [
      80.13436,
      12.969789
     ],
     [
      80.134449,
      12.969755
     ]
    ]
   }
  },
  {
   "type": "Feature",
   "properties": {
    "source": "2015 Crowd-sourced Flooding",
    "type": "Flooded Street"
   },
   "geometry": {
    "type": "LineString",
    "coordinates": [
     [
      80.040459,
      13.117384
     ],
     [
      80.041429,
      13.117381
     ],
     [
      80.042768,
      13.117264
     ]
    ]
   }
  },
  {
   "type": "Feature",
   "properties": {
    "source": "2015 Crowd-sourced Flooding",
    "type": "Flooded Street"
   },
   "geometry": {
    "type": "LineString",
    "coordinates": [
     [
      80.247678,
      13.097206
     ],
     [
      80.247597,
      13.097893
     ],
     [
      80.247243,
      13.098999
     ],
     [
      80.247241,
      13.099116
     ],
     [
      80.247367,
      13.100062
     ],
     [
      80.247251,
      13.101047
     ]
    ]
   }
  },
  {
   "type": "Feature",
   "properties": {
    "source": "2015 Crowd-sourced Flooding",
    "type": "Flooded Street"
   },
   "geometry": {
    "type": "LineString",
    "coordinates": [
     [
      80.277866,
      13.083809
     ],
     [
      80.277898,
      13.084079
     ]
    ]
   }
  },
  {
   "type": "Feature",
   "properties": {
    "source": "2015 Crowd-sourced Flooding",
    "type": "Flooded Street"
   },
   "geometry": {
    "type": "LineString",
    "coordinates": [
     [
      80.215293,
      13.073448
     ],
     [
      80.215491,
      13.074247
     ]
    ]
   }
  },
  {
   "type": "Feature",
   "properties": {
    "source": "2015 Crowd-sourced Flooding",
    "type": "Flooded Street"
   },
   "geometry": {
    "type": "LineString",
    "coordinates": [
     [
      80.203057,
      13.027319
     ],
     [
      80.203019,
      13.026974
     ],
     [
      80.202963,
      13.026527
     ]
    ]
   }
  },
  {
   "type": "Feature",
   "properties": {
    "source": "2015 Crowd-sourced Flooding",
    "type": "Flooded Street"
   },
   "geometry": {
    "type": "LineString",
    "coordinates": [
     [
      80.261127,
      12.96885
     ],
     [
      80.261014,
      12.968121
     ]
    ]
   }
  },
  {
   "type": "Feature",
   "properties": {
    "source": "2015 Crowd-sourced Flooding",
    "type": "Flooded Street"
   },
   "geometry": {
    "type": "LineString",
    "coordinates": [
     [
      80.234205,
      12.944904
     ],
     [
      80.234286,
      12.945254
     ],
     [
      80.234516,
      12.94619
     ],
     [
      80.235643,
      12.9459
     ],
     [
      80.235737,
      12.946261
     ],
     [
      80.234624,
      12.946593
     ],
     [
      80.234747,
      12.947003
     ]
    ]
   }
  },
  {
   "type": "Feature",
   "properties": {
    "source": "2015 Crowd-sourced Flooding",
    "type": "Flooded Street"
   },
   "geometry": {
    "type": "LineString",
    "coordinates": [
     [
      80.209459,
      13.064711
     ],
     [
      80.211012,
      13.063992
     ],
     [
      80.211353,
      13.063841
     ]
    ]
   }
  },
  {
   "type": "Feature",
   "properties": {
    "source": "2015 Crowd-sourced Flooding",
    "type": "Flooded Street"
   },
   "geometry": {
    "type": "LineString",
    "coordinates": [
     [
      80.203725,
      13.057343
     ],
     [
      80.203751,
      13.058241
     ]
    ]
   }
  },
  {
   "type": "Feature",
   "properties": {
    "source": "2015 Crowd-sourced Flooding",
    "type": "Flooded Street"
   },
   "geometry": {
    "type": "LineString",
    "coordinates": [
     [
      80.172801,
      13.000274
     ],
     [
      80.174515,
      12.999432
     ]
    ]
   }
  },
  {
   "type": "Feature",
   "properties": {
    "source": "2015 Crowd-sourced Flooding",
    "type": "Flooded Street"
   },
   "geometry": {
    "type": "LineString",
    "coordinates": [
     [
      80.265812,
      13.071457
     ],
     [
      80.26552,
      13.071478
     ],
     [
      80.265512,
      13.071316
     ],
     [
      80.264922,
      13.071331
     ]
    ]
   }
  },
  {
   "type": "Feature",
   "properties": {
    "source": "2015 Crowd-sourced Flooding",
    "type": "Flooded Street"
   },
   "geometry": {
    "type": "LineString",
    "coordinates": [
     [
      80.174902,
      13.090012
     ],
     [
      80.174963,
      13.091206
     ],
     [
      80.175138,
      13.094471
     ],
     [
      80.175323,
      13.097588
     ]
    ]
   }
  },
  {
   "type": "Feature",
   "properties": {
    "source": "2015 Crowd-sourced Flooding",
    "type": "Flooded Street"
   },
   "geometry": {
    "type": "LineString",
    "coordinates": [
     [
      80.254955,
      12.997543
     ],
     [
      80.255293,
      12.997582
     ],
     [
      80.255285,
      12.998165
     ],
     [
      80.255293,
      12.998789
     ],
     [
      80.25532,
      12.999492
     ],
     [
      80.255325,
      13.000182
     ]
    ]
   }
  },
  {
   "type": "Feature",
   "properties": {
    "source": "2015 Crowd-sourced Flooding",
    "type": "Flooded Street"
   },
   "geometry": {
    "type": "LineString",
    "coordinates": [
     [
      80.212678,
      13.062655
     ],
     [
      80.214671,
      13.061988
     ]
    ]
   }
  },
  {
   "type": "Feature",
   "properties": {
    "source": "2015 Crowd-sourced Flooding",
    "type": "Flooded Street"
   },
   "geometry": {
    "type": "LineString",
    "coordinates": [
     [
      80.224986,
      13.04056
     ],
     [
      80.22471,
      13.039878
     ],
     [
      80.224466,
      13.039162
     ]
    ]
   }
  },
  {
   "type": "Feature",
   "properties": {
    "source": "2015 Crowd-sourced Flooding",
    "type": "Flooded Street"
   },
   "geometry": {
    "type": "LineString",
    "coordinates": [
     [
      80.167407,
      13.063676
     ],
     [
      80.167303,
      13.063637
     ],
     [
      80.166906,
      13.063535
     ],
     [
      80.165978,
      13.063182
     ],
     [
      80.164672,
      13.062989
     ],
     [
      80.163982,
      13.062905
     ],
     [
      80.163341,
      13.062843
     ],
     [
      80.163266,
      13.062843
     ],
     [
      80.163011,
      13.062712
     ]
    ]
   }
  },
  {
   "type": "Feature",
   "properties": {
    "source": "2015 Crowd-sourced Flooding",
    "type": "Flooded Street"
   },
   "geometry": {
    "type": "LineString",
    "coordinates": [
     [
      80.148648,
      13.105668
     ],
     [
      80.148715,
      13.105689
     ],
     [
      80.148857,
      13.105671
     ],
     [
      80.149488,
      13.105566
     ],
     [
      80.149595,
      13.105566
     ],
     [
      80.149839,
      13.105548
     ],
     [
      80.150062,
      13.105563
     ],
     [
      80.150257,
      13.105556
     ],
     [
      80.150357,
      13.105543
     ]
    ]
   }
  },
  {
   "type": "Feature",
   "properties": {
    "source": "2015 Crowd-sourced Flooding",
    "type": "Flooded Street"
   },
   "geometry": {
    "type": "LineString",
    "coordinates": [
     [
      80.075555,
      12.849159
     ],
     [
      80.074625,
      12.84951
     ],
     [
      80.073849,
      12.849871
     ],
     [
      80.073039,
      12.850258
     ],
     [
      80.072076,
      12.850731
     ],
     [
      80.071084,
      12.851288
     ],
     [
      80.070759,
      12.851466
     ],
     [
      80.068769,
      12.851877
     ],
     [
      80.068187,
      12.851986
     ]
    ]
   }
  },
  {
   "type": "Feature",
   "properties": {
    "source": "2015 Crowd-sourced Flooding",
    "type": "Flooded Street"
   },
   "geometry": {
    "type": "LineString",
    "coordinates": [
     [
      80.255545,
      13.086022
     ],
     [
      80.255435,
      13.086419
     ],
     [
      80.255336,
      13.086702
     ],
     [
      80.25522,
      13.08714
     ],
     [
      80.254955,
      13.088073
     ]
    ]
   }
  },
  {
   "type": "Feature",
   "properties": {
    "source": "2015 Crowd-sourced Flooding",
    "type": "Flooded Street"
   },
   "geometry": {
    "type": "LineString",
    "coordinates": [
     [
      80.249314,
      13.022675
     ],
     [
      80.249824,
      13.023689
     ],
     [
      80.24999,
      13.023849
     ],
     [
      80.250124,
      13.024128
     ],
     [
      80.250596,
      13.025312
     ],
     [
      80.250679,
      13.025542
     ],
     [
      80.250902,
      13.026133
     ]
    ]
   }
  },
  {
   "type": "Feature",
   "properties": {
    "source": "2015 Crowd-sourced Flooding",
    "type": "Flooded Street"
   },
   "geometry": {
    "type": "LineString",
    "coordinates": [
     [
      80.183136,
      13.111747
     ],
     [
      80.183313,
      13.111248
     ],
     [
      80.18323,
      13.110046
     ]
    ]
   }
  },
  {
   "type": "Feature",
   "properties": {
    "source": "2015 Crowd-sourced Flooding",
    "type": "Flooded Street"
   },
   "geometry": {
    "type": "LineString",
    "coordinates": [
     [
      80.253568,
      13.041422
     ],
     [
      80.253769,
      13.041412
     ],
     [
      80.254829,
      13.04143
     ],
     [
      80.254869,
      13.041385
     ],
     [
      80.254861,
      13.041137
     ]
    ]
   }
  },
  {
   "type": "Feature",
   "properties": {
    "source": "2015 Crowd-sourced Flooding",
    "type": "Flooded Street"
   },
   "geometry": {
    "type": "LineString",
    "coordinates": [
     [
      80.266284,
      13.064564
     ],
     [
      80.266215,
      13.064504
     ],
     [
      80.265477,
      13.063914
     ],
     [
      80.264892,
      13.063407
     ],
     [
      80.263884,
      13.062581
     ],
     [
      80.263428,
      13.062202
     ],
     [
      80.263254,
      13.062169
     ]
    ]
   }
  },
  {
   "type": "Feature",
   "properties": {
    "source": "2015 Crowd-sourced Flooding",
    "type": "Flooded Street"
   },
   "geometry": {
    "type": "LineString",
    "coordinates": [
     [
      80.124878,
      13.109477
     ],
     [
      80.126077,
      13.110762
     ],
     [
      80.126029,
      13.111747
     ]
    ]
   }
  },
  {
   "type": "Feature",
   "properties": {
    "source": "2015 Crowd-sourced Flooding",
    "type": "Flooded Street"
   },
   "geometry": {
    "type": "LineString",
    "coordinates": [
     [
      80.129602,
      12.934035
     ],
     [
      80.129902,
      12.93329
     ],
     [
      80.129967,
      12.932584
     ],
     [
      80.129891,
      12.9313
     ],
     [
      80.129854,
      12.930566
     ],
     [
      80.129849,
      12.930262
     ],
     [
      80.129867,
      12.930043
     ],
     [
      80.129859,
      12.929985
     ],
     [
      80.129843,
      12.929768
     ],
     [
      80.129908,
      12.929447
     ]
    ]
   }
  },
  {
   "type": "Feature",
   "properties": {
    "source": "2015 Crowd-sourced Flooding",
    "type": "Flooded Street"
   },
   "geometry": {
    "type": "LineString",
    "coordinates": [
     [
      80.222468,
      13.059156
     ],
     [
      80.223334,
      13.058926
     ],
     [
      80.223664,
      13.058957
     ],
     [
      80.224013,
      13.058955
     ]
    ]
   }
  },
  {
   "type": "Feature",
   "properties": {
    "source": "2015 Crowd-sourced Flooding",
    "type": "Flooded Street"
   },
   "geometry": {
    "type": "LineString",
    "coordinates": [
     [
      80.190051,
      13.032958
     ],
     [
      80.190002,
      13.032114
     ]
    ]
   }
  },
  {
   "type": "Feature",
   "properties": {
    "source": "2015 Crowd-sourced Flooding",
    "type": "Flooded Street"
   },
   "geometry": {
    "type": "LineString",
    "coordinates": [
     [
      80.165613,
      13.047035
     ],
     [
      80.167407,
      13.04669
     ]
    ]
   }
  },
  {
   "type": "Feature",
   "properties": {
    "source": "2015 Crowd-sourced Flooding",
    "type": "Flooded Street"
   },
   "geometry": {
    "type": "LineString",
    "coordinates": [
     [
      80.255108,
      13.031599
     ],
     [
      80.255717,
      13.031568
     ],
     [
      80.256771,
      13.031492
     ],
     [
      80.257795,
      13.031437
     ],
     [
      80.258871,
      13.031372
     ],
     [
      80.258957,
      13.031375
     ],
     [
      80.260223,
      13.031296
     ]
    ]
   }
  },
  {
   "type": "Feature",
   "properties": {
    "source": "2015 Crowd-sourced Flooding",
    "type": "Flooded Street"
   },
   "geometry": {
    "type": "LineString",
    "coordinates": [
     [
      80.261652,
      13.002333
     ],
     [
      80.262194,
      13.002354
     ],
     [
      80.26258,
      13.002344
     ]
    ]
   }
  },
  {
   "type": "Feature",
   "properties": {
    "source": "2015 Crowd-sourced Flooding",
    "type": "Flooded Street"
   },
   "geometry": {
    "type": "LineString",
    "coordinates": [
     [
      80.192314,
      13.016255
     ],
     [
      80.192336,
      13.017276
     ],
     [
      80.192373,
      13.017864
     ],
     [
      80.192371,
      13.018181
     ]
    ]
   }
  },
  {
   "type": "Feature",
   "properties": {
    "source": "2015 Crowd-sourced Flooding",
    "type": "Flooded Street"
   },
   "geometry": {
    "type": "LineString",
    "coordinates": [
     [
      80.212444,
      13.036836
     ],
     [
      80.212447,
      13.036664
     ],
     [
      80.212396,
      13.035185
     ],
     [
      80.212294,
      13.034782
     ],
     [
      80.212182,
      13.034458
     ]
    ]
   }
  },
  {
   "type": "Feature",
   "properties": {
    "source": "2015 Crowd-sourced Flooding",
    "type": "Flooded Street"
   },
   "geometry": {
    "type": "LineString",
    "coordinates": [
     [
      80.232982,
      13.062775
     ],
     [
      80.235117,
      13.062801
     ]
    ]
   }
  },
  {
   "type": "Feature",
   "properties": {
    "source": "2015 Crowd-sourced Flooding",
    "type": "Flooded Street"
   },
   "geometry": {
    "type": "LineString",
    "coordinates": [
     [
      80.214824,
      13.019958
     ],
     [
      80.214368,
      13.020091
     ]
    ]
   }
  },
  {
   "type": "Feature",
   "properties": {
    "source": "2015 Crowd-sourced Flooding",
    "type": "Flooded Street"
   },
   "geometry": {
    "type": "LineString",
    "coordinates": [
     [
      80.227041,
      12.982259
     ],
     [
      80.228031,
      12.982175
     ],
     [
      80.229426,
      12.982034
     ]
    ]
   }
  },
  {
   "type": "Feature",
   "properties": {
    "source": "2015 Crowd-sourced Flooding",
    "type": "Flooded Street"
   },
   "geometry": {
    "type": "LineString",
    "coordinates": [
     [
      80.208531,
      13.028728
     ],
     [
      80.206707,
      13.02919
     ],
     [
      80.206045,
      13.029349
     ],
     [
      80.204991,
      13.029574
     ],
     [
      80.204095,
      13.029749
     ],
     [
      80.203505,
      13.029875
     ]
    ]
   }
  },
  {
   "type": "Feature",
   "properties": {
    "source": "2015 Crowd-sourced Flooding",
    "type": "Flooded Street"
   },
   "geometry": {
    "type": "LineString",
    "coordinates": [
     [
      80.073643,
      12.867762
     ],
     [
      80.073573,
      12.866423
     ]
    ]
   }
  },
  {
   "type": "Feature",
   "properties": {
    "source": "2015 Crowd-sourced Flooding",
    "type": "Flooded Street"
   },
   "geometry": {
    "type": "LineString",
    "coordinates": [
     [
      80.266284,
      13.073223
     ],
     [
      80.266258,
      13.07327
     ],
     [
      80.266153,
      13.073375
     ],
     [
      80.266027,
      13.073487
     ],
     [
      80.265968,
      13.073581
     ],
     [
      80.265896,
      13.073714
     ],
     [
      80.265783,
      13.073845
     ],
     [
      80.265662,
      13.074101
     ],
     [
      80.265619,
      13.074205
     ],
     [
      80.265609,
      13.074297
     ],
     [
      80.265606,
      13.07442
     ],
     [
      80.265512,
      13.074623
     ],
     [
      80.265501,
      13.074697
     ],
     [
      80.265504,
      13.074846
     ],
     [
      80.265442,
      13.075065
     ],
     [
      80.265437,
      13.075162
     ],
     [
      80.265464,
      13.075345
     ],
     [
      80.265429,
      13.075527
     ],
     [
      80.265421,
      13.075661
     ]
    ]
   }
  },
  {
   "type": "Feature",
   "properties": {
    "source": "2015 Crowd-sourced Flooding",
    "type": "Flooded Street"
   },
   "geometry": {
    "type": "LineString",
    "coordinates": [
     [
      80.174907,
      13.039974
     ],
     [
      80.174641,
      13.040662
     ]
    ]
   }
  },
  {
   "type": "Feature",
   "properties": {
    "source": "2015 Crowd-sourced Flooding",
    "type": "Flooded Street"
   },
   "geometry": {
    "type": "LineString",
    "coordinates": [
     [
      79.976134,
      12.699673
     ],
     [
      79.973065,
      12.700092
     ],
     [
      79.972977,
      12.699671
     ],
     [
      79.972738,
      12.698203
     ],
     [
      79.972829,
      12.697891
     ],
     [
      79.972695,
      12.697195
     ]
    ]
   }
  },
  {
   "type": "Feature",
   "properties": {
    "source": "2015 Crowd-sourced Flooding",
    "type": "Flooded Street"
   },
   "geometry": {
    "type": "LineString",
    "coordinates": [
     [
      80.26589,
      12.997616
     ],
     [
      80.265676,
      12.995907
     ]
    ]
   }
  },
  {
   "type": "Feature",
   "properties": {
    "source": "2015 Crowd-sourced Flooding",
    "type": "Flooded Street"
   },
   "geometry": {
    "type": "LineString",
    "coordinates": [
     [
      80.222774,
      13.021073
     ],
     [
      80.222143,
      13.020723
     ]
    ]
   }
  },
  {
   "type": "Feature",
   "properties": {
    "source": "2015 Crowd-sourced Flooding",
    "type": "Flooded Street"
   },
   "geometry": {
    "type": "LineString",
    "coordinates": [
     [
      80.261757,
      13.122305
     ],
     [
      80.25985,
      13.122339
     ]
    ]
   }
  },
  {
   "type": "Feature",
   "properties": {
    "source": "2015 Crowd-sourced Flooding",
    "type": "Flooded Street"
   },
   "geometry": {
    "type": "LineString",
    "coordinates": [
     [
      80.254955,
      13.126085
     ],
     [
      80.255577,
      13.1262
     ],
     [
      80.257377,
      13.126514
     ],
     [
      80.257272,
      13.126989
     ],
     [
      80.258013,
      13.12707
     ],
     [
      80.259067,
      13.127237
     ]
    ]
   }
  },
  {
   "type": "Feature",
   "properties": {
    "source": "2015 Crowd-sourced Flooding",
    "type": "Flooded Street"
   },
   "geometry": {
    "type": "LineString",
    "coordinates": [
     [
      80.262862,
      13.017744
     ],
     [
      80.262851,
      13.017248
     ],
     [
      80.262612,
      13.016864
     ],
     [
      80.262559,
      13.016675
     ],
     [
      80.262562,
      13.016283
     ],
     [
      80.262674,
      13.016166
     ],
     [
      80.262771,
      13.016127
     ],
     [
      80.262921,
      13.0161
     ],
     [
      80.263009,
      13.016127
     ]
    ]
   }
  },
  {
   "type": "Feature",
   "properties": {
    "source": "2015 Crowd-sourced Flooding",
    "type": "Flooded Street"
   },
   "geometry": {
    "type": "LineString",
    "coordinates": [
     [
      80.254365,
      13.006617
     ],
     [
      80.25441,
      13.006734
     ],
     [
      80.254445,
      13.007618
     ],
     [
      80.254496,
      13.008524
     ],
     [
      80.254542,
      13.009494
     ]
    ]
   }
  },
  {
   "type": "Feature",
   "properties": {
    "source": "2015 Crowd-sourced Flooding",
    "type": "Flooded Street"
   },
   "geometry": {
    "type": "LineString",
    "coordinates": [
     [
      80.091493,
      13.10299
     ],
     [
      80.091761,
      13.103617
     ],
     [
      80.09267,
      13.103207
     ],
     [
      80.093684,
      13.105339
     ],
     [
      80.094189,
      13.106979
     ],
     [
      80.094567,
      13.108254
     ],
     [
      80.095095,
      13.1092
     ],
     [
      80.095597,
      13.111747
     ]
    ]
   }
  },
  {
   "type": "Feature",
   "properties": {
    "source": "2015 Crowd-sourced Flooding",
    "type": "Flooded Street"
   },
   "geometry": {
    "type": "LineString",
    "coordinates": [
     [
      80.171179,
      13.038655
     ],
     [
      80.171554,
      13.038678
     ],
     [
      80.171798,
      13.038843
     ],
     [
      80.172066,
      13.038838
     ],
     [
      80.172168,
      13.038825
     ],
     [
      80.172402,
      13.038825
     ],
     [
      80.172721,
      13.038856
     ]
    ]
   }
  },
  {
   "type": "Feature",
   "properties": {
    "source": "2015 Crowd-sourced Flooding",
    "type": "Flooded Street"
   },
   "geometry": {
    "type": "LineString",
    "coordinates": [
     [
      80.245739,
      13.017373
     ],
     [
      80.244824,
      13.017773
     ]
    ]
   }
  },
  {
   "type": "Feature",
   "properties": {
    "source": "2015 Crowd-sourced Flooding",
    "type": "Flooded Street"
   },
   "geometry": {
    "type": "LineString",
    "coordinates": [
     [
      80.097761,
      12.90803
     ],
     [
      80.097807,
      12.90809
     ],
     [
      80.098161,
      12.90843
     ],
     [
      80.098579,
      12.908736
     ],
     [
      80.099046,
      12.909005
     ],
     [
      80.099711,
      12.909324
     ],
     [
      80.100401,
      12.909617
     ],
     [
      80.100787,
      12.909787
     ],
     [
      80.101012,
      12.90996
     ],
     [
      80.101087,
      12.91003
     ],
     [
      80.101372,
      12.91036
     ],
     [
      80.10146,
      12.910511
     ],
     [
      80.10149,
      12.910569
     ]
    ]
   }
  },
  {
   "type": "Feature",
   "properties": {
    "source": "2015 Crowd-sourced Flooding",
    "type": "Flooded Street"
   },
   "geometry": {
    "type": "LineString",
    "coordinates": [
     [
      80.206232,
      13.086717
     ],
     [
      80.206246,
      13.088081
     ],
     [
      80.206098,
      13.088502
     ],
     [
      80.206125,
      13.0895
     ],
     [
      80.206412,
      13.090114
     ],
     [
      80.206415,
      13.090346
     ]
    ]
   }
  },
  {
   "type": "Feature",
   "properties": {
    "source": "2015 Crowd-sourced Flooding",
    "type": "Flooded Street"
   },
   "geometry": {
    "type": "LineString",
    "coordinates": [
     [
      80.161241,
      13.055004
     ],
     [
      80.16295,
      13.055122
     ]
    ]
   }
  },
  {
   "type": "Feature",
   "properties": {
    "source": "2015 Crowd-sourced Flooding",
    "type": "Flooded Street"
   },
   "geometry": {
    "type": "LineString",
    "coordinates": [
     [
      80.172858,
      13.040296
     ],
     [
      80.173311,
      13.040301
     ],
     [
      80.173839,
      13.040319
     ]
    ]
   }
  },
  {
   "type": "Feature",
   "properties": {
    "source": "2015 Crowd-sourced Flooding",
    "type": "Flooded Street"
   },
   "geometry": {
    "type": "LineString",
    "coordinates": [
     [
      80.141001,
      12.939616
     ],
     [
      80.140357,
      12.940081
     ]
    ]
   }
  },
  {
   "type": "Feature",
   "properties": {
    "source": "2015 Crowd-sourced Flooding",
    "type": "Flooded Street"
   },
   "geometry": {
    "type": "LineString",
    "coordinates": [
     [
      80.261403,
      12.974187
     ],
     [
      80.261467,
      12.97464
     ],
     [
      80.262519,
      12.974966
     ]
    ]
   }
  },
  {
   "type": "Feature",
   "properties": {
    "source": "2015 Crowd-sourced Flooding",
    "type": "Flooded Street"
   },
   "geometry": {
    "type": "LineString",
    "coordinates": [
     [
      80.226116,
      13.059399
     ],
     [
      80.225405,
      13.059446
     ]
    ]
   }
  },
  {
   "type": "Feature",
   "properties": {
    "source": "2015 Crowd-sourced Flooding",
    "type": "Flooded Street"
   },
   "geometry": {
    "type": "LineString",
    "coordinates": [
     [
      80.188643,
      13.03727
     ],
     [
      80.187733,
      13.037223
     ]
    ]
   }
  },
  {
   "type": "Feature",
   "properties": {
    "source": "2015 Crowd-sourced Flooding",
    "type": "Flooded Street"
   },
   "geometry": {
    "type": "LineString",
    "coordinates": [
     [
      80.089253,
      12.98298
     ],
     [
      80.088864,
      12.990243
     ],
     [
      80.087974,
      12.992548
     ],
     [
      80.087936,
      12.992666
     ],
     [
      80.087695,
      12.993306
     ],
     [
      80.087502,
      12.99402
     ]
    ]
   }
  },
  {
   "type": "Feature",
   "properties": {
    "source": "2015 Crowd-sourced Flooding",
    "type": "Flooded Street"
   },
   "geometry": {
    "type": "LineString",
    "coordinates": [
     [
      80.229318,
      13.023407
     ],
     [
      80.230109,
      13.022908
     ],
     [
      80.230187,
      13.022871
     ],
     [
      80.230187,
      13.022751
     ],
     [
      80.230177,
      13.022717
     ],
     [
      80.230034,
      13.022641
     ],
     [
      80.229943,
      13.022644
     ],
     [
      80.229597,
      13.022762
     ]
    ]
   }
  },
  {
   "type": "Feature",
   "properties": {
    "source": "2015 Crowd-sourced Flooding",
    "type": "Flooded Street"
   },
   "geometry": {
    "type": "LineString",
    "coordinates": [
     [
      80.241769,
      12.947819
     ],
     [
      80.241935,
      12.948449
     ]
    ]
   }
  },
  {
   "type": "Feature",
   "properties": {
    "source": "2015 Crowd-sourced Flooding",
    "type": "Flooded Street"
   },
   "geometry": {
    "type": "LineString",
    "coordinates": [
     [
      80.199503,
      13.001745
     ],
     [
      80.200366,
      13.001578
     ]
    ]
   }
  },
  {
   "type": "Feature",
   "properties": {
    "source": "2015 Crowd-sourced Flooding",
    "type": "Flooded Street"
   },
   "geometry": {
    "type": "LineString",
    "coordinates": [
     [
      80.201858,
      13.105503
     ],
     [
      80.2027,
      13.106217
     ],
     [
      80.202955,
      13.106418
     ],
     [
      80.203244,
      13.106637
     ]
    ]
   }
  },
  {
   "type": "Feature",
   "properties": {
    "source": "2015 Crowd-sourced Flooding",
    "type": "Flooded Street"
   },
   "geometry": {
    "type": "LineString",
    "coordinates": [
     [
      80.164347,
      12.935627
     ],
     [
      80.164082,
      12.935316
     ],
     [
      80.16317,
      12.931494
     ],
     [
      80.162963,
      12.929447
     ]
    ]
   }
  },
  {
   "type": "Feature",
   "properties": {
    "source": "2015 Crowd-sourced Flooding",
    "type": "Flooded Street"
   },
   "geometry": {
    "type": "LineString",
    "coordinates": [
     [
      80.200777,
      12.979614
     ],
     [
      80.200796,
      12.979391
     ],
     [
      80.200817,
      12.979339
     ],
     [
      80.200847,
      12.979318
     ],
     [
      80.200911,
      12.9793
     ],
     [
      80.201249,
      12.979248
     ],
     [
      80.201273,
      12.979235
     ],
     [
      80.201289,
      12.979206
     ],
     [
      80.201276,
      12.979104
     ]
    ]
   }
  },
  {
   "type": "Feature",
   "properties": {
    "source": "2015 Crowd-sourced Flooding",
    "type": "Flooded Street"
   },
   "geometry": {
    "type": "LineString",
    "coordinates": [
     [
      80.156137,
      12.914906
     ],
     [
      80.155496,
      12.914904
     ],
     [
      80.155375,
      12.914514
     ],
     [
      80.155228,
      12.914104
     ],
     [
      80.155287,
      12.914015
     ]
    ]
   }
  },
  {
   "type": "Feature",
   "properties": {
    "source": "2015 Crowd-sourced Flooding",
    "type": "Flooded Street"
   },
   "geometry": {
    "type": "LineString",
    "coordinates": [
     [
      80.176602,
      13.046455
     ],
     [
      80.175816,
      13.046481
     ],
     [
      80.173534,
      13.046593
     ],
     [
      80.172716,
      13.0467
     ]
    ]
   }
  },
  {
   "type": "Feature",
   "properties": {
    "source": "2015 Crowd-sourced Flooding",
    "type": "Flooded Street"
   },
   "geometry": {
    "type": "LineString",
    "coordinates": [
     [
      80.285848,
      13.082096
     ],
     [
      80.288115,
      13.081829
     ]
    ]
   }
  },
  {
   "type": "Feature",
   "properties": {
    "source": "2015 Crowd-sourced Flooding",
    "type": "Flooded Street"
   },
   "geometry": {
    "type": "LineString",
    "coordinates": [
     [
      80.225381,
      13.016769
     ],
     [
      80.225644,
      13.016124
     ],
     [
      80.225772,
      13.015682
     ],
     [
      80.225974,
      13.015094
     ]
    ]
   }
  },
  {
   "type": "Feature",
   "properties": {
    "source": "2015 Crowd-sourced Flooding",
    "type": "Flooded Street"
   },
   "geometry": {
    "type": "LineString",
    "coordinates": [
     [
      80.22555,
      13.026883
     ],
     [
      80.226003,
      13.026807
     ],
     [
      80.226274,
      13.026739
     ],
     [
      80.226794,
      13.026627
     ],
     [
      80.226848,
      13.026943
     ],
     [
      80.226885,
      13.027225
     ],
     [
      80.226931,
      13.027489
     ],
     [
      80.226993,
      13.027792
     ],
     [
      80.227012,
      13.027917
     ]
    ]
   }
  },
  {
   "type": "Feature",
   "properties": {
    "source": "2015 Crowd-sourced Flooding",
    "type": "Flooded Street"
   },
   "geometry": {
    "type": "LineString",
    "coordinates": [
     [
      80.167407,
      13.001087
     ],
     [
      80.165203,
      13.002221
     ],
     [
      80.164063,
      13.002798
     ]
    ]
   }
  },
  {
   "type": "Feature",
   "properties": {
    "source": "2015 Crowd-sourced Flooding",
    "type": "Flooded Street"
   },
   "geometry": {
    "type": "LineString",
    "coordinates": [
     [
      80.211181,
      13.046259
     ],
     [
      80.211195,
      13.045969
     ],
     [
      80.211256,
      13.045195
     ],
     [
      80.211272,
      13.044837
     ]
    ]
   }
  },
  {
   "type": "Feature",
   "properties": {
    "source": "2015 Crowd-sourced Flooding",
    "type": "Flooded Street"
   },
   "geometry": {
    "type": "LineString",
    "coordinates": [
     [
      80.26578,
      13.116613
     ],
     [
      80.266284,
      13.11659
     ]
    ]
   }
  },
  {
   "type": "Feature",
   "properties": {
    "source": "2015 Crowd-sourced Flooding",
    "type": "Flooded Street"
   },
   "geometry": {
    "type": "LineString",
    "coordinates": [
     [
      80.188109,
      13.047205
     ],
     [
      80.188066,
      13.047406
     ],
     [
      80.189351,
      13.047327
     ]
    ]
   }
  },
  {
   "type": "Feature",
   "properties": {
    "source": "2015 Crowd-sourced Flooding",
    "type": "Flooded Street"
   },
   "geometry": {
    "type": "LineString",
    "coordinates": [
     [
      80.233615,
      13.081944
     ],
     [
      80.23435,
      13.081615
     ],
     [
      80.23461,
      13.081424
     ],
     [
      80.2349,
      13.081228
     ],
     [
      80.235195,
      13.080881
     ],
     [
      80.235235,
      13.080886
     ],
     [
      80.235351,
      13.080745
     ],
     [
      80.235522,
      13.080593
     ],
     [
      80.235855,
      13.080353
     ],
     [
      80.236155,
      13.080199
     ],
     [
      80.23755,
      13.080353
     ]
    ]
   }
  },
  {
   "type": "Feature",
   "properties": {
    "source": "2015 Crowd-sourced Flooding",
    "type": "Flooded Street"
   },
   "geometry": {
    "type": "LineString",
    "coordinates": [
     [
      80.0987,
      12.925643
     ],
     [
      80.098751,
      12.925993
     ],
     [
      80.098802,
      12.926291
     ]
    ]
   }
  },
  {
   "type": "Feature",
   "properties": {
    "source": "2015 Crowd-sourced Flooding",
    "type": "Flooded Street"
   },
   "geometry": {
    "type": "LineString",
    "coordinates": [
     [
      80.216363,
      12.975633
     ],
     [
      80.216334,
      12.975779
     ],
     [
      80.216323,
      12.976085
     ],
     [
      80.216301,
      12.976187
     ],
     [
      80.216251,
      12.976495
     ],
     [
      80.216253,
      12.976608
     ],
     [
      80.216232,
      12.97678
     ],
     [
      80.215738,
      12.976733
     ]
    ]
   }
  },
  {
   "type": "Feature",
   "properties": {
    "source": "2015 Crowd-sourced Flooding",
    "type": "Flooded Street"
   },
   "geometry": {
    "type": "LineString",
    "coordinates": [
     [
      80.25319,
      13.088509
     ],
     [
      80.254692,
      13.088998
     ]
    ]
   }
  },
  {
   "type": "Feature",
   "properties": {
    "source": "2015 Crowd-sourced Flooding",
    "type": "Flooded Street"
   },
   "geometry": {
    "type": "LineString",
    "coordinates": [
     [
      80.218568,
      13.079645
     ],
     [
      80.218605,
      13.079624
     ],
     [
      80.219024,
      13.079311
     ],
     [
      80.219118,
      13.079311
     ]
    ]
   }
  },
  {
   "type": "Feature",
   "properties": {
    "source": "2015 Crowd-sourced Flooding",
    "type": "Flooded Street"
   },
   "geometry": {
    "type": "LineString",
    "coordinates": [
     [
      80.243968,
      13.089494
     ],
     [
      80.245023,
      13.089136
     ],
     [
      80.245039,
      13.089113
     ]
    ]
   }
  },
  {
   "type": "Feature",
   "properties": {
    "source": "2015 Crowd-sourced Flooding",
    "type": "Flooded Street"
   },
   "geometry": {
    "type": "LineString",
    "coordinates": [
     [
      80.202856,
      13.073586
     ],
     [
      80.203089,
      13.073495
     ],
     [
      80.203282,
      13.073424
     ],
     [
      80.204103,
      13.073207
     ],
     [
      80.2048,
      13.073038
     ],
     [
      80.205296,
      13.072902
     ],
     [
      80.205377,
      13.07315
     ],
     [
      80.205481,
      13.07344
     ]
    ]
   }
  },
  {
   "type": "Feature",
   "properties": {
    "source": "2015 Crowd-sourced Flooding",
    "type": "Flooded Street"
   },
   "geometry": {
    "type": "LineString",
    "coordinates": [
     [
      80.193471,
      12.996866
     ],
     [
      80.194165,
      12.996934
     ],
     [
      80.194573,
      12.996952
     ],
     [
      80.195219,
      12.996999
     ],
     [
      80.195893,
      12.997075
     ],
     [
      80.196198,
      12.997114
     ],
     [
      80.196542,
      12.99713
     ],
     [
      80.196893,
      12.997138
     ],
     [
      80.197848,
      12.997143
     ],
     [
      80.199873,
      12.997185
     ],
     [
      80.200366,
      12.997271
     ]
    ]
   }
  },
  {
   "type": "Feature",
   "properties": {
    "source": "2015 Crowd-sourced Flooding",
    "type": "Flooded Street"
   },
   "geometry": {
    "type": "LineString",
    "coordinates": [
     [
      80.160863,
      13.062707
     ],
     [
      80.160884,
      13.063572
     ]
    ]
   }
  },
  {
   "type": "Feature",
   "properties": {
    "source": "2015 Crowd-sourced Flooding",
    "type": "Flooded Street"
   },
   "geometry": {
    "type": "LineString",
    "coordinates": [
     [
      80.26316,
      13.037416
     ],
     [
      80.263213,
      13.036502
     ]
    ]
   }
  },
  {
   "type": "Feature",
   "properties": {
    "source": "2015 Crowd-sourced Flooding",
    "type": "Flooded Street"
   },
   "geometry": {
    "type": "LineString",
    "coordinates": [
     [
      80.241329,
      13.136116
     ],
     [
      80.242045,
      13.136092
     ],
     [
      80.242466,
      13.136095
     ]
    ]
   }
  },
  {
   "type": "Feature",
   "properties": {
    "source": "2015 Crowd-sourced Flooding",
    "type": "Flooded Street"
   },
   "geometry": {
    "type": "LineString",
    "coordinates": [
     [
      80.246627,
      13.047205
     ],
     [
      80.246506,
      13.047816
     ],
     [
      80.246318,
      13.048166
     ],
     [
      80.246192,
      13.048391
     ]
    ]
   }
  },
  {
   "type": "Feature",
   "properties": {
    "source": "2015 Crowd-sourced Flooding",
    "type": "Flooded Street"
   },
   "geometry": {
    "type": "LineString",
    "coordinates": [
     [
      80.231351,
      13.079645
     ],
     [
      80.231346,
      13.079601
     ],
     [
      80.231325,
      13.079326
     ],
     [
      80.231333,
      13.079047
     ],
     [
      80.231284,
      13.07854
     ]
    ]
   }
  },
  {
   "type": "Feature",
   "properties": {
    "source": "2015 Crowd-sourced Flooding",
    "type": "Flooded Street"
   },
   "geometry": {
    "type": "LineString",
    "coordinates": [
     [
      80.061801,
      13.042684
     ],
     [
      80.062048,
      13.04137
     ],
     [
      80.062257,
      13.040889
     ],
     [
      80.062439,
      13.040732
     ],
     [
      80.063788,
      13.040377
     ],
     [
      80.065454,
      13.040008
     ],
     [
      80.067093,
      13.039507
     ]
    ]
   }
  },
  {
   "type": "Feature",
   "properties": {
    "source": "2015 Crowd-sourced Flooding",
    "type": "Flooded Street"
   },
   "geometry": {
    "type": "LineString",
    "coordinates": [
     [
      80.179247,
      13.050207
     ],
     [
      80.179241,
      13.048832
     ]
    ]
   }
  },
  {
   "type": "Feature",
   "properties": {
    "source": "2015 Crowd-sourced Flooding",
    "type": "Flooded Street"
   },
   "geometry": {
    "type": "LineString",
    "coordinates": [
     [
      80.189037,
      13.044537
     ],
     [
      80.189546,
      13.044699
     ]
    ]
   }
  },
  {
   "type": "Feature",
   "properties": {
    "source": "2015 Crowd-sourced Flooding",
    "type": "Flooded Street"
   },
   "geometry": {
    "type": "LineString",
    "coordinates": [
     [
      80.219383,
      12.983696
     ],
     [
      80.220472,
      12.983704
     ]
    ]
   }
  },
  {
   "type": "Feature",
   "properties": {
    "source": "2015 Crowd-sourced Flooding",
    "type": "Flooded Street"
   },
   "geometry": {
    "type": "LineString",
    "coordinates": [
     [
      80.277665,
      13.124097
     ],
     [
      80.278038,
      13.12562
     ],
     [
      80.278134,
      13.126229
     ],
     [
      80.278676,
      13.128648
     ]
    ]
   }
  },
  {
   "type": "Feature",
   "properties": {
    "source": "2015 Crowd-sourced Flooding",
    "type": "Flooded Street"
   },
   "geometry": {
    "type": "LineString",
    "coordinates": [
     [
      80.276927,
      13.126198
     ],
     [
      80.278134,
      13.126229
     ],
     [
      80.279325,
      13.126276
     ],
     [
      80.279529,
      13.126289
     ],
     [
      80.279822,
      13.126365
     ],
     [
      80.28028,
      13.126534
     ],
     [
      80.280599,
      13.126689
     ],
     [
      80.280943,
      13.126968
     ],
     [
      80.28138,
      13.127404
     ],
     [
      80.281847,
      13.127927
     ],
     [
      80.282042,
      13.128232
     ],
     [
      80.282686,
      13.129604
     ],
     [
      80.283107,
      13.130518
     ],
     [
      80.283534,
      13.131461
     ],
     [
      80.284304,
      13.133146
     ]
    ]
   }
  },
  {
   "type": "Feature",
   "properties": {
    "source": "2015 Crowd-sourced Flooding",
    "type": "Flooded Street"
   },
   "geometry": {
    "type": "LineString",
    "coordinates": [
     [
      80.148334,
      12.906035
     ],
     [
      80.145639,
      12.906307
     ],
     [
      80.145472,
      12.906318
     ],
     [
      80.145092,
      12.906394
     ]
    ]
   }
  },
  {
   "type": "Feature",
   "properties": {
    "source": "2015 Crowd-sourced Flooding",
    "type": "Flooded Street"
   },
   "geometry": {
    "type": "LineString",
    "coordinates": [
     [
      80.18938,
      12.965288
     ],
     [
      80.188404,
      12.965484
     ]
    ]
   }
  },
  {
   "type": "Feature",
   "properties": {
    "source": "2015 Crowd-sourced Flooding",
    "type": "Flooded Street"
   },
   "geometry": {
    "type": "LineString",
    "coordinates": [
     [
      80.278075,
      13.026222
     ],
     [
      80.277713,
      13.026295
     ],
     [
      80.277045,
      13.02642
     ]
    ]
   }
  },
  {
   "type": "Feature",
   "properties": {
    "source": "2015 Crowd-sourced Flooding",
    "type": "Flooded Street"
   },
   "geometry": {
    "type": "LineString",
    "coordinates": [
     [
      80.222991,
      13.036502
     ],
     [
      80.223163,
      13.036671
     ],
     [
      80.223742,
      13.03734
     ],
     [
      80.224638,
      13.038022
     ],
     [
      80.225418,
      13.038663
     ],
     [
      80.226373,
      13.039402
     ],
     [
      80.227248,
      13.040011
     ],
     [
      80.228363,
      13.040973
     ],
     [
      80.228546,
      13.041174
     ]
    ]
   }
  },
  {
   "type": "Feature",
   "properties": {
    "source": "2015 Crowd-sourced Flooding",
    "type": "Flooded Street"
   },
   "geometry": {
    "type": "LineString",
    "coordinates": [
     [
      80.201222,
      13.022817
     ],
     [
      80.201396,
      13.023825
     ]
    ]
   }
  },
  {
   "type": "Feature",
   "properties": {
    "source": "2015 Crowd-sourced Flooding",
    "type": "Flooded Street"
   },
   "geometry": {
    "type": "LineString",
    "coordinates": [
     [
      80.218066,
      12.968735
     ],
     [
      80.217052,
      12.966184
     ]
    ]
   }
  },
  {
   "type": "Feature",
   "properties": {
    "source": "2015 Crowd-sourced Flooding",
    "type": "Flooded Street"
   },
   "geometry": {
    "type": "LineString",
    "coordinates": [
     [
      80.18839,
      13.035749
     ],
     [
      80.18839,
      13.035156
     ],
     [
      80.188369,
      13.034902
     ],
     [
      80.188382,
      13.034625
     ]
    ]
   }
  },
  {
   "type": "Feature",
   "properties": {
    "source": "2015 Crowd-sourced Flooding",
    "type": "Flooded Street"
   },
   "geometry": {
    "type": "LineString",
    "coordinates": [
     [
      80.185386,
      12.980131
     ],
     [
      80.186483,
      12.980108
     ],
     [
      80.186499,
      12.980829
     ]
    ]
   }
  },
  {
   "type": "Feature",
   "properties": {
    "source": "2015 Crowd-sourced Flooding",
    "type": "Flooded Street"
   },
   "geometry": {
    "type": "LineString",
    "coordinates": [
     [
      80.253807,
      12.955391
     ],
     [
      80.253769,
      12.954924
     ],
     [
      80.252959,
      12.954968
     ],
     [
      80.252616,
      12.954991
     ],
     [
      80.252594,
      12.954273
     ],
     [
      80.251809,
      12.954283
     ],
     [
      80.251122,
      12.954314
     ],
     [
      80.250575,
      12.95438
     ]
    ]
   }
  },
  {
   "type": "Feature",
   "properties": {
    "source": "2015 Crowd-sourced Flooding",
    "type": "Flooded Street"
   },
   "geometry": {
    "type": "LineString",
    "coordinates": [
     [
      80.18938,
      13.000663
     ],
     [
      80.189123,
      13.000601
     ],
     [
      80.182602,
      13.003444
     ]
    ]
   }
  },
  {
   "type": "Feature",
   "properties": {
    "source": "2015 Crowd-sourced Flooding",
    "type": "Flooded Street"
   },
   "geometry": {
    "type": "LineString",
    "coordinates": [
     [
      80.217935,
      13.040568
     ],
     [
      80.217171,
      13.040609
     ],
     [
      80.217192,
      13.040939
     ]
    ]
   }
  },
  {
   "type": "Feature",
   "properties": {
    "source": "2015 Crowd-sourced Flooding",
    "type": "Flooded Street"
   },
   "geometry": {
    "type": "LineString",
    "coordinates": [
     [
      80.278816,
      13.111475
     ],
     [
      80.280122,
      13.111337
     ]
    ]
   }
  },
  {
   "type": "Feature",
   "properties": {
    "source": "2015 Crowd-sourced Flooding",
    "type": "Flooded Street"
   },
   "geometry": {
    "type": "LineString",
    "coordinates": [
     [
      80.189037,
      12.979608
     ],
     [
      80.18909,
      12.979956
     ],
     [
      80.189171,
      12.980711
     ]
    ]
   }
  },
  {
   "type": "Feature",
   "properties": {
    "source": "2015 Crowd-sourced Flooding",
    "type": "Flooded Street"
   },
   "geometry": {
    "type": "LineString",
    "coordinates": [
     [
      80.057544,
      12.841641
     ],
     [
      80.056868,
      12.840927
     ],
     [
      80.056407,
      12.84054
     ],
     [
      80.055975,
      12.840153
     ],
     [
      80.055575,
      12.839672
     ],
     [
      80.054537,
      12.838662
     ],
     [
      80.053888,
      12.838223
     ]
    ]
   }
  },
  {
   "type": "Feature",
   "properties": {
    "source": "2015 Crowd-sourced Flooding",
    "type": "Flooded Street"
   },
   "geometry": {
    "type": "LineString",
    "coordinates": [
     [
      80.211353,
      13.058939
     ],
     [
      80.210841,
      13.059726
     ],
     [
      80.210604,
      13.060076
     ]
    ]
   }
  },
  {
   "type": "Feature",
   "properties": {
    "source": "2015 Crowd-sourced Flooding",
    "type": "Flooded Street"
   },
   "geometry": {
    "type": "LineString",
    "coordinates": [
     [
      80.255183,
      12.991769
     ],
     [
      80.254654,
      12.99179
     ],
     [
      80.254367,
      12.991871
     ],
     [
      80.25418,
      12.992002
     ],
     [
      80.254008,
      12.992271
     ],
     [
      80.253941,
      12.992554
     ],
     [
      80.253952,
      12.993121
     ]
    ]
   }
  },
  {
   "type": "Feature",
   "properties": {
    "source": "2015 Crowd-sourced Flooding",
    "type": "Flooded Street"
   },
   "geometry": {
    "type": "LineString",
    "coordinates": [
     [
      80.220912,
      13.079896
     ],
     [
      80.219603,
      13.080021
     ]
    ]
   }
  },
  {
   "type": "Feature",
   "properties": {
    "source": "2015 Crowd-sourced Flooding",
    "type": "Flooded Street"
   },
   "geometry": {
    "type": "LineString",
    "coordinates": [
     [
      80.215913,
      13.054463
     ],
     [
      80.215931,
      13.05334
     ],
     [
      80.215929,
      13.052843
     ],
     [
      80.215596,
      13.052843
     ]
    ]
   }
  },
  {
   "type": "Feature",
   "properties": {
    "source": "2015 Crowd-sourced Flooding",
    "type": "Flooded Street"
   },
   "geometry": {
    "type": "LineString",
    "coordinates": [
     [
      80.24315,
      12.934087
     ],
     [
      80.24256,
      12.934155
     ]
    ]
   }
  },
  {
   "type": "Feature",
   "properties": {
    "source": "2015 Crowd-sourced Flooding",
    "type": "Flooded Street"
   },
   "geometry": {
    "type": "LineString",
    "coordinates": [
     [
      80.149123,
      13.020789
     ],
     [
      80.149101,
      13.02006
     ],
     [
      80.149026,
      13.019205
     ]
    ]
   }
  },
  {
   "type": "Feature",
   "properties": {
    "source": "2015 Crowd-sourced Flooding",
    "type": "Flooded Street"
   },
   "geometry": {
    "type": "LineString",
    "coordinates": [
     [
      80.204529,
      12.942178
     ],
     [
      80.20498,
      12.942227
     ],
     [
      80.205202,
      12.942128
     ],
     [
      80.205388,
      12.94207
     ],
     [
      80.205414,
      12.942005
     ],
     [
      80.205412,
      12.941786
     ],
     [
      80.205347,
      12.941153
     ]
    ]
   }
  },
  {
   "type": "Feature",
   "properties": {
    "source": "2015 Crowd-sourced Flooding",
    "type": "Flooded Street"
   },
   "geometry": {
    "type": "LineString",
    "coordinates": [
     [
      80.145834,
      12.929781
     ],
     [
      80.145808,
      12.929311
     ],
     [
      80.145754,
      12.928885
     ],
     [
      80.14573,
      12.928652
     ],
     [
      80.145952,
      12.928631
     ],
     [
      80.145952,
      12.928333
     ]
    ]
   }
  },
  {
   "type": "Feature",
   "properties": {
    "source": "2015 Crowd-sourced Flooding",
    "type": "Flooded Street"
   },
   "geometry": {
    "type": "LineString",
    "coordinates": [
     [
      80.230375,
      12.98029
     ],
     [
      80.230694,
      12.980262
     ]
    ]
   }
  },
  {
   "type": "Feature",
   "properties": {
    "source": "2015 Crowd-sourced Flooding",
    "type": "Flooded Street"
   },
   "geometry": {
    "type": "LineString",
    "coordinates": [
     [
      80.200023,
      13.104229
     ],
     [
      80.200061,
      13.104234
     ],
     [
      80.200546,
      13.104299
     ],
     [
      80.202907,
      13.104448
     ],
     [
      80.20325,
      13.10455
     ],
     [
      80.20336,
      13.104579
     ],
     [
      80.203553,
      13.104615
     ],
     [
      80.203743,
      13.104694
     ],
     [
      80.204046,
      13.104848
     ],
     [
      80.204175,
      13.104905
     ]
    ]
   }
  },
  {
   "type": "Feature",
   "properties": {
    "source": "2015 Crowd-sourced Flooding",
    "type": "Flooded Street"
   },
   "geometry": {
    "type": "LineString",
    "coordinates": [
     [
      80.242373,
      13.069382
     ],
     [
      80.242708,
      13.069296
     ],
     [
      80.243124,
      13.069338
     ],
     [
      80.243724,
      13.069534
     ],
     [
      80.24414,
      13.069665
     ],
     [
      80.244312,
      13.069722
     ]
    ]
   }
  },
  {
   "type": "Feature",
   "properties": {
    "source": "2015 Crowd-sourced Flooding",
    "type": "Flooded Street"
   },
   "geometry": {
    "type": "LineString",
    "coordinates": [
     [
      80.295006,
      13.084941
     ],
     [
      80.294265,
      13.084011
     ],
     [
      80.293941,
      13.083572
     ],
     [
      80.293796,
      13.083295
     ],
     [
      80.293348,
      13.082527
     ],
     [
      80.293243,
      13.082393
     ],
     [
      80.292999,
      13.082184
     ],
     [
      80.292782,
      13.082069
     ],
     [
      80.292541,
      13.082017
     ],
     [
      80.291832,
      13.082017
     ],
     [
      80.291575,
      13.081962
     ],
     [
      80.291269,
      13.081787
     ],
     [
      80.291092,
      13.081618
     ],
     [
      80.290843,
      13.081202
     ],
     [
      80.290735,
      13.080928
     ],
     [
      80.290499,
      13.080196
     ],
     [
      80.290226,
      13.079311
     ]
    ]
   }
  },
  {
   "type": "Feature",
   "properties": {
    "source": "2015 Crowd-sourced Flooding",
    "type": "Flooded Street"
   },
   "geometry": {
    "type": "LineString",
    "coordinates": [
     [
      80.24285,
      13.060468
     ],
     [
      80.24314,
      13.060421
     ],
     [
      80.243749,
      13.060298
     ],
     [
      80.244312,
      13.060214
     ]
    ]
   }
  },
  {
   "type": "Feature",
   "properties": {
    "source": "2015 Crowd-sourced Flooding",
    "type": "Flooded Street"
   },
   "geometry": {
    "type": "LineString",
    "coordinates": [
     [
      80.201603,
      12.941137
     ],
     [
      80.200023,
      12.94119
     ]
    ]
   }
  },
  {
   "type": "Feature",
   "properties": {
    "source": "2015 Crowd-sourced Flooding",
    "type": "Flooded Street"
   },
   "geometry": {
    "type": "LineString",
    "coordinates": [
     [
      80.212182,
      13.034458
     ],
     [
      80.21209,
      13.034037
     ],
     [
      80.212026,
      13.033497
     ],
     [
      80.211954,
      13.032658
     ],
     [
      80.21186,
      13.03213
     ],
     [
      80.211787,
      13.032002
     ],
     [
      80.211696,
      13.031942
     ],
     [
      80.211516,
      13.031923
     ]
    ]
   }
  },
  {
   "type": "Feature",
   "properties": {
    "source": "2015 Crowd-sourced Flooding",
    "type": "Flooded Street"
   },
   "geometry": {
    "type": "LineString",
    "coordinates": [
     [
      80.195257,
      12.992878
     ],
     [
      80.195327,
      12.992425
     ],
     [
      80.195337,
      12.992156
     ]
    ]
   }
  },
  {
   "type": "Feature",
   "properties": {
    "source": "2015 Crowd-sourced Flooding",
    "type": "Flooded Street"
   },
   "geometry": {
    "type": "LineString",
    "coordinates": [
     [
      80.171887,
      13.038122
     ],
     [
      80.172437,
      13.03813
     ]
    ]
   }
  },
  {
   "type": "Feature",
   "properties": {
    "source": "2015 Crowd-sourced Flooding",
    "type": "Flooded Street"
   },
   "geometry": {
    "type": "LineString",
    "coordinates": [
     [
      80.257066,
      12.991469
     ],
     [
      80.257814,
      12.991419
     ]
    ]
   }
  },
  {
   "type": "Feature",
   "properties": {
    "source": "2015 Crowd-sourced Flooding",
    "type": "Flooded Street"
   },
   "geometry": {
    "type": "LineString",
    "coordinates": [
     [
      80.228921,
      13.019746
     ],
     [
      80.228782,
      13.019401
     ]
    ]
   }
  },
  {
   "type": "Feature",
   "properties": {
    "source": "2015 Crowd-sourced Flooding",
    "type": "Flooded Street"
   },
   "geometry": {
    "type": "LineString",
    "coordinates": [
     [
      80.153262,
      12.939263
     ],
     [
      80.15313,
      12.938288
     ]
    ]
   }
  },
  {
   "type": "Feature",
   "properties": {
    "source": "2015 Crowd-sourced Flooding",
    "type": "Flooded Street"
   },
   "geometry": {
    "type": "LineString",
    "coordinates": [
     [
      80.17789,
      12.980074
     ],
     [
      80.177144,
      12.980191
     ]
    ]
   }
  },
  {
   "type": "Feature",
   "properties": {
    "source": "2015 Crowd-sourced Flooding",
    "type": "Flooded Street"
   },
   "geometry": {
    "type": "LineString",
    "coordinates": [
     [
      80.258589,
      12.991756
     ],
     [
      80.258463,
      12.990897
     ],
     [
      80.25949,
      12.990578
     ],
     [
      80.259635,
      12.990572
     ],
     [
      80.259734,
      12.991145
     ],
     [
      80.259785,
      12.991338
     ],
     [
      80.259928,
      12.991325
     ],
     [
      80.259973,
      12.991558
     ]
    ]
   }
  },
  {
   "type": "Feature",
   "properties": {
    "source": "2015 Crowd-sourced Flooding",
    "type": "Flooded Street"
   },
   "geometry": {
    "type": "LineString",
    "coordinates": [
     [
      80.221205,
      13.039104
     ],
     [
      80.222339,
      13.038788
     ]
    ]
   }
  },
  {
   "type": "Feature",
   "properties": {
    "source": "2015 Crowd-sourced Flooding",
    "type": "Flooded Street"
   },
   "geometry": {
    "type": "LineString",
    "coordinates": [
     [
      80.189037,
      13.144176
     ],
     [
      80.189235,
      13.144103
     ],
     [
      80.189681,
      13.144004
     ],
     [
      80.190281,
      13.143902
     ],
     [
      80.190453,
      13.143685
     ],
     [
      80.190515,
      13.14351
     ]
    ]
   }
  },
  {
   "type": "Feature",
   "properties": {
    "source": "2015 Crowd-sourced Flooding",
    "type": "Flooded Street"
   },
   "geometry": {
    "type": "LineString",
    "coordinates": [
     [
      80.256537,
      12.979093
     ],
     [
      80.25639,
      12.978623
     ],
     [
      80.25632,
      12.978369
     ]
    ]
   }
  },
  {
   "type": "Feature",
   "properties": {
    "source": "2015 Crowd-sourced Flooding",
    "type": "Flooded Street"
   },
   "geometry": {
    "type": "LineString",
    "coordinates": [
     [
      80.129374,
      12.925996
     ],
     [
      80.131149,
      12.925541
     ],
     [
      80.133279,
      12.92517
     ],
     [
      80.133982,
      12.925073
     ]
    ]
   }
  },
  {
   "type": "Feature",
   "properties": {
    "source": "2015 Crowd-sourced Flooding",
    "type": "Flooded Street"
   },
   "geometry": {
    "type": "LineString",
    "coordinates": [
     [
      80.264756,
      13.092313
     ],
     [
      80.265163,
      13.092285
     ],
     [
      80.265287,
      13.092057
     ],
     [
      80.265185,
      13.09131
     ]
    ]
   }
  },
  {
   "type": "Feature",
   "properties": {
    "source": "2015 Crowd-sourced Flooding",
    "type": "Flooded Street"
   },
   "geometry": {
    "type": "LineString",
    "coordinates": [
     [
      80.206621,
      13.023658
     ],
     [
      80.206482,
      13.023773
     ],
     [
      80.206388,
      13.023891
     ],
     [
      80.206361,
      13.024032
     ],
     [
      80.206326,
      13.024267
     ],
     [
      80.206326,
      13.024424
     ],
     [
      80.206289,
      13.024894
     ],
     [
      80.2063,
      13.025385
     ],
     [
      80.206342,
      13.025824
     ]
    ]
   }
  },
  {
   "type": "Feature",
   "properties": {
    "source": "2015 Crowd-sourced Flooding",
    "type": "Flooded Street"
   },
   "geometry": {
    "type": "LineString",
    "coordinates": [
     [
      80.265941,
      13.115388
     ],
     [
      80.266258,
      13.115404
     ],
     [
      80.266757,
      13.115404
     ],
     [
      80.267526,
      13.115394
     ],
     [
      80.267939,
      13.115399
     ]
    ]
   }
  },
  {
   "type": "Feature",
   "properties": {
    "source": "2015 Crowd-sourced Flooding",
    "type": "Flooded Street"
   },
   "geometry": {
    "type": "LineString",
    "coordinates": [
     [
      80.143241,
      12.944052
     ],
     [
      80.143128,
      12.943359
     ],
     [
      80.1429,
      12.942316
     ]
    ]
   }
  },
  {
   "type": "Feature",
   "properties": {
    "source": "2015 Crowd-sourced Flooding",
    "type": "Flooded Street"
   },
   "geometry": {
    "type": "LineString",
    "coordinates": [
     [
      80.253227,
      12.99691
     ],
     [
      80.252546,
      12.996714
     ]
    ]
   }
  },
  {
   "type": "Feature",
   "properties": {
    "source": "2015 Crowd-sourced Flooding",
    "type": "Flooded Street"
   },
   "geometry": {
    "type": "LineString",
    "coordinates": [
     [
      80.211492,
      12.821535
     ],
     [
      80.211009,
      12.821499
     ]
    ]
   }
  },
  {
   "type": "Feature",
   "properties": {
    "source": "2015 Crowd-sourced Flooding",
    "type": "Flooded Street"
   },
   "geometry": {
    "type": "LineString",
    "coordinates": [
     [
      80.198628,
      12.913646
     ],
     [
      80.197639,
      12.913868
     ]
    ]
   }
  },
  {
   "type": "Feature",
   "properties": {
    "source": "2015 Crowd-sourced Flooding",
    "type": "Flooded Street"
   },
   "geometry": {
    "type": "LineString",
    "coordinates": [
     [
      80.225362,
      13.087697
     ],
     [
      80.226156,
      13.087504
     ]
    ]
   }
  },
  {
   "type": "Feature",
   "properties": {
    "source": "2015 Crowd-sourced Flooding",
    "type": "Flooded Street"
   },
   "geometry": {
    "type": "LineString",
    "coordinates": [
     [
      80.173349,
      13.030896
     ],
     [
      80.174556,
      13.030606
     ]
    ]
   }
  },
  {
   "type": "Feature",
   "properties": {
    "source": "2015 Crowd-sourced Flooding",
    "type": "Flooded Street"
   },
   "geometry": {
    "type": "LineString",
    "coordinates": [
     [
      80.284499,
      13.079041
     ],
     [
      80.283569,
      13.078738
     ],
     [
      80.28322,
      13.078924
     ]
    ]
   }
  },
  {
   "type": "Feature",
   "properties": {
    "source": "2015 Crowd-sourced Flooding",
    "type": "Flooded Street"
   },
   "geometry": {
    "type": "LineString",
    "coordinates": [
     [
      80.192642,
      12.975578
     ],
     [
      80.193135,
      12.975515
     ],
     [
      80.193535,
      12.9755
     ],
     [
      80.194219,
      12.975479
     ],
     [
      80.194554,
      12.975505
     ],
     [
      80.195007,
      12.975523
     ],
     [
      80.195214,
      12.97552
     ],
     [
      80.19608,
      12.975453
     ],
     [
      80.196086,
      12.975996
     ]
    ]
   }
  },
  {
   "type": "Feature",
   "properties": {
    "source": "2015 Crowd-sourced Flooding",
    "type": "Flooded Street"
   },
   "geometry": {
    "type": "LineString",
    "coordinates": [
     [
      80.217259,
      13.054351
     ],
     [
      80.217326,
      13.053904
     ],
     [
      80.217369,
      13.053162
     ]
    ]
   }
  },
  {
   "type": "Feature",
   "properties": {
    "source": "2015 Crowd-sourced Flooding",
    "type": "Flooded Street"
   },
   "geometry": {
    "type": "LineString",
    "coordinates": [
     [
      80.108281,
      13.115859
     ],
     [
      80.1083,
      13.116475
     ],
     [
      80.108396,
      13.116914
     ],
     [
      80.108412,
      13.117664
     ],
     [
      80.109244,
      13.117541
     ],
     [
      80.109831,
      13.117546
     ],
     [
      80.110247,
      13.117421
     ],
     [
      80.110515,
      13.117397
     ],
     [
      80.111113,
      13.117133
     ],
     [
      80.11117,
      13.11724
     ],
     [
      80.112143,
      13.117199
     ],
     [
      80.112476,
      13.117178
     ]
    ]
   }
  },
  {
   "type": "Feature",
   "properties": {
    "source": "2015 Crowd-sourced Flooding",
    "type": "Flooded Street"
   },
   "geometry": {
    "type": "LineString",
    "coordinates": [
     [
      80.275251,
      13.114197
     ],
     [
      80.273585,
      13.114221
     ],
     [
      80.273593,
      13.114009
     ],
     [
      80.273588,
      13.113795
     ],
     [
      80.273591,
      13.113552
     ]
    ]
   }
  },
  {
   "type": "Feature",
   "properties": {
    "source": "2015 Crowd-sourced Flooding",
    "type": "Flooded Street"
   },
   "geometry": {
    "type": "LineString",
    "coordinates": [
     [
      80.24712,
      12.941474
     ],
     [
      80.247847,
      12.941422
     ],
     [
      80.24804,
      12.941417
     ],
     [
      80.248686,
      12.941357
     ],
     [
      80.249223,
      12.941323
     ],
     [
      80.249703,
      12.941281
     ]
    ]
   }
  },
  {
   "type": "Feature",
   "properties": {
    "source": "2015 Crowd-sourced Flooding",
    "type": "Flooded Street"
   },
   "geometry": {
    "type": "LineString",
    "coordinates": [
     [
      80.213665,
      13.074832
     ],
     [
      80.213464,
      13.074313
     ]
    ]
   }
  },
  {
   "type": "Feature",
   "properties": {
    "source": "2015 Crowd-sourced Flooding",
    "type": "Flooded Street"
   },
   "geometry": {
    "type": "LineString",
    "coordinates": [
     [
      80.258029,
      12.988766
     ],
     [
      80.258203,
      12.988759
     ],
     [
      80.258396,
      12.988727
     ],
     [
      80.259512,
      12.98862
     ]
    ]
   }
  },
  {
   "type": "Feature",
   "properties": {
    "source": "2015 Crowd-sourced Flooding",
    "type": "Flooded Street"
   },
   "geometry": {
    "type": "LineString",
    "coordinates": [
     [
      80.27913,
      13.050787
     ],
     [
      80.280076,
      13.052355
     ],
     [
      80.2805,
      13.05324
     ]
    ]
   }
  },
  {
   "type": "Feature",
   "properties": {
    "source": "2015 Crowd-sourced Flooding",
    "type": "Flooded Street"
   },
   "geometry": {
    "type": "LineString",
    "coordinates": [
     [
      80.198999,
      12.968314
     ],
     [
      80.200012,
      12.968241
     ]
    ]
   }
  },
  {
   "type": "Feature",
   "properties": {
    "source": "2015 Crowd-sourced Flooding",
    "type": "Flooded Street"
   },
   "geometry": {
    "type": "LineString",
    "coordinates": [
     [
      80.250457,
      12.957104
     ],
     [
      80.250398,
      12.956633
     ],
     [
      80.250347,
      12.956338
     ],
     [
      80.251615,
      12.956204
     ],
     [
      80.25176,
      12.956983
     ]
    ]
   }
  },
  {
   "type": "Feature",
   "properties": {
    "source": "2015 Crowd-sourced Flooding",
    "type": "Flooded Street"
   },
   "geometry": {
    "type": "LineString",
    "coordinates": [
     [
      80.229962,
      13.105469
     ],
     [
      80.230842,
      13.104957
     ],
     [
      80.231467,
      13.104673
     ],
     [
      80.232145,
      13.104581
     ],
     [
      80.233325,
      13.104526
     ]
    ]
   }
  },
  {
   "type": "Feature",
   "properties": {
    "source": "2015 Crowd-sourced Flooding",
    "type": "Flooded Street"
   },
   "geometry": {
    "type": "LineString",
    "coordinates": [
     [
      80.260453,
      12.967805
     ],
     [
      80.262181,
      12.967467
     ]
    ]
   }
  },
  {
   "type": "Feature",
   "properties": {
    "source": "2015 Crowd-sourced Flooding",
    "type": "Flooded Street"
   },
   "geometry": {
    "type": "LineString",
    "coordinates": [
     [
      80.235219,
      12.971684
     ],
     [
      80.235165,
      12.970408
     ],
     [
      80.235165,
      12.970165
     ],
     [
      80.235206,
      12.967964
     ]
    ]
   }
  },
  {
   "type": "Feature",
   "properties": {
    "source": "2015 Crowd-sourced Flooding",
    "type": "Flooded Street"
   },
   "geometry": {
    "type": "LineString",
    "coordinates": [
     [
      80.247868,
      12.94178
     ],
     [
      80.248083,
      12.941762
     ]
    ]
   }
  },
  {
   "type": "Feature",
   "properties": {
    "source": "2015 Crowd-sourced Flooding",
    "type": "Flooded Street"
   },
   "geometry": {
    "type": "LineString",
    "coordinates": [
     [
      80.206503,
      13.027789
     ],
     [
      80.20675,
      13.028746
     ]
    ]
   }
  },
  {
   "type": "Feature",
   "properties": {
    "source": "2015 Crowd-sourced Flooding",
    "type": "Flooded Street"
   },
   "geometry": {
    "type": "LineString",
    "coordinates": [
     [
      80.171187,
      13.0386
     ],
     [
      80.170127,
      13.038582
     ]
    ]
   }
  },
  {
   "type": "Feature",
   "properties": {
    "source": "2015 Crowd-sourced Flooding",
    "type": "Flooded Street"
   },
   "geometry": {
    "type": "LineString",
    "coordinates": [
     [
      80.221516,
      13.047824
     ],
     [
      80.21922,
      13.048127
     ]
    ]
   }
  },
  {
   "type": "Feature",
   "properties": {
    "source": "2015 Crowd-sourced Flooding",
    "type": "Flooded Street"
   },
   "geometry": {
    "type": "LineString",
    "coordinates": [
     [
      80.253638,
      13.009531
     ],
     [
      80.253573,
      13.009949
     ],
     [
      80.253482,
      13.010338
     ],
     [
      80.253311,
      13.010675
     ],
     [
      80.253088,
      13.010931
     ],
     [
      80.25282,
      13.011193
     ],
     [
      80.251991,
      13.011796
     ]
    ]
   }
  },
  {
   "type": "Feature",
   "properties": {
    "source": "2015 Crowd-sourced Flooding",
    "type": "Flooded Street"
   },
   "geometry": {
    "type": "LineString",
    "coordinates": [
     [
      80.202979,
      13.092912
     ],
     [
      80.201874,
      13.092969
     ],
     [
      80.201697,
      13.092797
     ]
    ]
   }
  },
  {
   "type": "Feature",
   "properties": {
    "source": "2015 Crowd-sourced Flooding",
    "type": "Flooded Street"
   },
   "geometry": {
    "type": "LineString",
    "coordinates": [
     [
      80.134105,
      13.036013
     ],
     [
      80.134985,
      13.035825
     ],
     [
      80.135623,
      13.035712
     ]
    ]
   }
  },
  {
   "type": "Feature",
   "properties": {
    "source": "2015 Crowd-sourced Flooding",
    "type": "Flooded Street"
   },
   "geometry": {
    "type": "LineString",
    "coordinates": [
     [
      80.264841,
      13.027727
     ],
     [
      80.264726,
      13.027711
     ],
     [
      80.263691,
      13.027904
     ]
    ]
   }
  },
  {
   "type": "Feature",
   "properties": {
    "source": "2015 Crowd-sourced Flooding",
    "type": "Flooded Street"
   },
   "geometry": {
    "type": "LineString",
    "coordinates": [
     [
      80.197641,
      12.991626
     ],
     [
      80.197631,
      12.990737
     ]
    ]
   }
  },
  {
   "type": "Feature",
   "properties": {
    "source": "2015 Crowd-sourced Flooding",
    "type": "Flooded Street"
   },
   "geometry": {
    "type": "LineString",
    "coordinates": [
     [
      80.073251,
      12.86486
     ],
     [
      80.073337,
      12.86544
     ],
     [
      80.073321,
      12.865527
     ]
    ]
   }
  },
  {
   "type": "Feature",
   "properties": {
    "source": "2015 Crowd-sourced Flooding",
    "type": "Flooded Street"
   },
   "geometry": {
    "type": "LineString",
    "coordinates": [
     [
      80.202343,
      12.97642
     ],
     [
      80.202346,
      12.976265
     ],
     [
      80.202338,
      12.975936
     ],
     [
      80.202341,
      12.975745
     ]
    ]
   }
  },
  {
   "type": "Feature",
   "properties": {
    "source": "2015 Crowd-sourced Flooding",
    "type": "Flooded Street"
   },
   "geometry": {
    "type": "LineString",
    "coordinates": [
     [
      80.226346,
      13.088235
     ],
     [
      80.227183,
      13.087958
     ],
     [
      80.227167,
      13.086738
     ],
     [
      80.227079,
      13.086594
     ],
     [
      80.226894,
      13.086318
     ]
    ]
   }
  },
  {
   "type": "Feature",
   "properties": {
    "source": "2015 Crowd-sourced Flooding",
    "type": "Flooded Street"
   },
   "geometry": {
    "type": "LineString",
    "coordinates": [
     [
      80.242622,
      13.042389
     ],
     [
      80.242826,
      13.043646
     ]
    ]
   }
  },
  {
   "type": "Feature",
   "properties": {
    "source": "2015 Crowd-sourced Flooding",
    "type": "Flooded Street"
   },
   "geometry": {
    "type": "LineString",
    "coordinates": [
     [
      80.274693,
      13.09235
     ],
     [
      80.274492,
      13.091292
     ]
    ]
   }
  },
  {
   "type": "Feature",
   "properties": {
    "source": "2015 Crowd-sourced Flooding",
    "type": "Flooded Street"
   },
   "geometry": {
    "type": "LineString",
    "coordinates": [
     [
      80.281369,
      13.110524
     ],
     [
      80.280894,
      13.110676
     ],
     [
      80.280602,
      13.110738
     ],
     [
      80.280382,
      13.110694
     ],
     [
      80.279749,
      13.110775
     ]
    ]
   }
  },
  {
   "type": "Feature",
   "properties": {
    "source": "2015 Crowd-sourced Flooding",
    "type": "Flooded Street"
   },
   "geometry": {
    "type": "LineString",
    "coordinates": [
     [
      80.189707,
      13.055187
     ],
     [
      80.189474,
      13.055848
     ],
     [
      80.18942,
      13.056569
     ],
     [
      80.18942,
      13.057011
     ],
     [
      80.18941,
      13.057492
     ],
     [
      80.189407,
      13.058121
     ],
     [
      80.189415,
      13.058241
     ]
    ]
   }
  },
  {
   "type": "Feature",
   "properties": {
    "source": "2015 Crowd-sourced Flooding",
    "type": "Flooded Street"
   },
   "geometry": {
    "type": "LineString",
    "coordinates": [
     [
      80.184938,
      13.075039
     ],
     [
      80.185783,
      13.075047
     ],
     [
      80.187181,
      13.075075
     ]
    ]
   }
  },
  {
   "type": "Feature",
   "properties": {
    "source": "2015 Crowd-sourced Flooding",
    "type": "Flooded Street"
   },
   "geometry": {
    "type": "LineString",
    "coordinates": [
     [
      80.141666,
      12.923912
     ],
     [
      80.141795,
      12.924412
     ]
    ]
   }
  },
  {
   "type": "Feature",
   "properties": {
    "source": "2015 Crowd-sourced Flooding",
    "type": "Flooded Street"
   },
   "geometry": {
    "type": "LineString",
    "coordinates": [
     [
      80.153567,
      12.841686
     ],
     [
      80.153806,
      12.841707
     ],
     [
      80.154034,
      12.841605
     ],
     [
      80.154246,
      12.8415
     ],
     [
      80.154434,
      12.841181
     ],
     [
      80.154573,
      12.84064
     ],
     [
      80.154654,
      12.840148
     ],
     [
      80.154619,
      12.839709
     ],
     [
      80.154573,
      12.839322
     ],
     [
      80.154485,
      12.839138
     ]
    ]
   }
  },
  {
   "type": "Feature",
   "properties": {
    "source": "2015 Crowd-sourced Flooding",
    "type": "Flooded Street"
   },
   "geometry": {
    "type": "LineString",
    "coordinates": [
     [
      80.179896,
      12.935624
     ],
     [
      80.179853,
      12.936129
     ]
    ]
   }
  },
  {
   "type": "Feature",
   "properties": {
    "source": "2015 Crowd-sourced Flooding",
    "type": "Flooded Street"
   },
   "geometry": {
    "type": "LineString",
    "coordinates": [
     [
      80.260512,
      12.991498
     ],
     [
      80.260456,
      12.991074
     ]
    ]
   }
  },
  {
   "type": "Feature",
   "properties": {
    "source": "2015 Crowd-sourced Flooding",
    "type": "Flooded Street"
   },
   "geometry": {
    "type": "LineString",
    "coordinates": [
     [
      80.231842,
      12.940489
     ],
     [
      80.231738,
      12.940243
     ],
     [
      80.231424,
      12.939391
     ],
     [
      80.231182,
      12.938675
     ],
     [
      80.230914,
      12.937917
     ]
    ]
   }
  },
  {
   "type": "Feature",
   "properties": {
    "source": "2015 Crowd-sourced Flooding",
    "type": "Flooded Street"
   },
   "geometry": {
    "type": "LineString",
    "coordinates": [
     [
      80.186803,
      13.045459
     ],
     [
      80.186789,
      13.045592
     ],
     [
      80.186714,
      13.046044
     ],
     [
      80.186564,
      13.047246
     ]
    ]
   }
  },
  {
   "type": "Feature",
   "properties": {
    "source": "2015 Crowd-sourced Flooding",
    "type": "Flooded Street"
   },
   "geometry": {
    "type": "LineString",
    "coordinates": [
     [
      80.216103,
      13.066359
     ],
     [
      80.216143,
      13.066663
     ],
     [
      80.216141,
      13.067005
     ]
    ]
   }
  },
  {
   "type": "Feature",
   "properties": {
    "source": "2015 Crowd-sourced Flooding",
    "type": "Flooded Street"
   },
   "geometry": {
    "type": "LineString",
    "coordinates": [
     [
      80.267457,
      13.04102
     ],
     [
      80.267902,
      13.040928
     ],
     [
      80.268052,
      13.040871
     ],
     [
      80.268114,
      13.04079
     ],
     [
      80.268127,
      13.040622
     ]
    ]
   }
  },
  {
   "type": "Feature",
   "properties": {
    "source": "2015 Crowd-sourced Flooding",
    "type": "Flooded Street"
   },
   "geometry": {
    "type": "LineString",
    "coordinates": [
     [
      80.209175,
      13.027416
     ],
     [
      80.208893,
      13.027008
     ]
    ]
   }
  },
  {
   "type": "Feature",
   "properties": {
    "source": "2015 Crowd-sourced Flooding",
    "type": "Flooded Street"
   },
   "geometry": {
    "type": "LineString",
    "coordinates": [
     [
      80.29931,
      13.180445
     ],
     [
      80.299107,
      13.180145
     ],
     [
      80.2989,
      13.179907
     ]
    ]
   }
  },
  {
   "type": "Feature",
   "properties": {
    "source": "2015 Crowd-sourced Flooding",
    "type": "Flooded Street"
   },
   "geometry": {
    "type": "LineString",
    "coordinates": [
     [
      80.21323,
      13.027857
     ],
     [
      80.212206,
      13.028181
     ]
    ]
   }
  },
  {
   "type": "Feature",
   "properties": {
    "source": "2015 Crowd-sourced Flooding",
    "type": "Flooded Street"
   },
   "geometry": {
    "type": "LineString",
    "coordinates": [
     [
      80.134449,
      12.971425
     ],
     [
      80.133604,
      12.971553
     ]
    ]
   }
  },
  {
   "type": "Feature",
   "properties": {
    "source": "2015 Crowd-sourced Flooding",
    "type": "Flooded Street"
   },
   "geometry": {
    "type": "LineString",
    "coordinates": [
     [
      80.203612,
      12.952278
     ],
     [
      80.203354,
      12.952312
     ],
     [
      80.201552,
      12.952461
     ],
     [
      80.200023,
      12.952576
     ]
    ]
   }
  },
  {
   "type": "Feature",
   "properties": {
    "source": "2015 Crowd-sourced Flooding",
    "type": "Flooded Street"
   },
   "geometry": {
    "type": "LineString",
    "coordinates": [
     [
      80.232658,
      12.888006
     ],
     [
      80.232293,
      12.888123
     ],
     [
      80.232175,
      12.888134
     ],
     [
      80.231781,
      12.888102
     ],
     [
      80.231054,
      12.888144
     ],
     [
      80.230962,
      12.888165
     ],
     [
      80.230866,
      12.88822
     ]
    ]
   }
  },
  {
   "type": "Feature",
   "properties": {
    "source": "2015 Crowd-sourced Flooding",
    "type": "Flooded Street"
   },
   "geometry": {
    "type": "LineString",
    "coordinates": [
     [
      80.276927,
      13.06561
     ],
     [
      80.278113,
      13.065024
     ],
     [
      80.278328,
      13.064902
     ],
     [
      80.278384,
      13.064813
     ],
     [
      80.278381,
      13.064716
     ],
     [
      80.278349,
      13.064591
     ]
    ]
   }
  },
  {
   "type": "Feature",
   "properties": {
    "source": "2015 Crowd-sourced Flooding",
    "type": "Flooded Street"
   },
   "geometry": {
    "type": "LineString",
    "coordinates": [
     [
      80.180765,
      13.091122
     ],
     [
      80.180784,
      13.09037
     ],
     [
      80.18077,
      13.090153
     ],
     [
      80.180784,
      13.090014
     ],
     [
      80.180784,
      13.090012
     ]
    ]
   }
  },
  {
   "type": "Feature",
   "properties": {
    "source": "2015 Crowd-sourced Flooding",
    "type": "Flooded Street"
   },
   "geometry": {
    "type": "LineString",
    "coordinates": [
     [
      80.141715,
      12.96673
     ],
     [
      80.142018,
      12.966926
     ],
     [
      80.14253,
      12.967329
     ],
     [
      80.142578,
      12.967243
     ],
     [
      80.143262,
      12.967671
     ]
    ]
   }
  },
  {
   "type": "Feature",
   "properties": {
    "source": "2015 Crowd-sourced Flooding",
    "type": "Flooded Street"
   },
   "geometry": {
    "type": "LineString",
    "coordinates": [
     [
      80.192749,
      13.098439
     ],
     [
      80.192722,
      13.097165
     ]
    ]
   }
  },
  {
   "type": "Feature",
   "properties": {
    "source": "2015 Crowd-sourced Flooding",
    "type": "Flooded Street"
   },
   "geometry": {
    "type": "LineString",
    "coordinates": [
     [
      80.21532,
      12.935415
     ],
     [
      80.215242,
      12.93508
     ],
     [
      80.21518,
      12.934555
     ]
    ]
   }
  },
  {
   "type": "Feature",
   "properties": {
    "source": "2015 Crowd-sourced Flooding",
    "type": "Flooded Street"
   },
   "geometry": {
    "type": "LineString",
    "coordinates": [
     [
      80.192591,
      13.047646
     ],
     [
      80.193264,
      13.047719
     ],
     [
      80.194079,
      13.047615
     ]
    ]
   }
  },
  {
   "type": "Feature",
   "properties": {
    "source": "2015 Crowd-sourced Flooding",
    "type": "Flooded Street"
   },
   "geometry": {
    "type": "LineString",
    "coordinates": [
     [
      80.212109,
      12.971459
     ],
     [
      80.211809,
      12.969896
     ]
    ]
   }
  },
  {
   "type": "Feature",
   "properties": {
    "source": "2015 Crowd-sourced Flooding",
    "type": "Flooded Street"
   },
   "geometry": {
    "type": "LineString",
    "coordinates": [
     [
      80.123765,
      12.961568
     ],
     [
      80.123792,
      12.961701
     ],
     [
      80.123851,
      12.961903
     ],
     [
      80.124291,
      12.963526
     ]
    ]
   }
  },
  {
   "type": "Feature",
   "properties": {
    "source": "2015 Crowd-sourced Flooding",
    "type": "Flooded Street"
   },
   "geometry": {
    "type": "LineString",
    "coordinates": [
     [
      80.222371,
      13.016571
     ],
     [
      80.222438,
      13.017363
     ]
    ]
   }
  },
  {
   "type": "Feature",
   "properties": {
    "source": "2015 Crowd-sourced Flooding",
    "type": "Flooded Street"
   },
   "geometry": {
    "type": "LineString",
    "coordinates": [
     [
      80.17694,
      13.041921
     ],
     [
      80.176908,
      13.041412
     ],
     [
      80.176945,
      13.040314
     ],
     [
      80.177018,
      13.039922
     ],
     [
      80.177071,
      13.039525
     ],
     [
      80.177214,
      13.038699
     ],
     [
      80.177222,
      13.038506
     ],
     [
      80.177302,
      13.037876
     ],
     [
      80.177383,
      13.037547
     ]
    ]
   }
  },
  {
   "type": "Feature",
   "properties": {
    "source": "2015 Crowd-sourced Flooding",
    "type": "Flooded Street"
   },
   "geometry": {
    "type": "LineString",
    "coordinates": [
     [
      80.211672,
      13.026428
     ],
     [
      80.211766,
      13.026289
     ],
     [
      80.212546,
      13.02602
     ],
     [
      80.212482,
      13.025798
     ]
    ]
   }
  },
  {
   "type": "Feature",
   "properties": {
    "source": "2015 Crowd-sourced Flooding",
    "type": "Flooded Street"
   },
   "geometry": {
    "type": "LineString",
    "coordinates": [
     [
      80.255931,
      13.039099
     ],
     [
      80.25625,
      13.041009
     ]
    ]
   }
  },
  {
   "type": "Feature",
   "properties": {
    "source": "2015 Crowd-sourced Flooding",
    "type": "Flooded Street"
   },
   "geometry": {
    "type": "LineString",
    "coordinates": [
     [
      80.263361,
      13.026606
     ],
     [
      80.264316,
      13.026517
     ],
     [
      80.265112,
      13.026323
     ],
     [
      80.265383,
      13.026292
     ],
     [
      80.265783,
      13.026263
     ],
     [
      80.265965,
      13.026242
     ]
    ]
   }
  },
  {
   "type": "Feature",
   "properties": {
    "source": "2015 Crowd-sourced Flooding",
    "type": "Flooded Street"
   },
   "geometry": {
    "type": "LineString",
    "coordinates": [
     [
      80.253976,
      13.122295
     ],
     [
      80.254708,
      13.12219
     ],
     [
      80.255298,
      13.122115
     ]
    ]
   }
  },
  {
   "type": "Feature",
   "properties": {
    "source": "2015 Crowd-sourced Flooding",
    "type": "Flooded Street"
   },
   "geometry": {
    "type": "LineString",
    "coordinates": [
     [
      80.185038,
      12.964064
     ],
     [
      80.184971,
      12.96328
     ],
     [
      80.184906,
      12.962906
     ],
     [
      80.184777,
      12.962556
     ],
     [
      80.184764,
      12.962499
     ],
     [
      80.184767,
      12.962457
     ],
     [
      80.184815,
      12.962428
     ],
     [
      80.185156,
      12.962386
     ],
     [
      80.185271,
      12.962961
     ],
     [
      80.185338,
      12.963259
     ],
     [
      80.185408,
      12.963641
     ],
     [
      80.185443,
      12.964012
     ],
     [
      80.185475,
      12.964637
     ],
     [
      80.185469,
      12.965024
     ],
     [
      80.185453,
      12.965494
     ],
     [
      80.185478,
      12.965881
     ],
     [
      80.185542,
      12.966367
     ],
     [
      80.185558,
      12.96689
     ],
     [
      80.185596,
      12.967298
     ],
     [
      80.185695,
      12.967517
     ],
     [
      80.185824,
      12.967724
     ],
     [
      80.186097,
      12.968573
     ]
    ]
   }
  },
  {
   "type": "Feature",
   "properties": {
    "source": "2015 Crowd-sourced Flooding",
    "type": "Flooded Street"
   },
   "geometry": {
    "type": "LineString",
    "coordinates": [
     [
      80.264452,
      13.001144
     ],
     [
      80.264042,
      13.001288
     ],
     [
      80.264128,
      13.001534
     ]
    ]
   }
  },
  {
   "type": "Feature",
   "properties": {
    "source": "2015 Crowd-sourced Flooding",
    "type": "Flooded Street"
   },
   "geometry": {
    "type": "LineString",
    "coordinates": [
     [
      80.172555,
      12.917633
     ],
     [
      80.171589,
      12.917819
     ],
     [
      80.170921,
      12.917926
     ]
    ]
   }
  },
  {
   "type": "Feature",
   "properties": {
    "source": "2015 Crowd-sourced Flooding",
    "type": "Flooded Street"
   },
   "geometry": {
    "type": "LineString",
    "coordinates": [
     [
      80.228001,
      13.016722
     ],
     [
      80.227626,
      13.016942
     ],
     [
      80.227422,
      13.017075
     ],
     [
      80.227197,
      13.017117
     ],
     [
      80.226918,
      13.017075
     ],
     [
      80.226708,
      13.016968
     ],
     [
      80.225687,
      13.015975
     ]
    ]
   }
  },
  {
   "type": "Feature",
   "properties": {
    "source": "2015 Crowd-sourced Flooding",
    "type": "Flooded Street"
   },
   "geometry": {
    "type": "LineString",
    "coordinates": [
     [
      80.191448,
      12.94075
     ],
     [
      80.190909,
      12.940792
     ],
     [
      80.19026,
      12.940894
     ]
    ]
   }
  },
  {
   "type": "Feature",
   "properties": {
    "source": "2015 Crowd-sourced Flooding",
    "type": "Flooded Street"
   },
   "geometry": {
    "type": "LineString",
    "coordinates": [
     [
      80.189037,
      12.962896
     ],
     [
      80.189603,
      12.96277
     ]
    ]
   }
  },
  {
   "type": "Feature",
   "properties": {
    "source": "2015 Crowd-sourced Flooding",
    "type": "Flooded Street"
   },
   "geometry": {
    "type": "LineString",
    "coordinates": [
     [
      80.270372,
      13.027755
     ],
     [
      80.272448,
      13.027714
     ]
    ]
   }
  },
  {
   "type": "Feature",
   "properties": {
    "source": "2015 Crowd-sourced Flooding",
    "type": "Flooded Street"
   },
   "geometry": {
    "type": "LineString",
    "coordinates": [
     [
      80.161104,
      13.032101
     ],
     [
      80.160115,
      13.032237
     ],
     [
      80.160069,
      13.032318
     ],
     [
      80.159895,
      13.032488
     ],
     [
      80.159798,
      13.032705
     ],
     [
      80.159769,
      13.03306
     ],
     [
      80.159833,
      13.034228
     ]
    ]
   }
  },
  {
   "type": "Feature",
   "properties": {
    "source": "2015 Crowd-sourced Flooding",
    "type": "Flooded Street"
   },
   "geometry": {
    "type": "LineString",
    "coordinates": [
     [
      80.211353,
      12.994519
     ],
     [
      80.210175,
      12.994712
     ]
    ]
   }
  },
  {
   "type": "Feature",
   "properties": {
    "source": "2015 Crowd-sourced Flooding",
    "type": "Flooded Street"
   },
   "geometry": {
    "type": "LineString",
    "coordinates": [
     [
      80.184372,
      13.011807
     ],
     [
      80.184651,
      13.013205
     ],
     [
      80.184694,
      13.013453
     ],
     [
      80.18474,
      13.013647
     ],
     [
      80.184807,
      13.013981
     ],
     [
      80.185054,
      13.015379
     ]
    ]
   }
  },
  {
   "type": "Feature",
   "properties": {
    "source": "2015 Crowd-sourced Flooding",
    "type": "Flooded Street"
   },
   "geometry": {
    "type": "LineString",
    "coordinates": [
     [
      80.240715,
      12.987039
     ],
     [
      80.240801,
      12.987083
     ],
     [
      80.240852,
      12.987151
     ],
     [
      80.240897,
      12.987303
     ],
     [
      80.240948,
      12.987648
     ],
     [
      80.240997,
      12.98793
     ],
     [
      80.241031,
      12.988178
     ],
     [
      80.241082,
      12.988401
     ],
     [
      80.241139,
      12.988597
     ],
     [
      80.241241,
      12.988735
     ],
     [
      80.241471,
      12.98936
     ],
     [
      80.241563,
      12.98983
     ],
     [
      80.241597,
      12.99011
     ],
     [
      80.241597,
      12.990139
     ]
    ]
   }
  },
  {
   "type": "Feature",
   "properties": {
    "source": "2015 Crowd-sourced Flooding",
    "type": "Flooded Street"
   },
   "geometry": {
    "type": "LineString",
    "coordinates": [
     [
      80.17226,
      13.041242
     ],
     [
      80.172362,
      13.041963
     ]
    ]
   }
  },
  {
   "type": "Feature",
   "properties": {
    "source": "2015 Crowd-sourced Flooding",
    "type": "Flooded Street"
   },
   "geometry": {
    "type": "LineString",
    "coordinates": [
     [
      80.229973,
      13.047913
     ],
     [
      80.22828,
      13.048221
     ],
     [
      80.226818,
      13.048529
     ]
    ]
   }
  },
  {
   "type": "Feature",
   "properties": {
    "source": "2015 Crowd-sourced Flooding",
    "type": "Flooded Street"
   },
   "geometry": {
    "type": "LineString",
    "coordinates": [
     [
      80.228538,
      12.908365
     ],
     [
      80.228379,
      12.907437
     ],
     [
      80.228165,
      12.904143
     ],
     [
      80.228012,
      12.90118
     ],
     [
      80.227977,
      12.900705
     ],
     [
      80.227792,
      12.897672
     ],
     [
      80.227773,
      12.897321
     ]
    ]
   }
  },
  {
   "type": "Feature",
   "properties": {
    "source": "2015 Crowd-sourced Flooding",
    "type": "Flooded Street"
   },
   "geometry": {
    "type": "LineString",
    "coordinates": [
     [
      80.126641,
      13.0393
     ],
     [
      80.128698,
      13.038448
     ]
    ]
   }
  },
  {
   "type": "Feature",
   "properties": {
    "source": "2015 Crowd-sourced Flooding",
    "type": "Flooded Street"
   },
   "geometry": {
    "type": "LineString",
    "coordinates": [
     [
      80.183946,
      13.037223
     ],
     [
      80.183694,
      13.03727
     ],
     [
      80.183466,
      13.037288
     ],
     [
      80.183241,
      13.037202
     ],
     [
      80.182559,
      13.036959
     ],
     [
      80.181532,
      13.036635
     ]
    ]
   }
  },
  {
   "type": "Feature",
   "properties": {
    "source": "2015 Crowd-sourced Flooding",
    "type": "Flooded Street"
   },
   "geometry": {
    "type": "LineString",
    "coordinates": [
     [
      80.180786,
      13.090367
     ],
     [
      80.181768,
      13.090283
     ]
    ]
   }
  },
  {
   "type": "Feature",
   "properties": {
    "source": "2015 Crowd-sourced Flooding",
    "type": "Flooded Street"
   },
   "geometry": {
    "type": "LineString",
    "coordinates": [
     [
      80.220885,
      13.035083
     ],
     [
      80.221998,
      13.034944
     ],
     [
      80.222339,
      13.034871
     ]
    ]
   }
  },
  {
   "type": "Feature",
   "properties": {
    "source": "2015 Crowd-sourced Flooding",
    "type": "Flooded Street"
   },
   "geometry": {
    "type": "LineString",
    "coordinates": [
     [
      80.23016,
      13.050834
     ],
     [
      80.230683,
      13.054014
     ],
     [
      80.230718,
      13.054147
     ]
    ]
   }
  },
  {
   "type": "Feature",
   "properties": {
    "source": "2015 Crowd-sourced Flooding",
    "type": "Flooded Street"
   },
   "geometry": {
    "type": "LineString",
    "coordinates": [
     [
      80.101146,
      13.105268
     ],
     [
      80.102557,
      13.104879
     ],
     [
      80.104024,
      13.102956
     ],
     [
      80.104754,
      13.102588
     ],
     [
      80.105038,
      13.102546
     ],
     [
      80.106832,
      13.10223
     ],
     [
      80.106798,
      13.101428
     ],
     [
      80.106897,
      13.100712
     ]
    ]
   }
  },
  {
   "type": "Feature",
   "properties": {
    "source": "2015 Crowd-sourced Flooding",
    "type": "Flooded Street"
   },
   "geometry": {
    "type": "LineString",
    "coordinates": [
     [
      80.217962,
      12.98143
     ],
     [
      80.217205,
      12.981331
     ],
     [
      80.216666,
      12.981365
     ],
     [
      80.216052,
      12.981331
     ],
     [
      80.215652,
      12.981315
     ],
     [
      80.215296,
      12.981315
     ],
     [
      80.215226,
      12.981135
     ],
     [
      80.214872,
      12.981088
     ],
     [
      80.21484,
      12.980928
     ]
    ]
   }
  },
  {
   "type": "Feature",
   "properties": {
    "source": "2015 Crowd-sourced Flooding",
    "type": "Flooded Street"
   },
   "geometry": {
    "type": "LineString",
    "coordinates": [
     [
      80.225558,
      13.083397
     ],
     [
      80.22629,
      13.083216
     ],
     [
      80.227001,
      13.083167
     ],
     [
      80.228149,
      13.083067
     ],
     [
      80.230026,
      13.083148
     ],
     [
      80.23067,
      13.083154
     ]
    ]
   }
  },
  {
   "type": "Feature",
   "properties": {
    "source": "2015 Crowd-sourced Flooding",
    "type": "Flooded Street"
   },
   "geometry": {
    "type": "LineString",
    "coordinates": [
     [
      80.211353,
      12.967841
     ],
     [
      80.20914,
      12.968113
     ]
    ]
   }
  },
  {
   "type": "Feature",
   "properties": {
    "source": "2015 Crowd-sourced Flooding",
    "type": "Flooded Street"
   },
   "geometry": {
    "type": "LineString",
    "coordinates": [
     [
      80.266193,
      13.127684
     ],
     [
      80.265155,
      13.127851
     ],
     [
      80.264976,
      13.127854
     ],
     [
      80.263683,
      13.127605
     ],
     [
      80.263154,
      13.127496
     ],
     [
      80.26302,
      13.127485
     ],
     [
      80.262824,
      13.127436
     ],
     [
      80.261655,
      13.12719
     ],
     [
      80.260274,
      13.127002
     ],
     [
      80.259799,
      13.126918
     ],
     [
      80.259091,
      13.126809
     ]
    ]
   }
  },
  {
   "type": "Feature",
   "properties": {
    "source": "2015 Crowd-sourced Flooding",
    "type": "Flooded Street"
   },
   "geometry": {
    "type": "LineString",
    "coordinates": [
     [
      80.114018,
      12.920417
     ],
     [
      80.114061,
      12.92071
     ],
     [
      80.114013,
      12.921003
     ],
     [
      80.113991,
      12.921235
     ]
    ]
   }
  },
  {
   "type": "Feature",
   "properties": {
    "source": "2015 Crowd-sourced Flooding",
    "type": "Flooded Street"
   },
   "geometry": {
    "type": "LineString",
    "coordinates": [
     [
      80.146591,
      13.01229
     ],
     [
      80.146433,
      13.010641
     ]
    ]
   }
  },
  {
   "type": "Feature",
   "properties": {
    "source": "2015 Crowd-sourced Flooding",
    "type": "Flooded Street"
   },
   "geometry": {
    "type": "LineString",
    "coordinates": [
     [
      80.182642,
      13.038953
     ],
     [
      80.182532,
      13.039564
     ]
    ]
   }
  },
  {
   "type": "Feature",
   "properties": {
    "source": "2015 Crowd-sourced Flooding",
    "type": "Flooded Street"
   },
   "geometry": {
    "type": "LineString",
    "coordinates": [
     [
      80.232859,
      13.026133
     ],
     [
      80.232792,
      13.025626
     ],
     [
      80.232564,
      13.025066
     ]
    ]
   }
  },
  {
   "type": "Feature",
   "properties": {
    "source": "2015 Crowd-sourced Flooding",
    "type": "Flooded Street"
   },
   "geometry": {
    "type": "LineString",
    "coordinates": [
     [
      80.217441,
      13.012141
     ],
     [
      80.215921,
      13.010991
     ],
     [
      80.215508,
      13.010827
     ],
     [
      80.215395,
      13.010754
     ]
    ]
   }
  },
  {
   "type": "Feature",
   "properties": {
    "source": "2015 Crowd-sourced Flooding",
    "type": "Flooded Street"
   },
   "geometry": {
    "type": "LineString",
    "coordinates": [
     [
      80.204999,
      13.057536
     ],
     [
      80.205074,
      13.058241
     ]
    ]
   }
  },
  {
   "type": "Feature",
   "properties": {
    "source": "2015 Crowd-sourced Flooding",
    "type": "Flooded Street"
   },
   "geometry": {
    "type": "LineString",
    "coordinates": [
     [
      80.259681,
      13.092073
     ],
     [
      80.260504,
      13.092047
     ],
     [
      80.262098,
      13.091958
     ]
    ]
   }
  },
  {
   "type": "Feature",
   "properties": {
    "source": "2015 Crowd-sourced Flooding",
    "type": "Flooded Street"
   },
   "geometry": {
    "type": "LineString",
    "coordinates": [
     [
      80.251902,
      13.096138
     ],
     [
      80.251291,
      13.096206
     ]
    ]
   }
  },
  {
   "type": "Feature",
   "properties": {
    "source": "2015 Crowd-sourced Flooding",
    "type": "Flooded Street"
   },
   "geometry": {
    "type": "LineString",
    "coordinates": [
     [
      80.199693,
      13.035532
     ],
     [
      80.199876,
      13.036549
     ]
    ]
   }
  },
  {
   "type": "Feature",
   "properties": {
    "source": "2015 Crowd-sourced Flooding",
    "type": "Flooded Street"
   },
   "geometry": {
    "type": "LineString",
    "coordinates": [
     [
      80.215639,
      13.090012
     ],
     [
      80.21566,
      13.090414
     ],
     [
      80.215778,
      13.093444
     ]
    ]
   }
  },
  {
   "type": "Feature",
   "properties": {
    "source": "2015 Crowd-sourced Flooding",
    "type": "Flooded Street"
   },
   "geometry": {
    "type": "LineString",
    "coordinates": [
     [
      80.231038,
      13.040735
     ],
     [
      80.231241,
      13.041827
     ]
    ]
   }
  },
  {
   "type": "Feature",
   "properties": {
    "source": "2015 Crowd-sourced Flooding",
    "type": "Flooded Street"
   },
   "geometry": {
    "type": "LineString",
    "coordinates": [
     [
      80.232792,
      13.025626
     ],
     [
      80.23192,
      13.025503
     ],
     [
      80.231416,
      13.025482
     ],
     [
      80.231295,
      13.025547
     ]
    ]
   }
  },
  {
   "type": "Feature",
   "properties": {
    "source": "2015 Crowd-sourced Flooding",
    "type": "Flooded Street"
   },
   "geometry": {
    "type": "LineString",
    "coordinates": [
     [
      80.158098,
      13.041059
     ],
     [
      80.158132,
      13.040343
     ],
     [
      80.158143,
      13.040207
     ],
     [
      80.158191,
      13.038987
     ]
    ]
   }
  },
  {
   "type": "Feature",
   "properties": {
    "source": "2015 Crowd-sourced Flooding",
    "type": "Flooded Street"
   },
   "geometry": {
    "type": "LineString",
    "coordinates": [
     [
      80.18584,
      12.983806
     ],
     [
      80.18415,
      12.983939
     ],
     [
      80.182948,
      12.984018
     ]
    ]
   }
  },
  {
   "type": "Feature",
   "properties": {
    "source": "2015 Crowd-sourced Flooding",
    "type": "Flooded Street"
   },
   "geometry": {
    "type": "LineString",
    "coordinates": [
     [
      80.156689,
      13.040068
     ],
     [
      80.158143,
      13.040207
     ]
    ]
   }
  },
  {
   "type": "Feature",
   "properties": {
    "source": "2015 Crowd-sourced Flooding",
    "type": "Flooded Street"
   },
   "geometry": {
    "type": "LineString",
    "coordinates": [
     [
      80.178839,
      13.050212
     ],
     [
      80.178802,
      13.048882
     ]
    ]
   }
  },
  {
   "type": "Feature",
   "properties": {
    "source": "2015 Crowd-sourced Flooding",
    "type": "Flooded Street"
   },
   "geometry": {
    "type": "LineString",
    "coordinates": [
     [
      80.253614,
      12.959508
     ],
     [
      80.253769,
      12.960538
     ]
    ]
   }
  },
  {
   "type": "Feature",
   "properties": {
    "source": "2015 Crowd-sourced Flooding",
    "type": "Flooded Street"
   },
   "geometry": {
    "type": "LineString",
    "coordinates": [
     [
      80.210376,
      12.986187
     ],
     [
      80.211353,
      12.986135
     ]
    ]
   }
  },
  {
   "type": "Feature",
   "properties": {
    "source": "2015 Crowd-sourced Flooding",
    "type": "Flooded Street"
   },
   "geometry": {
    "type": "LineString",
    "coordinates": [
     [
      80.219896,
      13.0334
     ],
     [
      80.21989,
      13.033058
     ],
     [
      80.219957,
      13.032739
     ],
     [
      80.22004,
      13.03224
     ],
     [
      80.220062,
      13.032169
     ]
    ]
   }
  },
  {
   "type": "Feature",
   "properties": {
    "source": "2015 Crowd-sourced Flooding",
    "type": "Flooded Street"
   },
   "geometry": {
    "type": "LineString",
    "coordinates": [
     [
      80.210342,
      13.035067
     ],
     [
      80.211353,
      13.034913
     ]
    ]
   }
  },
  {
   "type": "Feature",
   "properties": {
    "source": "2015 Crowd-sourced Flooding",
    "type": "Flooded Street"
   },
   "geometry": {
    "type": "LineString",
    "coordinates": [
     [
      80.194372,
      13.048469
     ],
     [
      80.194468,
      13.048864
     ]
    ]
   }
  },
  {
   "type": "Feature",
   "properties": {
    "source": "2015 Crowd-sourced Flooding",
    "type": "Flooded Street"
   },
   "geometry": {
    "type": "LineString",
    "coordinates": [
     [
      80.211417,
      13.054526
     ],
     [
      80.211589,
      13.054513
     ],
     [
      80.212002,
      13.054508
     ],
     [
      80.213464,
      13.054508
     ],
     [
      80.213719,
      13.054411
     ]
    ]
   }
  },
  {
   "type": "Feature",
   "properties": {
    "source": "2015 Crowd-sourced Flooding",
    "type": "Flooded Street"
   },
   "geometry": {
    "type": "LineString",
    "coordinates": [
     [
      80.24005,
      13.069267
     ],
     [
      80.239725,
      13.071104
     ],
     [
      80.239591,
      13.071507
     ]
    ]
   }
  },
  {
   "type": "Feature",
   "properties": {
    "source": "2015 Crowd-sourced Flooding",
    "type": "Flooded Street"
   },
   "geometry": {
    "type": "LineString",
    "coordinates": [
     [
      80.145121,
      13.089199
     ],
     [
      80.144593,
      13.08944
     ],
     [
      80.144209,
      13.089479
     ],
     [
      80.143815,
      13.089513
     ],
     [
      80.142447,
      13.089487
     ],
     [
      80.141889,
      13.089445
     ]
    ]
   }
  },
  {
   "type": "Feature",
   "properties": {
    "source": "2015 Crowd-sourced Flooding",
    "type": "Flooded Street"
   },
   "geometry": {
    "type": "LineString",
    "coordinates": [
     [
      80.226757,
      12.844105
     ],
     [
      80.226939,
      12.842797
     ],
     [
      80.227122,
      12.84196
     ],
     [
      80.227663,
      12.83997
     ],
     [
      80.22831,
      12.837334
     ],
     [
      80.228632,
      12.835056
     ],
     [
      80.228723,
      12.834499
     ],
     [
      80.228983,
      12.833058
     ]
    ]
   }
  },
  {
   "type": "Feature",
   "properties": {
    "source": "2015 Crowd-sourced Flooding",
    "type": "Flooded Street"
   },
   "geometry": {
    "type": "LineString",
    "coordinates": [
     [
      80.2041,
      13.054403
     ],
     [
      80.202998,
      13.054442
     ],
     [
      80.202571,
      13.054445
     ],
     [
      80.20152,
      13.054505
     ],
     [
      80.201193,
      13.054515
     ],
     [
      80.200023,
      13.054628
     ]
    ]
   }
  },
  {
   "type": "Feature",
   "properties": {
    "source": "2015 Crowd-sourced Flooding",
    "type": "Flooded Street"
   },
   "geometry": {
    "type": "LineString",
    "coordinates": [
     [
      80.21606,
      12.937423
     ],
     [
      80.215636,
      12.937289
     ],
     [
      80.215634,
      12.937166
     ],
     [
      80.214746,
      12.937117
     ]
    ]
   }
  },
  {
   "type": "Feature",
   "properties": {
    "source": "2015 Crowd-sourced Flooding",
    "type": "Flooded Street"
   },
   "geometry": {
    "type": "LineString",
    "coordinates": [
     [
      80.265941,
      13.024523
     ],
     [
      80.266754,
      13.02399
     ]
    ]
   }
  },
  {
   "type": "Feature",
   "properties": {
    "source": "2015 Crowd-sourced Flooding",
    "type": "Flooded Street"
   },
   "geometry": {
    "type": "LineString",
    "coordinates": [
     [
      80.174137,
      13.058145
     ],
     [
      80.175473,
      13.058004
     ]
    ]
   }
  },
  {
   "type": "Feature",
   "properties": {
    "source": "2015 Crowd-sourced Flooding",
    "type": "Flooded Street"
   },
   "geometry": {
    "type": "LineString",
    "coordinates": [
     [
      80.179998,
      13.00611
     ],
     [
      80.17827,
      13.006805
     ],
     [
      80.17805,
      13.007171
     ]
    ]
   }
  },
  {
   "type": "Feature",
   "properties": {
    "source": "2015 Crowd-sourced Flooding",
    "type": "Flooded Street"
   },
   "geometry": {
    "type": "LineString",
    "coordinates": [
     [
      80.165581,
      13.048391
     ],
     [
      80.166125,
      13.048229
     ],
     [
      80.16674,
      13.048114
     ],
     [
      80.166954,
      13.048051
     ],
     [
      80.167407,
      13.04797
     ]
    ]
   }
  },
  {
   "type": "Feature",
   "properties": {
    "source": "2015 Crowd-sourced Flooding",
    "type": "Flooded Street"
   },
   "geometry": {
    "type": "LineString",
    "coordinates": [
     [
      80.25916,
      13.028127
     ],
     [
      80.259193,
      13.028628
     ],
     [
      80.259488,
      13.028639
     ]
    ]
   }
  },
  {
   "type": "Feature",
   "properties": {
    "source": "2015 Crowd-sourced Flooding",
    "type": "Flooded Street"
   },
   "geometry": {
    "type": "LineString",
    "coordinates": [
     [
      80.263401,
      13.036225
     ],
     [
      80.263852,
      13.036217
     ]
    ]
   }
  },
  {
   "type": "Feature",
   "properties": {
    "source": "2015 Crowd-sourced Flooding",
    "type": "Flooded Street"
   },
   "geometry": {
    "type": "LineString",
    "coordinates": [
     [
      80.198773,
      12.949703
     ],
     [
      80.198881,
      12.949669
     ],
     [
      80.198993,
      12.949654
     ],
     [
      80.199854,
      12.949662
     ],
     [
      80.199876,
      12.949816
     ]
    ]
   }
  },
  {
   "type": "Feature",
   "properties": {
    "source": "2015 Crowd-sourced Flooding",
    "type": "Flooded Street"
   },
   "geometry": {
    "type": "LineString",
    "coordinates": [
     [
      80.186644,
      13.090171
     ],
     [
      80.186789,
      13.091579
     ],
     [
      80.1872,
      13.09155
     ]
    ]
   }
  },
  {
   "type": "Feature",
   "properties": {
    "source": "2015 Crowd-sourced Flooding",
    "type": "Flooded Street"
   },
   "geometry": {
    "type": "LineString",
    "coordinates": [
     [
      80.261819,
      12.978464
     ],
     [
      80.261454,
      12.978437
     ],
     [
      80.261065,
      12.978516
     ]
    ]
   }
  },
  {
   "type": "Feature",
   "properties": {
    "source": "2015 Crowd-sourced Flooding",
    "type": "Flooded Street"
   },
   "geometry": {
    "type": "LineString",
    "coordinates": [
     [
      80.215084,
      12.994974
     ],
     [
      80.216409,
      12.994537
     ]
    ]
   }
  },
  {
   "type": "Feature",
   "properties": {
    "source": "2015 Crowd-sourced Flooding",
    "type": "Flooded Street"
   },
   "geometry": {
    "type": "LineString",
    "coordinates": [
     [
      80.275881,
      13.083094
     ],
     [
      80.275694,
      13.084285
     ],
     [
      80.275501,
      13.085429
     ],
     [
      80.275299,
      13.08667
     ],
     [
      80.275195,
      13.087274
     ],
     [
      80.275098,
      13.087592
     ],
     [
      80.275015,
      13.087749
     ]
    ]
   }
  },
  {
   "type": "Feature",
   "properties": {
    "source": "2015 Crowd-sourced Flooding",
    "type": "Flooded Street"
   },
   "geometry": {
    "type": "LineString",
    "coordinates": [
     [
      80.203674,
      12.966537
     ],
     [
      80.204838,
      12.96637
     ],
     [
      80.206434,
      12.966056
     ],
     [
      80.207254,
      12.965884
     ]
    ]
   }
  },
  {
   "type": "Feature",
   "properties": {
    "source": "2015 Crowd-sourced Flooding",
    "type": "Flooded Street"
   },
   "geometry": {
    "type": "LineString",
    "coordinates": [
     [
      80.245165,
      13.094738
     ],
     [
      80.245213,
      13.095644
     ],
     [
      80.24524,
      13.096506
     ],
     [
      80.245243,
      13.096937
     ]
    ]
   }
  },
  {
   "type": "Feature",
   "properties": {
    "source": "2015 Crowd-sourced Flooding",
    "type": "Flooded Street"
   },
   "geometry": {
    "type": "LineString",
    "coordinates": [
     [
      80.228141,
      13.015094
     ],
     [
      80.228272,
      13.015719
     ]
    ]
   }
  },
  {
   "type": "Feature",
   "properties": {
    "source": "2015 Crowd-sourced Flooding",
    "type": "Flooded Street"
   },
   "geometry": {
    "type": "LineString",
    "coordinates": [
     [
      80.151309,
      13.106397
     ],
     [
      80.151038,
      13.106452
     ],
     [
      80.150721,
      13.106488
     ],
     [
      80.150633,
      13.106475
     ],
     [
      80.150609,
      13.106295
     ],
     [
      80.150617,
      13.106049
     ],
     [
      80.15059,
      13.105971
     ],
     [
      80.150502,
      13.105963
     ],
     [
      80.149702,
      13.106107
     ]
    ]
   }
  },
  {
   "type": "Feature",
   "properties": {
    "source": "2015 Crowd-sourced Flooding",
    "type": "Flooded Street"
   },
   "geometry": {
    "type": "LineString",
    "coordinates": [
     [
      80.103158,
      12.908467
     ],
     [
      80.103654,
      12.908305
     ]
    ]
   }
  },
  {
   "type": "Feature",
   "properties": {
    "source": "2015 Crowd-sourced Flooding",
    "type": "Flooded Street"
   },
   "geometry": {
    "type": "LineString",
    "coordinates": [
     [
      80.276935,
      13.087616
     ],
     [
      80.276686,
      13.087653
     ],
     [
      80.276442,
      13.087639
     ],
     [
      80.275659,
      13.087532
     ]
    ]
   }
  },
  {
   "type": "Feature",
   "properties": {
    "source": "2015 Crowd-sourced Flooding",
    "type": "Flooded Street"
   },
   "geometry": {
    "type": "LineString",
    "coordinates": [
     [
      80.142294,
      12.971553
     ],
     [
      80.142329,
      12.972052
     ],
     [
      80.142345,
      12.972523
     ],
     [
      80.142356,
      12.972609
     ]
    ]
   }
  },
  {
   "type": "Feature",
   "properties": {
    "source": "2015 Crowd-sourced Flooding",
    "type": "Flooded Street"
   },
   "geometry": {
    "type": "LineString",
    "coordinates": [
     [
      80.192298,
      12.906177
     ],
     [
      80.192282,
      12.906443
     ],
     [
      80.192363,
      12.906778
     ],
     [
      80.193374,
      12.906911
     ],
     [
      80.193969,
      12.906998
     ]
    ]
   }
  },
  {
   "type": "Feature",
   "properties": {
    "source": "2015 Crowd-sourced Flooding",
    "type": "Flooded Street"
   },
   "geometry": {
    "type": "LineString",
    "coordinates": [
     [
      80.189088,
      13.025584
     ],
     [
      80.190045,
      13.025364
     ],
     [
      80.190246,
      13.025401
     ],
     [
      80.190402,
      13.026133
     ]
    ]
   }
  },
  {
   "type": "Feature",
   "properties": {
    "source": "2015 Crowd-sourced Flooding",
    "type": "Flooded Street"
   },
   "geometry": {
    "type": "LineString",
    "coordinates": [
     [
      80.221315,
      12.97597
     ],
     [
      80.22129,
      12.976067
     ],
     [
      80.221237,
      12.97701
     ],
     [
      80.221221,
      12.977499
     ],
     [
      80.221028,
      12.981077
     ],
     [
      80.221156,
      12.981255
     ],
     [
      80.221776,
      12.98224
     ],
     [
      80.221899,
      12.982763
     ],
     [
      80.222108,
      12.98316
     ],
     [
      80.222202,
      12.983314
     ]
    ]
   }
  },
  {
   "type": "Feature",
   "properties": {
    "source": "2015 Crowd-sourced Flooding",
    "type": "Flooded Street"
   },
   "geometry": {
    "type": "LineString",
    "coordinates": [
     [
      80.294179,
      13.105689
     ],
     [
      80.294338,
      13.105702
     ],
     [
      80.294721,
      13.105563
     ]
    ]
   }
  },
  {
   "type": "Feature",
   "properties": {
    "source": "2015 Crowd-sourced Flooding",
    "type": "Flooded Street"
   },
   "geometry": {
    "type": "LineString",
    "coordinates": [
     [
      80.182667,
      13.092274
     ],
     [
      80.18209,
      13.092318
     ],
     [
      80.181832,
      13.092303
     ],
     [
      80.181639,
      13.092326
     ],
     [
      80.181218,
      13.092366
     ],
     [
      80.180494,
      13.092379
     ],
     [
      80.17977,
      13.09241
     ],
     [
      80.178871,
      13.09247
     ],
     [
      80.17805,
      13.092473
     ]
    ]
   }
  },
  {
   "type": "Feature",
   "properties": {
    "source": "2015 Crowd-sourced Flooding",
    "type": "Flooded Street"
   },
   "geometry": {
    "type": "LineString",
    "coordinates": [
     [
      80.200691,
      12.974627
     ],
     [
      80.200635,
      12.975191
     ]
    ]
   }
  },
  {
   "type": "Feature",
   "properties": {
    "source": "2015 Crowd-sourced Flooding",
    "type": "Flooded Street"
   },
   "geometry": {
    "type": "LineString",
    "coordinates": [
     [
      80.168277,
      13.050735
     ],
     [
      80.168191,
      13.050646
     ],
     [
      80.168177,
      13.049904
     ]
    ]
   }
  },
  {
   "type": "Feature",
   "properties": {
    "source": "2015 Crowd-sourced Flooding",
    "type": "Flooded Street"
   },
   "geometry": {
    "type": "LineString",
    "coordinates": [
     [
      80.213354,
      13.042796
     ],
     [
      80.212431,
      13.042796
     ]
    ]
   }
  },
  {
   "type": "Feature",
   "properties": {
    "source": "2015 Crowd-sourced Flooding",
    "type": "Flooded Street"
   },
   "geometry": {
    "type": "LineString",
    "coordinates": [
     [
      80.253531,
      13.066187
     ],
     [
      80.25282,
      13.066861
     ],
     [
      80.252329,
      13.067193
     ],
     [
      80.252112,
      13.067368
     ]
    ]
   }
  },
  {
   "type": "Feature",
   "properties": {
    "source": "2015 Crowd-sourced Flooding",
    "type": "Flooded Street"
   },
   "geometry": {
    "type": "LineString",
    "coordinates": [
     [
      80.235522,
      13.080593
     ],
     [
      80.235705,
      13.081009
     ],
     [
      80.235997,
      13.081343
     ],
     [
      80.236525,
      13.081881
     ],
     [
      80.236855,
      13.082124
     ],
     [
      80.236976,
      13.082156
     ],
     [
      80.237056,
      13.082271
     ],
     [
      80.23714,
      13.082942
     ],
     [
      80.237384,
      13.083522
     ]
    ]
   }
  },
  {
   "type": "Feature",
   "properties": {
    "source": "2015 Crowd-sourced Flooding",
    "type": "Flooded Street"
   },
   "geometry": {
    "type": "LineString",
    "coordinates": [
     [
      80.246892,
      13.04901
     ],
     [
      80.247034,
      13.049138
     ]
    ]
   }
  },
  {
   "type": "Feature",
   "properties": {
    "source": "2015 Crowd-sourced Flooding",
    "type": "Flooded Street"
   },
   "geometry": {
    "type": "LineString",
    "coordinates": [
     [
      80.250406,
      12.967731
     ],
     [
      80.250293,
      12.967269
     ]
    ]
   }
  },
  {
   "type": "Feature",
   "properties": {
    "source": "2015 Crowd-sourced Flooding",
    "type": "Flooded Street"
   },
   "geometry": {
    "type": "LineString",
    "coordinates": [
     [
      80.254955,
      12.993144
     ],
     [
      80.255242,
      12.993157
     ],
     [
      80.255725,
      12.993152
     ],
     [
      80.256092,
      12.993162
     ]
    ]
   }
  },
  {
   "type": "Feature",
   "properties": {
    "source": "2015 Crowd-sourced Flooding",
    "type": "Flooded Street"
   },
   "geometry": {
    "type": "LineString",
    "coordinates": [
     [
      80.254955,
      12.949609
     ],
     [
      80.256076,
      12.949481
     ],
     [
      80.256333,
      12.949416
     ],
     [
      80.257071,
      12.94933
     ]
    ]
   }
  },
  {
   "type": "Feature",
   "properties": {
    "source": "2015 Crowd-sourced Flooding",
    "type": "Flooded Street"
   },
   "geometry": {
    "type": "LineString",
    "coordinates": [
     [
      80.194873,
      13.069254
     ],
     [
      80.193497,
      13.069236
     ],
     [
      80.19265,
      13.069205
     ],
     [
      80.191322,
      13.069173
     ]
    ]
   }
  },
  {
   "type": "Feature",
   "properties": {
    "source": "2015 Crowd-sourced Flooding",
    "type": "Flooded Street"
   },
   "geometry": {
    "type": "LineString",
    "coordinates": [
     [
      80.208781,
      12.934615
     ],
     [
      80.20877,
      12.934134
     ],
     [
      80.2084,
      12.934131
     ],
     [
      80.208445,
      12.933235
     ],
     [
      80.207718,
      12.93324
     ],
     [
      80.207684,
      12.932924
     ]
    ]
   }
  },
  {
   "type": "Feature",
   "properties": {
    "source": "2015 Crowd-sourced Flooding",
    "type": "Flooded Street"
   },
   "geometry": {
    "type": "LineString",
    "coordinates": [
     [
      80.189037,
      12.95145
     ],
     [
      80.1899,
      12.951444
     ],
     [
      80.189994,
      12.951617
     ],
     [
      80.190051,
      12.952338
     ],
     [
      80.191311,
      12.952226
     ],
     [
      80.191333,
      12.952234
     ],
     [
      80.19136,
      12.952764
     ],
     [
      80.191392,
      12.953266
     ],
     [
      80.191344,
      12.953436
     ],
     [
      80.191322,
      12.95382
     ]
    ]
   }
  },
  {
   "type": "Feature",
   "properties": {
    "source": "2015 Crowd-sourced Flooding",
    "type": "Flooded Street"
   },
   "geometry": {
    "type": "LineString",
    "coordinates": [
     [
      80.256419,
      12.944387
     ],
     [
      80.256607,
      12.944324
     ],
     [
      80.25705,
      12.94413
     ],
     [
      80.257401,
      12.944002
     ],
     [
      80.258294,
      12.943906
     ]
    ]
   }
  },
  {
   "type": "Feature",
   "properties": {
    "source": "2015 Crowd-sourced Flooding",
    "type": "Flooded Street"
   },
   "geometry": {
    "type": "LineString",
    "coordinates": [
     [
      80.204449,
      13.028921
     ],
     [
      80.20498,
      13.028793
     ],
     [
      80.205275,
      13.028748
     ],
     [
      80.205865,
      13.028618
     ]
    ]
   }
  },
  {
   "type": "Feature",
   "properties": {
    "source": "2015 Crowd-sourced Flooding",
    "type": "Flooded Street"
   },
   "geometry": {
    "type": "LineString",
    "coordinates": [
     [
      80.225378,
      13.070738
     ],
     [
      80.22478,
      13.070454
     ],
     [
      80.224461,
      13.070284
     ],
     [
      80.224294,
      13.070182
     ],
     [
      80.224265,
      13.070109
     ]
    ]
   }
  },
  {
   "type": "Feature",
   "properties": {
    "source": "2015 Crowd-sourced Flooding",
    "type": "Flooded Street"
   },
   "geometry": {
    "type": "LineString",
    "coordinates": [
     [
      80.211337,
      13.014637
     ],
     [
      80.210489,
      13.011634
     ]
    ]
   }
  },
  {
   "type": "Feature",
   "properties": {
    "source": "2015 Crowd-sourced Flooding",
    "type": "Flooded Street"
   },
   "geometry": {
    "type": "LineString",
    "coordinates": [
     [
      80.166791,
      13.037842
     ],
     [
      80.166321,
      13.037819
     ]
    ]
   }
  },
  {
   "type": "Feature",
   "properties": {
    "source": "2015 Crowd-sourced Flooding",
    "type": "Flooded Street"
   },
   "geometry": {
    "type": "LineString",
    "coordinates": [
     [
      80.224595,
      13.083352
     ],
     [
      80.224303,
      13.083742
     ],
     [
      80.223892,
      13.084329
     ]
    ]
   }
  },
  {
   "type": "Feature",
   "properties": {
    "source": "2015 Crowd-sourced Flooding",
    "type": "Flooded Street"
   },
   "geometry": {
    "type": "LineString",
    "coordinates": [
     [
      80.096442,
      12.913168
     ],
     [
      80.096495,
      12.913327
     ],
     [
      80.095747,
      12.913568
     ],
     [
      80.095771,
      12.913761
     ],
     [
      80.095495,
      12.913889
     ],
     [
      80.095774,
      12.914509
     ],
     [
      80.095862,
      12.915369
     ],
     [
      80.095937,
      12.915803
     ]
    ]
   }
  },
  {
   "type": "Feature",
   "properties": {
    "source": "2015 Crowd-sourced Flooding",
    "type": "Flooded Street"
   },
   "geometry": {
    "type": "LineString",
    "coordinates": [
     [
      80.182999,
      12.943767
     ],
     [
      80.184021,
      12.943626
     ]
    ]
   }
  },
  {
   "type": "Feature",
   "properties": {
    "source": "2015 Crowd-sourced Flooding",
    "type": "Flooded Street"
   },
   "geometry": {
    "type": "LineString",
    "coordinates": [
     [
      80.176862,
      13.015212
     ],
     [
      80.177428,
      13.015094
     ]
    ]
   }
  },
  {
   "type": "Feature",
   "properties": {
    "source": "2015 Crowd-sourced Flooding",
    "type": "Flooded Street"
   },
   "geometry": {
    "type": "LineString",
    "coordinates": [
     [
      80.1521,
      12.995724
     ],
     [
      80.152752,
      12.99582
     ],
     [
      80.153498,
      12.995742
     ]
    ]
   }
  },
  {
   "type": "Feature",
   "properties": {
    "source": "2015 Crowd-sourced Flooding",
    "type": "Flooded Street"
   },
   "geometry": {
    "type": "LineString",
    "coordinates": [
     [
      80.211009,
      13.009418
     ],
     [
      80.212705,
      13.011629
     ],
     [
      80.212871,
      13.011838
     ]
    ]
   }
  },
  {
   "type": "Feature",
   "properties": {
    "source": "2015 Crowd-sourced Flooding",
    "type": "Flooded Street"
   },
   "geometry": {
    "type": "LineString",
    "coordinates": [
     [
      80.172898,
      12.886947
     ],
     [
      80.172353,
      12.88583
     ],
     [
      80.170661,
      12.882609
     ]
    ]
   }
  },
  {
   "type": "Feature",
   "properties": {
    "source": "2015 Crowd-sourced Flooding",
    "type": "Flooded Street"
   },
   "geometry": {
    "type": "LineString",
    "coordinates": [
     [
      80.203159,
      12.996165
     ],
     [
      80.203081,
      12.995483
     ],
     [
      80.202992,
      12.995138
     ]
    ]
   }
  },
  {
   "type": "Feature",
   "properties": {
    "source": "2015 Crowd-sourced Flooding",
    "type": "Flooded Street"
   },
   "geometry": {
    "type": "LineString",
    "coordinates": [
     [
      80.183233,
      13.106078
     ],
     [
      80.183436,
      13.108173
     ],
     [
      80.183503,
      13.108792
     ],
     [
      80.183522,
      13.109511
     ],
     [
      80.183576,
      13.11001
     ]
    ]
   }
  },
  {
   "type": "Feature",
   "properties": {
    "source": "2015 Crowd-sourced Flooding",
    "type": "Flooded Street"
   },
   "geometry": {
    "type": "LineString",
    "coordinates": [
     [
      80.185775,
      13.073027
     ],
     [
      80.186963,
      13.073051
     ]
    ]
   }
  },
  {
   "type": "Feature",
   "properties": {
    "source": "2015 Crowd-sourced Flooding",
    "type": "Flooded Street"
   },
   "geometry": {
    "type": "LineString",
    "coordinates": [
     [
      80.099709,
      12.938609
     ],
     [
      80.100336,
      12.939613
     ],
     [
      80.1012,
      12.940489
     ]
    ]
   }
  },
  {
   "type": "Feature",
   "properties": {
    "source": "2015 Crowd-sourced Flooding",
    "type": "Flooded Street"
   },
   "geometry": {
    "type": "LineString",
    "coordinates": [
     [
      80.113659,
      13.054677
     ],
     [
      80.115748,
      13.054599
     ]
    ]
   }
  },
  {
   "type": "Feature",
   "properties": {
    "source": "2015 Crowd-sourced Flooding",
    "type": "Flooded Street"
   },
   "geometry": {
    "type": "LineString",
    "coordinates": [
     [
      80.09494,
      12.919259
     ],
     [
      80.096037,
      12.918835
     ]
    ]
   }
  },
  {
   "type": "Feature",
   "properties": {
    "source": "2015 Crowd-sourced Flooding",
    "type": "Flooded Street"
   },
   "geometry": {
    "type": "LineString",
    "coordinates": [
     [
      80.256532,
      13.123178
     ],
     [
      80.256679,
      13.123277
     ],
     [
      80.257353,
      13.123497
     ],
     [
      80.258259,
      13.123781
     ],
     [
      80.258468,
      13.12386
     ],
     [
      80.25882,
      13.123928
     ],
     [
      80.259198,
      13.123982
     ]
    ]
   }
  },
  {
   "type": "Feature",
   "properties": {
    "source": "2015 Crowd-sourced Flooding",
    "type": "Flooded Street"
   },
   "geometry": {
    "type": "LineString",
    "coordinates": [
     [
      80.141602,
      12.972672
     ],
     [
      80.141583,
      12.972695
     ],
     [
      80.141578,
      12.972734
     ],
     [
      80.141621,
      12.972969
     ],
     [
      80.141621,
      12.973019
     ],
     [
      80.141551,
      12.973032
     ],
     [
      80.141468,
      12.973037
     ]
    ]
   }
  },
  {
   "type": "Feature",
   "properties": {
    "source": "2015 Crowd-sourced Flooding",
    "type": "Flooded Street"
   },
   "geometry": {
    "type": "LineString",
    "coordinates": [
     [
      80.267899,
      13.126516
     ],
     [
      80.265941,
      13.126498
     ]
    ]
   }
  },
  {
   "type": "Feature",
   "properties": {
    "source": "2015 Crowd-sourced Flooding",
    "type": "Flooded Street"
   },
   "geometry": {
    "type": "LineString",
    "coordinates": [
     [
      80.276206,
      13.052875
     ],
     [
      80.276324,
      13.053374
     ],
     [
      80.27641,
      13.053423
     ],
     [
      80.27667,
      13.053402
     ],
     [
      80.276839,
      13.053337
     ],
     [
      80.276879,
      13.053301
     ],
     [
      80.276887,
      13.053165
     ],
     [
      80.27697,
      13.052919
     ]
    ]
   }
  },
  {
   "type": "Feature",
   "properties": {
    "source": "2015 Crowd-sourced Flooding",
    "type": "Flooded Street"
   },
   "geometry": {
    "type": "LineString",
    "coordinates": [
     [
      80.107417,
      13.027884
     ],
     [
      80.110244,
      13.02792
     ],
     [
      80.111266,
      13.027925
     ]
    ]
   }
  },
  {
   "type": "Feature",
   "properties": {
    "source": "2015 Crowd-sourced Flooding",
    "type": "Flooded Street"
   },
   "geometry": {
    "type": "LineString",
    "coordinates": [
     [
      80.254405,
      12.985149
     ],
     [
      80.253911,
      12.985168
     ],
     [
      80.253477,
      12.985191
     ]
    ]
   }
  },
  {
   "type": "Feature",
   "properties": {
    "source": "2015 Crowd-sourced Flooding",
    "type": "Flooded Street"
   },
   "geometry": {
    "type": "LineString",
    "coordinates": [
     [
      80.232105,
      13.030418
     ],
     [
      80.232258,
      13.027766
     ]
    ]
   }
  },
  {
   "type": "Feature",
   "properties": {
    "source": "2015 Crowd-sourced Flooding",
    "type": "Flooded Street"
   },
   "geometry": {
    "type": "LineString",
    "coordinates": [
     [
      80.108563,
      13.090346
     ],
     [
      80.108651,
      13.086328
     ],
     [
      80.108651,
      13.085727
     ],
     [
      80.108694,
      13.085016
     ]
    ]
   }
  },
  {
   "type": "Feature",
   "properties": {
    "source": "2015 Crowd-sourced Flooding",
    "type": "Flooded Street"
   },
   "geometry": {
    "type": "LineString",
    "coordinates": [
     [
      80.267969,
      13.002051
     ],
     [
      80.26755,
      13.002265
     ],
     [
      80.267215,
      13.002469
     ],
     [
      80.265941,
      13.00306
     ]
    ]
   }
  },
  {
   "type": "Feature",
   "properties": {
    "source": "2015 Crowd-sourced Flooding",
    "type": "Flooded Street"
   },
   "geometry": {
    "type": "LineString",
    "coordinates": [
     [
      80.203792,
      13.061507
     ],
     [
      80.203714,
      13.061262
     ],
     [
      80.203717,
      13.060055
     ]
    ]
   }
  },
  {
   "type": "Feature",
   "properties": {
    "source": "2015 Crowd-sourced Flooding",
    "type": "Flooded Street"
   },
   "geometry": {
    "type": "LineString",
    "coordinates": [
     [
      80.202901,
      13.05654
     ],
     [
      80.202952,
      13.057293
     ]
    ]
   }
  },
  {
   "type": "Feature",
   "properties": {
    "source": "2015 Crowd-sourced Flooding",
    "type": "Flooded Street"
   },
   "geometry": {
    "type": "LineString",
    "coordinates": [
     [
      80.210886,
      12.984684
     ],
     [
      80.210905,
      12.983842
     ],
     [
      80.210816,
      12.983743
     ],
     [
      80.2108,
      12.983346
     ],
     [
      80.210846,
      12.983317
     ],
     [
      80.210857,
      12.983152
     ]
    ]
   }
  },
  {
   "type": "Feature",
   "properties": {
    "source": "2015 Crowd-sourced Flooding",
    "type": "Flooded Street"
   },
   "geometry": {
    "type": "LineString",
    "coordinates": [
     [
      80.14039,
      12.967196
     ],
     [
      80.139346,
      12.966555
     ],
     [
      80.139113,
      12.966879
     ],
     [
      80.140188,
      12.967538
     ]
    ]
   }
  },
  {
   "type": "Feature",
   "properties": {
    "source": "2015 Crowd-sourced Flooding",
    "type": "Flooded Street"
   },
   "geometry": {
    "type": "LineString",
    "coordinates": [
     [
      80.147227,
      12.980157
     ],
     [
      80.146392,
      12.980102
     ],
     [
      80.145885,
      12.980157
     ],
     [
      80.145092,
      12.980257
     ]
    ]
   }
  },
  {
   "type": "Feature",
   "properties": {
    "source": "2015 Crowd-sourced Flooding",
    "type": "Flooded Street"
   },
   "geometry": {
    "type": "LineString",
    "coordinates": [
     [
      80.225767,
      13.054455
     ],
     [
      80.224099,
      13.054131
     ],
     [
      80.222664,
      13.053807
     ]
    ]
   }
  },
  {
   "type": "Feature",
   "properties": {
    "source": "2015 Crowd-sourced Flooding",
    "type": "Flooded Street"
   },
   "geometry": {
    "type": "LineString",
    "coordinates": [
     [
      80.143179,
      12.929619
     ],
     [
      80.143144,
      12.92924
     ],
     [
      80.143101,
      12.928864
     ]
    ]
   }
  },
  {
   "type": "Feature",
   "properties": {
    "source": "2015 Crowd-sourced Flooding",
    "type": "Flooded Street"
   },
   "geometry": {
    "type": "LineString",
    "coordinates": [
     [
      80.201391,
      12.983314
     ],
     [
      80.201375,
      12.98316
     ],
     [
      80.201321,
      12.982753
     ],
     [
      80.201262,
      12.982379
     ],
     [
      80.20116,
      12.981872
     ],
     [
      80.201096,
      12.981265
     ]
    ]
   }
  },
  {
   "type": "Feature",
   "properties": {
    "source": "2015 Crowd-sourced Flooding",
    "type": "Flooded Street"
   },
   "geometry": {
    "type": "LineString",
    "coordinates": [
     [
      80.289571,
      13.130199
     ],
     [
      80.287914,
      13.130427
     ]
    ]
   }
  },
  {
   "type": "Feature",
   "properties": {
    "source": "2015 Crowd-sourced Flooding",
    "type": "Flooded Street"
   },
   "geometry": {
    "type": "LineString",
    "coordinates": [
     [
      80.196171,
      12.902326
     ],
     [
      80.196268,
      12.902608
     ],
     [
      80.196547,
      12.90265
     ],
     [
      80.197014,
      12.902754
     ],
     [
      80.197448,
      12.902895
     ],
     [
      80.197604,
      12.902885
     ],
     [
      80.198454,
      12.902809
     ]
    ]
   }
  },
  {
   "type": "Feature",
   "properties": {
    "source": "2015 Crowd-sourced Flooding",
    "type": "Flooded Street"
   },
   "geometry": {
    "type": "LineString",
    "coordinates": [
     [
      80.1238,
      12.917897
     ],
     [
      80.123516,
      12.913745
     ],
     [
      80.123119,
      12.913766
     ]
    ]
   }
  },
  {
   "type": "Feature",
   "properties": {
    "source": "2015 Crowd-sourced Flooding",
    "type": "Flooded Street"
   },
   "geometry": {
    "type": "LineString",
    "coordinates": [
     [
      80.224466,
      13.039162
     ],
     [
      80.224399,
      13.038793
     ],
     [
      80.224337,
      13.038571
     ],
     [
      80.224268,
      13.038417
     ],
     [
      80.224211,
      13.038346
     ],
     [
      80.224128,
      13.038299
     ],
     [
      80.224018,
      13.038281
     ],
     [
      80.223812,
      13.038344
     ]
    ]
   }
  },
  {
   "type": "Feature",
   "properties": {
    "source": "2015 Crowd-sourced Flooding",
    "type": "Flooded Street"
   },
   "geometry": {
    "type": "LineString",
    "coordinates": [
     [
      80.274476,
      13.092509
     ],
     [
      80.274248,
      13.09276
     ]
    ]
   }
  },
  {
   "type": "Feature",
   "properties": {
    "source": "2015 Crowd-sourced Flooding",
    "type": "Flooded Street"
   },
   "geometry": {
    "type": "LineString",
    "coordinates": [
     [
      80.184359,
      13.081419
     ],
     [
      80.185078,
      13.081492
     ]
    ]
   }
  },
  {
   "type": "Feature",
   "properties": {
    "source": "2015 Crowd-sourced Flooding",
    "type": "Flooded Street"
   },
   "geometry": {
    "type": "LineString",
    "coordinates": [
     [
      80.164661,
      13.10979
     ],
     [
      80.164358,
      13.106167
     ]
    ]
   }
  },
  {
   "type": "Feature",
   "properties": {
    "source": "2015 Crowd-sourced Flooding",
    "type": "Flooded Street"
   },
   "geometry": {
    "type": "LineString",
    "coordinates": [
     [
      80.254432,
      13.096054
     ],
     [
      80.254909,
      13.094181
     ],
     [
      80.255298,
      13.092784
     ]
    ]
   }
  },
  {
   "type": "Feature",
   "properties": {
    "source": "2015 Crowd-sourced Flooding",
    "type": "Flooded Street"
   },
   "geometry": {
    "type": "LineString",
    "coordinates": [
     [
      80.2038,
      13.059119
     ],
     [
      80.201683,
      13.059177
     ]
    ]
   }
  },
  {
   "type": "Feature",
   "properties": {
    "source": "2015 Crowd-sourced Flooding",
    "type": "Flooded Street"
   },
   "geometry": {
    "type": "LineString",
    "coordinates": [
     [
      80.250972,
      13.084097
     ],
     [
      80.251594,
      13.083971
     ]
    ]
   }
  },
  {
   "type": "Feature",
   "properties": {
    "source": "2015 Crowd-sourced Flooding",
    "type": "Flooded Street"
   },
   "geometry": {
    "type": "LineString",
    "coordinates": [
     [
      80.246978,
      13.049198
     ],
     [
      80.247227,
      13.049355
     ],
     [
      80.247423,
      13.04947
     ],
     [
      80.24778,
      13.049703
     ],
     [
      80.248362,
      13.050186
     ],
     [
      80.248931,
      13.050695
     ]
    ]
   }
  },
  {
   "type": "Feature",
   "properties": {
    "source": "2015 Crowd-sourced Flooding",
    "type": "Flooded Street"
   },
   "geometry": {
    "type": "LineString",
    "coordinates": [
     [
      80.176666,
      13.05104
     ],
     [
      80.175881,
      13.051074
     ]
    ]
   }
  },
  {
   "type": "Feature",
   "properties": {
    "source": "2015 Crowd-sourced Flooding",
    "type": "Flooded Street"
   },
   "geometry": {
    "type": "LineString",
    "coordinates": [
     [
      80.095248,
      12.92225
     ],
     [
      80.095387,
      12.923787
     ],
     [
      80.095602,
      12.924906
     ],
     [
      80.09568,
      12.925274
     ],
     [
      80.09506,
      12.925444
     ]
    ]
   }
  },
  {
   "type": "Feature",
   "properties": {
    "source": "2015 Crowd-sourced Flooding",
    "type": "Flooded Street"
   },
   "geometry": {
    "type": "LineString",
    "coordinates": [
     [
      80.23579,
      13.086621
     ],
     [
      80.235882,
      13.087329
     ]
    ]
   }
  },
  {
   "type": "Feature",
   "properties": {
    "source": "2015 Crowd-sourced Flooding",
    "type": "Flooded Street"
   },
   "geometry": {
    "type": "LineString",
    "coordinates": [
     [
      80.210253,
      13.058508
     ],
     [
      80.210178,
      13.058816
     ],
     [
      80.210642,
      13.058963
     ],
     [
      80.210771,
      13.058649
     ]
    ]
   }
  },
  {
   "type": "Feature",
   "properties": {
    "source": "2015 Crowd-sourced Flooding",
    "type": "Flooded Street"
   },
   "geometry": {
    "type": "LineString",
    "coordinates": [
     [
      80.208939,
      13.039013
     ],
     [
      80.210492,
      13.038798
     ]
    ]
   }
  },
  {
   "type": "Feature",
   "properties": {
    "source": "2015 Crowd-sourced Flooding",
    "type": "Flooded Street"
   },
   "geometry": {
    "type": "LineString",
    "coordinates": [
     [
      80.130565,
      12.971778
     ],
     [
      80.131458,
      12.971561
     ],
     [
      80.131522,
      12.971472
     ]
    ]
   }
  },
  {
   "type": "Feature",
   "properties": {
    "source": "2015 Crowd-sourced Flooding",
    "type": "Flooded Street"
   },
   "geometry": {
    "type": "LineString",
    "coordinates": [
     [
      80.260102,
      13.033214
     ],
     [
      80.260059,
      13.0334
     ],
     [
      80.260067,
      13.034367
     ],
     [
      80.260083,
      13.034638
     ],
     [
      80.259853,
      13.035347
     ],
     [
      80.259815,
      13.03543
     ]
    ]
   }
  },
  {
   "type": "Feature",
   "properties": {
    "source": "2015 Crowd-sourced Flooding",
    "type": "Flooded Street"
   },
   "geometry": {
    "type": "LineString",
    "coordinates": [
     [
      80.187175,
      13.111099
     ],
     [
      80.18629,
      13.111143
     ],
     [
      80.186314,
      13.111522
     ],
     [
      80.186695,
      13.111504
     ]
    ]
   }
  },
  {
   "type": "Feature",
   "properties": {
    "source": "2015 Crowd-sourced Flooding",
    "type": "Flooded Street"
   },
   "geometry": {
    "type": "LineString",
    "coordinates": [
     [
      80.119087,
      13.125853
     ],
     [
      80.114032,
      13.127396
     ],
     [
      80.113396,
      13.127799
     ],
     [
      80.112991,
      13.128217
     ],
     [
      80.112133,
      13.129288
     ]
    ]
   }
  },
  {
   "type": "Feature",
   "properties": {
    "source": "2015 Crowd-sourced Flooding",
    "type": "Flooded Street"
   },
   "geometry": {
    "type": "LineString",
    "coordinates": [
     [
      80.156078,
      13.0379
     ],
     [
      80.156247,
      13.037931
     ],
     [
      80.156604,
      13.038009
     ],
     [
      80.157153,
      13.038064
     ],
     [
      80.157859,
      13.03808
     ],
     [
      80.158049,
      13.038116
     ],
     [
      80.158017,
      13.038493
     ],
     [
      80.15843,
      13.038524
     ]
    ]
   }
  },
  {
   "type": "Feature",
   "properties": {
    "source": "2015 Crowd-sourced Flooding",
    "type": "Flooded Street"
   },
   "geometry": {
    "type": "LineString",
    "coordinates": [
     [
      80.262001,
      13.132461
     ],
     [
      80.261896,
      13.131795
     ],
     [
      80.261886,
      13.131492
     ],
     [
      80.261819,
      13.13091
     ],
     [
      80.261778,
      13.1305
     ],
     [
      80.261757,
      13.130413
     ],
     [
      80.261717,
      13.130032
     ],
     [
      80.261658,
      13.129614
     ],
     [
      80.261612,
      13.129175
     ],
     [
      80.261572,
      13.127616
     ],
     [
      80.261655,
      13.12719
     ]
    ]
   }
  },
  {
   "type": "Feature",
   "properties": {
    "source": "2015 Crowd-sourced Flooding",
    "type": "Flooded Street"
   },
   "geometry": {
    "type": "LineString",
    "coordinates": [
     [
      80.240503,
      13.045098
     ],
     [
      80.240449,
      13.045017
     ],
     [
      80.240425,
      13.044916
     ],
     [
      80.240428,
      13.044819
     ]
    ]
   }
  },
  {
   "type": "Feature",
   "properties": {
    "source": "2015 Crowd-sourced Flooding",
    "type": "Flooded Street"
   },
   "geometry": {
    "type": "LineString",
    "coordinates": [
     [
      80.156421,
      13.038723
     ],
     [
      80.156309,
      13.038676
     ],
     [
      80.155895,
      13.038529
     ],
     [
      80.155831,
      13.038673
     ],
     [
      80.155708,
      13.039005
     ]
    ]
   }
  },
  {
   "type": "Feature",
   "properties": {
    "source": "2015 Crowd-sourced Flooding",
    "type": "Flooded Street"
   },
   "geometry": {
    "type": "LineString",
    "coordinates": [
     [
      80.277837,
      13.052509
     ],
     [
      80.277949,
      13.053246
     ]
    ]
   }
  },
  {
   "type": "Feature",
   "properties": {
    "source": "2015 Crowd-sourced Flooding",
    "type": "Flooded Street"
   },
   "geometry": {
    "type": "LineString",
    "coordinates": [
     [
      80.079501,
      12.888782
     ],
     [
      80.0796,
      12.889493
     ],
     [
      80.079686,
      12.89032
     ],
     [
      80.079729,
      12.891279
     ],
     [
      80.081043,
      12.891237
     ],
     [
      80.08103,
      12.890638
     ],
     [
      80.081064,
      12.890591
     ],
     [
      80.081346,
      12.890544
     ],
     [
      80.081746,
      12.890463
     ],
     [
      80.082548,
      12.890212
     ]
    ]
   }
  },
  {
   "type": "Feature",
   "properties": {
    "source": "2015 Crowd-sourced Flooding",
    "type": "Flooded Street"
   },
   "geometry": {
    "type": "LineString",
    "coordinates": [
     [
      80.222339,
      13.084408
     ],
     [
      80.220274,
      13.084486
     ],
     [
      80.218487,
      13.084544
     ],
     [
      80.218104,
      13.084523
     ]
    ]
   }
  },
  {
   "type": "Feature",
   "properties": {
    "source": "2015 Crowd-sourced Flooding",
    "type": "Flooded Street"
   },
   "geometry": {
    "type": "LineString",
    "coordinates": [
     [
      80.200173,
      13.110078
     ],
     [
      80.200729,
      13.110046
     ],
     [
      80.201351,
      13.11002
     ],
     [
      80.202748,
      13.10997
     ]
    ]
   }
  },
  {
   "type": "Feature",
   "properties": {
    "source": "2015 Crowd-sourced Flooding",
    "type": "Flooded Street"
   },
   "geometry": {
    "type": "LineString",
    "coordinates": [
     [
      80.205589,
      13.033303
     ],
     [
      80.20638,
      13.033204
     ],
     [
      80.206385,
      13.033173
     ]
    ]
   }
  },
  {
   "type": "Feature",
   "properties": {
    "source": "2015 Crowd-sourced Flooding",
    "type": "Flooded Street"
   },
   "geometry": {
    "type": "LineString",
    "coordinates": [
     [
      80.211688,
      13.02341
     ],
     [
      80.212887,
      13.023561
     ]
    ]
   }
  },
  {
   "type": "Feature",
   "properties": {
    "source": "2015 Crowd-sourced Flooding",
    "type": "Flooded Street"
   },
   "geometry": {
    "type": "LineString",
    "coordinates": [
     [
      80.286624,
      13.105213
     ],
     [
      80.286508,
      13.105459
     ],
     [
      80.286264,
      13.106146
     ],
     [
      80.286189,
      13.106554
     ],
     [
      80.286189,
      13.107288
     ]
    ]
   }
  },
  {
   "type": "Feature",
   "properties": {
    "source": "2015 Crowd-sourced Flooding",
    "type": "Flooded Street"
   },
   "geometry": {
    "type": "LineString",
    "coordinates": [
     [
      80.266601,
      13.025879
     ],
     [
      80.266239,
      13.02532
     ]
    ]
   }
  },
  {
   "type": "Feature",
   "properties": {
    "source": "2015 Crowd-sourced Flooding",
    "type": "Flooded Street"
   },
   "geometry": {
    "type": "LineString",
    "coordinates": [
     [
      80.134714,
      13.047539
     ],
     [
      80.134631,
      13.047374
     ],
     [
      80.134427,
      13.046491
     ],
     [
      80.134373,
      13.046047
     ],
     [
      80.134137,
      13.044981
     ]
    ]
   }
  },
  {
   "type": "Feature",
   "properties": {
    "source": "2015 Crowd-sourced Flooding",
    "type": "Flooded Street"
   },
   "geometry": {
    "type": "LineString",
    "coordinates": [
     [
      80.251862,
      12.966278
     ],
     [
      80.252809,
      12.966077
     ],
     [
      80.25279,
      12.965951
     ],
     [
      80.254153,
      12.965638
     ]
    ]
   }
  },
  {
   "type": "Feature",
   "properties": {
    "source": "2015 Crowd-sourced Flooding",
    "type": "Flooded Street"
   },
   "geometry": {
    "type": "LineString",
    "coordinates": [
     [
      80.260094,
      12.998724
     ],
     [
      80.260067,
      12.998426
     ],
     [
      80.260035,
      12.99816
     ]
    ]
   }
  },
  {
   "type": "Feature",
   "properties": {
    "source": "2015 Crowd-sourced Flooding",
    "type": "Flooded Street"
   },
   "geometry": {
    "type": "LineString",
    "coordinates": [
     [
      80.16155,
      13.079645
     ],
     [
      80.161504,
      13.07884
     ],
     [
      80.161496,
      13.077991
     ],
     [
      80.161423,
      13.077364
     ],
     [
      80.161375,
      13.076413
     ],
     [
      80.161287,
      13.072424
     ],
     [
      80.161255,
      13.068609
     ]
    ]
   }
  },
  {
   "type": "Feature",
   "properties": {
    "source": "2015 Crowd-sourced Flooding",
    "type": "Flooded Street"
   },
   "geometry": {
    "type": "LineString",
    "coordinates": [
     [
      80.214228,
      12.978359
     ],
     [
      80.215105,
      12.978445
     ],
     [
      80.215473,
      12.97856
     ]
    ]
   }
  },
  {
   "type": "Feature",
   "properties": {
    "source": "2015 Crowd-sourced Flooding",
    "type": "Flooded Street"
   },
   "geometry": {
    "type": "LineString",
    "coordinates": [
     [
      80.18938,
      13.072802
     ],
     [
      80.188573,
      13.07239
     ],
     [
      80.186194,
      13.07142
     ],
     [
      80.183748,
      13.070851
     ],
     [
      80.182803,
      13.070467
     ],
     [
      80.182406,
      13.070268
     ],
     [
      80.181948,
      13.069981
     ],
     [
      80.181248,
      13.069518
     ],
     [
      80.180102,
      13.068747
     ]
    ]
   }
  },
  {
   "type": "Feature",
   "properties": {
    "source": "2015 Crowd-sourced Flooding",
    "type": "Flooded Street"
   },
   "geometry": {
    "type": "LineString",
    "coordinates": [
     [
      80.255381,
      13.030938
     ],
     [
      80.255303,
      13.030032
     ]
    ]
   }
  },
  {
   "type": "Feature",
   "properties": {
    "source": "2015 Crowd-sourced Flooding",
    "type": "Flooded Street"
   },
   "geometry": {
    "type": "LineString",
    "coordinates": [
     [
      80.252181,
      12.955972
     ],
     [
      80.252216,
      12.95645
     ]
    ]
   }
  },
  {
   "type": "Feature",
   "properties": {
    "source": "2015 Crowd-sourced Flooding",
    "type": "Flooded Street"
   },
   "geometry": {
    "type": "LineString",
    "coordinates": [
     [
      80.258734,
      13.023425
     ],
     [
      80.2589,
      13.023522
     ],
     [
      80.25908,
      13.024026
     ],
     [
      80.259265,
      13.024732
     ],
     [
      80.259295,
      13.02487
     ],
     [
      80.259316,
      13.025074
     ],
     [
      80.259748,
      13.025508
     ],
     [
      80.260207,
      13.02601
     ],
     [
      80.260287,
      13.026133
     ]
    ]
   }
  },
  {
   "type": "Feature",
   "properties": {
    "source": "2015 Crowd-sourced Flooding",
    "type": "Flooded Street"
   },
   "geometry": {
    "type": "LineString",
    "coordinates": [
     [
      80.202335,
      12.950634
     ],
     [
      80.203129,
      12.950529
     ],
     [
      80.204392,
      12.950433
     ]
    ]
   }
  },
  {
   "type": "Feature",
   "properties": {
    "source": "2015 Crowd-sourced Flooding",
    "type": "Flooded Street"
   },
   "geometry": {
    "type": "LineString",
    "coordinates": [
     [
      80.211009,
      12.964686
     ],
     [
      80.211031,
      12.964681
     ],
     [
      80.211372,
      12.964514
     ],
     [
      80.212361,
      12.964263
     ],
     [
      80.213925,
      12.96397
     ],
     [
      80.214904,
      12.963858
     ],
     [
      80.215966,
      12.963615
     ],
     [
      80.216044,
      12.963591
     ]
    ]
   }
  },
  {
   "type": "Feature",
   "properties": {
    "source": "2015 Crowd-sourced Flooding",
    "type": "Flooded Street"
   },
   "geometry": {
    "type": "LineString",
    "coordinates": [
     [
      80.115145,
      12.921437
     ],
     [
      80.115217,
      12.921648
     ],
     [
      80.115311,
      12.921847
     ],
     [
      80.115855,
      12.921784
     ],
     [
      80.1164,
      12.921641
     ]
    ]
   }
  },
  {
   "type": "Feature",
   "properties": {
    "source": "2015 Crowd-sourced Flooding",
    "type": "Flooded Street"
   },
   "geometry": {
    "type": "LineString",
    "coordinates": [
     [
      80.272255,
      13.095861
     ],
     [
      80.272295,
      13.096206
     ],
     [
      80.272416,
      13.096736
     ],
     [
      80.272802,
      13.098327
     ],
     [
      80.272888,
      13.098667
     ],
     [
      80.272926,
      13.098936
     ],
     [
      80.27296,
      13.099367
     ],
     [
      80.27296,
      13.100367
     ],
     [
      80.272928,
      13.100785
     ],
     [
      80.272856,
      13.101018
     ]
    ]
   }
  },
  {
   "type": "Feature",
   "properties": {
    "source": "2015 Crowd-sourced Flooding",
    "type": "Flooded Street"
   },
   "geometry": {
    "type": "LineString",
    "coordinates": [
     [
      80.243335,
      13.044761
     ],
     [
      80.243346,
      13.045049
     ],
     [
      80.243974,
      13.044845
     ]
    ]
   }
  },
  {
   "type": "Feature",
   "properties": {
    "source": "2015 Crowd-sourced Flooding",
    "type": "Flooded Street"
   },
   "geometry": {
    "type": "LineString",
    "coordinates": [
     [
      80.19,
      13.037915
     ],
     [
      80.191252,
      13.037928
     ],
     [
      80.192805,
      13.037978
     ]
    ]
   }
  },
  {
   "type": "Feature",
   "properties": {
    "source": "2015 Crowd-sourced Flooding",
    "type": "Flooded Street"
   },
   "geometry": {
    "type": "LineString",
    "coordinates": [
     [
      80.233988,
      12.970452
     ],
     [
      80.23402,
      12.971341
     ],
     [
      80.234015,
      12.971746
     ],
     [
      80.233977,
      12.972133
     ],
     [
      80.233902,
      12.972509
     ],
     [
      80.233894,
      12.972609
     ]
    ]
   }
  },
  {
   "type": "Feature",
   "properties": {
    "source": "2015 Crowd-sourced Flooding",
    "type": "Flooded Street"
   },
   "geometry": {
    "type": "LineString",
    "coordinates": [
     [
      80.202469,
      13.043063
     ],
     [
      80.202169,
      13.041176
     ],
     [
      80.202067,
      13.04056
     ],
     [
      80.201968,
      13.039901
     ],
     [
      80.201429,
      13.036502
     ]
    ]
   }
  },
  {
   "type": "Feature",
   "properties": {
    "source": "2015 Crowd-sourced Flooding",
    "type": "Flooded Street"
   },
   "geometry": {
    "type": "LineString",
    "coordinates": [
     [
      80.217554,
      13.018528
     ],
     [
      80.217879,
      13.018429
     ]
    ]
   }
  },
  {
   "type": "Feature",
   "properties": {
    "source": "2015 Crowd-sourced Flooding",
    "type": "Flooded Street"
   },
   "geometry": {
    "type": "LineString",
    "coordinates": [
     [
      80.265069,
      13.041477
     ],
     [
      80.265244,
      13.041422
     ],
     [
      80.26544,
      13.041367
     ],
     [
      80.266003,
      13.04126
     ],
     [
      80.266284,
      13.041213
     ]
    ]
   }
  },
  {
   "type": "Feature",
   "properties": {
    "source": "2015 Crowd-sourced Flooding",
    "type": "Flooded Street"
   },
   "geometry": {
    "type": "LineString",
    "coordinates": [
     [
      80.185807,
      12.921604
     ],
     [
      80.186373,
      12.921463
     ],
     [
      80.187055,
      12.921269
     ],
     [
      80.187154,
      12.921254
     ],
     [
      80.187044,
      12.920835
     ],
     [
      80.186996,
      12.920679
     ],
     [
      80.186974,
      12.920647
     ],
     [
      80.186735,
      12.920613
     ],
     [
      80.186749,
      12.920684
     ],
     [
      80.186395,
      12.920767
     ]
    ]
   }
  },
  {
   "type": "Feature",
   "properties": {
    "source": "2015 Crowd-sourced Flooding",
    "type": "Flooded Street"
   },
   "geometry": {
    "type": "LineString",
    "coordinates": [
     [
      80.249349,
      12.942387
     ],
     [
      80.249279,
      12.941921
     ],
     [
      80.249223,
      12.941323
     ]
    ]
   }
  },
  {
   "type": "Feature",
   "properties": {
    "source": "2015 Crowd-sourced Flooding",
    "type": "Flooded Street"
   },
   "geometry": {
    "type": "LineString",
    "coordinates": [
     [
      80.183629,
      12.947301
     ],
     [
      80.183517,
      12.948342
     ],
     [
      80.183066,
      12.948357
     ],
     [
      80.182079,
      12.948274
     ],
     [
      80.181709,
      12.948211
     ]
    ]
   }
  },
  {
   "type": "Feature",
   "properties": {
    "source": "2015 Crowd-sourced Flooding",
    "type": "Flooded Street"
   },
   "geometry": {
    "type": "LineString",
    "coordinates": [
     [
      80.260923,
      13.054152
     ],
     [
      80.260775,
      13.05415
     ],
     [
      80.260486,
      13.054163
     ],
     [
      80.259815,
      13.054202
     ],
     [
      80.257227,
      13.054419
     ],
     [
      80.256465,
      13.054497
     ],
     [
      80.255725,
      13.054581
     ],
     [
      80.25551,
      13.05462
     ]
    ]
   }
  },
  {
   "type": "Feature",
   "properties": {
    "source": "2015 Crowd-sourced Flooding",
    "type": "Flooded Street"
   },
   "geometry": {
    "type": "LineString",
    "coordinates": [
     [
      80.217331,
      13.072136
     ],
     [
      80.217278,
      13.071684
     ],
     [
      80.217278,
      13.07164
     ],
     [
      80.217157,
      13.070631
     ],
     [
      80.217079,
      13.070077
     ]
    ]
   }
  },
  {
   "type": "Feature",
   "properties": {
    "source": "2015 Crowd-sourced Flooding",
    "type": "Flooded Street"
   },
   "geometry": {
    "type": "LineString",
    "coordinates": [
     [
      80.169339,
      12.958761
     ],
     [
      80.16928,
      12.958855
     ],
     [
      80.169124,
      12.959077
     ],
     [
      80.168188,
      12.959681
     ],
     [
      80.168102,
      12.95995
     ]
    ]
   }
  },
  {
   "type": "Feature",
   "properties": {
    "source": "2015 Crowd-sourced Flooding",
    "type": "Flooded Street"
   },
   "geometry": {
    "type": "LineString",
    "coordinates": [
     [
      80.227274,
      13.085515
     ],
     [
      80.227647,
      13.085474
     ],
     [
      80.22754,
      13.084708
     ],
     [
      80.227379,
      13.083478
     ],
     [
      80.227046,
      13.083533
     ]
    ]
   }
  },
  {
   "type": "Feature",
   "properties": {
    "source": "2015 Crowd-sourced Flooding",
    "type": "Flooded Street"
   },
   "geometry": {
    "type": "LineString",
    "coordinates": [
     [
      80.145092,
      13.097387
     ],
     [
      80.146253,
      13.097413
     ],
     [
      80.146797,
      13.097523
     ],
     [
      80.14798,
      13.098434
     ],
     [
      80.149501,
      13.101034
     ],
     [
      80.149504,
      13.101047
     ]
    ]
   }
  },
  {
   "type": "Feature",
   "properties": {
    "source": "2015 Crowd-sourced Flooding",
    "type": "Flooded Street"
   },
   "geometry": {
    "type": "LineString",
    "coordinates": [
     [
      80.149514,
      13.020146
     ],
     [
      80.149474,
      13.019767
     ],
     [
      80.149493,
      13.019362
     ],
     [
      80.149461,
      13.018735
     ]
    ]
   }
  },
  {
   "type": "Feature",
   "properties": {
    "source": "2015 Crowd-sourced Flooding",
    "type": "Flooded Street"
   },
   "geometry": {
    "type": "LineString",
    "coordinates": [
     [
      80.243212,
      13.093588
     ],
     [
      80.243124,
      13.093
     ],
     [
      80.243065,
      13.092729
     ],
     [
      80.242981,
      13.09207
     ],
     [
      80.242904,
      13.091652
     ],
     [
      80.242904,
      13.09148
     ]
    ]
   }
  },
  {
   "type": "Feature",
   "properties": {
    "source": "2015 Crowd-sourced Flooding",
    "type": "Flooded Street"
   },
   "geometry": {
    "type": "LineString",
    "coordinates": [
     [
      80.190922,
      13.017668
     ],
     [
      80.191555,
      13.017598
     ]
    ]
   }
  },
  {
   "type": "Feature",
   "properties": {
    "source": "2015 Crowd-sourced Flooding",
    "type": "Flooded Street"
   },
   "geometry": {
    "type": "LineString",
    "coordinates": [
     [
      80.130516,
      13.015429
     ],
     [
      80.129784,
      13.01487
     ],
     [
      80.12932,
      13.014493
     ],
     [
      80.128824,
      13.014023
     ],
     [
      80.128317,
      13.01333
     ],
     [
      80.127904,
      13.012612
     ],
     [
      80.127646,
      13.011867
     ]
    ]
   }
  },
  {
   "type": "Feature",
   "properties": {
    "source": "2015 Crowd-sourced Flooding",
    "type": "Flooded Street"
   },
   "geometry": {
    "type": "LineString",
    "coordinates": [
     [
      80.16089,
      13.04282
     ],
     [
      80.161257,
      13.042836
     ],
     [
      80.161434,
      13.042864
     ],
     [
      80.162132,
      13.042896
     ],
     [
      80.163261,
      13.04293
     ],
     [
      80.1634,
      13.043011
     ],
     [
      80.163623,
      13.043384
     ],
     [
      80.163829,
      13.043682
     ],
     [
      80.164074,
      13.044228
     ],
     [
      80.164251,
      13.044686
     ],
     [
      80.164371,
      13.045085
     ],
     [
      80.164497,
      13.045942
     ]
    ]
   }
  },
  {
   "type": "Feature",
   "properties": {
    "source": "2015 Crowd-sourced Flooding",
    "type": "Flooded Street"
   },
   "geometry": {
    "type": "LineString",
    "coordinates": [
     [
      80.189554,
      12.988704
     ],
     [
      80.189431,
      12.988714
     ],
     [
      80.189037,
      12.988759
     ]
    ]
   }
  },
  {
   "type": "Feature",
   "properties": {
    "source": "2015 Crowd-sourced Flooding",
    "type": "Flooded Street"
   },
   "geometry": {
    "type": "LineString",
    "coordinates": [
     [
      80.041161,
      13.112442
     ],
     [
      80.044892,
      13.112724
     ]
    ]
   }
  },
  {
   "type": "Feature",
   "properties": {
    "source": "2015 Crowd-sourced Flooding",
    "type": "Flooded Street"
   },
   "geometry": {
    "type": "LineString",
    "coordinates": [
     [
      80.099462,
      12.925813
     ],
     [
      80.099413,
      12.925648
     ],
     [
      80.099448,
      12.925549
     ],
     [
      80.099518,
      12.925512
     ],
     [
      80.099802,
      12.925463
     ],
     [
      80.099915,
      12.925452
     ],
     [
      80.099883,
      12.925813
     ],
     [
      80.099912,
      12.925852
     ],
     [
      80.099853,
      12.92614
     ],
     [
      80.099553,
      12.926208
     ],
     [
      80.099513,
      12.925988
     ],
     [
      80.099491,
      12.925842
     ],
     [
      80.099462,
      12.925813
     ]
    ]
   }
  },
  {
   "type": "Feature",
   "properties": {
    "source": "2015 Crowd-sourced Flooding",
    "type": "Flooded Street"
   },
   "geometry": {
    "type": "LineString",
    "coordinates": [
     [
      80.251127,
      13.03715
     ],
     [
      80.252074,
      13.037137
     ]
    ]
   }
  },
  {
   "type": "Feature",
   "properties": {
    "source": "2015 Crowd-sourced Flooding",
    "type": "Flooded Street"
   },
   "geometry": {
    "type": "LineString",
    "coordinates": [
     [
      80.2172,
      12.973194
     ],
     [
      80.217213,
      12.973545
     ]
    ]
   }
  },
  {
   "type": "Feature",
   "properties": {
    "source": "2015 Crowd-sourced Flooding",
    "type": "Flooded Street"
   },
   "geometry": {
    "type": "LineString",
    "coordinates": [
     [
      80.260995,
      13.093016
     ],
     [
      80.260604,
      13.093053
     ]
    ]
   }
  },
  {
   "type": "Feature",
   "properties": {
    "source": "2015 Crowd-sourced Flooding",
    "type": "Flooded Street"
   },
   "geometry": {
    "type": "LineString",
    "coordinates": [
     [
      80.023064,
      12.795681
     ],
     [
      80.0227,
      12.795106
     ],
     [
      80.023303,
      12.794708
     ],
     [
      80.023676,
      12.795302
     ]
    ]
   }
  },
  {
   "type": "Feature",
   "properties": {
    "source": "2015 Crowd-sourced Flooding",
    "type": "Flooded Street"
   },
   "geometry": {
    "type": "LineString",
    "coordinates": [
     [
      80.229991,
      12.858529
     ],
     [
      80.229809,
      12.858634
     ],
     [
      80.229098,
      12.858696
     ],
     [
      80.22846,
      12.858712
     ],
     [
      80.228377,
      12.858579
     ],
     [
      80.226314,
      12.858704
     ]
    ]
   }
  },
  {
   "type": "Feature",
   "properties": {
    "source": "2015 Crowd-sourced Flooding",
    "type": "Flooded Street"
   },
   "geometry": {
    "type": "LineString",
    "coordinates": [
     [
      80.112476,
      13.044707
     ],
     [
      80.11176,
      13.044973
     ]
    ]
   }
  },
  {
   "type": "Feature",
   "properties": {
    "source": "2015 Crowd-sourced Flooding",
    "type": "Flooded Street"
   },
   "geometry": {
    "type": "LineString",
    "coordinates": [
     [
      80.178394,
      12.957488
     ],
     [
      80.177122,
      12.958018
     ],
     [
      80.176251,
      12.958455
     ],
     [
      80.17591,
      12.958714
     ],
     [
      80.17583,
      12.958923
     ],
     [
      80.175586,
      12.959639
     ]
    ]
   }
  },
  {
   "type": "Feature",
   "properties": {
    "source": "2015 Crowd-sourced Flooding",
    "type": "Flooded Street"
   },
   "geometry": {
    "type": "LineString",
    "coordinates": [
     [
      80.202939,
      13.060034
     ],
     [
      80.203314,
      13.060031
     ],
     [
      80.203717,
      13.060055
     ],
     [
      80.204114,
      13.060057
     ]
    ]
   }
  },
  {
   "type": "Feature",
   "properties": {
    "source": "2015 Crowd-sourced Flooding",
    "type": "Flooded Street"
   },
   "geometry": {
    "type": "LineString",
    "coordinates": [
     [
      80.208397,
      13.028336
     ],
     [
      80.207155,
      13.028644
     ]
    ]
   }
  },
  {
   "type": "Feature",
   "properties": {
    "source": "2015 Crowd-sourced Flooding",
    "type": "Flooded Street"
   },
   "geometry": {
    "type": "LineString",
    "coordinates": [
     [
      80.253008,
      13.076664
     ],
     [
      80.253675,
      13.076782
     ],
     [
      80.254622,
      13.07693
     ],
     [
      80.255298,
      13.07704
     ]
    ]
   }
  },
  {
   "type": "Feature",
   "properties": {
    "source": "2015 Crowd-sourced Flooding",
    "type": "Flooded Street"
   },
   "geometry": {
    "type": "LineString",
    "coordinates": [
     [
      80.215078,
      12.906446
     ],
     [
      80.214928,
      12.903068
     ]
    ]
   }
  },
  {
   "type": "Feature",
   "properties": {
    "source": "2015 Crowd-sourced Flooding",
    "type": "Flooded Street"
   },
   "geometry": {
    "type": "LineString",
    "coordinates": [
     [
      80.207531,
      13.051435
     ],
     [
      80.205908,
      13.051518
     ]
    ]
   }
  },
  {
   "type": "Feature",
   "properties": {
    "source": "2015 Crowd-sourced Flooding",
    "type": "Flooded Street"
   },
   "geometry": {
    "type": "LineString",
    "coordinates": [
     [
      80.135985,
      13.100712
     ],
     [
      80.136023,
      13.101039
     ],
     [
      80.136098,
      13.10147
     ]
    ]
   }
  },
  {
   "type": "Feature",
   "properties": {
    "source": "2015 Crowd-sourced Flooding",
    "type": "Flooded Street"
   },
   "geometry": {
    "type": "LineString",
    "coordinates": [
     [
      80.147792,
      13.021445
     ],
     [
      80.148198,
      13.02139
     ],
     [
      80.148723,
      13.021306
     ],
     [
      80.149536,
      13.021191
     ]
    ]
   }
  },
  {
   "type": "Feature",
   "properties": {
    "source": "2015 Crowd-sourced Flooding",
    "type": "Flooded Street"
   },
   "geometry": {
    "type": "LineString",
    "coordinates": [
     [
      80.245358,
      13.047205
     ],
     [
      80.245385,
      13.047325
     ],
     [
      80.245395,
      13.047406
     ],
     [
      80.245414,
      13.047701
     ],
     [
      80.24546,
      13.047913
     ]
    ]
   }
  },
  {
   "type": "Feature",
   "properties": {
    "source": "2015 Crowd-sourced Flooding",
    "type": "Flooded Street"
   },
   "geometry": {
    "type": "LineString",
    "coordinates": [
     [
      80.248032,
      13.015288
     ],
     [
      80.247925,
      13.0143
     ],
     [
      80.247965,
      13.014093
     ],
     [
      80.247992,
      13.01389
     ],
     [
      80.247954,
      13.013539
     ],
     [
      80.247933,
      13.012413
     ],
     [
      80.247946,
      13.012369
     ],
     [
      80.247884,
      13.011119
     ],
     [
      80.247726,
      13.008979
     ],
     [
      80.247622,
      13.006773
     ]
    ]
   }
  },
  {
   "type": "Feature",
   "properties": {
    "source": "2015 Crowd-sourced Flooding",
    "type": "Flooded Street"
   },
   "geometry": {
    "type": "LineString",
    "coordinates": [
     [
      80.275576,
      13.081565
     ],
     [
      80.275374,
      13.081416
     ],
     [
      80.275294,
      13.081207
     ]
    ]
   }
  },
  {
   "type": "Feature",
   "properties": {
    "source": "2015 Crowd-sourced Flooding",
    "type": "Flooded Street"
   },
   "geometry": {
    "type": "LineString",
    "coordinates": [
     [
      80.245076,
      13.047832
     ],
     [
      80.244899,
      13.048001
     ],
     [
      80.244714,
      13.04809
     ],
     [
      80.243968,
      13.048294
     ]
    ]
   }
  },
  {
   "type": "Feature",
   "properties": {
    "source": "2015 Crowd-sourced Flooding",
    "type": "Flooded Street"
   },
   "geometry": {
    "type": "LineString",
    "coordinates": [
     [
      80.198229,
      12.937773
     ],
     [
      80.197912,
      12.937775
     ],
     [
      80.19788,
      12.937501
     ],
     [
      80.197236,
      12.937509
     ],
     [
      80.197223,
      12.936599
     ],
     [
      80.19721,
      12.936055
     ],
     [
      80.197944,
      12.936016
     ],
     [
      80.198752,
      12.936006
     ],
     [
      80.199884,
      12.93598
     ],
     [
      80.200366,
      12.935985
     ]
    ]
   }
  },
  {
   "type": "Feature",
   "properties": {
    "source": "2015 Crowd-sourced Flooding",
    "type": "Flooded Street"
   },
   "geometry": {
    "type": "LineString",
    "coordinates": [
     [
      80.149938,
      13.023658
     ],
     [
      80.151338,
      13.023308
     ]
    ]
   }
  },
  {
   "type": "Feature",
   "properties": {
    "source": "2015 Crowd-sourced Flooding",
    "type": "Flooded Street"
   },
   "geometry": {
    "type": "LineString",
    "coordinates": [
     [
      80.254762,
      13.126999
     ],
     [
      80.254896,
      13.126075
     ]
    ]
   }
  },
  {
   "type": "Feature",
   "properties": {
    "source": "2015 Crowd-sourced Flooding",
    "type": "Flooded Street"
   },
   "geometry": {
    "type": "LineString",
    "coordinates": [
     [
      80.278875,
      13.111736
     ],
     [
      80.280361,
      13.111567
     ],
     [
      80.28061,
      13.111533
     ],
     [
      80.28098,
      13.111412
     ]
    ]
   }
  },
  {
   "type": "Feature",
   "properties": {
    "source": "2015 Crowd-sourced Flooding",
    "type": "Flooded Street"
   },
   "geometry": {
    "type": "LineString",
    "coordinates": [
     [
      80.132107,
      13.035605
     ],
     [
      80.133655,
      13.035098
     ]
    ]
   }
  },
  {
   "type": "Feature",
   "properties": {
    "source": "2015 Crowd-sourced Flooding",
    "type": "Flooded Street"
   },
   "geometry": {
    "type": "LineString",
    "coordinates": [
     [
      80.188243,
      12.920914
     ],
     [
      80.187883,
      12.921029
     ],
     [
      80.187154,
      12.921254
     ]
    ]
   }
  },
  {
   "type": "Feature",
   "properties": {
    "source": "2015 Crowd-sourced Flooding",
    "type": "Flooded Street"
   },
   "geometry": {
    "type": "LineString",
    "coordinates": [
     [
      80.275396,
      13.089928
     ],
     [
      80.276329,
      13.089891
     ]
    ]
   }
  },
  {
   "type": "Feature",
   "properties": {
    "source": "2015 Crowd-sourced Flooding",
    "type": "Flooded Street"
   },
   "geometry": {
    "type": "LineString",
    "coordinates": [
     [
      80.218742,
      13.024207
     ],
     [
      80.218715,
      13.023804
     ],
     [
      80.218675,
      13.023399
     ],
     [
      80.218646,
      13.023203
     ],
     [
      80.218589,
      13.022895
     ]
    ]
   }
  },
  {
   "type": "Feature",
   "properties": {
    "source": "2015 Crowd-sourced Flooding",
    "type": "Flooded Street"
   },
   "geometry": {
    "type": "LineString",
    "coordinates": [
     [
      80.179445,
      13.037369
     ],
     [
      80.18069,
      13.03744
     ]
    ]
   }
  },
  {
   "type": "Feature",
   "properties": {
    "source": "2015 Crowd-sourced Flooding",
    "type": "Flooded Street"
   },
   "geometry": {
    "type": "LineString",
    "coordinates": [
     [
      80.205312,
      13.031892
     ],
     [
      80.205954,
      13.03172
     ]
    ]
   }
  },
  {
   "type": "Feature",
   "properties": {
    "source": "2015 Crowd-sourced Flooding",
    "type": "Flooded Street"
   },
   "geometry": {
    "type": "LineString",
    "coordinates": [
     [
      80.25808,
      13.168461
     ],
     [
      80.256875,
      13.16856
     ],
     [
      80.255883,
      13.168586
     ],
     [
      80.255832,
      13.168395
     ],
     [
      80.255548,
      13.16838
     ],
     [
      80.255279,
      13.168388
     ],
     [
      80.255341,
      13.169824
     ],
     [
      80.255644,
      13.171305
     ]
    ]
   }
  },
  {
   "type": "Feature",
   "properties": {
    "source": "2015 Crowd-sourced Flooding",
    "type": "Flooded Street"
   },
   "geometry": {
    "type": "LineString",
    "coordinates": [
     [
      80.200366,
      12.995138
     ],
     [
      80.200259,
      12.995091
     ],
     [
      80.199468,
      12.994785
     ],
     [
      80.197113,
      12.993892
     ],
     [
      80.196534,
      12.993685
     ]
    ]
   }
  },
  {
   "type": "Feature",
   "properties": {
    "source": "2015 Crowd-sourced Flooding",
    "type": "Flooded Street"
   },
   "geometry": {
    "type": "LineString",
    "coordinates": [
     [
      80.199294,
      12.942172
     ],
     [
      80.198875,
      12.942251
     ],
     [
      80.198065,
      12.942444
     ]
    ]
   }
  },
  {
   "type": "Feature",
   "properties": {
    "source": "2015 Crowd-sourced Flooding",
    "type": "Flooded Street"
   },
   "geometry": {
    "type": "LineString",
    "coordinates": [
     [
      80.24786,
      13.063517
     ],
     [
      80.24778,
      13.063566
     ],
     [
      80.247721,
      13.063642
     ]
    ]
   }
  },
  {
   "type": "Feature",
   "properties": {
    "source": "2015 Crowd-sourced Flooding",
    "type": "Flooded Street"
   },
   "geometry": {
    "type": "LineString",
    "coordinates": [
     [
      80.175089,
      13.04415
     ],
     [
      80.174671,
      13.044192
     ],
     [
      80.173904,
      13.044254
     ],
     [
      80.173249,
      13.044338
     ]
    ]
   }
  },
  {
   "type": "Feature",
   "properties": {
    "source": "2015 Crowd-sourced Flooding",
    "type": "Flooded Street"
   },
   "geometry": {
    "type": "LineString",
    "coordinates": [
     [
      80.209483,
      13.06932
     ],
     [
      80.209046,
      13.069328
     ],
     [
      80.208775,
      13.069314
     ],
     [
      80.207686,
      13.069529
     ]
    ]
   }
  },
  {
   "type": "Feature",
   "properties": {
    "source": "2015 Crowd-sourced Flooding",
    "type": "Flooded Street"
   },
   "geometry": {
    "type": "LineString",
    "coordinates": [
     [
      80.257586,
      13.074838
     ],
     [
      80.257664,
      13.074882
     ],
     [
      80.258063,
      13.075271
     ],
     [
      80.258224,
      13.075386
     ]
    ]
   }
  },
  {
   "type": "Feature",
   "properties": {
    "source": "2015 Crowd-sourced Flooding",
    "type": "Flooded Street"
   },
   "geometry": {
    "type": "LineString",
    "coordinates": [
     [
      80.278024,
      13.11852
     ],
     [
      80.278116,
      13.118677
     ],
     [
      80.278201,
      13.118724
     ],
     [
      80.280401,
      13.118262
     ]
    ]
   }
  },
  {
   "type": "Feature",
   "properties": {
    "source": "2015 Crowd-sourced Flooding",
    "type": "Flooded Street"
   },
   "geometry": {
    "type": "LineString",
    "coordinates": [
     [
      80.153455,
      13.021844
     ],
     [
      80.153377,
      13.021327
     ],
     [
      80.153288,
      13.020692
     ],
     [
      80.153197,
      13.020112
     ],
     [
      80.153144,
      13.019848
     ],
     [
      80.153087,
      13.019265
     ],
     [
      80.153023,
      13.019257
     ],
     [
      80.152891,
      13.01933
     ],
     [
      80.152846,
      13.019453
     ],
     [
      80.152765,
      13.019511
     ],
     [
      80.152688,
      13.019521
     ],
     [
      80.15262,
      13.019521
     ],
     [
      80.152556,
      13.019503
     ],
     [
      80.152486,
      13.019456
     ],
     [
      80.152435,
      13.019398
     ]
    ]
   }
  },
  {
   "type": "Feature",
   "properties": {
    "source": "2015 Crowd-sourced Flooding",
    "type": "Flooded Street"
   },
   "geometry": {
    "type": "LineString",
    "coordinates": [
     [
      80.178394,
      13.108568
     ],
     [
      80.177742,
      13.10862
     ],
     [
      80.176535,
      13.108735
     ],
     [
      80.174344,
      13.108936
     ],
     [
      80.171734,
      13.109158
     ],
     [
      80.171519,
      13.109182
     ],
     [
      80.170036,
      13.10931
     ],
     [
      80.169087,
      13.109417
     ],
     [
      80.168376,
      13.109458
     ],
     [
      80.167638,
      13.10932
     ],
     [
      80.167064,
      13.109205
     ]
    ]
   }
  },
  {
   "type": "Feature",
   "properties": {
    "source": "2015 Crowd-sourced Flooding",
    "type": "Flooded Street"
   },
   "geometry": {
    "type": "LineString",
    "coordinates": [
     [
      80.240154,
      12.943025
     ],
     [
      80.241235,
      12.942758
     ],
     [
      80.242078,
      12.942523
     ]
    ]
   }
  },
  {
   "type": "Feature",
   "properties": {
    "source": "2015 Crowd-sourced Flooding",
    "type": "Flooded Street"
   },
   "geometry": {
    "type": "LineString",
    "coordinates": [
     [
      80.272089,
      13.059807
     ],
     [
      80.272134,
      13.060238
     ],
     [
      80.272137,
      13.060324
     ],
     [
      80.27273,
      13.060324
     ],
     [
      80.272794,
      13.060374
     ],
     [
      80.273022,
      13.06035
     ]
    ]
   }
  },
  {
   "type": "Feature",
   "properties": {
    "source": "2015 Crowd-sourced Flooding",
    "type": "Flooded Street"
   },
   "geometry": {
    "type": "LineString",
    "coordinates": [
     [
      80.20943,
      12.943286
     ],
     [
      80.209497,
      12.94355
     ]
    ]
   }
  },
  {
   "type": "Feature",
   "properties": {
    "source": "2015 Crowd-sourced Flooding",
    "type": "Flooded Street"
   },
   "geometry": {
    "type": "LineString",
    "coordinates": [
     [
      80.284309,
      13.073717
     ],
     [
      80.284368,
      13.073584
     ],
     [
      80.284475,
      13.073518
     ],
     [
      80.284738,
      13.073526
     ],
     [
      80.284918,
      13.073474
     ]
    ]
   }
  },
  {
   "type": "Feature",
   "properties": {
    "source": "2015 Crowd-sourced Flooding",
    "type": "Flooded Street"
   },
   "geometry": {
    "type": "LineString",
    "coordinates": [
     [
      80.223307,
      13.029472
     ],
     [
      80.223345,
      13.03028
     ],
     [
      80.22335,
      13.030468
     ],
     [
      80.223374,
      13.030685
     ]
    ]
   }
  },
  {
   "type": "Feature",
   "properties": {
    "source": "2015 Crowd-sourced Flooding",
    "type": "Flooded Street"
   },
   "geometry": {
    "type": "LineString",
    "coordinates": [
     [
      80.177302,
      13.037876
     ],
     [
      80.178394,
      13.03808
     ]
    ]
   }
  },
  {
   "type": "Feature",
   "properties": {
    "source": "2015 Crowd-sourced Flooding",
    "type": "Flooded Street"
   },
   "geometry": {
    "type": "LineString",
    "coordinates": [
     [
      80.193908,
      12.974297
     ],
     [
      80.193916,
      12.974857
     ]
    ]
   }
  },
  {
   "type": "Feature",
   "properties": {
    "source": "2015 Crowd-sourced Flooding",
    "type": "Flooded Street"
   },
   "geometry": {
    "type": "LineString",
    "coordinates": [
     [
      80.104671,
      13.14351
     ],
     [
      80.104636,
      13.144691
     ],
     [
      80.104284,
      13.147198
     ],
     [
      80.104182,
      13.148946
     ],
     [
      80.103649,
      13.150074
     ],
     [
      80.102603,
      13.151186
     ],
     [
      80.102002,
      13.15198
     ],
     [
      80.101146,
      13.152785
     ]
    ]
   }
  },
  {
   "type": "Feature",
   "properties": {
    "source": "2015 Crowd-sourced Flooding",
    "type": "Flooded Street"
   },
   "geometry": {
    "type": "LineString",
    "coordinates": [
     [
      80.123186,
      13.069484
     ],
     [
      80.123033,
      13.071538
     ],
     [
      80.123084,
      13.072727
     ],
     [
      80.123197,
      13.07322
     ],
     [
      80.12324,
      13.074676
     ]
    ]
   }
  },
  {
   "type": "Feature",
   "properties": {
    "source": "2015 Crowd-sourced Flooding",
    "type": "Flooded Street"
   },
   "geometry": {
    "type": "LineString",
    "coordinates": [
     [
      80.201324,
      13.029512
     ],
     [
      80.200471,
      13.029681
     ]
    ]
   }
  },
  {
   "type": "Feature",
   "properties": {
    "source": "2015 Crowd-sourced Flooding",
    "type": "Flooded Street"
   },
   "geometry": {
    "type": "LineString",
    "coordinates": [
     [
      80.237199,
      12.972609
     ],
     [
      80.237091,
      12.971542
     ],
     [
      80.236987,
      12.970256
     ],
     [
      80.236879,
      12.969315
     ]
    ]
   }
  },
  {
   "type": "Feature",
   "properties": {
    "source": "2015 Crowd-sourced Flooding",
    "type": "Flooded Street"
   },
   "geometry": {
    "type": "LineString",
    "coordinates": [
     [
      80.233325,
      13.035221
     ],
     [
      80.230633,
      13.035995
     ]
    ]
   }
  },
  {
   "type": "Feature",
   "properties": {
    "source": "2015 Crowd-sourced Flooding",
    "type": "Flooded Street"
   },
   "geometry": {
    "type": "LineString",
    "coordinates": [
     [
      80.201616,
      13.022307
     ],
     [
      80.203266,
      13.021991
     ]
    ]
   }
  },
  {
   "type": "Feature",
   "properties": {
    "source": "2015 Crowd-sourced Flooding",
    "type": "Flooded Street"
   },
   "geometry": {
    "type": "LineString",
    "coordinates": [
     [
      80.217326,
      13.042757
     ],
     [
      80.217833,
      13.043452
     ]
    ]
   }
  },
  {
   "type": "Feature",
   "properties": {
    "source": "2015 Crowd-sourced Flooding",
    "type": "Flooded Street"
   },
   "geometry": {
    "type": "LineString",
    "coordinates": [
     [
      80.265222,
      13.027152
     ],
     [
      80.265112,
      13.026323
     ]
    ]
   }
  },
  {
   "type": "Feature",
   "properties": {
    "source": "2015 Crowd-sourced Flooding",
    "type": "Flooded Street"
   },
   "geometry": {
    "type": "LineString",
    "coordinates": [
     [
      80.068187,
      12.854719
     ],
     [
      80.070084,
      12.85724
     ],
     [
      80.071647,
      12.859381
     ],
     [
      80.072119,
      12.859988
     ],
     [
      80.072688,
      12.860856
     ],
     [
      80.073117,
      12.861437
     ],
     [
      80.073568,
      12.862289
     ],
     [
      80.074804,
      12.865527
     ]
    ]
   }
  },
  {
   "type": "Feature",
   "properties": {
    "source": "2015 Crowd-sourced Flooding",
    "type": "Flooded Street"
   },
   "geometry": {
    "type": "LineString",
    "coordinates": [
     [
      80.224021,
      13.018254
     ],
     [
      80.223777,
      13.020031
     ],
     [
      80.223627,
      13.020681
     ]
    ]
   }
  },
  {
   "type": "Feature",
   "properties": {
    "source": "2015 Crowd-sourced Flooding",
    "type": "Flooded Street"
   },
   "geometry": {
    "type": "LineString",
    "coordinates": [
     [
      80.207571,
      13.051997
     ],
     [
      80.205927,
      13.05207
     ]
    ]
   }
  },
  {
   "type": "Feature",
   "properties": {
    "source": "2015 Crowd-sourced Flooding",
    "type": "Flooded Street"
   },
   "geometry": {
    "type": "LineString",
    "coordinates": [
     [
      80.259729,
      13.026363
     ],
     [
      80.257669,
      13.026365
     ]
    ]
   }
  },
  {
   "type": "Feature",
   "properties": {
    "source": "2015 Crowd-sourced Flooding",
    "type": "Flooded Street"
   },
   "geometry": {
    "type": "LineString",
    "coordinates": [
     [
      80.220749,
      12.78134
     ],
     [
      80.221009,
      12.782279
     ],
     [
      80.221237,
      12.783077
     ],
     [
      80.221363,
      12.783411
     ]
    ]
   }
  },
  {
   "type": "Feature",
   "properties": {
    "source": "2015 Crowd-sourced Flooding",
    "type": "Flooded Street"
   },
   "geometry": {
    "type": "LineString",
    "coordinates": [
     [
      80.211865,
      13.021923
     ],
     [
      80.212884,
      13.022048
     ]
    ]
   }
  },
  {
   "type": "Feature",
   "properties": {
    "source": "2015 Crowd-sourced Flooding",
    "type": "Flooded Street"
   },
   "geometry": {
    "type": "LineString",
    "coordinates": [
     [
      80.191252,
      13.037928
     ],
     [
      80.191156,
      13.037144
     ],
     [
      80.191322,
      13.036515
     ],
     [
      80.191333,
      13.036502
     ]
    ]
   }
  },
  {
   "type": "Feature",
   "properties": {
    "source": "2015 Crowd-sourced Flooding",
    "type": "Flooded Street"
   },
   "geometry": {
    "type": "LineString",
    "coordinates": [
     [
      80.255298,
      13.095093
     ],
     [
      80.254955,
      13.096339
     ],
     [
      80.255041,
      13.097596
     ]
    ]
   }
  },
  {
   "type": "Feature",
   "properties": {
    "source": "2015 Crowd-sourced Flooding",
    "type": "Flooded Street"
   },
   "geometry": {
    "type": "LineString",
    "coordinates": [
     [
      80.268162,
      13.068633
     ],
     [
      80.267966,
      13.068531
     ],
     [
      80.267746,
      13.068447
     ],
     [
      80.267687,
      13.068397
     ],
     [
      80.267424,
      13.068269
     ],
     [
      80.267017,
      13.068259
     ]
    ]
   }
  },
  {
   "type": "Feature",
   "properties": {
    "source": "2015 Crowd-sourced Flooding",
    "type": "Flooded Street"
   },
   "geometry": {
    "type": "LineString",
    "coordinates": [
     [
      80.262669,
      13.165214
     ],
     [
      80.261196,
      13.165277
     ],
     [
      80.258595,
      13.16541
     ],
     [
      80.257785,
      13.165436
     ],
     [
      80.256873,
      13.165345
     ],
     [
      80.256328,
      13.165449
     ]
    ]
   }
  },
  {
   "type": "Feature",
   "properties": {
    "source": "2015 Crowd-sourced Flooding",
    "type": "Flooded Street"
   },
   "geometry": {
    "type": "LineString",
    "coordinates": [
     [
      80.273824,
      13.0655
     ],
     [
      80.273494,
      13.065466
     ],
     [
      80.273247,
      13.065468
     ],
     [
      80.273052,
      13.065453
     ],
     [
      80.272802,
      13.065466
     ],
     [
      80.27266,
      13.065468
     ],
     [
      80.272574,
      13.065482
     ],
     [
      80.272397,
      13.0655
     ],
     [
      80.271711,
      13.065563
     ],
     [
      80.270769,
      13.06557
     ]
    ]
   }
  },
  {
   "type": "Feature",
   "properties": {
    "source": "2015 Crowd-sourced Flooding",
    "type": "Flooded Street"
   },
   "geometry": {
    "type": "LineString",
    "coordinates": [
     [
      80.14628,
      12.988879
     ],
     [
      80.145092,
      12.989002
     ]
    ]
   }
  },
  {
   "type": "Feature",
   "properties": {
    "source": "2015 Crowd-sourced Flooding",
    "type": "Flooded Street"
   },
   "geometry": {
    "type": "LineString",
    "coordinates": [
     [
      80.230386,
      12.980447
     ],
     [
      80.230356,
      12.980058
     ]
    ]
   }
  },
  {
   "type": "Feature",
   "properties": {
    "source": "2015 Crowd-sourced Flooding",
    "type": "Flooded Street"
   },
   "geometry": {
    "type": "LineString",
    "coordinates": [
     [
      80.199151,
      13.05809
     ],
     [
      80.197134,
      13.058113
     ]
    ]
   }
  },
  {
   "type": "Feature",
   "properties": {
    "source": "2015 Crowd-sourced Flooding",
    "type": "Flooded Street"
   },
   "geometry": {
    "type": "LineString",
    "coordinates": [
     [
      80.258085,
      13.058181
     ],
     [
      80.257932,
      13.058396
     ],
     [
      80.257656,
      13.059078
     ],
     [
      80.258283,
      13.059464
     ]
    ]
   }
  },
  {
   "type": "Feature",
   "properties": {
    "source": "2015 Crowd-sourced Flooding",
    "type": "Flooded Street"
   },
   "geometry": {
    "type": "LineString",
    "coordinates": [
     [
      80.06988,
      12.867354
     ],
     [
      80.06897,
      12.867349
     ],
     [
      80.068329,
      12.867409
     ],
     [
      80.068268,
      12.867553
     ],
     [
      80.068187,
      12.867558
     ]
    ]
   }
  },
  {
   "type": "Feature",
   "properties": {
    "source": "2015 Crowd-sourced Flooding",
    "type": "Flooded Street"
   },
   "geometry": {
    "type": "LineString",
    "coordinates": [
     [
      80.19033,
      13.025798
     ],
     [
      80.190421,
      13.026214
     ],
     [
      80.19052,
      13.026504
     ],
     [
      80.190617,
      13.026645
     ],
     [
      80.190665,
      13.026951
     ],
     [
      80.190737,
      13.027316
     ],
     [
      80.190786,
      13.027672
     ],
     [
      80.190855,
      13.028025
     ],
     [
      80.191212,
      13.027978
     ]
    ]
   }
  },
  {
   "type": "Feature",
   "properties": {
    "source": "2015 Crowd-sourced Flooding",
    "type": "Flooded Street"
   },
   "geometry": {
    "type": "LineString",
    "coordinates": [
     [
      80.211597,
      12.936351
     ],
     [
      80.213681,
      12.93617
     ]
    ]
   }
  },
  {
   "type": "Feature",
   "properties": {
    "source": "2015 Crowd-sourced Flooding",
    "type": "Flooded Street"
   },
   "geometry": {
    "type": "LineString",
    "coordinates": [
     [
      80.145,
      12.982949
     ],
     [
      80.144118,
      12.983189
     ],
     [
      80.143426,
      12.983314
     ]
    ]
   }
  },
  {
   "type": "Feature",
   "properties": {
    "source": "2015 Crowd-sourced Flooding",
    "type": "Flooded Street"
   },
   "geometry": {
    "type": "LineString",
    "coordinates": [
     [
      80.203132,
      13.043758
     ],
     [
      80.203145,
      13.044176
     ],
     [
      80.203191,
      13.044456
     ],
     [
      80.203244,
      13.045041
     ],
     [
      80.203255,
      13.045339
     ],
     [
      80.203274,
      13.045629
     ]
    ]
   }
  },
  {
   "type": "Feature",
   "properties": {
    "source": "2015 Crowd-sourced Flooding",
    "type": "Flooded Street"
   },
   "geometry": {
    "type": "LineString",
    "coordinates": [
     [
      80.216639,
      13.018335
     ],
     [
      80.217079,
      13.019764
     ]
    ]
   }
  },
  {
   "type": "Feature",
   "properties": {
    "source": "2015 Crowd-sourced Flooding",
    "type": "Flooded Street"
   },
   "geometry": {
    "type": "LineString",
    "coordinates": [
     [
      80.10149,
      13.111527
     ],
     [
      80.100996,
      13.111564
     ],
     [
      80.099676,
      13.111689
     ],
     [
      80.099553,
      13.111514
     ],
     [
      80.099003,
      13.111747
     ]
    ]
   }
  },
  {
   "type": "Feature",
   "properties": {
    "source": "2015 Crowd-sourced Flooding",
    "type": "Flooded Street"
   },
   "geometry": {
    "type": "LineString",
    "coordinates": [
     [
      80.255298,
      12.988233
     ],
     [
      80.254488,
      12.988364
     ],
     [
      80.25337,
      12.988461
     ]
    ]
   }
  },
  {
   "type": "Feature",
   "properties": {
    "source": "2015 Crowd-sourced Flooding",
    "type": "Flooded Street"
   },
   "geometry": {
    "type": "LineString",
    "coordinates": [
     [
      80.271405,
      13.080254
     ],
     [
      80.271453,
      13.079488
     ],
     [
      80.271504,
      13.079426
     ],
     [
      80.271748,
      13.079311
     ]
    ]
   }
  },
  {
   "type": "Feature",
   "properties": {
    "source": "2015 Crowd-sourced Flooding",
    "type": "Flooded Street"
   },
   "geometry": {
    "type": "LineString",
    "coordinates": [
     [
      80.191226,
      13.028835
     ],
     [
      80.192462,
      13.028762
     ]
    ]
   }
  },
  {
   "type": "Feature",
   "properties": {
    "source": "2015 Crowd-sourced Flooding",
    "type": "Flooded Street"
   },
   "geometry": {
    "type": "LineString",
    "coordinates": [
     [
      80.222339,
      12.86964
     ],
     [
      80.217369,
      12.870513
     ],
     [
      80.213933,
      12.871224
     ]
    ]
   }
  },
  {
   "type": "Feature",
   "properties": {
    "source": "2015 Crowd-sourced Flooding",
    "type": "Flooded Street"
   },
   "geometry": {
    "type": "LineString",
    "coordinates": [
     [
      80.179542,
      13.08712
     ],
     [
      80.17805,
      13.087122
     ]
    ]
   }
  },
  {
   "type": "Feature",
   "properties": {
    "source": "2015 Crowd-sourced Flooding",
    "type": "Flooded Street"
   },
   "geometry": {
    "type": "LineString",
    "coordinates": [
     [
      80.207445,
      12.821263
     ],
     [
      80.20748,
      12.820343
     ],
     [
      80.207498,
      12.81972
     ],
     [
      80.207507,
      12.81909
     ],
     [
      80.207461,
      12.818794
     ],
     [
      80.207512,
      12.818677
     ],
     [
      80.207772,
      12.818669
     ],
     [
      80.20767,
      12.817285
     ],
     [
      80.207619,
      12.816378
     ],
     [
      80.207498,
      12.816142
     ],
     [
      80.207005,
      12.816187
     ],
     [
      80.206772,
      12.816043
     ],
     [
      80.20594,
      12.815308
     ],
     [
      80.205374,
      12.814769
     ]
    ]
   }
  },
  {
   "type": "Feature",
   "properties": {
    "source": "2015 Crowd-sourced Flooding",
    "type": "Flooded Street"
   },
   "geometry": {
    "type": "LineString",
    "coordinates": [
     [
      80.280041,
      13.133146
     ],
     [
      80.279636,
      13.131795
     ],
     [
      80.279151,
      13.130233
     ],
     [
      80.278676,
      13.128648
     ]
    ]
   }
  },
  {
   "type": "Feature",
   "properties": {
    "source": "2015 Crowd-sourced Flooding",
    "type": "Flooded Street"
   },
   "geometry": {
    "type": "LineString",
    "coordinates": [
     [
      80.230917,
      12.882957
     ],
     [
      80.230804,
      12.882204
     ],
     [
      80.230539,
      12.881283
     ]
    ]
   }
  },
  {
   "type": "Feature",
   "properties": {
    "source": "2015 Crowd-sourced Flooding",
    "type": "Flooded Street"
   },
   "geometry": {
    "type": "LineString",
    "coordinates": [
     [
      80.111199,
      12.897656
     ],
     [
      80.11118,
      12.897206
     ],
     [
      80.109678,
      12.896895
     ]
    ]
   }
  },
  {
   "type": "Feature",
   "properties": {
    "source": "2015 Crowd-sourced Flooding",
    "type": "Flooded Street"
   },
   "geometry": {
    "type": "LineString",
    "coordinates": [
     [
      80.231038,
      13.044871
     ],
     [
      80.230914,
      13.044244
     ],
     [
      80.23078,
      13.043633
     ],
     [
      80.230654,
      13.04288
     ]
    ]
   }
  },
  {
   "type": "Feature",
   "properties": {
    "source": "2015 Crowd-sourced Flooding",
    "type": "Flooded Street"
   },
   "geometry": {
    "type": "LineString",
    "coordinates": [
     [
      80.184397,
      13.066203
     ],
     [
      80.184209,
      13.065487
     ],
     [
      80.183989,
      13.064483
     ],
     [
      80.18367,
      13.062958
     ]
    ]
   }
  },
  {
   "type": "Feature",
   "properties": {
    "source": "2015 Crowd-sourced Flooding",
    "type": "Flooded Street"
   },
   "geometry": {
    "type": "LineString",
    "coordinates": [
     [
      80.243478,
      12.939239
     ],
     [
      80.243555,
      12.93959
     ]
    ]
   }
  },
  {
   "type": "Feature",
   "properties": {
    "source": "2015 Crowd-sourced Flooding",
    "type": "Flooded Street"
   },
   "geometry": {
    "type": "LineString",
    "coordinates": [
     [
      80.217795,
      13.081456
     ],
     [
      80.211009,
      13.081714
     ]
    ]
   }
  },
  {
   "type": "Feature",
   "properties": {
    "source": "2015 Crowd-sourced Flooding",
    "type": "Flooded Street"
   },
   "geometry": {
    "type": "LineString",
    "coordinates": [
     [
      80.244288,
      12.947853
     ],
     [
      80.243083,
      12.948015
     ]
    ]
   }
  },
  {
   "type": "Feature",
   "properties": {
    "source": "2015 Crowd-sourced Flooding",
    "type": "Flooded Street"
   },
   "geometry": {
    "type": "LineString",
    "coordinates": [
     [
      80.259426,
      13.007652
     ],
     [
      80.259732,
      13.00733
     ]
    ]
   }
  },
  {
   "type": "Feature",
   "properties": {
    "source": "2015 Crowd-sourced Flooding",
    "type": "Flooded Street"
   },
   "geometry": {
    "type": "LineString",
    "coordinates": [
     [
      80.249553,
      13.095192
     ],
     [
      80.249561,
      13.095435
     ],
     [
      80.249593,
      13.095809
     ],
     [
      80.249612,
      13.096229
     ],
     [
      80.249478,
      13.09764
     ]
    ]
   }
  },
  {
   "type": "Feature",
   "properties": {
    "source": "2015 Crowd-sourced Flooding",
    "type": "Flooded Street"
   },
   "geometry": {
    "type": "LineString",
    "coordinates": [
     [
      80.254456,
      13.060648
     ],
     [
      80.255274,
      13.060554
     ],
     [
      80.25522,
      13.060013
     ]
    ]
   }
  },
  {
   "type": "Feature",
   "properties": {
    "source": "2015 Crowd-sourced Flooding",
    "type": "Flooded Street"
   },
   "geometry": {
    "type": "LineString",
    "coordinates": [
     [
      80.264434,
      12.964854
     ],
     [
      80.262315,
      12.965269
     ],
     [
      80.262068,
      12.965314
     ],
     [
      80.261926,
      12.965332
     ],
     [
      80.261261,
      12.96545
     ],
     [
      80.260333,
      12.965606
     ],
     [
      80.259793,
      12.965685
     ],
     [
      80.259466,
      12.965727
     ],
     [
      80.25684,
      12.96615
     ]
    ]
   }
  },
  {
   "type": "Feature",
   "properties": {
    "source": "2015 Crowd-sourced Flooding",
    "type": "Flooded Street"
   },
   "geometry": {
    "type": "LineString",
    "coordinates": [
     [
      80.230595,
      13.114388
     ],
     [
      80.230498,
      13.114735
     ],
     [
      80.230324,
      13.11501
     ],
     [
      80.230034,
      13.115347
     ],
     [
      80.229965,
      13.115404
     ],
     [
      80.229806,
      13.115522
     ],
     [
      80.229535,
      13.115699
     ],
     [
      80.229031,
      13.115895
     ],
     [
      80.228621,
      13.115989
     ]
    ]
   }
  },
  {
   "type": "Feature",
   "properties": {
    "source": "2015 Crowd-sourced Flooding",
    "type": "Flooded Street"
   },
   "geometry": {
    "type": "LineString",
    "coordinates": [
     [
      80.207861,
      12.972609
     ],
     [
      80.207818,
      12.972269
     ],
     [
      80.207684,
      12.971383
     ],
     [
      80.207595,
      12.970868
     ],
     [
      80.207547,
      12.970405
     ],
     [
      80.207515,
      12.969872
     ]
    ]
   }
  },
  {
   "type": "Feature",
   "properties": {
    "source": "2015 Crowd-sourced Flooding",
    "type": "Flooded Street"
   },
   "geometry": {
    "type": "LineString",
    "coordinates": [
     [
      80.207515,
      12.969872
     ],
     [
      80.20748,
      12.969506
     ],
     [
      80.207415,
      12.968976
     ],
     [
      80.207391,
      12.968803
     ],
     [
      80.207351,
      12.968563
     ],
     [
      80.207335,
      12.968307
     ],
     [
      80.20756,
      12.968262
     ],
     [
      80.207421,
      12.967658
     ],
     [
      80.207308,
      12.967143
     ],
     [
      80.207297,
      12.966608
     ],
     [
      80.207311,
      12.966537
     ],
     [
      80.207265,
      12.96597
     ],
     [
      80.207254,
      12.965884
     ],
     [
      80.207171,
      12.965575
     ],
     [
      80.20708,
      12.965259
     ]
    ]
   }
  },
  {
   "type": "Feature",
   "properties": {
    "source": "2015 Crowd-sourced Flooding",
    "type": "Flooded Street"
   },
   "geometry": {
    "type": "LineString",
    "coordinates": [
     [
      80.213909,
      12.996675
     ],
     [
      80.213724,
      12.99575
     ]
    ]
   }
  },
  {
   "type": "Feature",
   "properties": {
    "source": "2015 Crowd-sourced Flooding",
    "type": "Flooded Street"
   },
   "geometry": {
    "type": "LineString",
    "coordinates": [
     [
      80.220065,
      13.015429
     ],
     [
      80.219432,
      13.014133
     ],
     [
      80.219059,
      13.01355
     ],
     [
      80.218681,
      13.013035
     ],
     [
      80.218238,
      13.012583
     ],
     [
      80.217726,
      13.012167
     ],
     [
      80.216073,
      13.010929
     ],
     [
      80.21474,
      13.009938
     ],
     [
      80.214405,
      13.009719
     ],
     [
      80.213418,
      13.009086
     ],
     [
      80.212498,
      13.008514
     ],
     [
      80.211844,
      13.008023
     ],
     [
      80.211417,
      13.007649
     ],
     [
      80.211224,
      13.007458
     ],
     [
      80.211009,
      13.007231
     ]
    ]
   }
  },
  {
   "type": "Feature",
   "properties": {
    "source": "2015 Crowd-sourced Flooding",
    "type": "Flooded Street"
   },
   "geometry": {
    "type": "LineString",
    "coordinates": [
     [
      80.201445,
      12.967266
     ],
     [
      80.20038,
      12.967337
     ],
     [
      80.200023,
      12.967373
     ]
    ]
   }
  },
  {
   "type": "Feature",
   "properties": {
    "source": "2015 Crowd-sourced Flooding",
    "type": "Flooded Street"
   },
   "geometry": {
    "type": "LineString",
    "coordinates": [
     [
      80.123119,
      13.088941
     ],
     [
      80.123736,
      13.090346
     ]
    ]
   }
  },
  {
   "type": "Feature",
   "properties": {
    "source": "2015 Crowd-sourced Flooding",
    "type": "Flooded Street"
   },
   "geometry": {
    "type": "LineString",
    "coordinates": [
     [
      80.21425,
      12.993685
     ],
     [
      80.214268,
      12.993701
     ],
     [
      80.21437,
      12.993873
     ],
     [
      80.214545,
      12.99415
     ],
     [
      80.214746,
      12.994417
     ],
     [
      80.214818,
      12.994461
     ],
     [
      80.214861,
      12.994524
     ],
     [
      80.214982,
      12.994746
     ],
     [
      80.215054,
      12.994887
     ],
     [
      80.215084,
      12.994974
     ],
     [
      80.215221,
      12.995222
     ],
     [
      80.215253,
      12.99536
     ],
     [
      80.215288,
      12.995483
     ],
     [
      80.215312,
      12.995622
     ],
     [
      80.215406,
      12.995912
     ],
     [
      80.215516,
      12.99632
     ]
    ]
   }
  },
  {
   "type": "Feature",
   "properties": {
    "source": "2015 Crowd-sourced Flooding",
    "type": "Flooded Street"
   },
   "geometry": {
    "type": "LineString",
    "coordinates": [
     [
      80.203843,
      12.967538
     ],
     [
      80.205031,
      12.967303
     ]
    ]
   }
  },
  {
   "type": "Feature",
   "properties": {
    "source": "2015 Crowd-sourced Flooding",
    "type": "Flooded Street"
   },
   "geometry": {
    "type": "LineString",
    "coordinates": [
     [
      80.22298,
      12.98597
     ],
     [
      80.222798,
      12.985973
     ],
     [
      80.222634,
      12.986114
     ],
     [
      80.222572,
      12.986244
     ],
     [
      80.222347,
      12.98637
     ],
     [
      80.222226,
      12.986385
     ],
     [
      80.221996,
      12.986435
     ]
    ]
   }
  },
  {
   "type": "Feature",
   "properties": {
    "source": "2015 Crowd-sourced Flooding",
    "type": "Flooded Street"
   },
   "geometry": {
    "type": "LineString",
    "coordinates": [
     [
      80.260595,
      12.975515
     ],
     [
      80.260483,
      12.975089
     ],
     [
      80.260365,
      12.974551
     ],
     [
      80.260335,
      12.974336
     ]
    ]
   }
  },
  {
   "type": "Feature",
   "properties": {
    "source": "2015 Crowd-sourced Flooding",
    "type": "Flooded Street"
   },
   "geometry": {
    "type": "LineString",
    "coordinates": [
     [
      80.137702,
      13.09955
     ],
     [
      80.135878,
      13.099769
     ],
     [
      80.135331,
      13.099868
     ],
     [
      80.134695,
      13.100054
     ],
     [
      80.134105,
      13.100302
     ]
    ]
   }
  },
  {
   "type": "Feature",
   "properties": {
    "source": "2015 Crowd-sourced Flooding",
    "type": "Flooded Street"
   },
   "geometry": {
    "type": "LineString",
    "coordinates": [
     [
      80.251953,
      13.060669
     ],
     [
      80.251919,
      13.060836
     ],
     [
      80.251755,
      13.060927
     ],
     [
      80.251581,
      13.060959
     ],
     [
      80.251326,
      13.060967
     ],
     [
      80.250052,
      13.060731
     ],
     [
      80.249357,
      13.060567
     ],
     [
      80.247828,
      13.059783
     ]
    ]
   }
  },
  {
   "type": "Feature",
   "properties": {
    "source": "2015 Crowd-sourced Flooding",
    "type": "Flooded Street"
   },
   "geometry": {
    "type": "LineString",
    "coordinates": [
     [
      80.229029,
      13.03376
     ],
     [
      80.229224,
      13.03374
     ],
     [
      80.229257,
      13.032668
     ],
     [
      80.229342,
      13.032261
     ],
     [
      80.229372,
      13.032083
     ]
    ]
   }
  },
  {
   "type": "Feature",
   "properties": {
    "source": "2015 Crowd-sourced Flooding",
    "type": "Flooded Street"
   },
   "geometry": {
    "type": "LineString",
    "coordinates": [
     [
      80.229259,
      13.114121
     ],
     [
      80.229713,
      13.114275
     ]
    ]
   }
  },
  {
   "type": "Feature",
   "properties": {
    "source": "2015 Crowd-sourced Flooding",
    "type": "Flooded Street"
   },
   "geometry": {
    "type": "LineString",
    "coordinates": [
     [
      80.262339,
      12.96815
     ],
     [
      80.262988,
      12.967899
     ],
     [
      80.262886,
      12.967522
     ]
    ]
   }
  },
  {
   "type": "Feature",
   "properties": {
    "source": "2015 Crowd-sourced Flooding",
    "type": "Flooded Street"
   },
   "geometry": {
    "type": "LineString",
    "coordinates": [
     [
      80.12932,
      12.9869
     ],
     [
      80.129435,
      12.98718
     ],
     [
      80.129674,
      12.987611
     ],
     [
      80.1298,
      12.987912
     ],
     [
      80.129873,
      12.988194
     ]
    ]
   }
  },
  {
   "type": "Feature",
   "properties": {
    "source": "2015 Crowd-sourced Flooding",
    "type": "Flooded Street"
   },
   "geometry": {
    "type": "LineString",
    "coordinates": [
     [
      80.125039,
      13.038145
     ],
     [
      80.124878,
      13.038239
     ],
     [
      80.124943,
      13.038553
     ],
     [
      80.123918,
      13.038835
     ]
    ]
   }
  },
  {
   "type": "Feature",
   "properties": {
    "source": "2015 Crowd-sourced Flooding",
    "type": "Flooded Street"
   },
   "geometry": {
    "type": "LineString",
    "coordinates": [
     [
      80.210521,
      13.026833
     ],
     [
      80.211353,
      13.026185
     ]
    ]
   }
  },
  {
   "type": "Feature",
   "properties": {
    "source": "2015 Crowd-sourced Flooding",
    "type": "Flooded Street"
   },
   "geometry": {
    "type": "LineString",
    "coordinates": [
     [
      80.268095,
      13.069228
     ],
     [
      80.267542,
      13.069207
     ],
     [
      80.266993,
      13.069218
     ]
    ]
   }
  },
  {
   "type": "Feature",
   "properties": {
    "source": "2015 Crowd-sourced Flooding",
    "type": "Flooded Street"
   },
   "geometry": {
    "type": "LineString",
    "coordinates": [
     [
      80.179684,
      13.014344
     ],
     [
      80.181376,
      13.014012
     ]
    ]
   }
  },
  {
   "type": "Feature",
   "properties": {
    "source": "2015 Crowd-sourced Flooding",
    "type": "Flooded Street"
   },
   "geometry": {
    "type": "LineString",
    "coordinates": [
     [
      80.271998,
      13.078051
     ],
     [
      80.271837,
      13.077443
     ],
     [
      80.27178,
      13.077283
     ],
     [
      80.271753,
      13.077053
     ],
     [
      80.271668,
      13.076635
     ],
     [
      80.271284,
      13.075015
     ],
     [
      80.271061,
      13.074305
     ],
     [
      80.270533,
      13.07233
     ],
     [
      80.270493,
      13.071959
     ],
     [
      80.270493,
      13.071554
     ],
     [
      80.270498,
      13.071331
     ],
     [
      80.270461,
      13.07061
     ],
     [
      80.270375,
      13.070145
     ]
    ]
   }
  },
  {
   "type": "Feature",
   "properties": {
    "source": "2015 Crowd-sourced Flooding",
    "type": "Flooded Street"
   },
   "geometry": {
    "type": "LineString",
    "coordinates": [
     [
      80.218729,
      12.893311
     ],
     [
      80.215467,
      12.893635
     ],
     [
      80.214826,
      12.893716
     ]
    ]
   }
  },
  {
   "type": "Feature",
   "properties": {
    "source": "2015 Crowd-sourced Flooding",
    "type": "Flooded Street"
   },
   "geometry": {
    "type": "LineString",
    "coordinates": [
     [
      80.211353,
      13.082459
     ],
     [
      80.210116,
      13.082506
     ]
    ]
   }
  },
  {
   "type": "Feature",
   "properties": {
    "source": "2015 Crowd-sourced Flooding",
    "type": "Flooded Street"
   },
   "geometry": {
    "type": "LineString",
    "coordinates": [
     [
      80.264297,
      12.977922
     ],
     [
      80.264305,
      12.978158
     ]
    ]
   }
  },
  {
   "type": "Feature",
   "properties": {
    "source": "2015 Crowd-sourced Flooding",
    "type": "Flooded Street"
   },
   "geometry": {
    "type": "LineString",
    "coordinates": [
     [
      80.112133,
      13.113858
     ],
     [
      80.112323,
      13.113787
     ],
     [
      80.114922,
      13.113118
     ],
     [
      80.118838,
      13.111689
     ],
     [
      80.119763,
      13.111496
     ],
     [
      80.119983,
      13.111412
     ]
    ]
   }
  },
  {
   "type": "Feature",
   "properties": {
    "source": "2015 Crowd-sourced Flooding",
    "type": "Flooded Street"
   },
   "geometry": {
    "type": "LineString",
    "coordinates": [
     [
      80.196923,
      12.951936
     ],
     [
      80.196957,
      12.952344
     ],
     [
      80.197016,
      12.952746
     ]
    ]
   }
  },
  {
   "type": "Feature",
   "properties": {
    "source": "2015 Crowd-sourced Flooding",
    "type": "Flooded Street"
   },
   "geometry": {
    "type": "LineString",
    "coordinates": [
     [
      80.127705,
      12.954511
     ],
     [
      80.127748,
      12.954853
     ],
     [
      80.127123,
      12.95502
     ]
    ]
   }
  },
  {
   "type": "Feature",
   "properties": {
    "source": "2015 Crowd-sourced Flooding",
    "type": "Flooded Street"
   },
   "geometry": {
    "type": "LineString",
    "coordinates": [
     [
      80.254603,
      12.978633
     ],
     [
      80.255215,
      12.978513
     ],
     [
      80.255298,
      12.978503
     ]
    ]
   }
  },
  {
   "type": "Feature",
   "properties": {
    "source": "2015 Crowd-sourced Flooding",
    "type": "Flooded Street"
   },
   "geometry": {
    "type": "LineString",
    "coordinates": [
     [
      80.248568,
      13.171352
     ],
     [
      80.249065,
      13.167766
     ]
    ]
   }
  },
  {
   "type": "Feature",
   "properties": {
    "source": "2015 Crowd-sourced Flooding",
    "type": "Flooded Street"
   },
   "geometry": {
    "type": "LineString",
    "coordinates": [
     [
      80.140293,
      12.928106
     ],
     [
      80.140301,
      12.928453
     ],
     [
      80.14032,
      12.928822
     ],
     [
      80.140392,
      12.929601
     ],
     [
      80.139445,
      12.929614
     ],
     [
      80.137753,
      12.92951
     ]
    ]
   }
  },
  {
   "type": "Feature",
   "properties": {
    "source": "2015 Crowd-sourced Flooding",
    "type": "Flooded Street"
   },
   "geometry": {
    "type": "LineString",
    "coordinates": [
     [
      80.287737,
      13.13138
     ],
     [
      80.28771,
      13.131072
     ],
     [
      80.28584,
      13.131234
     ]
    ]
   }
  },
  {
   "type": "Feature",
   "properties": {
    "source": "2015 Crowd-sourced Flooding",
    "type": "Flooded Street"
   },
   "geometry": {
    "type": "LineString",
    "coordinates": [
     [
      80.167783,
      13.050654
     ],
     [
      80.168191,
      13.050646
     ]
    ]
   }
  },
  {
   "type": "Feature",
   "properties": {
    "source": "2015 Crowd-sourced Flooding",
    "type": "Flooded Street"
   },
   "geometry": {
    "type": "LineString",
    "coordinates": [
     [
      80.278113,
      13.08335
     ],
     [
      80.27822,
      13.083412
     ],
     [
      80.278818,
      13.083595
     ],
     [
      80.279084,
      13.083708
     ]
    ]
   }
  },
  {
   "type": "Feature",
   "properties": {
    "source": "2015 Crowd-sourced Flooding",
    "type": "Flooded Street"
   },
   "geometry": {
    "type": "LineString",
    "coordinates": [
     [
      79.99705,
      13.12328
     ],
     [
      79.998686,
      13.12305
     ],
     [
      80.000427,
      13.122992
     ],
     [
      80.001218,
      13.123
     ],
     [
      80.001733,
      13.122776
     ],
     [
      80.002385,
      13.122658
     ],
     [
      80.002613,
      13.122663
     ]
    ]
   }
  },
  {
   "type": "Feature",
   "properties": {
    "source": "2015 Crowd-sourced Flooding",
    "type": "Flooded Street"
   },
   "geometry": {
    "type": "LineString",
    "coordinates": [
     [
      80.298669,
      13.177813
     ],
     [
      80.299243,
      13.178923
     ]
    ]
   }
  },
  {
   "type": "Feature",
   "properties": {
    "source": "2015 Crowd-sourced Flooding",
    "type": "Flooded Street"
   },
   "geometry": {
    "type": "LineString",
    "coordinates": [
     [
      80.20749,
      13.02642
     ],
     [
      80.208204,
      13.027575
     ]
    ]
   }
  },
  {
   "type": "Feature",
   "properties": {
    "source": "2015 Crowd-sourced Flooding",
    "type": "Flooded Street"
   },
   "geometry": {
    "type": "LineString",
    "coordinates": [
     [
      80.112629,
      12.929089
     ],
     [
      80.113342,
      12.928981
     ],
     [
      80.11442,
      12.928778
     ],
     [
      80.115241,
      12.928642
     ],
     [
      80.115874,
      12.928511
     ],
     [
      80.116319,
      12.92843
     ],
     [
      80.116491,
      12.928393
     ],
     [
      80.116928,
      12.928338
     ],
     [
      80.117561,
      12.928328
     ],
     [
      80.119297,
      12.928208
     ]
    ]
   }
  },
  {
   "type": "Feature",
   "properties": {
    "source": "2015 Crowd-sourced Flooding",
    "type": "Flooded Street"
   },
   "geometry": {
    "type": "LineString",
    "coordinates": [
     [
      80.221454,
      12.967363
     ],
     [
      80.220952,
      12.967298
     ],
     [
      80.220504,
      12.967269
     ],
     [
      80.220142,
      12.96724
     ],
     [
      80.21985,
      12.967248
     ],
     [
      80.219491,
      12.967292
     ],
     [
      80.219174,
      12.967337
     ],
     [
      80.218823,
      12.967397
     ],
     [
      80.218233,
      12.967543
     ],
     [
      80.217954,
      12.96763
     ],
     [
      80.217181,
      12.967961
     ],
     [
      80.216535,
      12.968265
     ],
     [
      80.215757,
      12.968793
     ]
    ]
   }
  },
  {
   "type": "Feature",
   "properties": {
    "source": "2015 Crowd-sourced Flooding",
    "type": "Flooded Street"
   },
   "geometry": {
    "type": "LineString",
    "coordinates": [
     [
      80.079707,
      12.909317
     ],
     [
      80.08137,
      12.909217
     ]
    ]
   }
  },
  {
   "type": "Feature",
   "properties": {
    "source": "2015 Crowd-sourced Flooding",
    "type": "Flooded Street"
   },
   "geometry": {
    "type": "LineString",
    "coordinates": [
     [
      80.171463,
      13.031158
     ],
     [
      80.17227,
      13.030957
     ],
     [
      80.172608,
      13.030857
     ]
    ]
   }
  },
  {
   "type": "Feature",
   "properties": {
    "source": "2015 Crowd-sourced Flooding",
    "type": "Flooded Street"
   },
   "geometry": {
    "type": "LineString",
    "coordinates": [
     [
      80.189037,
      13.029036
     ],
     [
      80.189131,
      13.029025
     ],
     [
      80.190185,
      13.028879
     ],
     [
      80.191231,
      13.028754
     ]
    ]
   }
  },
  {
   "type": "Feature",
   "properties": {
    "source": "2015 Crowd-sourced Flooding",
    "type": "Flooded Street"
   },
   "geometry": {
    "type": "LineString",
    "coordinates": [
     [
      80.229608,
      12.982841
     ],
     [
      80.228122,
      12.982969
     ],
     [
      80.227586,
      12.983032
     ]
    ]
   }
  },
  {
   "type": "Feature",
   "properties": {
    "source": "2015 Crowd-sourced Flooding",
    "type": "Flooded Street"
   },
   "geometry": {
    "type": "LineString",
    "coordinates": [
     [
      80.224783,
      13.090346
     ],
     [
      80.224737,
      13.08951
     ]
    ]
   }
  },
  {
   "type": "Feature",
   "properties": {
    "source": "2015 Crowd-sourced Flooding",
    "type": "Flooded Street"
   },
   "geometry": {
    "type": "LineString",
    "coordinates": [
     [
      80.207732,
      12.955739
     ],
     [
      80.207662,
      12.955245
     ],
     [
      80.207547,
      12.954328
     ],
     [
      80.207324,
      12.953269
     ],
     [
      80.207115,
      12.952197
     ]
    ]
   }
  },
  {
   "type": "Feature",
   "properties": {
    "source": "2015 Crowd-sourced Flooding",
    "type": "Flooded Street"
   },
   "geometry": {
    "type": "LineString",
    "coordinates": [
     [
      80.176229,
      13.015776
     ],
     [
      80.175245,
      13.016064
     ]
    ]
   }
  },
  {
   "type": "Feature",
   "properties": {
    "source": "2015 Crowd-sourced Flooding",
    "type": "Flooded Street"
   },
   "geometry": {
    "type": "LineString",
    "coordinates": [
     [
      80.159862,
      13.036146
     ],
     [
      80.159374,
      13.036125
     ],
     [
      80.159004,
      13.036123
     ],
     [
      80.158926,
      13.036227
     ],
     [
      80.158873,
      13.036836
     ]
    ]
   }
  },
  {
   "type": "Feature",
   "properties": {
    "source": "2015 Crowd-sourced Flooding",
    "type": "Flooded Street"
   },
   "geometry": {
    "type": "LineString",
    "coordinates": [
     [
      80.278497,
      13.029248
     ],
     [
      80.278456,
      13.028861
     ],
     [
      80.27837,
      13.028262
     ],
     [
      80.27833,
      13.027839
     ],
     [
      80.278266,
      13.027703
     ]
    ]
   }
  },
  {
   "type": "Feature",
   "properties": {
    "source": "2015 Crowd-sourced Flooding",
    "type": "Flooded Street"
   },
   "geometry": {
    "type": "LineString",
    "coordinates": [
     [
      80.264125,
      13.050842
     ],
     [
      80.264493,
      13.050823
     ],
     [
      80.265064,
      13.050831
     ],
     [
      80.265651,
      13.050823
     ]
    ]
   }
  },
  {
   "type": "Feature",
   "properties": {
    "source": "2015 Crowd-sourced Flooding",
    "type": "Flooded Street"
   },
   "geometry": {
    "type": "LineString",
    "coordinates": [
     [
      80.145435,
      12.988408
     ],
     [
      80.144646,
      12.988479
     ]
    ]
   }
  },
  {
   "type": "Feature",
   "properties": {
    "source": "2015 Crowd-sourced Flooding",
    "type": "Flooded Street"
   },
   "geometry": {
    "type": "LineString",
    "coordinates": [
     [
      80.208376,
      12.964446
     ],
     [
      80.207,
      12.964673
     ],
     [
      80.206128,
      12.964828
     ],
     [
      80.20454,
      12.965131
     ],
     [
      80.203196,
      12.965353
     ],
     [
      80.201753,
      12.965369
     ]
    ]
   }
  },
  {
   "type": "Feature",
   "properties": {
    "source": "2015 Crowd-sourced Flooding",
    "type": "Flooded Street"
   },
   "geometry": {
    "type": "LineString",
    "coordinates": [
     [
      80.209532,
      13.047205
     ],
     [
      80.209577,
      13.047628
     ],
     [
      80.209524,
      13.049496
     ]
    ]
   }
  },
  {
   "type": "Feature",
   "properties": {
    "source": "2015 Crowd-sourced Flooding",
    "type": "Flooded Street"
   },
   "geometry": {
    "type": "LineString",
    "coordinates": [
     [
      80.203204,
      13.058035
     ],
     [
      80.202483,
      13.058072
     ],
     [
      80.201504,
      13.05809
     ]
    ]
   }
  },
  {
   "type": "Feature",
   "properties": {
    "source": "2015 Crowd-sourced Flooding",
    "type": "Flooded Street"
   },
   "geometry": {
    "type": "LineString",
    "coordinates": [
     [
      80.228082,
      12.982598
     ],
     [
      80.229525,
      12.982418
     ]
    ]
   }
  },
  {
   "type": "Feature",
   "properties": {
    "source": "2015 Crowd-sourced Flooding",
    "type": "Flooded Street"
   },
   "geometry": {
    "type": "LineString",
    "coordinates": [
     [
      80.208491,
      12.952547
     ],
     [
      80.20778,
      12.952613
     ]
    ]
   }
  },
  {
   "type": "Feature",
   "properties": {
    "source": "2015 Crowd-sourced Flooding",
    "type": "Flooded Street"
   },
   "geometry": {
    "type": "LineString",
    "coordinates": [
     [
      80.231681,
      13.067486
     ],
     [
      80.232068,
      13.067399
     ]
    ]
   }
  },
  {
   "type": "Feature",
   "properties": {
    "source": "2015 Crowd-sourced Flooding",
    "type": "Flooded Street"
   },
   "geometry": {
    "type": "LineString",
    "coordinates": [
     [
      80.148281,
      12.994663
     ],
     [
      80.148822,
      12.994995
     ],
     [
      80.149096,
      12.995274
     ],
     [
      80.149297,
      12.995366
     ],
     [
      80.150813,
      12.995598
     ],
     [
      80.151722,
      12.995645
     ],
     [
      80.15225,
      12.995541
     ],
     [
      80.152575,
      12.99546
     ],
     [
      80.153192,
      12.995282
     ],
     [
      80.15335,
      12.995245
     ]
    ]
   }
  },
  {
   "type": "Feature",
   "properties": {
    "source": "2015 Crowd-sourced Flooding",
    "type": "Flooded Street"
   },
   "geometry": {
    "type": "LineString",
    "coordinates": [
     [
      80.212233,
      13.051984
     ],
     [
      80.213592,
      13.05196
     ],
     [
      80.214188,
      13.051955
     ],
     [
      80.214365,
      13.051931
     ],
     [
      80.215446,
      13.051856
     ]
    ]
   }
  },
  {
   "type": "Feature",
   "properties": {
    "source": "2015 Crowd-sourced Flooding",
    "type": "Flooded Street"
   },
   "geometry": {
    "type": "LineString",
    "coordinates": [
     [
      80.066594,
      12.859931
     ],
     [
      80.065687,
      12.860009
     ],
     [
      80.064462,
      12.860184
     ],
     [
      80.062847,
      12.860271
     ],
     [
      80.061624,
      12.860362
     ],
     [
      80.059832,
      12.860451
     ],
     [
      80.05921,
      12.860566
     ],
     [
      80.059336,
      12.86111
     ]
    ]
   }
  },
  {
   "type": "Feature",
   "properties": {
    "source": "2015 Crowd-sourced Flooding",
    "type": "Flooded Street"
   },
   "geometry": {
    "type": "LineString",
    "coordinates": [
     [
      80.150764,
      12.963617
     ],
     [
      80.150864,
      12.963816
     ],
     [
      80.151183,
      12.964574
     ],
     [
      80.151236,
      12.96476
     ],
     [
      80.151269,
      12.964922
     ]
    ]
   }
  },
  {
   "type": "Feature",
   "properties": {
    "source": "2015 Crowd-sourced Flooding",
    "type": "Flooded Street"
   },
   "geometry": {
    "type": "LineString",
    "coordinates": [
     [
      80.199232,
      12.982888
     ],
     [
      80.200034,
      12.982679
     ]
    ]
   }
  },
  {
   "type": "Feature",
   "properties": {
    "source": "2015 Crowd-sourced Flooding",
    "type": "Flooded Street"
   },
   "geometry": {
    "type": "LineString",
    "coordinates": [
     [
      80.169513,
      13.024857
     ],
     [
      80.169765,
      13.025853
     ],
     [
      80.169843,
      13.026133
     ]
    ]
   }
  },
  {
   "type": "Feature",
   "properties": {
    "source": "2015 Crowd-sourced Flooding",
    "type": "Flooded Street"
   },
   "geometry": {
    "type": "LineString",
    "coordinates": [
     [
      80.114029,
      13.075893
     ],
     [
      80.115185,
      13.075864
     ],
     [
      80.115936,
      13.075854
     ],
     [
      80.116397,
      13.075825
     ],
     [
      80.116733,
      13.075789
     ],
     [
      80.117296,
      13.075718
     ],
     [
      80.118927,
      13.075671
     ],
     [
      80.119444,
      13.075729
     ]
    ]
   }
  },
  {
   "type": "Feature",
   "properties": {
    "source": "2015 Crowd-sourced Flooding",
    "type": "Flooded Street"
   },
   "geometry": {
    "type": "LineString",
    "coordinates": [
     [
      80.123859,
      13.066203
     ],
     [
      80.123797,
      13.06451
     ]
    ]
   }
  },
  {
   "type": "Feature",
   "properties": {
    "source": "2015 Crowd-sourced Flooding",
    "type": "Flooded Street"
   },
   "geometry": {
    "type": "LineString",
    "coordinates": [
     [
      80.21955,
      12.981665
     ],
     [
      80.21952,
      12.981033
     ],
     [
      80.219517,
      12.980863
     ],
     [
      80.219528,
      12.980604
     ],
     [
      80.219504,
      12.980573
     ],
     [
      80.219094,
      12.980489
     ]
    ]
   }
  },
  {
   "type": "Feature",
   "properties": {
    "source": "2015 Crowd-sourced Flooding",
    "type": "Flooded Street"
   },
   "geometry": {
    "type": "LineString",
    "coordinates": [
     [
      80.298637,
      13.143419
     ],
     [
      80.298189,
      13.142107
     ],
     [
      80.297999,
      13.142102
     ],
     [
      80.297803,
      13.14146
     ]
    ]
   }
  },
  {
   "type": "Feature",
   "properties": {
    "source": "2015 Crowd-sourced Flooding",
    "type": "Flooded Street"
   },
   "geometry": {
    "type": "LineString",
    "coordinates": [
     [
      80.251715,
      12.957885
     ],
     [
      80.251964,
      12.959263
     ]
    ]
   }
  },
  {
   "type": "Feature",
   "properties": {
    "source": "2015 Crowd-sourced Flooding",
    "type": "Flooded Street"
   },
   "geometry": {
    "type": "LineString",
    "coordinates": [
     [
      80.155944,
      13.022861
     ],
     [
      80.156421,
      13.022801
     ]
    ]
   }
  },
  {
   "type": "Feature",
   "properties": {
    "source": "2015 Crowd-sourced Flooding",
    "type": "Flooded Street"
   },
   "geometry": {
    "type": "LineString",
    "coordinates": [
     [
      80.26968,
      13.192004
     ],
     [
      80.266212,
      13.192411
     ],
     [
      80.265941,
      13.192419
     ]
    ]
   }
  },
  {
   "type": "Feature",
   "properties": {
    "source": "2015 Crowd-sourced Flooding",
    "type": "Flooded Street"
   },
   "geometry": {
    "type": "LineString",
    "coordinates": [
     [
      80.190501,
      12.955329
     ],
     [
      80.190517,
      12.955446
     ],
     [
      80.190909,
      12.955394
     ],
     [
      80.191352,
      12.955368
     ],
     [
      80.191445,
      12.955407
     ],
     [
      80.191901,
      12.955425
     ]
    ]
   }
  },
  {
   "type": "Feature",
   "properties": {
    "source": "2015 Crowd-sourced Flooding",
    "type": "Flooded Street"
   },
   "geometry": {
    "type": "LineString",
    "coordinates": [
     [
      80.245256,
      13.020904
     ],
     [
      80.243968,
      13.02082
     ]
    ]
   }
  },
  {
   "type": "Feature",
   "properties": {
    "source": "2015 Crowd-sourced Flooding",
    "type": "Flooded Street"
   },
   "geometry": {
    "type": "LineString",
    "coordinates": [
     [
      80.264096,
      13.029373
     ],
     [
      80.263833,
      13.029417
     ],
     [
      80.263744,
      13.029428
     ],
     [
      80.263516,
      13.029485
     ],
     [
      80.263417,
      13.029527
     ],
     [
      80.262637,
      13.029679
     ],
     [
      80.262191,
      13.029755
     ],
     [
      80.261872,
      13.029723
     ],
     [
      80.261808,
      13.029721
     ],
     [
      80.261502,
      13.029629
     ],
     [
      80.261403,
      13.02947
     ],
     [
      80.261277,
      13.029187
     ],
     [
      80.261161,
      13.02912
     ],
     [
      80.261078,
      13.029143
     ]
    ]
   }
  },
  {
   "type": "Feature",
   "properties": {
    "source": "2015 Crowd-sourced Flooding",
    "type": "Flooded Street"
   },
   "geometry": {
    "type": "LineString",
    "coordinates": [
     [
      80.244626,
      13.019665
     ],
     [
      80.244483,
      13.018424
     ]
    ]
   }
  },
  {
   "type": "Feature",
   "properties": {
    "source": "2015 Crowd-sourced Flooding",
    "type": "Flooded Street"
   },
   "geometry": {
    "type": "LineString",
    "coordinates": [
     [
      80.255569,
      13.124489
     ],
     [
      80.255886,
      13.12446
     ],
     [
      80.256079,
      13.124432
     ],
     [
      80.256223,
      13.124416
     ],
     [
      80.25647,
      13.124408
     ],
     [
      80.256647,
      13.124411
     ],
     [
      80.256776,
      13.124421
     ]
    ]
   }
  },
  {
   "type": "Feature",
   "properties": {
    "source": "2015 Crowd-sourced Flooding",
    "type": "Flooded Street"
   },
   "geometry": {
    "type": "LineString",
    "coordinates": [
     [
      80.216288,
      13.026898
     ],
     [
      80.215569,
      13.026885
     ]
    ]
   }
  },
  {
   "type": "Feature",
   "properties": {
    "source": "2015 Crowd-sourced Flooding",
    "type": "Flooded Street"
   },
   "geometry": {
    "type": "LineString",
    "coordinates": [
     [
      80.12519,
      13.034688
     ],
     [
      80.125342,
      13.035064
     ],
     [
      80.127882,
      13.03409
     ]
    ]
   }
  },
  {
   "type": "Feature",
   "properties": {
    "source": "2015 Crowd-sourced Flooding",
    "type": "Flooded Street"
   },
   "geometry": {
    "type": "LineString",
    "coordinates": [
     [
      80.213139,
      13.036836
     ],
     [
      80.213126,
      13.035616
     ],
     [
      80.213134,
      13.035394
     ],
     [
      80.214309,
      13.035221
     ],
     [
      80.215505,
      13.035036
     ],
     [
      80.215556,
      13.035098
     ],
     [
      80.215591,
      13.035658
     ],
     [
      80.215601,
      13.03594
     ],
     [
      80.215652,
      13.036188
     ],
     [
      80.215666,
      13.036677
     ],
     [
      80.215674,
      13.036836
     ]
    ]
   }
  },
  {
   "type": "Feature",
   "properties": {
    "source": "2015 Crowd-sourced Flooding",
    "type": "Flooded Street"
   },
   "geometry": {
    "type": "LineString",
    "coordinates": [
     [
      80.114117,
      13.07639
     ],
     [
      80.114656,
      13.076452
     ],
     [
      80.115188,
      13.076471
     ],
     [
      80.115818,
      13.076499
     ],
     [
      80.11692,
      13.076445
     ],
     [
      80.117977,
      13.076421
     ],
     [
      80.119254,
      13.076439
     ]
    ]
   }
  },
  {
   "type": "Feature",
   "properties": {
    "source": "2015 Crowd-sourced Flooding",
    "type": "Flooded Street"
   },
   "geometry": {
    "type": "LineString",
    "coordinates": [
     [
      80.24764,
      13.096786
     ],
     [
      80.248558,
      13.096945
     ]
    ]
   }
  },
  {
   "type": "Feature",
   "properties": {
    "source": "2015 Crowd-sourced Flooding",
    "type": "Flooded Street"
   },
   "geometry": {
    "type": "LineString",
    "coordinates": [
     [
      80.2604,
      13.005122
     ],
     [
      80.26066,
      13.005122
     ],
     [
      80.260958,
      13.005132
     ]
    ]
   }
  },
  {
   "type": "Feature",
   "properties": {
    "source": "2015 Crowd-sourced Flooding",
    "type": "Flooded Street"
   },
   "geometry": {
    "type": "LineString",
    "coordinates": [
     [
      80.222339,
      13.085163
     ],
     [
      80.220969,
      13.085223
     ]
    ]
   }
  },
  {
   "type": "Feature",
   "properties": {
    "source": "2015 Crowd-sourced Flooding",
    "type": "Flooded Street"
   },
   "geometry": {
    "type": "LineString",
    "coordinates": [
     [
      80.25926,
      13.022242
     ],
     [
      80.259812,
      13.022307
     ],
     [
      80.26026,
      13.022328
     ],
     [
      80.262009,
      13.021826
     ],
     [
      80.263111,
      13.021416
     ]
    ]
   }
  },
  {
   "type": "Feature",
   "properties": {
    "source": "2015 Crowd-sourced Flooding",
    "type": "Flooded Street"
   },
   "geometry": {
    "type": "LineString",
    "coordinates": [
     [
      80.213882,
      12.98166
     ],
     [
      80.213163,
      12.981631
     ],
     [
      80.213069,
      12.981527
     ],
     [
      80.212257,
      12.981548
     ]
    ]
   }
  },
  {
   "type": "Feature",
   "properties": {
    "source": "2015 Crowd-sourced Flooding",
    "type": "Flooded Street"
   },
   "geometry": {
    "type": "LineString",
    "coordinates": [
     [
      80.226301,
      12.983866
     ],
     [
      80.226572,
      12.983837
     ],
     [
      80.227645,
      12.983777
     ]
    ]
   }
  },
  {
   "type": "Feature",
   "properties": {
    "source": "2015 Crowd-sourced Flooding",
    "type": "Flooded Street"
   },
   "geometry": {
    "type": "LineString",
    "coordinates": [
     [
      80.216082,
      13.030376
     ],
     [
      80.216141,
      13.031325
     ]
    ]
   }
  },
  {
   "type": "Feature",
   "properties": {
    "source": "2015 Crowd-sourced Flooding",
    "type": "Flooded Street"
   },
   "geometry": {
    "type": "LineString",
    "coordinates": [
     [
      80.270066,
      13.074744
     ],
     [
      80.269527,
      13.074859
     ],
     [
      80.269018,
      13.074979
     ],
     [
      80.267993,
      13.075258
     ],
     [
      80.267081,
      13.075428
     ],
     [
      80.266266,
      13.075517
     ]
    ]
   }
  },
  {
   "type": "Feature",
   "properties": {
    "source": "2015 Crowd-sourced Flooding",
    "type": "Flooded Street"
   },
   "geometry": {
    "type": "LineString",
    "coordinates": [
     [
      80.068531,
      12.910734
     ],
     [
      80.067152,
      12.911081
     ],
     [
      80.067098,
      12.91129
     ],
     [
      80.066422,
      12.911453
     ],
     [
      80.066068,
      12.911581
     ],
     [
      80.066409,
      12.912493
     ],
     [
      80.066594,
      12.91311
     ],
     [
      80.066691,
      12.913277
     ],
     [
      80.066763,
      12.913343
     ],
     [
      80.066994,
      12.913756
     ],
     [
      80.066961,
      12.913842
     ],
     [
      80.067361,
      12.914553
     ]
    ]
   }
  },
  {
   "type": "Feature",
   "properties": {
    "source": "2015 Crowd-sourced Flooding",
    "type": "Flooded Street"
   },
   "geometry": {
    "type": "LineString",
    "coordinates": [
     [
      80.123119,
      13.040183
     ],
     [
      80.124168,
      13.040395
     ],
     [
      80.124489,
      13.040298
     ],
     [
      80.124752,
      13.0401
     ],
     [
      80.125611,
      13.039818
     ],
     [
      80.125796,
      13.039645
     ],
     [
      80.126641,
      13.0393
     ]
    ]
   }
  },
  {
   "type": "Feature",
   "properties": {
    "source": "2015 Crowd-sourced Flooding",
    "type": "Flooded Street"
   },
   "geometry": {
    "type": "LineString",
    "coordinates": [
     [
      80.216374,
      13.068784
     ],
     [
      80.216369,
      13.068005
     ]
    ]
   }
  },
  {
   "type": "Feature",
   "properties": {
    "source": "2015 Crowd-sourced Flooding",
    "type": "Flooded Street"
   },
   "geometry": {
    "type": "LineString",
    "coordinates": [
     [
      80.202316,
      13.034921
     ],
     [
      80.201211,
      13.035117
     ]
    ]
   }
  },
  {
   "type": "Feature",
   "properties": {
    "source": "2015 Crowd-sourced Flooding",
    "type": "Flooded Street"
   },
   "geometry": {
    "type": "LineString",
    "coordinates": [
     [
      80.117097,
      12.985761
     ],
     [
      80.11611,
      12.985912
     ],
     [
      80.114249,
      12.986108
     ],
     [
      80.113991,
      12.986195
     ],
     [
      80.11287,
      12.98631
     ]
    ]
   }
  },
  {
   "type": "Feature",
   "properties": {
    "source": "2015 Crowd-sourced Flooding",
    "type": "Flooded Street"
   },
   "geometry": {
    "type": "LineString",
    "coordinates": [
     [
      80.253083,
      13.08933
     ],
     [
      80.254507,
      13.089719
     ]
    ]
   }
  },
  {
   "type": "Feature",
   "properties": {
    "source": "2015 Crowd-sourced Flooding",
    "type": "Flooded Street"
   },
   "geometry": {
    "type": "LineString",
    "coordinates": [
     [
      80.113755,
      12.89907
     ],
     [
      80.122703,
      12.908365
     ]
    ]
   }
  },
  {
   "type": "Feature",
   "properties": {
    "source": "2015 Crowd-sourced Flooding",
    "type": "Flooded Street"
   },
   "geometry": {
    "type": "LineString",
    "coordinates": [
     [
      80.218809,
      13.035362
     ],
     [
      80.22066,
      13.03526
     ],
     [
      80.220856,
      13.035396
     ]
    ]
   }
  },
  {
   "type": "Feature",
   "properties": {
    "source": "2015 Crowd-sourced Flooding",
    "type": "Flooded Street"
   },
   "geometry": {
    "type": "LineString",
    "coordinates": [
     [
      80.099945,
      12.916611
     ],
     [
      80.098858,
      12.916977
     ],
     [
      80.099025,
      12.91762
     ]
    ]
   }
  },
  {
   "type": "Feature",
   "properties": {
    "source": "2015 Crowd-sourced Flooding",
    "type": "Flooded Street"
   },
   "geometry": {
    "type": "LineString",
    "coordinates": [
     [
      80.139606,
      12.950396
     ],
     [
      80.139486,
      12.950495
     ],
     [
      80.138753,
      12.951159
     ],
     [
      80.138702,
      12.951196
     ]
    ]
   }
  },
  {
   "type": "Feature",
   "properties": {
    "source": "2015 Crowd-sourced Flooding",
    "type": "Flooded Street"
   },
   "geometry": {
    "type": "LineString",
    "coordinates": [
     [
      80.248941,
      12.978152
     ],
     [
      80.248735,
      12.97822
     ]
    ]
   }
  },
  {
   "type": "Feature",
   "properties": {
    "source": "2015 Crowd-sourced Flooding",
    "type": "Flooded Street"
   },
   "geometry": {
    "type": "LineString",
    "coordinates": [
     [
      80.180845,
      13.043505
     ],
     [
      80.181304,
      13.043646
     ],
     [
      80.181387,
      13.043667
     ],
     [
      80.181443,
      13.043687
     ],
     [
      80.181465,
      13.043727
     ],
     [
      80.181476,
      13.043782
     ],
     [
      80.181508,
      13.04409
     ]
    ]
   }
  },
  {
   "type": "Feature",
   "properties": {
    "source": "2015 Crowd-sourced Flooding",
    "type": "Flooded Street"
   },
   "geometry": {
    "type": "LineString",
    "coordinates": [
     [
      80.19637,
      13.05201
     ],
     [
      80.19699,
      13.051957
     ]
    ]
   }
  },
  {
   "type": "Feature",
   "properties": {
    "source": "2015 Crowd-sourced Flooding",
    "type": "Flooded Street"
   },
   "geometry": {
    "type": "LineString",
    "coordinates": [
     [
      80.124653,
      12.966344
     ],
     [
      80.124498,
      12.965965
     ],
     [
      80.124111,
      12.965157
     ]
    ]
   }
  },
  {
   "type": "Feature",
   "properties": {
    "source": "2015 Crowd-sourced Flooding",
    "type": "Flooded Street"
   },
   "geometry": {
    "type": "LineString",
    "coordinates": [
     [
      80.198197,
      13.1088
     ],
     [
      80.19869,
      13.108795
     ],
     [
      80.198701,
      13.109072
     ],
     [
      80.198733,
      13.109302
     ],
     [
      80.19873,
      13.109532
     ]
    ]
   }
  },
  {
   "type": "Feature",
   "properties": {
    "source": "2015 Crowd-sourced Flooding",
    "type": "Flooded Street"
   },
   "geometry": {
    "type": "LineString",
    "coordinates": [
     [
      80.194213,
      12.960183
     ],
     [
      80.194299,
      12.959767
     ]
    ]
   }
  },
  {
   "type": "Feature",
   "properties": {
    "source": "2015 Crowd-sourced Flooding",
    "type": "Flooded Street"
   },
   "geometry": {
    "type": "LineString",
    "coordinates": [
     [
      80.271389,
      13.02873
     ],
     [
      80.271354,
      13.027029
     ]
    ]
   }
  },
  {
   "type": "Feature",
   "properties": {
    "source": "2015 Crowd-sourced Flooding",
    "type": "Flooded Street"
   },
   "geometry": {
    "type": "LineString",
    "coordinates": [
     [
      80.097882,
      13.090012
     ],
     [
      80.098094,
      13.090174
     ],
     [
      80.098654,
      13.091219
     ],
     [
      80.098839,
      13.092305
     ],
     [
      80.099218,
      13.09438
     ],
     [
      80.098721,
      13.094764
     ],
     [
      80.098257,
      13.09544
     ],
     [
      80.096377,
      13.097781
     ],
     [
      80.094489,
      13.099897
     ],
     [
      80.093389,
      13.100874
     ],
     [
      80.093134,
      13.101047
     ]
    ]
   }
  },
  {
   "type": "Feature",
   "properties": {
    "source": "2015 Crowd-sourced Flooding",
    "type": "Flooded Street"
   },
   "geometry": {
    "type": "LineString",
    "coordinates": [
     [
      80.248778,
      12.883134
     ],
     [
      80.248847,
      12.88372
     ],
     [
      80.248906,
      12.884298
     ],
     [
      80.249059,
      12.885422
     ]
    ]
   }
  },
  {
   "type": "Feature",
   "properties": {
    "source": "2015 Crowd-sourced Flooding",
    "type": "Flooded Street"
   },
   "geometry": {
    "type": "LineString",
    "coordinates": [
     [
      80.250846,
      12.963633
     ],
     [
      80.249609,
      12.963876
     ],
     [
      80.248437,
      12.964195
     ]
    ]
   }
  },
  {
   "type": "Feature",
   "properties": {
    "source": "2015 Crowd-sourced Flooding",
    "type": "Flooded Street"
   },
   "geometry": {
    "type": "LineString",
    "coordinates": [
     [
      80.204486,
      13.029229
     ],
     [
      80.204583,
      13.029653
     ]
    ]
   }
  },
  {
   "type": "Feature",
   "properties": {
    "source": "2015 Crowd-sourced Flooding",
    "type": "Flooded Street"
   },
   "geometry": {
    "type": "LineString",
    "coordinates": [
     [
      80.260979,
      13.079645
     ],
     [
      80.260944,
      13.079632
     ],
     [
      80.260325,
      13.079507
     ],
     [
      80.258788,
      13.079318
     ],
     [
      80.257093,
      13.079143
     ],
     [
      80.256886,
      13.079109
     ],
     [
      80.256473,
      13.079073
     ],
     [
      80.255765,
      13.079028
     ],
     [
      80.254955,
      13.078913
     ]
    ]
   }
  },
  {
   "type": "Feature",
   "properties": {
    "source": "2015 Crowd-sourced Flooding",
    "type": "Flooded Street"
   },
   "geometry": {
    "type": "LineString",
    "coordinates": [
     [
      80.255298,
      13.121895
     ],
     [
      80.255253,
      13.121561
     ],
     [
      80.255027,
      13.120015
     ]
    ]
   }
  },
  {
   "type": "Feature",
   "properties": {
    "source": "2015 Crowd-sourced Flooding",
    "type": "Flooded Street"
   },
   "geometry": {
    "type": "LineString",
    "coordinates": [
     [
      80.249918,
      12.94046
     ],
     [
      80.248799,
      12.940583
     ],
     [
      80.248794,
      12.94058
     ],
     [
      80.248273,
      12.940646
     ],
     [
      80.248045,
      12.940669
     ],
     [
      80.247606,
      12.940706
     ],
     [
      80.246999,
      12.940769
     ]
    ]
   }
  },
  {
   "type": "Feature",
   "properties": {
    "source": "2015 Crowd-sourced Flooding",
    "type": "Flooded Street"
   },
   "geometry": {
    "type": "LineString",
    "coordinates": [
     [
      80.203478,
      13.026901
     ],
     [
      80.203019,
      13.026974
     ]
    ]
   }
  },
  {
   "type": "Feature",
   "properties": {
    "source": "2015 Crowd-sourced Flooding",
    "type": "Flooded Street"
   },
   "geometry": {
    "type": "LineString",
    "coordinates": [
     [
      80.263436,
      13.092138
     ],
     [
      80.263447,
      13.092261
     ],
     [
      80.263498,
      13.09253
     ],
     [
      80.263541,
      13.092825
     ],
     [
      80.263353,
      13.092872
     ],
     [
      80.262964,
      13.092917
     ],
     [
      80.262878,
      13.092966
     ],
     [
      80.262824,
      13.093074
     ],
     [
      80.26269,
      13.094594
     ],
     [
      80.262669,
      13.094704
     ],
     [
      80.26257,
      13.095548
     ],
     [
      80.262441,
      13.096582
     ],
     [
      80.262358,
      13.096781
     ]
    ]
   }
  },
  {
   "type": "Feature",
   "properties": {
    "source": "2015 Crowd-sourced Flooding",
    "type": "Flooded Street"
   },
   "geometry": {
    "type": "LineString",
    "coordinates": [
     [
      80.255931,
      13.039099
     ],
     [
      80.255067,
      13.039235
     ],
     [
      80.254955,
      13.039248
     ]
    ]
   }
  },
  {
   "type": "Feature",
   "properties": {
    "source": "2015 Crowd-sourced Flooding",
    "type": "Flooded Street"
   },
   "geometry": {
    "type": "LineString",
    "coordinates": [
     [
      80.290191,
      13.25213
     ],
     [
      80.290336,
      13.25325
     ],
     [
      80.290722,
      13.253367
     ],
     [
      80.29062,
      13.254352
     ],
     [
      80.289555,
      13.255406
     ],
     [
      80.289719,
      13.2565
     ],
     [
      80.289537,
      13.256659
     ],
     [
      80.289848,
      13.257283
     ],
     [
      80.289933,
      13.258913
     ],
     [
      80.290422,
      13.260367
     ],
     [
      80.290679,
      13.260918
     ],
     [
      80.291022,
      13.260811
     ],
     [
      80.29135,
      13.261103
     ],
     [
      80.292345,
      13.260492
     ],
     [
      80.293804,
      13.260116
     ],
     [
      80.294053,
      13.261278
     ],
     [
      80.296714,
      13.260826
     ],
     [
      80.297433,
      13.260683
     ],
     [
      80.297838,
      13.260469
     ],
     [
      80.298978,
      13.260207
     ],
     [
      80.299243,
      13.260239
     ]
    ]
   }
  },
  {
   "type": "Feature",
   "properties": {
    "source": "2015 Crowd-sourced Flooding",
    "type": "Flooded Street"
   },
   "geometry": {
    "type": "LineString",
    "coordinates": [
     [
      80.112133,
      12.920469
     ],
     [
      80.112857,
      12.921037
     ],
     [
      80.113372,
      12.921222
     ],
     [
      80.115721,
      12.922804
     ],
     [
      80.115877,
      12.923029
     ],
     [
      80.116609,
      12.92312
     ],
     [
      80.116813,
      12.923188
     ],
     [
      80.116872,
      12.923405
     ],
     [
      80.11692,
      12.923499
     ],
     [
      80.117427,
      12.923489
     ],
     [
      80.118033,
      12.923418
     ],
     [
      80.118851,
      12.923356
     ],
     [
      80.119136,
      12.923379
     ]
    ]
   }
  },
  {
   "type": "Feature",
   "properties": {
    "source": "2015 Crowd-sourced Flooding",
    "type": "Flooded Street"
   },
   "geometry": {
    "type": "LineString",
    "coordinates": [
     [
      80.209931,
      12.940489
     ],
     [
      80.209768,
      12.93954
     ],
     [
      80.209625,
      12.938037
     ],
     [
      80.209647,
      12.936513
     ],
     [
      80.209684,
      12.936484
     ],
     [
      80.209805,
      12.935334
     ]
    ]
   }
  },
  {
   "type": "Feature",
   "properties": {
    "source": "2015 Crowd-sourced Flooding",
    "type": "Flooded Street"
   },
   "geometry": {
    "type": "LineString",
    "coordinates": [
     [
      80.254941,
      12.983597
     ],
     [
      80.254772,
      12.98298
     ]
    ]
   }
  },
  {
   "type": "Feature",
   "properties": {
    "source": "2015 Crowd-sourced Flooding",
    "type": "Flooded Street"
   },
   "geometry": {
    "type": "LineString",
    "coordinates": [
     [
      80.227907,
      13.039718
     ],
     [
      80.227476,
      13.038135
     ]
    ]
   }
  },
  {
   "type": "Feature",
   "properties": {
    "source": "2015 Crowd-sourced Flooding",
    "type": "Flooded Street"
   },
   "geometry": {
    "type": "LineString",
    "coordinates": [
     [
      80.247104,
      13.174671
     ],
     [
      80.245151,
      13.174149
     ],
     [
      80.243968,
      13.174185
     ]
    ]
   }
  },
  {
   "type": "Feature",
   "properties": {
    "source": "2015 Crowd-sourced Flooding",
    "type": "Flooded Street"
   },
   "geometry": {
    "type": "LineString",
    "coordinates": [
     [
      80.214689,
      13.049614
     ],
     [
      80.215489,
      13.049559
     ],
     [
      80.215486,
      13.050557
     ],
     [
      80.215446,
      13.050708
     ],
     [
      80.215481,
      13.05074
     ]
    ]
   }
  },
  {
   "type": "Feature",
   "properties": {
    "source": "2015 Crowd-sourced Flooding",
    "type": "Flooded Street"
   },
   "geometry": {
    "type": "LineString",
    "coordinates": [
     [
      80.128717,
      12.98298
     ],
     [
      80.128711,
      12.98303
     ],
     [
      80.128604,
      12.983137
     ],
     [
      80.127764,
      12.983249
     ],
     [
      80.126898,
      12.983359
     ],
     [
      80.125782,
      12.983555
     ],
     [
      80.125407,
      12.983665
     ],
     [
      80.125023,
      12.983923
     ],
     [
      80.124806,
      12.984075
     ],
     [
      80.123698,
      12.984862
     ],
     [
      80.123296,
      12.984972
     ],
     [
      80.123215,
      12.985
     ],
     [
      80.123119,
      12.985
     ]
    ]
   }
  },
  {
   "type": "Feature",
   "properties": {
    "source": "2015 Crowd-sourced Flooding",
    "type": "Flooded Street"
   },
   "geometry": {
    "type": "LineString",
    "coordinates": [
     [
      80.159224,
      12.769113
     ],
     [
      80.159052,
      12.767557
     ],
     [
      80.159012,
      12.764954
     ],
     [
      80.159028,
      12.76425
     ]
    ]
   }
  },
  {
   "type": "Feature",
   "properties": {
    "source": "2015 Crowd-sourced Flooding",
    "type": "Flooded Street"
   },
   "geometry": {
    "type": "LineString",
    "coordinates": [
     [
      80.229568,
      12.984752
     ],
     [
      80.230858,
      12.984647
     ]
    ]
   }
  },
  {
   "type": "Feature",
   "properties": {
    "source": "2015 Crowd-sourced Flooding",
    "type": "Flooded Street"
   },
   "geometry": {
    "type": "LineString",
    "coordinates": [
     [
      80.18463,
      13.057669
     ],
     [
      80.186068,
      13.057651
     ]
    ]
   }
  },
  {
   "type": "Feature",
   "properties": {
    "source": "2015 Crowd-sourced Flooding",
    "type": "Flooded Street"
   },
   "geometry": {
    "type": "LineString",
    "coordinates": [
     [
      80.132493,
      12.931133
     ],
     [
      80.132179,
      12.929823
     ]
    ]
   }
  },
  {
   "type": "Feature",
   "properties": {
    "source": "2015 Crowd-sourced Flooding",
    "type": "Flooded Street"
   },
   "geometry": {
    "type": "LineString",
    "coordinates": [
     [
      80.230582,
      12.894419
     ],
     [
      80.230587,
      12.895387
     ],
     [
      80.230654,
      12.896634
     ],
     [
      80.230702,
      12.897256
     ]
    ]
   }
  },
  {
   "type": "Feature",
   "properties": {
    "source": "2015 Crowd-sourced Flooding",
    "type": "Flooded Street"
   },
   "geometry": {
    "type": "LineString",
    "coordinates": [
     [
      80.196633,
      12.940468
     ],
     [
      80.196719,
      12.94085
     ],
     [
      80.196805,
      12.941179
     ],
     [
      80.196949,
      12.941702
     ],
     [
      80.19692,
      12.941806
     ],
     [
      80.196689,
      12.941895
     ],
     [
      80.196601,
      12.941971
     ],
     [
      80.196555,
      12.941979
     ]
    ]
   }
  },
  {
   "type": "Feature",
   "properties": {
    "source": "2015 Crowd-sourced Flooding",
    "type": "Flooded Street"
   },
   "geometry": {
    "type": "LineString",
    "coordinates": [
     [
      80.200023,
      12.965065
     ],
     [
      80.20009,
      12.965183
     ],
     [
      80.20016,
      12.965528
     ],
     [
      80.201525,
      12.965241
     ],
     [
      80.201753,
      12.965369
     ],
     [
      80.201788,
      12.965638
     ],
     [
      80.201863,
      12.965816
     ],
     [
      80.201989,
      12.965844
     ],
     [
      80.203309,
      12.965816
     ],
     [
      80.203896,
      12.965732
     ],
     [
      80.205996,
      12.965342
     ],
     [
      80.206246,
      12.96535
     ],
     [
      80.20708,
      12.965259
     ],
     [
      80.209022,
      12.964953
     ]
    ]
   }
  },
  {
   "type": "Feature",
   "properties": {
    "source": "2015 Crowd-sourced Flooding",
    "type": "Flooded Street"
   },
   "geometry": {
    "type": "LineString",
    "coordinates": [
     [
      80.26073,
      13.066433
     ],
     [
      80.260716,
      13.066145
     ],
     [
      80.260703,
      13.066062
     ],
     [
      80.260499,
      13.065309
     ],
     [
      80.260105,
      13.064005
     ],
     [
      80.260142,
      13.063927
     ],
     [
      80.260196,
      13.063877
     ],
     [
      80.260317,
      13.063838
     ]
    ]
   }
  },
  {
   "type": "Feature",
   "properties": {
    "source": "2015 Crowd-sourced Flooding",
    "type": "Flooded Street"
   },
   "geometry": {
    "type": "LineString",
    "coordinates": [
     [
      80.186296,
      13.012659
     ],
     [
      80.186827,
      13.013108
     ],
     [
      80.187934,
      13.014904
     ],
     [
      80.188157,
      13.015277
     ],
     [
      80.188299,
      13.015429
     ]
    ]
   }
  },
  {
   "type": "Feature",
   "properties": {
    "source": "2015 Crowd-sourced Flooding",
    "type": "Flooded Street"
   },
   "geometry": {
    "type": "LineString",
    "coordinates": [
     [
      80.151325,
      13.022448
     ],
     [
      80.151279,
      13.022043
     ],
     [
      80.151247,
      13.021641
     ],
     [
      80.150974,
      13.021633
     ],
     [
      80.150333,
      13.021638
     ],
     [
      80.14941,
      13.021609
     ],
     [
      80.148839,
      13.02169
     ],
     [
      80.148332,
      13.021771
     ],
     [
      80.147825,
      13.021823
     ]
    ]
   }
  },
  {
   "type": "Feature",
   "properties": {
    "source": "2015 Crowd-sourced Flooding",
    "type": "Flooded Street"
   },
   "geometry": {
    "type": "LineString",
    "coordinates": [
     [
      80.21186,
      12.969038
     ],
     [
      80.211903,
      12.969305
     ],
     [
      80.211879,
      12.969355
     ],
     [
      80.211731,
      12.969391
     ],
     [
      80.211009,
      12.969483
     ]
    ]
   }
  },
  {
   "type": "Feature",
   "properties": {
    "source": "2015 Crowd-sourced Flooding",
    "type": "Flooded Street"
   },
   "geometry": {
    "type": "LineString",
    "coordinates": [
     [
      80.232076,
      13.092739
     ],
     [
      80.232864,
      13.092893
     ],
     [
      80.233325,
      13.092951
     ]
    ]
   }
  },
  {
   "type": "Feature",
   "properties": {
    "source": "2015 Crowd-sourced Flooding",
    "type": "Flooded Street"
   },
   "geometry": {
    "type": "LineString",
    "coordinates": [
     [
      80.259029,
      13.089716
     ],
     [
      80.260024,
      13.089745
     ],
     [
      80.260303,
      13.08973
     ],
     [
      80.260464,
      13.089732
     ],
     [
      80.261092,
      13.089703
     ],
     [
      80.261419,
      13.089693
     ],
     [
      80.261532,
      13.089693
     ],
     [
      80.26313,
      13.089581
     ],
     [
      80.264544,
      13.089403
     ]
    ]
   }
  },
  {
   "type": "Feature",
   "properties": {
    "source": "2015 Crowd-sourced Flooding",
    "type": "Flooded Street"
   },
   "geometry": {
    "type": "LineString",
    "coordinates": [
     [
      80.232121,
      12.978926
     ],
     [
      80.231456,
      12.97891
     ]
    ]
   }
  },
  {
   "type": "Feature",
   "properties": {
    "source": "2015 Crowd-sourced Flooding",
    "type": "Flooded Street"
   },
   "geometry": {
    "type": "LineString",
    "coordinates": [
     [
      80.167064,
      13.088933
     ],
     [
      80.16719,
      13.088925
     ],
     [
      80.169561,
      13.088779
     ],
     [
      80.170401,
      13.088718
     ],
     [
      80.17709,
      13.088277
     ],
     [
      80.178394,
      13.088259
     ]
    ]
   }
  },
  {
   "type": "Feature",
   "properties": {
    "source": "2015 Crowd-sourced Flooding",
    "type": "Flooded Street"
   },
   "geometry": {
    "type": "LineString",
    "coordinates": [
     [
      80.228101,
      13.043288
     ],
     [
      80.228219,
      13.043614
     ],
     [
      80.22842,
      13.044066
     ]
    ]
   }
  },
  {
   "type": "Feature",
   "properties": {
    "source": "2015 Crowd-sourced Flooding",
    "type": "Flooded Street"
   },
   "geometry": {
    "type": "LineString",
    "coordinates": [
     [
      80.252214,
      13.010388
     ],
     [
      80.252401,
      13.0102
     ],
     [
      80.252573,
      13.00992
     ],
     [
      80.252643,
      13.009565
     ]
    ]
   }
  },
  {
   "type": "Feature",
   "properties": {
    "source": "2015 Crowd-sourced Flooding",
    "type": "Flooded Street"
   },
   "geometry": {
    "type": "LineString",
    "coordinates": [
     [
      80.250449,
      13.040722
     ],
     [
      80.251991,
      13.040797
     ]
    ]
   }
  },
  {
   "type": "Feature",
   "properties": {
    "source": "2015 Crowd-sourced Flooding",
    "type": "Flooded Street"
   },
   "geometry": {
    "type": "LineString",
    "coordinates": [
     [
      80.251157,
      13.098131
     ],
     [
      80.250813,
      13.097974
     ],
     [
      80.250526,
      13.097896
     ],
     [
      80.250484,
      13.09787
     ],
     [
      80.250349,
      13.097828
     ],
     [
      80.2501,
      13.097779
     ],
     [
      80.249749,
      13.09769
     ],
     [
      80.249478,
      13.09764
     ],
     [
      80.247992,
      13.097298
     ],
     [
      80.247678,
      13.097206
     ],
     [
      80.246871,
      13.096984
     ],
     [
      80.246321,
      13.096822
     ],
     [
      80.24605,
      13.096856
     ],
     [
      80.244545,
      13.097005
     ],
     [
      80.243968,
      13.097105
     ]
    ]
   }
  },
  {
   "type": "Feature",
   "properties": {
    "source": "2015 Crowd-sourced Flooding",
    "type": "Flooded Street"
   },
   "geometry": {
    "type": "LineString",
    "coordinates": [
     [
      80.148594,
      12.968202
     ],
     [
      80.148404,
      12.968448
     ],
     [
      80.148251,
      12.968659
     ]
    ]
   }
  },
  {
   "type": "Feature",
   "properties": {
    "source": "2015 Crowd-sourced Flooding",
    "type": "Flooded Street"
   },
   "geometry": {
    "type": "LineString",
    "coordinates": [
     [
      80.199205,
      12.927439
     ],
     [
      80.19931,
      12.928004
     ],
     [
      80.199312,
      12.928176
     ]
    ]
   }
  },
  {
   "type": "Feature",
   "properties": {
    "source": "2015 Crowd-sourced Flooding",
    "type": "Flooded Street"
   },
   "geometry": {
    "type": "LineString",
    "coordinates": [
     [
      80.205543,
      13.028691
     ],
     [
      80.205476,
      13.028351
     ],
     [
      80.205779,
      13.028286
     ]
    ]
   }
  },
  {
   "type": "Feature",
   "properties": {
    "source": "2015 Crowd-sourced Flooding",
    "type": "Flooded Street"
   },
   "geometry": {
    "type": "LineString",
    "coordinates": [
     [
      80.241474,
      13.056825
     ],
     [
      80.241423,
      13.055595
     ],
     [
      80.241415,
      13.055082
     ],
     [
      80.241383,
      13.054552
     ],
     [
      80.241356,
      13.053938
     ],
     [
      80.241286,
      13.053175
     ],
     [
      80.241214,
      13.052896
     ],
     [
      80.240967,
      13.052425
     ],
     [
      80.240871,
      13.052185
     ]
    ]
   }
  },
  {
   "type": "Feature",
   "properties": {
    "source": "2015 Crowd-sourced Flooding",
    "type": "Flooded Street"
   },
   "geometry": {
    "type": "LineString",
    "coordinates": [
     [
      80.191314,
      12.939713
     ],
     [
      80.19011,
      12.939898
     ]
    ]
   }
  },
  {
   "type": "Feature",
   "properties": {
    "source": "2015 Crowd-sourced Flooding",
    "type": "Flooded Street"
   },
   "geometry": {
    "type": "LineString",
    "coordinates": [
     [
      80.200366,
      13.08063
     ],
     [
      80.199304,
      13.080674
     ]
    ]
   }
  },
  {
   "type": "Feature",
   "properties": {
    "source": "2015 Crowd-sourced Flooding",
    "type": "Flooded Street"
   },
   "geometry": {
    "type": "LineString",
    "coordinates": [
     [
      80.270919,
      13.02531
     ],
     [
      80.270313,
      13.025472
     ],
     [
      80.269766,
      13.025479
     ],
     [
      80.269264,
      13.025521
     ]
    ]
   }
  },
  {
   "type": "Feature",
   "properties": {
    "source": "2015 Crowd-sourced Flooding",
    "type": "Flooded Street"
   },
   "geometry": {
    "type": "LineString",
    "coordinates": [
     [
      80.156445,
      12.950265
     ],
     [
      80.158004,
      12.950156
     ],
     [
      80.15857,
      12.949994
     ],
     [
      80.15917,
      12.949876
     ],
     [
      80.159283,
      12.950637
     ],
     [
      80.158154,
      12.950843
     ],
     [
      80.158221,
      12.951196
     ]
    ]
   }
  },
  {
   "type": "Feature",
   "properties": {
    "source": "2015 Crowd-sourced Flooding",
    "type": "Flooded Street"
   },
   "geometry": {
    "type": "LineString",
    "coordinates": [
     [
      80.184107,
      13.038835
     ],
     [
      80.186572,
      13.039068
     ],
     [
      80.187771,
      13.039115
     ],
     [
      80.188423,
      13.039159
     ],
     [
      80.188522,
      13.039324
     ],
     [
      80.18938,
      13.039399
     ]
    ]
   }
  },
  {
   "type": "Feature",
   "properties": {
    "source": "2015 Crowd-sourced Flooding",
    "type": "Flooded Street"
   },
   "geometry": {
    "type": "LineString",
    "coordinates": [
     [
      80.243869,
      13.044205
     ],
     [
      80.243832,
      13.043944
     ],
     [
      80.243732,
      13.043951
     ],
     [
      80.243663,
      13.043533
     ]
    ]
   }
  },
  {
   "type": "Feature",
   "properties": {
    "source": "2015 Crowd-sourced Flooding",
    "type": "Flooded Street"
   },
   "geometry": {
    "type": "LineString",
    "coordinates": [
     [
      80.14941,
      12.902051
     ],
     [
      80.150628,
      12.901957
     ]
    ]
   }
  }
 ]
}