{"type":"FeatureCollection","crs":{"type":"name","properties":{"name":"urn:ogc:def:crs:OGC:1.3:CRS84"}},"features":[{"type":"Feature","properties":{"name":"Sadayankuppam Surplus"},"geometry":{"type":"LineString","coordinates":[[80.291793,13.186342],[80.292264,13.186392],[80.292501,13.186509],[80.2926,13.18656],[80.292903,13.186761],[80.293016,13.186871],[80.293337,13.187043]]}},{"type":"Feature","properties":{},"geometry":{"type":"LineString","coordinates":[[80.155245,13.185795],[80.155443,13.185742],[80.155621,13.185648],[80.155661,13.18557],[80.155742,13.185503],[80.155876,13.185493],[80.15601,13.18551],[80.156141,13.185517],[80.156198,13.185369],[80.156222,13.185272],[80.156235,13.185144],[80.156212,13.185003],[80.156219,13.184859],[80.156249,13.184728],[80.156316,13.184664],[80.156423,13.184664],[80.156537,13.184654],[80.156672,13.184607],[80.156776,13.184526],[80.156873,13.184456],[80.156944,13.184426],[80.157494,13.184077],[80.157706,13.183986],[80.157897,13.184033],[80.15792,13.18405],[80.158014,13.184134],[80.158112,13.184187],[80.15828,13.184248],[80.158538,13.184211],[80.158706,13.184164],[80.158847,13.184137],[80.159414,13.183979],[80.159824,13.183845],[80.160656,13.183362]]}},{"type":"Feature","properties":{},"geometry":{"type":"LineString","coordinates":[[80.09368,13.224221],[80.093817,13.224567],[80.094041,13.224826],[80.094815,13.225294],[80.096041,13.227313]]}},{"type":"Feature","properties":{"name":"Feeder Canal"},"geometry":{"type":"LineString","coordinates":[[80.151187,13.148384],[80.139185,13.15205],[80.135868,13.153475],[80.132316,13.1549],[80.128447,13.154743],[80.127248,13.153935],[80.121334,13.151645],[80.118639,13.151313],[80.115278,13.152608],[80.11147,13.153651],[80.109819,13.154457],[80.107566,13.155124],[80.105271,13.15559],[80.103702,13.155705],[80.103059,13.156843],[80.102966,13.157237],[80.10302,13.15783],[80.102627,13.158281],[80.102493,13.158715],[80.102445,13.159853],[80.100798,13.163273],[80.09976,13.16497],[80.099567,13.165797],[80.099394,13.166469],[80.098828,13.167934],[80.098669,13.1683],[80.09828,13.169484],[80.098177,13.169663],[80.096938,13.170668],[80.096482,13.17114],[80.095615,13.171783],[80.094597,13.172476],[80.093555,13.172986],[80.092541,13.173503],[80.091175,13.17422],[80.09032,13.174583],[80.090111,13.174611],[80.089047,13.17501],[80.087809,13.175749],[80.087042,13.176299],[80.086202,13.176378],[80.085014,13.176496],[80.084747,13.176454],[80.084473,13.176347],[80.084199,13.176122],[80.084084,13.175917],[80.083922,13.175579],[80.083544,13.17478],[80.083211,13.174025],[80.082642,13.172935],[80.082476,13.172799],[80.082048,13.17241],[80.081487,13.17215],[80.080765,13.172034],[80.078746,13.171623],[80.078629,13.171601],[80.078499,13.17151],[80.077893,13.170869],[80.077554,13.1705],[80.076995,13.169913],[80.076769,13.169745],[80.076701,13.169705],[80.076652,13.169665],[80.07643,13.169564],[80.076043,13.169439],[80.073612,13.168703],[80.073228,13.168576],[80.071348,13.168454],[80.071158,13.168453],[80.069916,13.168363],[80.069659,13.168434],[80.069256,13.168565],[80.069017,13.168686],[80.068811,13.168779],[80.068624,13.168861],[80.068521,13.168903],[80.06832,13.168928],[80.067979,13.16893],[80.067778,13.168886],[80.066907,13.168459],[80.066668,13.168354],[80.066361,13.168187],[80.065148,13.16762],[80.064987,13.16739],[80.064956,13.166966],[80.06489,13.16591],[80.064425,13.164172],[80.064171,13.164083],[80.063469,13.163888],[80.061852,13.163423],[80.061501,13.163354],[80.059914,13.163679],[80.05717,13.164631],[80.055509,13.165168],[80.054171,13.165614],[80.052502,13.165002],[80.051923,13.164815],[80.051272,13.164573],[80.04832,13.164245],[80.045726,13.163987],[80.03947,13.163537],[80.036773,13.163394],[80.032861,13.163149],[80.031717,13.163145],[80.031595,13.16311],[80.030419,13.163052],[80.029168,13.162914],[80.027655,13.162819],[80.027365,13.162845],[80.026061,13.162817],[80.018315,13.162342],[80.01448,13.162923],[80.010916,13.163427],[80.005889,13.163335],[80.004252,13.163085],[80.002895,13.162541],[80.001648,13.161972],[80.00016,13.160986],[79.998405,13.159748],[79.994886,13.157709],[79.993468,13.156937],[79.990759,13.155439],[79.988975,13.154326],[79.987923,13.153647],[79.986998,13.15303],[79.985668,13.152224],[79.985035,13.151883],[79.983558,13.151052],[79.982608,13.150452],[79.982456,13.150035],[79.981138,13.146281],[79.980948,13.146065],[79.977784,13.143948],[79.976733,13.143287],[79.972671,13.140857],[79.971984,13.140452],[79.969331,13.138675]]}},{"type":"Feature","properties":{"name":"Supply Channel"},"geometry":{"type":"LineString","coordinates":[[80.156759,13.225258],[80.156998,13.225233],[80.158383,13.224838],[80.162066,13.223818],[80.16281,13.223792],[80.164879,13.223226],[80.16555,13.222957],[80.16667,13.222645],[80.166973,13.222608],[80.16704,13.222563],[80.167057,13.222431],[80.167702,13.222428],[80.16842,13.222569],[80.169372,13.222716],[80.169812,13.222789],[80.170388,13.222865],[80.17077,13.222833],[80.172248,13.222074],[80.172782,13.221772],[80.172814,13.221353],[80.172986,13.220352],[80.173448,13.220126],[80.173665,13.220014],[80.173665,13.219816],[80.17339,13.219605],[80.173077,13.218829],[80.172983,13.218345],[80.173006,13.218152],[80.173393,13.217631]]}},{"type":"Feature","properties":{"name":"Padiyanallur Surplus Ch"},"geometry":{"type":"LineString","coordinates":[[80.178885,13.206068],[80.178949,13.205935],[80.178949,13.205798],[80.178865,13.205713],[80.178737,13.205551],[80.178709,13.205497],[80.178706,13.205356],[80.178712,13.205216],[80.178653,13.204959],[80.178592,13.204712],[80.178473,13.203971]]}},{"type":"Feature","properties":{"name":"Upper Supply Channel"},"geometry":{"type":"LineString","coordinates":[[80.141402,13.217474],[80.138928,13.216618],[80.137154,13.216469],[80.135701,13.216995],[80.13278,13.217919],[80.1266,13.220297],[80.123138,13.220673],[80.122728,13.220657],[80.120959,13.219272],[80.118894,13.218676],[80.117502,13.21847],[80.115374,13.219023],[80.113788,13.219621],[80.113422,13.219619],[80.108216,13.219932],[80.103612,13.220131],[80.097028,13.220553],[80.094857,13.220804],[80.094578,13.220789],[80.091405,13.218695],[80.087719,13.216312],[80.086592,13.215747],[80.08271,13.21513],[80.078119,13.215731],[80.071154,13.215994],[80.06579,13.215629],[80.061761,13.214925],[80.057659,13.214192],[80.056999,13.214204],[80.056544,13.214188],[80.05264,13.21548],[80.048118,13.217015],[80.042819,13.218819],[80.042034,13.219075],[80.040088,13.21975],[80.036867,13.220671],[80.03502,13.220449],[80.034677,13.220297],[80.034435,13.22026],[80.034178,13.220216],[80.033658,13.220185],[80.033497,13.220235],[80.032755,13.220627],[80.030562,13.222737],[80.029296,13.224054],[80.026757,13.226486],[80.025866,13.227488],[80.025674,13.227947],[80.025192,13.229417],[80.024745,13.230988]]}},{"type":"Feature","properties":{"name":"Lower Supply Channel"},"geometry":{"type":"LineString","coordinates":[[80.175479,13.190864],[80.174531,13.193782],[80.172586,13.196677],[80.170513,13.20007],[80.169761,13.20271],[80.169612,13.203552],[80.169503,13.203925],[80.168392,13.205923],[80.165588,13.208547],[80.163304,13.210465],[80.161767,13.211786],[80.15985,13.213685],[80.156946,13.216912],[80.155686,13.219541],[80.155045,13.221157],[80.153968,13.221786]]}},{"type":"Feature","properties":{"name":"Redhills Surplus Course"},"geometry":{"type":"MultiLineString","coordinates":[[[80.294162,13.181836],[80.293694,13.181547],[80.291882,13.179493],[80.290342,13.177957],[80.288721,13.177684],[80.287939,13.177548],[80.286789,13.176472],[80.284052,13.17679],[80.280975,13.179769],[80.280619,13.1813],[80.27972,13.181068],[80.279294,13.179765],[80.278549,13.180682],[80.276829,13.180639],[80.275539,13.18052],[80.273702,13.180553],[80.272254,13.181047],[80.271001,13.181656],[80.268746,13.180936],[80.262151,13.180391],[80.259089,13.178103],[80.256485,13.179484],[80.254967,13.18082],[80.25131,13.181312],[80.249451,13.181977],[80.246328,13.180589],[80.241699,13.179733],[80.23698,13.177578],[80.235651,13.177584],[80.234703,13.177754],[80.232229,13.178053],[80.230174,13.175969],[80.229462,13.175354],[80.228609,13.173426],[80.226513,13.171811],[80.224871,13.171873],[80.222901,13.170565],[80.220051,13.169264],[80.219123,13.169385],[80.217856,13.169798],[80.217551,13.172057],[80.216513,13.172628],[80.216182,13.172378],[80.212661,13.173306],[80.209266,13.174358],[80.20681,13.17402],[80.202632,13.175635],[80.201544,13.17659],[80.201597,13.178093],[80.200119,13.178989],[80.199125,13.180977],[80.19843,13.181349],[80.196854,13.182263],[80.196446,13.182395],[80.196072,13.182419],[80.194849,13.182726],[80.194542,13.183848],[80.19502,13.185618],[80.195113,13.185734],[80.193611,13.186145],[80.191793,13.185742],[80.190325,13.187011],[80.189895,13.186987],[80.188437,13.186841],[80.184416,13.185143]],[[80.294158,13.181814],[80.295477,13.18364],[80.296227,13.184972]]]}},{"type":"Feature","properties":{"name":"Kadapakkam Tank Supply Ch"},"geometry":{"type":"LineString","coordinates":[[80.243338,13.19879],[80.244768,13.198392],[80.245745,13.198049],[80.24692,13.197498],[80.248393,13.196976],[80.249001,13.196825],[80.249157,13.196922]]}},{"type":"Feature","properties":{},"geometry":{"type":"LineString","coordinates":[[80.093663,13.224213],[80.091896,13.222368],[80.091397,13.222381],[80.090516,13.222694],[80.089649,13.223179],[80.089032,13.223579],[80.08843,13.223778],[80.087259,13.223429],[80.085782,13.222303],[80.083994,13.222096],[80.082521,13.22217],[80.081522,13.222583],[80.080875,13.223026],[80.080009,13.223453],[80.078792,13.223506],[80.078851,13.223248],[80.078339,13.223024],[80.07776,13.222964],[80.077402,13.222683],[80.077235,13.222302],[80.077084,13.221525],[80.076726,13.221215],[80.076362,13.22041],[80.076049,13.219877],[80.075529,13.219839],[80.075236,13.219809],[80.075171,13.219407],[80.074959,13.219212],[80.074571,13.21911],[80.073891,13.218785],[80.073283,13.218531],[80.072932,13.218501],[80.072624,13.218536],[80.072405,13.218255],[80.072193,13.21806],[80.071724,13.218073],[80.071393,13.218216],[80.071158,13.218373],[80.070871,13.218594],[80.070762,13.218594],[80.070402,13.218585],[80.070162,13.218233],[80.069694,13.217865],[80.069402,13.217641],[80.069065,13.217489],[80.068655,13.217408],[80.068289,13.21735],[80.06795,13.217672],[80.067744,13.217951],[80.067465,13.218137],[80.067121,13.217992],[80.066983,13.217646],[80.066756,13.21748],[80.066595,13.217422],[80.066507,13.217422],[80.066235,13.217529],[80.066066,13.217658],[80.065963,13.217851],[80.065807,13.218368],[80.065593,13.218676],[80.065116,13.218882],[80.064822,13.219017],[80.064587,13.219146],[80.064265,13.21913],[80.063921,13.219029],[80.063722,13.219236],[80.063706,13.219502],[80.063625,13.219652],[80.063339,13.21968],[80.063032,13.219535],[80.062636,13.219397],[80.062256,13.219245],[80.061806,13.219053],[80.061646,13.218783],[80.061613,13.218593],[80.061599,13.218399],[80.06152,13.218025],[80.061305,13.217636],[80.061153,13.217374],[80.061001,13.216863],[80.060867,13.216349],[80.060787,13.216098],[80.060718,13.215997],[80.060264,13.215916],[80.059541,13.216054],[80.059035,13.21626],[80.058894,13.216572],[80.058761,13.21683],[80.058651,13.216962],[80.058368,13.217037],[80.057946,13.217373],[80.057526,13.217784],[80.05671,13.218424],[80.056284,13.218677],[80.056027,13.218684],[80.055771,13.218532],[80.055426,13.218667],[80.055016,13.218694],[80.055014,13.219032],[80.054244,13.21923],[80.053965,13.2192],[80.053644,13.219041],[80.053351,13.218889],[80.05297,13.218866],[80.052581,13.218858],[80.052178,13.218863],[80.051878,13.218747],[80.051805,13.218697],[80.051636,13.218696],[80.051429,13.219141],[80.051227,13.219352],[80.051168,13.21956],[80.050954,13.21972],[80.050324,13.219783],[80.050283,13.219887],[80.050323,13.220048],[80.050351,13.220192],[80.050197,13.220314],[80.049998,13.220482],[80.04995,13.220625],[80.049928,13.220808],[80.049865,13.220869],[80.049766,13.220894],[80.04951,13.2208],[80.049335,13.220616],[80.049236,13.220497],[80.049032,13.220306],[80.048622,13.220074],[80.048058,13.21985],[80.047971,13.21967],[80.047848,13.219361],[80.047885,13.219081],[80.047916,13.218837],[80.047718,13.218742],[80.047491,13.218699],[80.04722,13.21869],[80.046648,13.218818],[80.045959,13.218829],[80.045394,13.218827],[80.045146,13.218589],[80.04492,13.218237],[80.044606,13.217912],[80.044278,13.217494],[80.044031,13.216991],[80.043929,13.216653],[80.043703,13.216422],[80.043653,13.216156],[80.043434,13.215725],[80.043039,13.215644],[80.042709,13.215729],[80.042429,13.215929],[80.04226,13.216165],[80.041864,13.21615],[80.041754,13.21607],[80.041454,13.215958],[80.041253,13.215921],[80.041147,13.215788],[80.041118,13.215626],[80.041086,13.21549],[80.04098,13.215364],[80.040764,13.215255],[80.040604,13.215064],[80.040384,13.21497],[80.040249,13.214969],[80.04012,13.215109],[80.040127,13.215285],[80.039968,13.215403],[80.039848,13.215388],[80.039563,13.21511],[80.039516,13.214791],[80.039473,13.214539],[80.039456,13.214309],[80.03942,13.214126],[80.039278,13.213957],[80.039062,13.213819],[80.038795,13.21379],[80.038455,13.213458],[80.03835,13.213138],[80.038351,13.213009],[80.038255,13.212111],[80.03817,13.211478],[80.037846,13.210781],[80.037591,13.210324],[80.037329,13.209989],[80.036732,13.209739],[80.035775,13.209146],[80.035143,13.208634],[80.034672,13.208108],[80.03439,13.207881],[80.033848,13.207907],[80.033829,13.207965],[80.033572,13.208089],[80.03344,13.208078],[80.033207,13.207808],[80.033116,13.207571],[80.03304,13.207305],[80.033064,13.206967],[80.033277,13.20676],[80.033359,13.206437],[80.033405,13.206013],[80.033487,13.205626],[80.033533,13.205166],[80.033468,13.204778],[80.033403,13.20444],[80.033353,13.204282],[80.033111,13.204224],[80.032634,13.204315],[80.03215,13.204486],[80.031915,13.204528],[80.031623,13.204362],[80.031286,13.204203],[80.030927,13.204129],[80.030444,13.203891],[80.030064,13.203731],[80.029668,13.203701],[80.029389,13.203757],[80.029082,13.203659],[80.028815,13.203533],[80.028624,13.203557],[80.028451,13.203772],[80.028432,13.203919],[80.028267,13.204004],[80.028102,13.204007],[80.0276,13.203912],[80.027377,13.203868],[80.027143,13.203727],[80.027071,13.203515],[80.027071,13.203314],[80.026973,13.203231],[80.02668,13.203076],[80.026541,13.203075],[80.026446,13.203017],[80.026218,13.203192],[80.025941,13.203651],[80.025738,13.203973],[80.02555,13.204213],[80.025118,13.204219],[80.024883,13.204412],[80.024699,13.204641],[80.024486,13.204715],[80.024329,13.204575],[80.023908,13.20429],[80.023664,13.204044],[80.023642,13.204037],[80.023341,13.204133],[80.023006,13.20439],[80.022804,13.204569],[80.0225,13.204632],[80.022272,13.204725],[80.021888,13.204594],[80.021665,13.204417],[80.021306,13.204244],[80.021106,13.203959],[80.021078,13.203675],[80.02113,13.203399],[80.021164,13.203198],[80.021232,13.202796],[80.021262,13.202585],[80.02134,13.202294],[80.021268,13.201834],[80.020889,13.201301],[80.020424,13.200387],[80.019897,13.20017],[80.019318,13.200046],[80.018666,13.200115],[80.018167,13.200106],[80.017854,13.199595],[80.01749,13.198947],[80.017089,13.198615],[80.016011,13.198676],[80.015482,13.198918],[80.015239,13.199262],[80.014726,13.199324],[80.014331,13.199122],[80.013812,13.198913],[80.013195,13.198988],[80.012901,13.199368],[80.012643,13.199492],[80.012379,13.199653],[80.011989,13.199912],[80.011873,13.199928],[80.011783,13.199853],[80.011632,13.19976],[80.011448,13.199706],[80.011268,13.199529],[80.010918,13.199428],[80.010914,13.199168],[80.010675,13.198969],[80.010383,13.199067],[80.010084,13.199232],[80.009713,13.199059],[80.009562,13.199283],[80.009377,13.199742],[80.008754,13.199804],[80.008206,13.199313],[80.007863,13.19901],[80.007459,13.199052],[80.007503,13.199275],[80.007142,13.199568],[80.006945,13.199467],[80.006645,13.199178],[80.006242,13.199112],[80.005774,13.199002],[80.005012,13.198928],[80.004396,13.198911],[80.003562,13.198678],[80.003108,13.198561],[80.00214,13.198478],[80.00187,13.19819],[80.001769,13.197974],[80.001726,13.197658],[80.001521,13.197528],[80.001264,13.197599],[80.000948,13.197827],[80.000702,13.197847],[80.000406,13.197811],[80.000091,13.19791],[79.99994,13.198203],[79.999913,13.198474],[79.999841,13.199104],[79.999814,13.199286],[79.999681,13.199379],[79.999322,13.199394],[79.998875,13.199392],[79.998272,13.198923],[79.997745,13.198781],[79.997231,13.198125],[79.99592,13.197302],[79.994451,13.196965],[79.992896,13.197189],[79.99096,13.19744],[79.989786,13.197723],[79.989074,13.197924],[79.988721,13.198235],[79.988472,13.198181],[79.988156,13.197608],[79.988124,13.197235],[79.988051,13.197148],[79.987905,13.197076],[79.987232,13.196818],[79.986553,13.19608],[79.986221,13.195838],[79.985942,13.195786],[79.985503,13.195627],[79.985416,13.195475],[79.985476,13.195196],[79.985226,13.195195],[79.984962,13.195351],[79.984727,13.195437],[79.984589,13.195221],[79.984355,13.195062],[79.984164,13.195119],[79.983994,13.195355],[79.983768,13.195196],[79.983622,13.194908],[79.983572,13.194743],[79.983041,13.193689],[79.982543,13.19374],[79.982274,13.19393],[79.982029,13.193778],[79.981891,13.193655],[79.981319,13.193595],[79.980659,13.19365],[79.980439,13.193678],[79.97975,13.193661],[79.979597,13.193603],[79.979532,13.194073],[79.979414,13.194362],[79.979163,13.194684]]}},{"type":"Feature","properties":{"name":"Cholavaram Surplus Channel"},"geometry":{"type":"LineString","coordinates":[[80.151049,13.239531],[80.15182,13.24035],[80.152243,13.241117],[80.152896,13.242467],[80.153378,13.24342],[80.153631,13.24391],[80.153937,13.244547],[80.154179,13.245277],[80.15422,13.245881],[80.154307,13.246759],[80.154313,13.246908],[80.154323,13.247271],[80.154237,13.247565],[80.154261,13.247821],[80.154284,13.248211],[80.154263,13.24851],[80.154267,13.248886],[80.154244,13.249153],[80.154211,13.249434],[80.1542,13.249741],[80.154132,13.250274],[80.154087,13.250688],[80.154039,13.251162],[80.15398,13.251763],[80.153982,13.251962],[80.153694,13.253189],[80.153479,13.254825],[80.153374,13.255428],[80.153795,13.255886],[80.154569,13.257429]]}},{"type":"Feature","properties":{"name":"Korattur Surplus Canal"},"geometry":{"type":"LineString","coordinates":[[80.189725,13.132564],[80.19013,13.13312],[80.190944,13.133544],[80.191815,13.133691],[80.193252,13.133895],[80.193556,13.134285],[80.19378,13.13515],[80.194059,13.136194],[80.194407,13.137083],[80.194993,13.137872],[80.19576,13.138762],[80.196344,13.140028],[80.196489,13.140727],[80.196814,13.141705],[80.1971,13.142698],[80.196825,13.143596],[80.197699,13.144519],[80.197727,13.145704],[80.197903,13.147901],[80.19794,13.148042],[80.198163,13.148087],[80.198653,13.147928],[80.199135,13.14781],[80.201588,13.146986],[80.20379,13.146715],[80.20448,13.146867],[80.20568,13.14676],[80.20665,13.146214],[80.207715,13.145968],[80.207947,13.145885]]}},{"type":"Feature","properties":{"name":"Koilpathakai Tank Surplus"},"geometry":{"type":"LineString","coordinates":[[80.098396,13.153013],[80.098495,13.15341],[80.098575,13.15371],[80.09866,13.153833],[80.098909,13.15398],[80.099115,13.154185],[80.099155,13.154282],[80.099224,13.154355],[80.099283,13.154412],[80.099343,13.154452],[80.099468,13.154593],[80.099623,13.154765],[80.099665,13.154949],[80.099767,13.15507],[80.099899,13.155194],[80.100035,13.155257],[80.100257,13.155424],[80.100487,13.155556],[80.10067,13.155584],[80.100937,13.155544],[80.101084,13.155506],[80.101344,13.155535],[80.101446,13.155587],[80.101568,13.155607],[80.101701,13.155604],[80.102123,13.155553],[80.102265,13.155555],[80.10244,13.155584],[80.102538,13.155598],[80.102595,13.155669],[80.102787,13.155675],[80.103068,13.1557],[80.103222,13.155729],[80.103257,13.155756],[80.103381,13.15584],[80.103444,13.155866],[80.103538,13.155917]]}},{"type":"Feature","properties":{"name":"Ottiyambakkam tank surplus channel"},"geometry":{"type":"LineString","coordinates":[[80.185531,12.873351],[80.185778,12.874148],[80.186186,12.874998],[80.186752,12.875193],[80.187656,12.874945],[80.188559,12.874679],[80.189639,12.87436],[80.190294,12.874042],[80.190914,12.873652],[80.191463,12.873564],[80.192455,12.873599],[80.193216,12.873422],[80.193841,12.873138],[80.194655,12.872855],[80.195186,12.872767],[80.195629,12.872997],[80.196501,12.872784],[80.197192,12.872682],[80.197737,12.872612],[80.198903,12.872497],[80.199337,12.872479],[80.199536,12.872492],[80.199793,12.872594],[80.200233,12.872598],[80.200605,12.872532],[80.201017,12.872501],[80.20142,12.872532],[80.201783,12.872678],[80.201894,12.872749]]}},{"type":"Feature","properties":{"name":"Ambattur Tank surplus channel1"},"geometry":{"type":"LineString","coordinates":[[80.151429,13.108882],[80.151346,13.108819],[80.151311,13.108758],[80.151289,13.108662],[80.151285,13.108522],[80.151282,13.108423],[80.151291,13.108312],[80.151299,13.108219],[80.151312,13.108045],[80.151342,13.107926],[80.151341,13.107921],[80.151339,13.10783],[80.151338,13.107822],[80.151295,13.107704],[80.151234,13.107542],[80.151167,13.107412],[80.151112,13.107313],[80.151015,13.107269],[80.150896,13.107238],[80.15065,13.10718],[80.150522,13.107072],[80.150449,13.106916],[80.15043,13.10676],[80.150383,13.106592],[80.150316,13.1064],[80.150244,13.106234],[80.150189,13.106003],[80.150127,13.105689],[80.150068,13.105444],[80.149927,13.105214],[80.149831,13.105056],[80.149794,13.104864],[80.149734,13.104681],[80.149682,13.104496]]}},{"type":"Feature","properties":{"name":"Ambattur Tank supply channel2"},"geometry":{"type":"LineString","coordinates":[[80.134799,13.11087],[80.134516,13.11099],[80.134184,13.11107],[80.133885,13.111127],[80.13356,13.111138],[80.133165,13.111201],[80.132717,13.111214],[80.132372,13.111249],[80.132058,13.111324],[80.131622,13.111402],[80.131249,13.111502],[80.130985,13.111533],[80.130828,13.111545],[80.130718,13.111539],[80.130617,13.111415],[80.130609,13.111397],[80.130544,13.111248],[80.130544,13.111242],[80.130454,13.110956],[80.130436,13.110935],[80.130345,13.110612],[80.130343,13.110595],[80.13033,13.110568],[80.130251,13.110195],[80.13025,13.110185],[80.130155,13.109877],[80.130083,13.109689],[80.12998,13.109379],[80.129781,13.109007],[80.129561,13.108689],[80.129275,13.108292],[80.129097,13.108084],[80.129092,13.108079],[80.128834,13.107787],[80.128823,13.107772],[80.12859,13.107473],[80.128325,13.107184],[80.128165,13.106905],[80.127967,13.106603]]}},{"type":"Feature","properties":{"name":"Ambattur Tank supply channel1"},"geometry":{"type":"LineString","coordinates":[[80.125842,13.115036],[80.125901,13.115049],[80.125932,13.115144],[80.125919,13.115298],[80.125918,13.115456],[80.12593,13.115602],[80.125942,13.115756],[80.12602,13.115889],[80.126146,13.115888],[80.126479,13.11586],[80.126492,13.115859],[80.126864,13.115895],[80.127122,13.115936],[80.127695,13.115947],[80.128048,13.115968],[80.128369,13.115921],[80.128812,13.115835],[80.129192,13.115806],[80.12938,13.115871],[80.129465,13.115941],[80.129922,13.115874],[80.131185,13.115738],[80.132255,13.11572],[80.133329,13.115622],[80.134425,13.115473],[80.135659,13.115287],[80.136647,13.115171],[80.137591,13.114996],[80.138683,13.114962],[80.139552,13.114877]]}},{"type":"Feature","properties":{"name":"Ambattur Tank supply channel3"},"geometry":{"type":"LineString","coordinates":[[80.131135,13.111515],[80.131129,13.111542],[80.131122,13.111583],[80.131128,13.111625],[80.131153,13.111701],[80.13118,13.111799],[80.131198,13.111893],[80.131209,13.111959],[80.131222,13.112034],[80.131241,13.112134],[80.131251,13.112219],[80.131273,13.112308],[80.131281,13.112403],[80.131303,13.112508],[80.13132,13.112607],[80.131325,13.112705],[80.131336,13.112761],[80.131325,13.112844],[80.131325,13.112902],[80.131309,13.112967],[80.131261,13.113055],[80.131223,13.113132],[80.131174,13.113222],[80.131124,13.113316],[80.131071,13.11342],[80.131041,13.113525],[80.131028,13.113616],[80.131041,13.113715],[80.131055,13.1138],[80.131088,13.113822],[80.131126,13.113902],[80.131137,13.113997],[80.13116,13.114112],[80.131192,13.114217],[80.131221,13.11434],[80.131246,13.114473],[80.131272,13.114599],[80.131289,13.114725],[80.131313,13.114862],[80.131346,13.115074],[80.13138,13.115231],[80.13141,13.115405],[80.131443,13.115557],[80.131387,13.115659],[80.131329,13.115738]]}},{"type":"Feature","properties":{"name":"Sekkadu Tank surplus channel"},"geometry":{"type":"LineString","coordinates":[[80.084336,13.113451],[80.08432,13.113313],[80.084298,13.11312],[80.084298,13.112828],[80.084326,13.112484],[80.084325,13.112475],[80.084291,13.112193],[80.084245,13.111801],[80.084235,13.111784],[80.084183,13.111407],[80.084133,13.110983],[80.084097,13.110613],[80.084071,13.110294],[80.084058,13.109664],[80.08405,13.109596],[80.084026,13.109554],[80.083968,13.109126],[80.083906,13.108745],[80.083655,13.108341],[80.083372,13.107874],[80.083249,13.107473],[80.083233,13.107422],[80.082986,13.106867],[80.082962,13.106832],[80.082643,13.106395],[80.082621,13.106362],[80.08234,13.106171],[80.08233,13.106172],[80.081931,13.106223],[80.081911,13.106225],[80.081482,13.10627],[80.081452,13.106251],[80.081345,13.105729],[80.081343,13.105684],[80.081117,13.105122],[80.080877,13.104788],[80.080579,13.104419],[80.080379,13.104181]]}},{"type":"Feature","properties":{},"geometry":{"type":"LineString","coordinates":[[80.078416,13.106507],[80.078947,13.106234],[80.079356,13.105791],[80.079744,13.105294],[80.07998,13.104915],[80.080455,13.104643],[80.080406,13.104167],[80.080243,13.103366],[80.079996,13.102803],[80.079862,13.102306],[80.079673,13.101698],[80.079351,13.101177],[80.078712,13.10074],[80.077828,13.100495],[80.077614,13.100073],[80.077297,13.09953],[80.075729,13.099022]]}},{"type":"Feature","properties":{},"geometry":{"type":"LineString","coordinates":[[80.251128,13.166283],[80.251161,13.166337],[80.251199,13.1664],[80.251238,13.166435],[80.251269,13.166475],[80.251272,13.166477],[80.251305,13.166539],[80.251344,13.166602],[80.251348,13.166606],[80.251353,13.166614],[80.251409,13.166676],[80.251414,13.166678],[80.251488,13.1667],[80.251601,13.166725],[80.251605,13.166727],[80.251612,13.166736],[80.251668,13.16682]]}},{"type":"Feature","properties":{"name":"Retteri Surplus Channel"},"geometry":{"type":"LineString","coordinates":[[80.218686,13.169473],[80.218298,13.169403],[80.21813,13.169282],[80.217935,13.169055],[80.217739,13.168784],[80.217584,13.168439],[80.217413,13.168096],[80.217246,13.167876],[80.216981,13.167544],[80.216782,13.167314],[80.216644,13.16703],[80.216562,13.16681],[80.216562,13.1668],[80.216529,13.166604],[80.216518,13.166272],[80.2165,13.166026],[80.216474,13.165758],[80.216423,13.165566],[80.216325,13.165426],[80.216325,13.165422],[80.216322,13.165191],[80.216322,13.16518],[80.216346,13.164922],[80.216363,13.164791],[80.216377,13.164541],[80.216419,13.164284],[80.21642,13.164274],[80.216445,13.163907],[80.216493,13.163626],[80.216499,13.163296],[80.216497,13.163029],[80.21649,13.162669],[80.216488,13.162663],[80.216441,13.162319],[80.216422,13.162068],[80.216409,13.161844],[80.21641,13.161837],[80.216413,13.161701],[80.216413,13.161698],[80.216363,13.161604],[80.216219,13.161558],[80.216032,13.161515],[80.215916,13.161438],[80.215902,13.161289],[80.215911,13.161046],[80.215938,13.160845],[80.215939,13.160837],[80.215917,13.160687],[80.215911,13.16068],[80.215774,13.160651],[80.21568,13.160597],[80.215681,13.160594],[80.215692,13.160455],[80.215694,13.160444],[80.215699,13.160283],[80.215707,13.160127],[80.215712,13.159908],[80.215716,13.159671],[80.215737,13.15939],[80.215737,13.159101],[80.215738,13.159094],[80.215728,13.158799],[80.215766,13.158515],[80.215791,13.158309],[80.215792,13.158298],[80.215833,13.15812],[80.215905,13.157923],[80.215909,13.157913],[80.215982,13.15777],[80.216009,13.157678],[80.216015,13.157541],[80.216016,13.157527],[80.216064,13.157285],[80.216065,13.157276],[80.216111,13.157003],[80.216153,13.15676],[80.216176,13.156563],[80.21619,13.156308],[80.216209,13.156075],[80.216235,13.155779]]}},{"type":"Feature","properties":{"name":"Surp.T.Madhavaram"},"geometry":{"type":"LineString","coordinates":[[80.252698,13.172843],[80.252714,13.17296],[80.25275,13.173117],[80.2528,13.173321],[80.252818,13.173595],[80.252886,13.173768],[80.252934,13.173883],[80.25294,13.173954],[80.25294,13.174055],[80.252914,13.17433],[80.25295,13.174749],[80.252914,13.175164],[80.252944,13.175495],[80.252943,13.176003],[80.25297,13.176302],[80.252951,13.176679],[80.252968,13.177072],[80.252992,13.177353],[80.253048,13.177805],[80.253049,13.178093],[80.253011,13.178218],[80.252981,13.178452],[80.252975,13.178674],[80.253077,13.178879],[80.253067,13.17922],[80.253039,13.179367],[80.252991,13.179753],[80.253275,13.179854],[80.25352,13.179898],[80.253833,13.180156],[80.25408,13.180451],[80.254252,13.180735]]}},{"type":"Feature","properties":{"name":"AmbatturTank surplus2"},"geometry":{"type":"LineString","coordinates":[[80.149751,13.11595],[80.149612,13.115926],[80.149097,13.115859],[80.148829,13.115582],[80.148808,13.115554],[80.148603,13.115142],[80.148501,13.114859],[80.148419,13.114576],[80.148307,13.114267],[80.147938,13.114291],[80.147431,13.114294],[80.146681,13.114317],[80.145912,13.114349],[80.145211,13.114408],[80.144361,13.114521],[80.143822,13.114554],[80.143212,13.114561]]}},{"type":"Feature","properties":{"name":"Ambattur Tank supply channel4"},"geometry":{"type":"LineString","coordinates":[[80.125882,13.115018],[80.125747,13.115054],[80.125607,13.115055],[80.125441,13.115063],[80.125297,13.115061],[80.125141,13.115063],[80.124964,13.115076],[80.124801,13.115088],[80.12462,13.115101],[80.124491,13.115106],[80.12424,13.115123],[80.124084,13.115105],[80.123756,13.115139],[80.123454,13.115136],[80.123168,13.115161],[80.122906,13.11516]]}},{"type":"Feature","properties":{"name":"Ambatur Surplus"},"geometry":{"type":"MultiLineString","coordinates":[[[80.147727,13.108591],[80.148678,13.108669],[80.14939,13.108911],[80.149912,13.109074],[80.150281,13.109192],[80.150474,13.109204],[80.150905,13.109141],[80.151189,13.109004],[80.152077,13.108796],[80.152432,13.108749],[80.153178,13.108486],[80.153958,13.108278],[80.154757,13.108196],[80.15526,13.108145],[80.155817,13.108023],[80.156145,13.10802],[80.156916,13.108109],[80.157305,13.108224],[80.157771,13.108375],[80.157945,13.108545],[80.157999,13.108584],[80.159086,13.108587],[80.159676,13.10857],[80.160696,13.108571],[80.161248,13.108587],[80.16204,13.108556],[80.162318,13.108525],[80.163112,13.108441],[80.16311,13.108435]],[[80.149696,13.115941],[80.14984,13.115853],[80.150194,13.115703],[80.150498,13.115649],[80.150997,13.115624],[80.15128,13.115646],[80.151543,13.115605],[80.15205,13.115469],[80.152484,13.115339],[80.152894,13.115149],[80.153243,13.114917],[80.153733,13.114698],[80.153751,13.114686],[80.154222,13.114544],[80.154846,13.114497],[80.155238,13.114486],[80.155262,13.114486],[80.155678,13.114481],[80.156112,13.11447],[80.156329,13.114428],[80.156445,13.114422],[80.15646,13.114424],[80.156685,13.114426],[80.156778,13.114418],[80.156967,13.114429],[80.157147,13.114435],[80.157396,13.114435],[80.157624,13.114442],[80.157843,13.114444],[80.157852,13.114444],[80.158155,13.114449],[80.158174,13.114449],[80.158396,13.114469],[80.158405,13.114469],[80.158412,13.114469],[80.158747,13.114471],[80.159048,13.114499],[80.159171,13.114517],[80.159311,13.114517],[80.159525,13.114532],[80.159708,13.114537],[80.159912,13.114542],[80.160172,13.114561],[80.160375,13.114579],[80.160613,13.114601],[80.160749,13.114595],[80.160898,13.114599],[80.161062,13.114599],[80.161265,13.114615],[80.161437,13.114617],[80.161623,13.114631],[80.161858,13.114648],[80.162084,13.114677],[80.162331,13.114688],[80.162674,13.114711],[80.162971,13.114735],[80.163242,13.114766],[80.163436,13.114793],[80.163526,13.114819],[80.163671,13.114832],[80.163675,13.114832],[80.163793,13.114854],[80.163937,13.114865],[80.164082,13.114884],[80.164262,13.114893],[80.164396,13.114884],[80.164572,13.114856],[80.164619,13.114815],[80.164661,13.114778],[80.164662,13.114784],[80.164749,13.114783],[80.165154,13.1148],[80.16551,13.114799],[80.16601,13.114817],[80.166561,13.114816],[80.167129,13.114835],[80.168029,13.114832],[80.169228,13.114763],[80.17027,13.114728],[80.171031,13.114715],[80.171915,13.114672],[80.17298,13.11463],[80.173905,13.114591],[80.174156,13.114832],[80.174118,13.115155],[80.174244,13.115343]],[[80.179285,13.113856],[80.176832,13.113998],[80.174483,13.114198],[80.173533,13.114195],[80.171123,13.114375],[80.169825,13.114417],[80.16848,13.11442],[80.167579,13.114418],[80.167316,13.114407],[80.166414,13.114388],[80.165421,13.114361],[80.164281,13.114327],[80.16297,13.114323],[80.159843,13.114209],[80.157358,13.114107],[80.156866,13.114183],[80.15634,13.114178],[80.155989,13.11416]],[[80.163717,13.114277],[80.163668,13.11404],[80.163667,13.113815],[80.163678,13.113472],[80.163615,13.11308],[80.163638,13.112653],[80.163551,13.112215],[80.163514,13.11192],[80.163427,13.111448],[80.163363,13.110906],[80.163338,13.110574],[80.163312,13.110125],[80.163262,13.109699],[80.163248,13.109286],[80.163221,13.108837],[80.163112,13.108441],[80.163201,13.108432],[80.163221,13.108432]],[[80.164667,13.114357],[80.164659,13.114432],[80.164645,13.114669],[80.164661,13.114778],[80.164668,13.114772]]]}},{"type":"Feature","properties":{"name":"Ambattur Surplus - Otteri Nullah Link"},"geometry":{"type":"MultiLineString","coordinates":[[[80.17981,13.110533],[80.179601,13.110847],[80.179412,13.111275],[80.179435,13.111811],[80.179417,13.112322],[80.17945,13.112927],[80.179416,13.113435],[80.179285,13.113856],[80.179154,13.114192]],[[80.179829,13.110571],[80.180276,13.110531],[80.180616,13.110471],[80.181641,13.110347],[80.182133,13.110323],[80.182925,13.110257],[80.183398,13.110211],[80.183971,13.110159],[80.184399,13.110121],[80.184548,13.110104],[80.184994,13.110042],[80.185252,13.109997],[80.186732,13.109902],[80.187253,13.109851],[80.187513,13.109965],[80.187474,13.110428],[80.187428,13.111529],[80.187404,13.111909],[80.187359,13.112713],[80.187427,13.112783],[80.188112,13.112716],[80.189465,13.112534],[80.190107,13.112472],[80.1912,13.112326],[80.191735,13.112255],[80.193314,13.112055],[80.196426,13.111544],[80.196755,13.111301],[80.196678,13.110479],[80.195813,13.108425],[80.1948,13.106757]]]}},{"type":"Feature","properties":{"name":"R.Kosasthalayar"},"geometry":{"type":"LineString","coordinates":[[80.270865,13.220026],[80.270629,13.220195],[80.270278,13.220416],[80.269912,13.220687],[80.269544,13.220933],[80.269245,13.221183],[80.268785,13.221507],[80.268399,13.221752],[80.268085,13.22196],[80.267677,13.22222],[80.267253,13.222456],[80.26687,13.222885],[80.266732,13.223469],[80.26665,13.223927],[80.266586,13.224413],[80.266358,13.22494],[80.265831,13.225418],[80.265231,13.225833],[80.264682,13.226297],[80.264347,13.226974],[80.26416,13.227582],[80.264184,13.228132],[80.26423,13.228829],[80.264108,13.229473],[80.264061,13.23015],[80.263772,13.230876],[80.263367,13.23166],[80.26261,13.232432],[80.261927,13.23316],[80.261241,13.233701],[80.260455,13.234324],[80.259477,13.234834],[80.258026,13.235281],[80.256876,13.235615],[80.2559,13.236225],[80.255057,13.237301],[80.25447,13.238844],[80.254289,13.240366],[80.254787,13.241972],[80.254784,13.24207],[80.254779,13.242234],[80.255273,13.244518],[80.25565,13.246827],[80.256221,13.247996],[80.256185,13.248034],[80.254555,13.249176],[80.254939,13.253525],[80.254699,13.258516],[80.253267,13.262263]]}},{"type":"Feature","properties":{},"geometry":{"type":"LineString","coordinates":[[80.098365,13.152953],[80.098413,13.153106],[80.098466,13.153292],[80.098479,13.153494],[80.098506,13.153607],[80.098543,13.153677],[80.098612,13.153793],[80.098689,13.153852],[80.098834,13.153959],[80.098981,13.154051],[80.099098,13.154208],[80.099185,13.154346],[80.099343,13.154489],[80.099531,13.15466],[80.099645,13.154858],[80.099694,13.154982],[80.099846,13.155142],[80.099956,13.155216],[80.100055,13.155319],[80.100374,13.155504],[80.100547,13.155575],[80.100729,13.155565],[80.100927,13.155524],[80.101014,13.15551],[80.101145,13.155502],[80.101383,13.155537],[80.101494,13.155578],[80.101662,13.155598],[80.101918,13.155574],[80.10211,13.155558],[80.102262,13.155561],[80.102448,13.15561],[80.102532,13.155651],[80.102655,13.155668],[80.102771,13.155677],[80.102902,13.155686],[80.103046,13.155689],[80.103228,13.155742],[80.103414,13.155851],[80.103514,13.155901],[80.103546,13.155921]]}},{"type":"Feature","properties":{"name":"Cooum River northern Arm"},"geometry":{"type":"LineString","coordinates":[[80.283632,13.069343],[80.283712,13.069606],[80.283817,13.069983],[80.28398,13.07073],[80.283998,13.071321],[80.283957,13.07195],[80.283869,13.072469],[80.283854,13.073073],[80.283846,13.073437],[80.283686,13.074105],[80.283498,13.074728],[80.283431,13.075188],[80.28319,13.075876],[80.28295,13.076453],[80.282784,13.076881],[80.282417,13.077536],[80.282131,13.07808],[80.281898,13.078547],[80.281612,13.078923],[80.281366,13.079247],[80.281028,13.079447],[80.280577,13.079522],[80.279774,13.07952],[80.27935,13.079465],[80.278807,13.079463],[80.278146,13.079416],[80.27743,13.079368],[80.276587,13.079299],[80.27576,13.079297],[80.275451,13.079296],[80.275125,13.079295],[80.274832,13.079294],[80.274557,13.079202],[80.274231,13.079081],[80.273875,13.078967],[80.273553,13.078896],[80.273185,13.078832],[80.272931,13.07867],[80.272772,13.078553]]}},{"type":"Feature","properties":{"name":"Kosasthalayar River"},"geometry":{"type":"LineString","coordinates":[[80.253267,13.262263],[80.24895,13.265447],[80.246337,13.266393],[80.243306,13.267989],[80.240881,13.270613],[80.238669,13.272332],[80.235828,13.273646],[80.232494,13.273296],[80.229917,13.272553],[80.227227,13.273615],[80.223992,13.275311],[80.219976,13.276369],[80.216483,13.276021],[80.212199,13.278301],[80.20822,13.280608],[80.204043,13.281581],[80.199779,13.279642],[80.199622,13.279378],[80.196624,13.275288],[80.196547,13.275026],[80.193425,13.271926],[80.188814,13.270493],[80.181505,13.270199],[80.174926,13.267599],[80.171055,13.262662],[80.167545,13.261028],[80.16375,13.259438],[80.158161,13.258242],[80.15368,13.257629],[80.149861,13.258748],[80.147186,13.259844],[80.14341,13.260729],[80.139798,13.261192],[80.136289,13.26132],[80.132272,13.261082],[80.130865,13.25891],[80.131022,13.255498],[80.131233,13.251862],[80.132489,13.249371],[80.132974,13.247049],[80.132906,13.246916],[80.131595,13.244089],[80.128955,13.242295],[80.12665,13.243515],[80.124848,13.245499],[80.122092,13.247191],[80.119312,13.247079],[80.117377,13.24485],[80.116857,13.242017],[80.1162,13.239035],[80.115528,13.236323],[80.114996,13.234068],[80.114135,13.233268],[80.114025,13.233095],[80.109626,13.233241],[80.105731,13.233816],[80.102004,13.23319],[80.099061,13.231862],[80.096688,13.228846],[80.096544,13.228792],[80.094084,13.226319],[80.09186,13.2272],[80.08857,13.229988],[80.088495,13.230085],[80.086666,13.232432],[80.083599,13.233166],[80.078402,13.232274],[80.072466,13.232664],[80.067228,13.234509],[80.062113,13.236367],[80.056549,13.238071],[80.052897,13.239152],[80.050091,13.242883],[80.045573,13.2437],[80.044149,13.2404],[80.046139,13.236256],[80.046228,13.236056],[80.046608,13.23301],[80.046506,13.232721],[80.0418,13.229443],[80.035452,13.228613],[80.027673,13.230804],[80.023391,13.231365],[80.017125,13.232211],[80.012981,13.231256],[80.009048,13.2289],[80.005418,13.229042],[80.001824,13.229296],[79.999603,13.227232],[79.997299,13.223775],[79.994226,13.222155],[79.990031,13.22196],[79.985052,13.223616],[79.980265,13.227187],[79.977071,13.230629],[79.973454,13.232931],[79.970947,13.232409],[79.968388,13.230211],[79.964159,13.228265],[79.960258,13.226073],[79.958552,13.223706],[79.955639,13.221828],[79.951225,13.22208],[79.946601,13.223027],[79.943905,13.225626],[79.942599,13.229815],[79.941243,13.232889],[79.938517,13.232563],[79.93444,13.230965],[79.930746,13.229735],[79.924953,13.226033],[79.922114,13.22193],[79.919045,13.218691],[79.918934,13.218634],[79.914303,13.21734],[79.909643,13.215251],[79.904971,13.215807],[79.901082,13.21891],[79.900881,13.2192],[79.90078,13.219374],[79.899253,13.223046],[79.899149,13.223285],[79.896507,13.227949],[79.891855,13.230095],[79.887883,13.230215],[79.883912,13.228973],[79.881988,13.226276],[79.881993,13.226214],[79.881256,13.223952],[79.880622,13.222027],[79.878748,13.220644],[79.876307,13.219878],[79.876168,13.219765],[79.874815,13.217741],[79.874797,13.217517],[79.873785,13.215216],[79.872235,13.212876],[79.870836,13.210859]]}},{"type":"Feature","properties":{"name":"R.Kosasthalayar"},"geometry":{"type":"MultiLineString","coordinates":[[[80.308301,13.203871],[80.308287,13.203868],[80.30661,13.201041],[80.303567,13.196206],[80.302292,13.191446],[80.299685,13.186895],[80.296581,13.185252],[80.29472,13.186381],[80.293581,13.188397],[80.293019,13.190287],[80.292569,13.192456],[80.290012,13.193873],[80.287242,13.1955],[80.284592,13.197029],[80.282196,13.198072],[80.281434,13.201373],[80.281428,13.201705],[80.281171,13.20576],[80.279941,13.208442],[80.278149,13.211542],[80.277207,13.213171],[80.273661,13.216125],[80.271067,13.218928],[80.270384,13.222849],[80.271962,13.225357],[80.27322,13.22713],[80.272315,13.229606],[80.272184,13.231794],[80.272716,13.234264],[80.272405,13.237371],[80.271007,13.238662],[80.269156,13.241732],[80.267245,13.24475],[80.264373,13.246095],[80.262066,13.24744],[80.258795,13.248119],[80.256253,13.247964],[80.256221,13.247996],[80.256235,13.248025]],[[80.331624,13.232459],[80.326489,13.232303],[80.322726,13.230335],[80.319502,13.226032],[80.318237,13.221634],[80.318091,13.221303],[80.314782,13.217878],[80.313351,13.213737],[80.309847,13.206497],[80.308287,13.203868],[80.30755,13.203713],[80.307124,13.203666],[80.306668,13.203622],[80.306267,13.203475],[80.305656,13.20346],[80.304969,13.203264],[80.30416,13.203198],[80.303349,13.203313],[80.303289,13.203338],[80.302697,13.203671],[80.302304,13.204016],[80.302266,13.204028],[80.301937,13.204335],[80.301889,13.204388],[80.30156,13.204735],[80.30109,13.204999],[80.300519,13.205192],[80.300018,13.205127],[80.299453,13.204939],[80.298867,13.204752],[80.298344,13.204592],[80.297049,13.204569],[80.295569,13.204594],[80.294378,13.204569],[80.293105,13.204929],[80.291874,13.205375],[80.290916,13.205269],[80.290076,13.204924],[80.29005,13.204896],[80.2892,13.20488],[80.288189,13.205354],[80.287933,13.206024],[80.287491,13.207012],[80.287166,13.207764],[80.286675,13.208466],[80.28613,13.208746],[80.285096,13.208545],[80.284056,13.208412],[80.282764,13.208571],[80.282087,13.208913],[80.281394,13.209564],[80.280443,13.210212],[80.279015,13.210901],[80.278149,13.211542],[80.277864,13.211753]]]}},{"type":"Feature","properties":{"name":"Avadi tank supply channel"},"geometry":{"type":"LineString","coordinates":[[80.099029,13.113347],[80.099039,13.113355],[80.099077,13.113413],[80.099103,13.113481],[80.099123,13.113537],[80.099189,13.113529],[80.099282,13.11352],[80.099374,13.113479],[80.099466,13.11345],[80.099534,13.113433],[80.099613,13.113409],[80.099729,13.113379],[80.09983,13.113357],[80.099849,13.113357],[80.099972,13.113346],[80.100121,13.113341],[80.100284,13.113305],[80.10041,13.113286],[80.10048,13.113319],[80.100518,13.113408],[80.100579,13.113525],[80.10061,13.113624],[80.100614,13.113664],[80.100688,13.113765],[80.100721,13.113841],[80.100779,13.11395],[80.100816,13.11403],[80.100868,13.114126],[80.100922,13.114235],[80.10096,13.114295],[80.100995,13.11435],[80.101036,13.11442],[80.101082,13.11452],[80.101136,13.114613],[80.101206,13.114735],[80.101294,13.11488],[80.101352,13.115006],[80.101426,13.115134],[80.101497,13.115262],[80.101585,13.115423],[80.101632,13.115607],[80.10166,13.11571],[80.101699,13.115849],[80.1017,13.115943],[80.101724,13.116071],[80.10174,13.116171],[80.101784,13.116287],[80.101784,13.116395],[80.101792,13.116517],[80.101791,13.116688],[80.101759,13.116825],[80.101683,13.117021],[80.101653,13.117147],[80.1016,13.117307],[80.101612,13.117444],[80.101632,13.117553],[80.101575,13.117604],[80.101445,13.117638],[80.10127,13.11768],[80.101108,13.117719],[80.100984,13.117766],[80.100894,13.117823],[80.100883,13.117971],[80.100881,13.118113],[80.100875,13.118239],[80.100878,13.118379],[80.100881,13.118534],[80.100889,13.11869],[80.100905,13.118885],[80.100939,13.119098],[80.100943,13.119247],[80.100964,13.119457],[80.100964,13.119571],[80.100953,13.119742],[80.100964,13.119902],[80.100959,13.120033],[80.100975,13.120165],[80.100986,13.120331],[80.101,13.120428],[80.101034,13.120552],[80.101082,13.120694],[80.101122,13.120812],[80.101185,13.120922],[80.10124,13.121024],[80.10125,13.121131],[80.101215,13.121293],[80.101179,13.12144],[80.101125,13.121597]]}},{"type":"Feature","properties":{"name":"Avadi Tank surplus"},"geometry":{"type":"LineString","coordinates":[[80.108181,13.104897],[80.108269,13.104911],[80.108406,13.10493],[80.108535,13.104937],[80.108674,13.104953],[80.108763,13.104994],[80.108794,13.105104],[80.108811,13.105217],[80.10883,13.105329],[80.10881,13.105434],[80.108831,13.105518],[80.108827,13.105567],[80.10888,13.10558],[80.108955,13.105596],[80.109023,13.105597],[80.109093,13.105597],[80.109147,13.105594],[80.109228,13.105588],[80.109313,13.105577],[80.109377,13.10557],[80.109461,13.105558],[80.109518,13.105544],[80.109576,13.105519],[80.109657,13.105488],[80.109758,13.105472],[80.109864,13.105464],[80.109925,13.105455],[80.109985,13.105458],[80.110078,13.105443],[80.110155,13.105419],[80.110162,13.105419],[80.110231,13.1054],[80.110238,13.105399],[80.110362,13.105383],[80.110429,13.105381],[80.110492,13.105371],[80.110548,13.105328],[80.110589,13.105274],[80.11065,13.105231],[80.110738,13.105223],[80.110891,13.10522],[80.111004,13.105221],[80.111132,13.105211],[80.111275,13.105198],[80.111377,13.105196],[80.111451,13.105191],[80.111517,13.105193],[80.111576,13.105196],[80.111625,13.105192],[80.111628,13.105158],[80.111628,13.105151],[80.11163,13.105095],[80.111632,13.105032],[80.111629,13.104972],[80.111617,13.1049],[80.111616,13.10482],[80.111617,13.104755],[80.111626,13.104695],[80.111658,13.104657],[80.111743,13.104634],[80.111808,13.104632],[80.111919,13.104612],[80.111999,13.104596],[80.112095,13.10459],[80.112197,13.104585],[80.112291,13.104584],[80.112341,13.104578],[80.112462,13.10458],[80.112541,13.104564],[80.112628,13.104552],[80.112643,13.104511],[80.112645,13.104422],[80.112664,13.104296],[80.112665,13.104288],[80.112684,13.104143],[80.112686,13.103984],[80.112691,13.10383],[80.1127,13.103695],[80.112692,13.103545],[80.112689,13.103308],[80.112692,13.103223],[80.112687,13.10311],[80.112698,13.103016],[80.112709,13.10291],[80.112705,13.102804],[80.112696,13.102701],[80.112694,13.102639],[80.112684,13.102506],[80.112684,13.102501],[80.112675,13.102377],[80.112675,13.102375],[80.112675,13.102267],[80.112675,13.102257],[80.112682,13.102163],[80.1127,13.102078],[80.112733,13.101988],[80.112754,13.101947],[80.11282,13.101921],[80.112879,13.101906],[80.112935,13.101883],[80.112968,13.10185],[80.113009,13.101796],[80.11305,13.101732],[80.113087,13.101687],[80.113131,13.101629],[80.113177,13.101613],[80.113215,13.101588],[80.113245,13.101542],[80.113278,13.101493],[80.113308,13.101443],[80.113364,13.101423],[80.113427,13.101438],[80.113514,13.101452],[80.113598,13.10147],[80.113702,13.10149],[80.113768,13.101505],[80.113839,13.1015],[80.113894,13.101485],[80.113939,13.101446],[80.113981,13.101406],[80.114011,13.101364]]}},{"type":"Feature","properties":{"name":"Nagammai Pond surplus channel"},"geometry":{"type":"LineString","coordinates":[[80.123919,13.120284],[80.123878,13.120311],[80.123781,13.120317],[80.123678,13.120343],[80.123584,13.120361],[80.12348,13.120378],[80.123367,13.120407],[80.12328,13.120422],[80.123173,13.12044],[80.123038,13.120465],[80.12288,13.120488],[80.122777,13.120513],[80.122611,13.120534],[80.122457,13.12056],[80.122302,13.12058],[80.122143,13.120623],[80.122055,13.12065],[80.121983,13.120689],[80.121979,13.120692],[80.121915,13.120732],[80.121851,13.120775],[80.121769,13.120802],[80.121675,13.120841],[80.121561,13.120867],[80.121472,13.120882],[80.121326,13.120898],[80.121217,13.120911],[80.121137,13.120916],[80.121131,13.120923],[80.121023,13.120961],[80.120918,13.120987],[80.1208,13.120997],[80.120717,13.120993],[80.12063,13.121015],[80.120557,13.121024],[80.120464,13.121035],[80.120379,13.121053],[80.120292,13.121048],[80.120224,13.121022],[80.120219,13.121021],[80.120213,13.121018],[80.120142,13.121004],[80.120066,13.121018],[80.119971,13.121042],[80.119963,13.121044],[80.119892,13.121055],[80.11978,13.121084],[80.119719,13.121126],[80.119626,13.121165],[80.119536,13.121188],[80.119467,13.121225]]}},{"type":"Feature","properties":{"name":"Vilinyampakkam Tank surplus"},"geometry":{"type":"LineString","coordinates":[[80.102522,13.109153],[80.102505,13.109276],[80.102499,13.109358],[80.102509,13.109446],[80.102548,13.109569],[80.10252,13.109676],[80.102394,13.109683],[80.102227,13.10971],[80.102052,13.109721],[80.101863,13.10975],[80.101647,13.109768],[80.101355,13.109794],[80.101065,13.109845],[80.10087,13.109861],[80.100759,13.109868],[80.100768,13.109932],[80.100771,13.11002],[80.100767,13.110085],[80.100737,13.110157],[80.100663,13.110242],[80.100599,13.110345],[80.100554,13.110462],[80.100523,13.110622],[80.100465,13.110749],[80.100387,13.110917],[80.100304,13.11103],[80.100197,13.111142],[80.100075,13.111273],[80.099935,13.111411],[80.09983,13.111525],[80.099751,13.111609],[80.099663,13.111634],[80.099531,13.111685],[80.099431,13.111707],[80.099304,13.111751],[80.099178,13.111844],[80.099033,13.111915],[80.09895,13.111955],[80.098968,13.111994],[80.099018,13.112077],[80.09906,13.112175],[80.099118,13.112296],[80.099158,13.112393],[80.099171,13.112463],[80.099164,13.112584],[80.099116,13.112701],[80.099113,13.112765],[80.099012,13.112775],[80.098927,13.112802],[80.098939,13.11287],[80.098987,13.112961],[80.099025,13.113025],[80.099044,13.113121],[80.099074,13.113209],[80.099073,13.113301],[80.098997,13.113387],[80.098879,13.113405],[80.098766,13.113436],[80.098623,13.113477],[80.098432,13.113543],[80.098292,13.1136],[80.098083,13.113647],[80.097935,13.113673],[80.097748,13.113695],[80.097553,13.11374],[80.097364,13.113777],[80.097072,13.113803],[80.096855,13.113815],[80.096672,13.113826],[80.096467,13.113829],[80.096291,13.113776],[80.096141,13.113721],[80.095944,13.113689],[80.09577,13.113658],[80.095766,13.113658],[80.095588,13.11364],[80.095317,13.113649],[80.095021,13.113664],[80.094811,13.113664],[80.094564,13.113653],[80.094322,13.113643],[80.094055,13.113646],[80.093839,13.113636],[80.093547,13.113639],[80.093312,13.113633],[80.093048,13.113626],[80.09279,13.113626],[80.092551,13.113626],[80.092345,13.113614],[80.092151,13.113613],[80.091961,13.113616],[80.091811,13.113634]]}},{"type":"Feature","properties":{"name":"Vilinjiambakkam Tank supply channel"},"geometry":{"type":"LineString","coordinates":[[80.082731,13.11824],[80.082674,13.118239],[80.082609,13.118239],[80.082523,13.118241],[80.082405,13.118247],[80.082272,13.118248],[80.082169,13.11825],[80.082062,13.118245],[80.081912,13.118245],[80.08177,13.118238],[80.081615,13.118253],[80.081519,13.118255],[80.081416,13.118252],[80.081267,13.118253],[80.081087,13.118252],[80.080949,13.118249],[80.080784,13.11825],[80.080599,13.11827],[80.080421,13.11829],[80.080269,13.118312],[80.080198,13.118324],[80.080117,13.118333]]}},{"type":"Feature","properties":{"name":"Cooum River-DS of Paruthipet"},"geometry":{"type":"LineString","coordinates":[[80.290316,13.066984],[80.289799,13.066824],[80.288926,13.066853],[80.288149,13.067184],[80.287048,13.067704],[80.286335,13.06813],[80.285056,13.068602],[80.283632,13.069343],[80.282921,13.069008],[80.281143,13.068813],[80.279897,13.069174],[80.278554,13.069789],[80.277533,13.070309],[80.276513,13.071114],[80.275605,13.071793],[80.275037,13.072489],[80.274663,13.073376],[80.274369,13.074215],[80.274254,13.075054],[80.273943,13.076242],[80.273779,13.077114],[80.273388,13.077889],[80.272772,13.078553],[80.271849,13.078947],[80.271024,13.079325],[80.270392,13.079545],[80.269696,13.07986],[80.26892,13.079905],[80.268015,13.079776],[80.267176,13.079314],[80.266627,13.078758],[80.266322,13.078107],[80.265985,13.077187],[80.265778,13.076346],[80.265634,13.07587],[80.265555,13.075157],[80.265881,13.074318],[80.266206,13.073811],[80.266611,13.073305],[80.267179,13.072641],[80.26799,13.071835],[80.268574,13.07106],[80.268983,13.070338],[80.269187,13.069398],[80.268912,13.068481],[80.268333,13.067785],[80.2674,13.067387],[80.266137,13.067086],[80.264673,13.066859],[80.263436,13.066632],[80.262073,13.066158],[80.261115,13.065536],[80.260713,13.064891],[80.260615,13.063851],[80.260289,13.063057],[80.259458,13.062188],[80.258348,13.061392],[80.257364,13.061315],[80.256529,13.06156],[80.256097,13.062302],[80.255635,13.063265],[80.255716,13.063874],[80.255859,13.064493],[80.256013,13.065041],[80.255928,13.065609],[80.255679,13.066024],[80.255046,13.066509],[80.254486,13.066964],[80.254244,13.067326],[80.253612,13.068069],[80.25293,13.068876],[80.252281,13.069539],[80.251487,13.070155],[80.250904,13.07055],[80.250176,13.070849],[80.249593,13.071037],[80.248995,13.071115],[80.248397,13.070986],[80.247492,13.070619],[80.246427,13.070014],[80.245116,13.069326],[80.244317,13.068852],[80.2427,13.068267],[80.241564,13.067792],[80.240147,13.067226],[80.239138,13.06674],[80.238796,13.066589],[80.238424,13.066413],[80.238025,13.066324],[80.237567,13.066261],[80.237009,13.06627],[80.236562,13.066313],[80.236107,13.066406],[80.2356,13.066569],[80.235229,13.06681],[80.234764,13.067147],[80.234326,13.067583],[80.233906,13.067983],[80.233506,13.06808],[80.232906,13.068087],[80.232223,13.068183],[80.231569,13.068163],[80.230959,13.068108],[80.230187,13.067927],[80.229542,13.067738],[80.22895,13.067843],[80.22855,13.068029],[80.22834,13.068341],[80.228338,13.068778],[80.228464,13.069224],[80.228709,13.06951],[80.228972,13.06984],[80.229234,13.070144],[80.22946,13.070528],[80.229513,13.071072],[80.229594,13.071581],[80.229493,13.07191],[80.229319,13.072195],[80.228955,13.07231],[80.228482,13.0723],[80.228018,13.072245],[80.227491,13.072047],[80.226737,13.071938],[80.226028,13.071891],[80.225464,13.071827],[80.224946,13.071727],[80.224464,13.071655],[80.223973,13.07176],[80.22339,13.07191],[80.222798,13.072274],[80.222341,13.073012],[80.22213,13.073582],[80.222137,13.074251],[80.22219,13.074848],[80.222106,13.075437],[80.222104,13.075954],[80.221976,13.076363],[80.221683,13.076835],[80.221245,13.077422],[80.220761,13.078009],[80.22045,13.078463],[80.22014,13.078926],[80.219911,13.079183],[80.21961,13.079459],[80.219209,13.079859],[80.218771,13.080205],[80.218361,13.080507],[80.217952,13.080631],[80.217606,13.080612],[80.217197,13.080602],[80.216697,13.080386],[80.216262,13.080091],[80.215917,13.079831],[80.215709,13.079518],[80.215574,13.079019],[80.215575,13.078662],[80.215567,13.078288],[80.21565,13.077869],[80.215579,13.07753],[80.215371,13.077066],[80.215072,13.076735],[80.214645,13.076555],[80.214099,13.076518],[80.213744,13.076651],[80.213398,13.076846],[80.213143,13.077086],[80.21286,13.077343],[80.212559,13.07761],[80.212222,13.077867],[80.211839,13.078],[80.211348,13.078132],[80.210938,13.078327],[80.210428,13.078441],[80.209828,13.07852],[80.209236,13.078593],[80.208526,13.078619],[80.207588,13.078616],[80.206707,13.078432],[80.205884,13.078095],[80.204947,13.0778],[80.203839,13.077713],[80.202489,13.077611],[80.201211,13.077524],[80.200457,13.077661],[80.199646,13.077867],[80.198952,13.078005],[80.198688,13.078058],[80.198288,13.078145],[80.197951,13.078305],[80.197587,13.078268],[80.196901,13.078397],[80.196691,13.07843],[80.195992,13.078565],[80.195451,13.078683],[80.194938,13.078762],[80.194396,13.078885],[80.193971,13.07889],[80.193605,13.078803],[80.193274,13.078699],[80.192995,13.078465],[80.192699,13.078218],[80.192438,13.077921],[80.192132,13.077654],[80.191806,13.077234],[80.191653,13.076779],[80.191301,13.076046],[80.191138,13.075734],[80.190831,13.075162],[80.190414,13.074769],[80.189979,13.074277],[80.189189,13.073748],[80.188198,13.073377],[80.187751,13.07313],[80.187297,13.072901],[80.186617,13.072682],[80.186018,13.072554],[80.185518,13.072473],[80.184883,13.072419],[80.184244,13.072326],[80.183354,13.072158],[80.182642,13.072089],[80.182381,13.072001],[80.182099,13.071927],[80.181704,13.071739],[80.181369,13.071621],[80.18105,13.071467],[80.180782,13.071358],[80.180044,13.071217],[80.179191,13.071228],[80.178751,13.07131],[80.178323,13.071559],[80.178053,13.07174],[80.177584,13.071696],[80.177414,13.071445],[80.17689,13.071165],[80.176151,13.071009],[80.175413,13.070686],[80.175046,13.070072],[80.174579,13.069416],[80.174112,13.068913],[80.173901,13.068369],[80.173661,13.06763],[80.173152,13.06696],[80.172727,13.066582],[80.17189,13.06619],[80.170825,13.066005],[80.169717,13.065904],[80.168722,13.065845],[80.167643,13.065675],[80.166763,13.065463],[80.165982,13.065112],[80.165557,13.064916],[80.164407,13.064578],[80.163683,13.064352],[80.163194,13.064001],[80.162712,13.063795],[80.162313,13.06349],[80.161977,13.063329],[80.16145,13.063184],[80.160941,13.063138],[80.160451,13.063021],[80.159705,13.062965],[80.158814,13.06281],[80.158197,13.062666],[80.157733,13.062486],[80.157037,13.062288],[80.155906,13.061827],[80.154708,13.061519],[80.153598,13.06158],[80.152664,13.06186],[80.151864,13.062162],[80.15093,13.062573],[80.150056,13.062978],[80.149328,13.063145],[80.148737,13.063143],[80.147919,13.063033],[80.147328,13.062889],[80.146511,13.06269],[80.145902,13.062527],[80.145366,13.06241],[80.144711,13.062336],[80.144102,13.062227],[80.143375,13.062153],[80.142493,13.062052],[80.141748,13.06205],[80.140957,13.062029],[80.140311,13.062072],[80.139347,13.062087],[80.138455,13.062244],[80.137891,13.062412],[80.137426,13.062784],[80.136942,13.063362],[80.136485,13.063851],[80.136084,13.064278],[80.135591,13.064793],[80.134825,13.065334],[80.133986,13.065849],[80.133058,13.066131],[80.132248,13.066244],[80.131502,13.066384],[80.130728,13.066506],[80.13001,13.066602],[80.129236,13.066733],[80.128372,13.066712],[80.1271,13.066767],[80.126076,13.066847],[80.12484,13.066815],[80.123817,13.0667],[80.122838,13.066418],[80.121987,13.065983],[80.120894,13.065562],[80.119617,13.065125],[80.117994,13.064805],[80.117094,13.064624],[80.115866,13.064611],[80.115002,13.064679],[80.114401,13.064918],[80.113963,13.065362],[80.113561,13.065949],[80.113454,13.06641],[80.113476,13.066855],[80.113556,13.067329],[80.113687,13.06794],[80.113888,13.068527],[80.113958,13.069222],[80.113938,13.0699],[80.11368,13.070692],[80.113395,13.071672],[80.11313,13.072434],[80.112971,13.073055],[80.112857,13.073808],[80.112739,13.07435],[80.112527,13.075068],[80.112391,13.075551],[80.111692,13.076909],[80.111653,13.078167],[80.11158,13.079255],[80.111299,13.08024],[80.110772,13.082007],[80.109969,13.0835],[80.108647,13.084414],[80.107291,13.085191],[80.10622,13.085929],[80.105374,13.086579],[80.104638,13.087469],[80.103991,13.088359],[80.103344,13.089053],[80.10283,13.090183],[80.102515,13.091292],[80.101912,13.09227],[80.101535,13.092901]]}},{"type":"Feature","properties":{"name":"Ayanambakkam Tank surplus"},"geometry":{"type":"LineString","coordinates":[[80.130728,13.066506],[80.130363,13.066754],[80.130372,13.066848],[80.130385,13.066963],[80.130401,13.067138],[80.130423,13.067286],[80.130439,13.06743],[80.130447,13.067532],[80.130455,13.067644],[80.130483,13.06772],[80.130505,13.067819],[80.130516,13.067882],[80.130474,13.067922],[80.130406,13.068012],[80.130387,13.068083],[80.130361,13.068138],[80.13037,13.06822],[80.1304,13.068264],[80.130439,13.068368],[80.1305,13.068477],[80.130591,13.068592],[80.130703,13.068658],[80.130797,13.068667],[80.13082,13.068612],[80.130915,13.068604],[80.130973,13.068621],[80.131009,13.068659],[80.131045,13.06875]]}},{"type":"Feature","properties":{"name":"Cooum River"},"geometry":{"type":"LineString","coordinates":[[80.101535,13.092901],[80.101264,13.093356],[80.10035,13.09431],[80.099359,13.095284],[80.098944,13.095923],[80.09816,13.096714],[80.097545,13.097618],[80.096875,13.098186],[80.096305,13.098797],[80.095592,13.099519],[80.094978,13.100102],[80.094265,13.100866],[80.093225,13.101614],[80.092128,13.102335],[80.091059,13.102875],[80.090125,13.103329],[80.089125,13.103434],[80.088171,13.103213],[80.087241,13.10247],[80.086268,13.101465],[80.085317,13.100395],[80.084278,13.099173],[80.083438,13.098212],[80.083092,13.097706],[80.082355,13.097369],[80.081631,13.097199],[80.080622,13.097015],[80.079713,13.096858],[80.078861,13.096785],[80.078022,13.096824],[80.077154,13.097169],[80.076398,13.098002],[80.075982,13.098934],[80.075524,13.099852],[80.075024,13.100477],[80.074624,13.101019],[80.074097,13.101491],[80.073215,13.101766],[80.072504,13.101805],[80.071764,13.102053],[80.07128,13.10226],[80.070569,13.102411],[80.069673,13.102575],[80.068891,13.102795],[80.068322,13.102835],[80.067924,13.102764],[80.066887,13.102746],[80.066248,13.102632],[80.065437,13.102755],[80.064834,13.103154],[80.06446,13.103364],[80.064017,13.103596],[80.063662,13.103738],[80.063317,13.103919],[80.062892,13.104191],[80.06232,13.104537],[80.061623,13.105081],[80.061266,13.105517],[80.06081,13.105987],[80.060417,13.10636],[80.060016,13.10676],[80.059769,13.107089],[80.059486,13.107347],[80.059303,13.107506],[80.058857,13.107674],[80.058347,13.107797],[80.057784,13.107715],[80.057257,13.107535],[80.05673,13.107283],[80.056277,13.106987],[80.055796,13.106522],[80.055364,13.105927],[80.055289,13.105693],[80.055157,13.105281],[80.055065,13.105013],[80.054886,13.104693],[80.054713,13.104321],[80.054632,13.104013],[80.054588,13.103798],[80.05459,13.103308],[80.054464,13.102817],[80.054312,13.102184],[80.054123,13.101639],[80.05387,13.101184],[80.053545,13.10063],[80.053183,13.100218],[80.052875,13.099959],[80.052239,13.099707],[80.051867,13.099554],[80.051458,13.099312],[80.050995,13.099007],[80.050569,13.0988],[80.050124,13.09854],[80.049534,13.098288],[80.048789,13.098],[80.048363,13.097767],[80.048027,13.097498],[80.047615,13.097209],[80.047302,13.096888],[80.047001,13.096528],[80.046629,13.096224],[80.046194,13.09588],[80.045764,13.095611],[80.043909,13.093445],[80.042223,13.09128],[80.038504,13.089357],[80.03529,13.088099],[80.030803,13.087584],[80.026736,13.087901],[80.02377,13.088305],[80.020631,13.089539],[80.016307,13.090685],[80.010101,13.091008],[80.008766,13.091154],[80.005715,13.091806],[80.003255,13.09271],[80.001558,13.093451],[79.999438,13.094024],[79.997654,13.095179],[79.995958,13.095837],[79.993836,13.096825],[79.99112,13.098309],[79.986709,13.099786],[79.982138,13.099187],[79.978831,13.099921],[79.972899,13.100645],[79.968063,13.102535],[79.965003,13.105096],[79.961295,13.107783],[79.960116,13.108278],[79.959226,13.108775],[79.958359,13.108946],[79.956336,13.10946],[79.95518,13.109782],[79.954158,13.110039],[79.952448,13.109945],[79.95076,13.109982],[79.948983,13.110214],[79.947671,13.1106],[79.945762,13.110592],[79.943275,13.110495],[79.9409,13.110333],[79.939306,13.110129],[79.937296,13.109679],[79.935839,13.109571],[79.933482,13.109119],[79.930636,13.109311],[79.927408,13.109672],[79.924589,13.109964],[79.923791,13.110365],[79.92298,13.110724],[79.921886,13.11065],[79.92086,13.111147],[79.919948,13.111728],[79.918795,13.112155],[79.917287,13.112664],[79.915985,13.112854],[79.915392,13.11311],[79.914854,13.113438],[79.914463,13.113579],[79.913725,13.113789],[79.913288,13.113921],[79.912714,13.114088],[79.91225,13.114077],[79.911887,13.113951],[79.911569,13.113771],[79.91124,13.113569],[79.910946,13.1134],[79.910586,13.113241],[79.910195,13.113097],[79.909719,13.112909],[79.909359,13.112645],[79.909111,13.112486],[79.907796,13.111766],[79.906794,13.11064],[79.905447,13.10924],[79.904205,13.107874],[79.903135,13.106611],[79.902128,13.105687],[79.901154,13.105139],[79.900089,13.104852],[79.898913,13.104781],[79.897513,13.104993],[79.896446,13.105228],[79.895246,13.105353],[79.894181,13.105196],[79.893272,13.104888],[79.892297,13.104448],[79.891389,13.1039],[79.889993,13.103307],[79.888551,13.103061],[79.887132,13.102641],[79.885358,13.102003],[79.883383,13.101221],[79.881513,13.100533],[79.880233,13.099711],[79.879091,13.098924],[79.877949,13.098307],[79.876633,13.097825],[79.875457,13.097004],[79.874352,13.095877],[79.873454,13.094955],[79.872107,13.093827],[79.871123,13.092843],[79.870439,13.091926],[79.869533,13.090877],[79.868207,13.089631],[79.867435,13.088409],[79.866422,13.087671],[79.865834,13.087053],[79.86519,13.08656],[79.86453,13.085737],[79.863888,13.085057],[79.863064,13.084153],[79.862258,13.083347],[79.861589,13.082515],[79.860749,13.081535],[79.859956,13.080613],[79.859094,13.079419],[79.858614,13.078159],[79.858031,13.076626],[79.857485,13.074753],[79.857111,13.072983],[79.856737,13.071618],[79.856486,13.070753],[79.856035,13.069763],[79.855613,13.068827],[79.855149,13.067878],[79.854883,13.066986],[79.854516,13.066413],[79.854221,13.065687],[79.853742,13.064905],[79.853219,13.064248],[79.852724,13.063731],[79.852229,13.063213],[79.851849,13.062598],[79.851455,13.061719],[79.851174,13.061105],[79.850791,13.060908],[79.850167,13.060599],[79.849884,13.060264],[79.849688,13.059803],[79.849335,13.059356],[79.848825,13.059005],[79.848373,13.05846],[79.84792,13.05797],[79.847411,13.057453],[79.846602,13.057226],[79.845992,13.057043],[79.845297,13.056789],[79.844645,13.056424],[79.84408,13.055836],[79.843712,13.055403],[79.843445,13.054928],[79.843288,13.054793]]}},{"type":"Feature","properties":{"name":"Veeraragavapuram Tank surplus channel"},"geometry":{"type":"LineString","coordinates":[[80.107825,13.065471],[80.107556,13.065837],[80.107428,13.066061],[80.107373,13.066405],[80.107587,13.066589],[80.10806,13.066623],[80.108293,13.066835],[80.108363,13.067055],[80.108413,13.067346],[80.108011,13.067892],[80.10756,13.068471],[80.107172,13.068701],[80.106668,13.068836],[80.106368,13.069123],[80.105898,13.069257],[80.105154,13.069301],[80.104421,13.069477],[80.103887,13.069688],[80.103263,13.07002],[80.10299,13.070496],[80.102347,13.07038],[80.101803,13.070463],[80.10121,13.070596],[80.100844,13.071053],[80.100627,13.071514]]}},{"type":"Feature","properties":{"name":"Ambattur Tank surplus"},"geometry":{"type":"LineString","coordinates":[[80.147708,13.10862],[80.148139,13.108602],[80.148538,13.108649],[80.14886,13.108696],[80.149233,13.108852],[80.149722,13.109015],[80.150392,13.1092],[80.150862,13.109135],[80.151192,13.109012],[80.151449,13.108881],[80.151855,13.108878],[80.152181,13.108791],[80.15242,13.108758],[80.152807,13.108606],[80.153158,13.108501],[80.153488,13.10836],[80.153872,13.108291],[80.154161,13.108266],[80.154484,13.108229],[80.155027,13.108161],[80.155302,13.108132],[80.155606,13.108048],[80.155867,13.108019],[80.156063,13.107994],[80.156327,13.108027],[80.156743,13.108063],[80.157098,13.108142],[80.157421,13.108251],[80.157609,13.108349],[80.157815,13.108421],[80.157938,13.108537],[80.158018,13.108559],[80.15817,13.108563],[80.158398,13.108555],[80.15938,13.108559],[80.160915,13.108577],[80.162016,13.108548],[80.162762,13.108468],[80.163186,13.108439]]}},{"type":"Feature","properties":{"name":"Thiruneermalai tank supply channel"},"geometry":{"type":"LineString","coordinates":[[80.130156,12.951169],[80.13007,12.951207],[80.129996,12.951241],[80.129917,12.951226],[80.129888,12.951168],[80.129834,12.951143],[80.12975,12.951141],[80.129642,12.951167],[80.12957,12.951208],[80.129486,12.951244],[80.129341,12.951277],[80.129289,12.95132],[80.129242,12.951364],[80.129186,12.951363],[80.129142,12.9513],[80.129073,12.951199],[80.129017,12.951117],[80.128977,12.951078],[80.128933,12.951114],[80.128893,12.95116],[80.128807,12.951188],[80.128679,12.951217],[80.128558,12.951296],[80.12843,12.95139],[80.128319,12.951455],[80.128188,12.951502],[80.12808,12.95155],[80.127947,12.951576],[80.127784,12.951612],[80.127646,12.951631],[80.127506,12.9517],[80.127378,12.951799],[80.127279,12.951903],[80.127153,12.951987],[80.127044,12.952124],[80.126903,12.952278]]}},{"type":"Feature","properties":{},"geometry":{"type":"LineString","coordinates":[[80.087795,12.924897],[80.087812,12.92495],[80.087822,12.925001],[80.087832,12.925049],[80.087846,12.925092],[80.087858,12.925146],[80.087868,12.925201],[80.087892,12.925247],[80.087922,12.925291],[80.087951,12.925337],[80.087939,12.925365],[80.087944,12.925406],[80.087919,12.925443],[80.087887,12.925452],[80.087845,12.925466],[80.087761,12.925486],[80.08767,12.925502],[80.087581,12.925502],[80.087495,12.925494],[80.087446,12.925492],[80.087392,12.925487],[80.087323,12.925467],[80.087272,12.925455],[80.087203,12.925447],[80.087158,12.925447],[80.087112,12.925459],[80.087053,12.925459],[80.086991,12.925427],[80.086962,12.925422],[80.086934,12.925444],[80.086917,12.925446],[80.086875,12.925446],[80.086831,12.925427],[80.086794,12.925417],[80.086755,12.925426],[80.086729,12.925425],[80.086708,12.925418],[80.08668,12.925418],[80.086654,12.925418],[80.08662,12.925398],[80.086589,12.925384],[80.086569,12.925373],[80.086541,12.92537],[80.0865,12.925371],[80.086468,12.925371],[80.086432,12.925369],[80.086392,12.925355],[80.086365,12.925337],[80.086327,12.925318],[80.086299,12.9253],[80.086232,12.925252],[80.086129,12.925206],[80.086048,12.925172],[80.085967,12.925164],[80.085833,12.925205],[80.085686,12.925253],[80.085582,12.925295],[80.085513,12.925325],[80.085448,12.92537],[80.085367,12.925426],[80.08524,12.925444],[80.085101,12.92547],[80.084947,12.925519],[80.08482,12.925545],[80.084589,12.925593],[80.084424,12.925626],[80.084189,12.925671],[80.083997,12.925685],[80.083812,12.925715],[80.083747,12.92576],[80.083735,12.925809],[80.083782,12.925931]]}},{"type":"Feature","properties":{"name":"Channel joining Kundrathur Drain"},"geometry":{"type":"LineString","coordinates":[[80.110536,12.995935],[80.11079,12.995834],[80.111076,12.995756],[80.111284,12.995757],[80.11155,12.995765],[80.111831,12.995834],[80.112115,12.995892],[80.11242,12.995802],[80.112656,12.995584],[80.112869,12.995403],[80.113129,12.994984],[80.113311,12.994689],[80.113583,12.99446],[80.113782,12.994271],[80.114078,12.994024],[80.114289,12.993819],[80.114646,12.99343],[80.114924,12.993065],[80.115166,12.992753],[80.11545,12.992512],[80.115694,12.992361],[80.115951,12.992189],[80.116222,12.992137],[80.116373,12.992043]]}},{"type":"Feature","properties":{"name":"Chembarambakkam irrigation channel"},"geometry":{"type":"LineString","coordinates":[[80.081948,13.008972],[80.082163,13.009024],[80.082421,13.009075],[80.082636,13.009122],[80.082818,13.00921],[80.08301,13.009261],[80.083207,13.009325],[80.083379,13.009398],[80.083557,13.009428],[80.083725,13.009421],[80.083855,13.009388],[80.084048,13.009381],[80.084267,13.009423],[80.084435,13.009498],[80.084528,13.0096],[80.084597,13.009671],[80.084732,13.0097],[80.084771,13.009831],[80.08484,13.009954],[80.084948,13.010044],[80.085061,13.010093],[80.085194,13.01013],[80.08535,13.010099],[80.085545,13.009996],[80.085627,13.009978],[80.085682,13.010033],[80.085709,13.010126],[80.085763,13.010217],[80.085806,13.010279],[80.085902,13.010297],[80.085965,13.010213],[80.085966,13.010148],[80.085998,13.010035],[80.086075,13.009926],[80.086147,13.009782],[80.086215,13.009688],[80.08628,13.009581],[80.086329,13.009543],[80.086404,13.009543],[80.086467,13.009531],[80.086506,13.00954],[80.08658,13.009513],[80.086667,13.009458],[80.086722,13.009399],[80.086773,13.009331],[80.086879,13.009282],[80.086975,13.009328],[80.087064,13.00938],[80.087158,13.00937],[80.087242,13.009291],[80.087351,13.009189],[80.087437,13.009052],[80.087524,13.008975],[80.087636,13.008873],[80.0878,13.008779],[80.087964,13.008682],[80.088059,13.008647],[80.088165,13.008615],[80.088254,13.008575],[80.088319,13.008541],[80.088382,13.008501],[80.088497,13.008446],[80.088636,13.008407],[80.08872,13.008369],[80.088774,13.008318],[80.088859,13.008232],[80.088978,13.008155],[80.089095,13.008147],[80.089185,13.008138],[80.089362,13.008071],[80.089487,13.007992],[80.089655,13.007892],[80.090211,13.007603],[80.090634,13.007386],[80.090833,13.00721],[80.091032,13.007081],[80.091237,13.007023],[80.09146,13.006976],[80.091804,13.006877],[80.092003,13.00672],[80.092128,13.006663],[80.092227,13.006679],[80.092295,13.006718],[80.092389,13.00672],[80.092459,13.006695],[80.092511,13.006675],[80.092633,13.006665],[80.092734,13.006681],[80.092844,13.006707],[80.09292,13.006709],[80.092992,13.006683],[80.09304,13.006609],[80.093102,13.006553],[80.093181,13.006569],[80.093263,13.006596],[80.093326,13.006579],[80.093408,13.006548],[80.093501,13.006477],[80.093625,13.006411],[80.093745,13.006376],[80.093858,13.006372],[80.093951,13.006391],[80.094021,13.00643],[80.094082,13.006478],[80.094147,13.006506],[80.0942,13.006506],[80.094242,13.006478],[80.094275,13.006441],[80.094316,13.006411],[80.09439,13.006429],[80.094444,13.006464],[80.094531,13.006496],[80.094628,13.006519],[80.094701,13.006561],[80.094777,13.006602],[80.094837,13.006635],[80.094908,13.006668],[80.094974,13.006683],[80.095052,13.006686],[80.095113,13.006728],[80.09517,13.006796],[80.095225,13.006818],[80.095273,13.006819],[80.095317,13.006843],[80.095361,13.006862],[80.095413,13.006851],[80.095463,13.006829],[80.095497,13.006845],[80.09555,13.006867],[80.095583,13.006859],[80.095628,13.00685],[80.095645,13.006869],[80.095692,13.006884],[80.095746,13.006886],[80.095804,13.006883],[80.095855,13.006866],[80.095909,13.00684],[80.095964,13.006813],[80.096007,13.00678],[80.09606,13.006743],[80.096098,13.006733],[80.096147,13.006731],[80.096206,13.00671],[80.096264,13.006682],[80.096329,13.006658],[80.096373,13.006622],[80.096446,13.006559],[80.096555,13.006497],[80.096642,13.006507],[80.096708,13.006479],[80.096778,13.006459],[80.096857,13.006477],[80.096977,13.006471],[80.097081,13.006425],[80.097201,13.006353],[80.097301,13.006317],[80.097413,13.006262],[80.097484,13.006228],[80.097568,13.006167],[80.097649,13.006104],[80.097709,13.00607],[80.09779,13.006061],[80.097864,13.006074],[80.097939,13.006094],[80.097985,13.006094],[80.098046,13.006071],[80.098091,13.006033],[80.098149,13.00601],[80.098203,13.005992],[80.09826,13.00599],[80.098347,13.005998],[80.098399,13.006009],[80.098527,13.006003],[80.098601,13.005998],[80.098673,13.005968],[80.098741,13.005957],[80.098815,13.005977],[80.098856,13.00603],[80.099019,13.006077],[80.099165,13.006048],[80.099293,13.00602],[80.099414,13.006028],[80.099562,13.006084],[80.099608,13.006176],[80.099628,13.00627],[80.099763,13.006285],[80.099887,13.00629],[80.099975,13.006257],[80.100057,13.006276],[80.10014,13.006354],[80.100192,13.006458],[80.100228,13.006524],[80.100339,13.006536],[80.100408,13.006548],[80.100583,13.006614],[80.100729,13.006673],[80.100788,13.006741],[80.100817,13.006852],[80.100859,13.006962],[80.100913,13.007068],[80.10097,13.007151],[80.101051,13.007162],[80.101117,13.00711],[80.101267,13.007091],[80.10139,13.00716],[80.101478,13.007285],[80.101566,13.007448],[80.101647,13.007573],[80.101778,13.007622],[80.101882,13.007626],[80.101974,13.007668],[80.102066,13.007718],[80.102193,13.007741],[80.102317,13.007783],[80.102378,13.007832],[80.102366,13.007877],[80.102335,13.00793],[80.10234,13.007956],[80.102381,13.007971],[80.102452,13.007977],[80.102582,13.007996],[80.102668,13.008012],[80.102742,13.008031],[80.102834,13.008056],[80.10292,13.008068],[80.10297,13.008064],[80.103043,13.008075],[80.103092,13.008079],[80.103136,13.008053],[80.103246,13.008056],[80.103387,13.008048],[80.10354,13.008063],[80.103629,13.008069],[80.103772,13.008076],[80.103895,13.008118],[80.104028,13.008133],[80.104171,13.008124],[80.104304,13.00811],[80.10441,13.008108],[80.104509,13.008096],[80.104554,13.008035],[80.104606,13.007982],[80.104677,13.007951],[80.104759,13.007925],[80.104835,13.00794],[80.104899,13.007988],[80.104971,13.008021],[80.105079,13.008016],[80.105192,13.008],[80.105297,13.007988],[80.105368,13.008001],[80.105438,13.008025],[80.105521,13.008033],[80.105623,13.008031],[80.105699,13.008019],[80.105795,13.007992],[80.105901,13.007961],[80.105949,13.007949],[80.10605,13.007985],[80.106157,13.008024],[80.106236,13.008037],[80.10633,13.008043],[80.106422,13.008047],[80.10651,13.00805],[80.106589,13.008043],[80.106657,13.008024],[80.106736,13.00799],[80.10684,13.007997],[80.106905,13.008016],[80.107099,13.008037],[80.107247,13.008042],[80.107367,13.008035],[80.107523,13.008026],[80.107685,13.00807],[80.107846,13.008117],[80.108015,13.008202],[80.108146,13.008275],[80.108289,13.008339],[80.108426,13.008416],[80.108525,13.008487],[80.108611,13.00855],[80.108742,13.008531],[80.108855,13.008483],[80.109006,13.008457],[80.109139,13.008487],[80.109331,13.008545],[80.109481,13.008609],[80.109685,13.008598],[80.109924,13.008576],[80.110152,13.008547],[80.110421,13.008631],[80.11069,13.008877],[80.111066,13.009173],[80.111257,13.009338],[80.111407,13.009512],[80.111569,13.00967],[80.111714,13.009842],[80.111819,13.009976],[80.111952,13.010087],[80.112085,13.01018],[80.112223,13.01025],[80.112366,13.010294],[80.112469,13.010345],[80.112528,13.01038],[80.112597,13.01043],[80.112671,13.010473],[80.112771,13.010506],[80.112895,13.010539],[80.112961,13.010595],[80.112982,13.010672],[80.113101,13.010759],[80.113218,13.010819],[80.113422,13.010943],[80.113578,13.011103],[80.113782,13.011263],[80.113944,13.011369],[80.114082,13.011488],[80.114195,13.011538],[80.11435,13.01157],[80.114468,13.011575],[80.114585,13.01156],[80.114669,13.01152],[80.11477,13.011485],[80.114857,13.011467],[80.114948,13.011456],[80.115053,13.011444],[80.115149,13.01146],[80.115235,13.011468],[80.115315,13.011484],[80.1154,13.011489],[80.115496,13.011493],[80.115584,13.011502],[80.115646,13.011534],[80.115717,13.011569],[80.115821,13.011598],[80.115923,13.011603],[80.116016,13.011576],[80.116098,13.011557],[80.116251,13.011511],[80.116401,13.0115],[80.116522,13.011498],[80.116609,13.011506],[80.116707,13.011518],[80.116861,13.011534],[80.117003,13.01154],[80.117087,13.011573],[80.117155,13.011615],[80.11724,13.011663],[80.117323,13.011675],[80.117411,13.01168],[80.117515,13.0117],[80.117636,13.011744],[80.117687,13.011795],[80.117702,13.011867],[80.117694,13.011925],[80.117717,13.011969],[80.117731,13.012038],[80.117758,13.012103],[80.117797,13.012168],[80.117813,13.012219],[80.117836,13.012265],[80.117867,13.012326],[80.117914,13.012388],[80.118028,13.012426],[80.118122,13.01244],[80.118187,13.012501],[80.118221,13.012591],[80.118246,13.012642],[80.118331,13.012755],[80.118397,13.01294],[80.118423,13.01306],[80.118429,13.013187],[80.118419,13.013253],[80.118466,13.01336],[80.118466,13.013456],[80.11844,13.013572],[80.11846,13.013635],[80.118556,13.013638],[80.118692,13.013631],[80.1188,13.013615],[80.118963,13.013593],[80.119089,13.013589],[80.119178,13.013589],[80.119306,13.013585],[80.119412,13.013593],[80.119493,13.013634],[80.119518,13.013716],[80.119547,13.01382],[80.119574,13.013903],[80.119623,13.013985],[80.11965,13.014036],[80.119699,13.014101],[80.119741,13.014157],[80.11982,13.014133],[80.11995,13.014085],[80.120064,13.01403],[80.12015,13.013999],[80.120266,13.01397],[80.120368,13.013949],[80.120511,13.013923],[80.120607,13.013909],[80.120849,13.013835],[80.121096,13.013779],[80.121416,13.013633],[80.121675,13.013558],[80.12191,13.013446],[80.122195,13.013371],[80.122458,13.013262],[80.122666,13.013165],[80.122852,13.013075],[80.122979,13.013037],[80.123075,13.012958],[80.123153,13.012898],[80.12328,13.012853],[80.123415,13.01279],[80.123558,13.012703]]}},{"type":"Feature","properties":{"name":"Chembarambakkam surplus channel"},"geometry":{"type":"LineString","coordinates":[[80.06675,12.996839],[80.066819,12.996798],[80.066982,12.996747],[80.067135,12.996706],[80.067271,12.99667],[80.067429,12.996619],[80.067691,12.996514],[80.067785,12.996455],[80.067903,12.996452],[80.067997,12.996469],[80.068091,12.996453],[80.068219,12.996447],[80.068421,12.996345],[80.0686,12.996217],[80.068886,12.996215],[80.069021,12.996209],[80.069108,12.996133],[80.069061,12.996028],[80.069046,12.995921],[80.06906,12.99583],[80.069088,12.995758],[80.069069,12.995657],[80.069035,12.995566],[80.069031,12.995505],[80.069046,12.995414],[80.069064,12.995315],[80.069051,12.99519],[80.069039,12.995116],[80.069007,12.995047],[80.06897,12.994981],[80.06888,12.994873],[80.068786,12.994765],[80.06873,12.994674],[80.068673,12.994585],[80.068632,12.994469],[80.068604,12.994355],[80.068568,12.994196],[80.068552,12.99411],[80.068578,12.994047],[80.06861,12.994014],[80.068674,12.993932],[80.068787,12.993807],[80.068898,12.993697],[80.068975,12.993624],[80.069032,12.993516],[80.069086,12.993415],[80.069155,12.993339],[80.069235,12.993306],[80.069338,12.993283],[80.069416,12.993268],[80.069513,12.993216],[80.069593,12.99317],[80.069686,12.993098],[80.06974,12.993037],[80.069785,12.992968],[80.069831,12.992884],[80.069867,12.992831],[80.069939,12.992745],[80.069978,12.992692],[80.070049,12.992661],[80.070121,12.992607],[80.070202,12.992565],[80.070266,12.992476],[80.07032,12.992364],[80.070391,12.992242],[80.070445,12.992195],[80.070507,12.992084],[80.070566,12.991987],[80.070613,12.991932],[80.070674,12.991852],[80.070728,12.991734],[80.070787,12.99162],[80.070856,12.991509],[80.070917,12.991384],[80.070943,12.991266],[80.070991,12.991146],[80.071013,12.991026],[80.071071,12.990912],[80.071134,12.990786],[80.071204,12.990682],[80.071296,12.990609],[80.071398,12.990561],[80.071484,12.990544],[80.071555,12.990551],[80.071611,12.990557],[80.071667,12.99057],[80.071775,12.990562],[80.071796,12.990522],[80.071829,12.990459],[80.071835,12.99041],[80.071823,12.990357],[80.071784,12.990275],[80.071769,12.990193],[80.071785,12.990104],[80.071841,12.990028],[80.071917,12.99002],[80.071959,12.990041],[80.072015,12.990065],[80.072093,12.990065],[80.07216,12.990034],[80.072222,12.990002],[80.072285,12.989977],[80.072369,12.98995],[80.072451,12.989948],[80.072509,12.989955],[80.072556,12.990014],[80.072609,12.990092],[80.072652,12.99013],[80.072719,12.990133],[80.07279,12.99011],[80.072887,12.990059],[80.072993,12.990011],[80.073062,12.989967],[80.073107,12.989917],[80.073179,12.989858],[80.073256,12.989831],[80.073327,12.989795],[80.073358,12.989761],[80.073392,12.989721],[80.073414,12.989643],[80.073423,12.989569],[80.073412,12.9895],[80.073436,12.989447],[80.073469,12.989394],[80.073499,12.989342],[80.073514,12.989287],[80.073523,12.989211],[80.073536,12.98915],[80.073532,12.989084],[80.073533,12.989017],[80.073533,12.988947],[80.073576,12.988882],[80.07365,12.988829],[80.07374,12.988791],[80.073798,12.988754],[80.073844,12.988682],[80.073876,12.9886],[80.073877,12.98852],[80.073875,12.98842],[80.07388,12.988321],[80.073904,12.988231],[80.073956,12.98815],[80.07401,12.988075],[80.074081,12.987965],[80.07417,12.987873],[80.074263,12.987793],[80.074336,12.987744],[80.074435,12.987711],[80.074532,12.98769],[80.074629,12.987703],[80.074721,12.98778],[80.07482,12.98785],[80.074897,12.987898],[80.075001,12.987935],[80.075112,12.987946],[80.075192,12.987946],[80.075313,12.987923],[80.075418,12.987877],[80.075554,12.98781],[80.075714,12.987686],[80.075878,12.987506],[80.07602,12.987342],[80.076231,12.987147],[80.076442,12.987045],[80.076642,12.986937],[80.076763,12.986767],[80.076727,12.986556],[80.076765,12.986376],[80.076776,12.986216],[80.076766,12.986035],[80.076782,12.985865],[80.076888,12.985716],[80.076988,12.985583],[80.077026,12.985441],[80.07707,12.985283],[80.077108,12.985144],[80.077085,12.984973],[80.076988,12.984824],[80.076867,12.984738],[80.076723,12.984688],[80.076592,12.984612],[80.076448,12.984492],[80.076421,12.984331],[80.076425,12.984232],[80.076427,12.984002],[80.076552,12.983704],[80.076643,12.983455],[80.076759,12.983189],[80.076833,12.982972],[80.076916,12.982747],[80.076901,12.982554],[80.076712,12.982384],[80.076475,12.982214],[80.076237,12.982108],[80.076057,12.981939],[80.075926,12.981785],[80.075771,12.981591],[80.075616,12.981341],[80.075497,12.981204],[80.075446,12.981115],[80.075371,12.98102],[80.075319,12.980946],[80.075225,12.98087],[80.075102,12.980819],[80.074984,12.980778],[80.074838,12.980731],[80.074747,12.980716],[80.074629,12.980692],[80.074459,12.980673],[80.07436,12.980672],[80.074235,12.980672],[80.074106,12.980633],[80.073917,12.980595],[80.073784,12.980558],[80.073659,12.980537],[80.073553,12.980488],[80.073414,12.980414],[80.073283,12.980369],[80.073106,12.980324],[80.072926,12.9803],[80.072814,12.980291],[80.072704,12.980297],[80.072493,12.98032],[80.072315,12.980324],[80.072131,12.980298],[80.071926,12.980251],[80.0717,12.980219],[80.071537,12.980136],[80.071322,12.980017],[80.071218,12.979913],[80.071097,12.979877],[80.07104,12.979743],[80.071003,12.979634],[80.070951,12.979516],[80.070841,12.979345],[80.070758,12.979206],[80.070653,12.979056],[80.070606,12.978932],[80.070465,12.978787],[80.070376,12.978596],[80.07034,12.978416],[80.070341,12.978251],[80.070363,12.978055],[80.070363,12.9779],[80.070306,12.977673],[80.070307,12.977488],[80.070371,12.977292],[80.070398,12.977138],[80.070456,12.976932],[80.070462,12.976756],[80.070521,12.976571],[80.070521,12.976432],[80.070595,12.976241],[80.070685,12.976159],[80.070796,12.976118],[80.070932,12.976119],[80.071042,12.976155],[80.071137,12.976156],[80.071221,12.976105],[80.071316,12.976043],[80.071442,12.976007],[80.071605,12.976008],[80.071694,12.976117],[80.071746,12.976266],[80.071798,12.976426],[80.071871,12.976581],[80.071976,12.976659],[80.072102,12.976731],[80.07217,12.976835],[80.07229,12.976912],[80.072464,12.976985],[80.072569,12.976986],[80.072758,12.976929],[80.0729,12.976878],[80.073021,12.976833],[80.073158,12.976756],[80.073295,12.976658],[80.073448,12.976581],[80.073585,12.97652],[80.073748,12.976454],[80.073822,12.976351],[80.07397,12.976171],[80.074091,12.976058],[80.074228,12.97594],[80.07436,12.975848],[80.074471,12.97573],[80.074624,12.97557],[80.074777,12.97539],[80.074898,12.975257],[80.075015,12.975122],[80.075049,12.974889],[80.075091,12.974591],[80.075158,12.974261],[80.07529,12.973963],[80.075497,12.973594],[80.075613,12.97328],[80.075754,12.972991],[80.07582,12.972798],[80.075862,12.972476],[80.075864,12.97223],[80.075868,12.972126],[80.075872,12.972063],[80.075875,12.971999],[80.075882,12.971935],[80.075884,12.971877],[80.075898,12.971772],[80.075912,12.971673],[80.075937,12.971504],[80.075951,12.971398],[80.075901,12.971243],[80.075902,12.971098],[80.075919,12.970966],[80.07593,12.970808],[80.075947,12.970699],[80.075934,12.970577],[80.075934,12.970488],[80.075934,12.970419],[80.075935,12.970316],[80.075986,12.970211],[80.076064,12.970063],[80.076091,12.969944],[80.076142,12.969845],[80.076166,12.969727],[80.076173,12.969664],[80.076183,12.969572],[80.076177,12.969453],[80.07616,12.969334],[80.076167,12.969242],[80.076205,12.969153],[80.076232,12.969081],[80.076246,12.968985],[80.07626,12.96885],[80.076267,12.968728],[80.076291,12.968632],[80.076318,12.96855],[80.076328,12.968464],[80.076329,12.968372],[80.076336,12.968302],[80.076417,12.968191],[80.076454,12.968042],[80.07647,12.967897],[80.07646,12.967743],[80.07645,12.967604],[80.076482,12.967449],[80.07652,12.967269],[80.076583,12.967156],[80.076705,12.967084],[80.076815,12.967084],[80.076941,12.967116],[80.077062,12.967157],[80.077151,12.967178],[80.077235,12.967132],[80.077341,12.967019],[80.077541,12.966803],[80.077752,12.966593],[80.077895,12.966439],[80.078053,12.966305],[80.078216,12.966203],[80.078348,12.966162],[80.078442,12.966111],[80.078574,12.965977],[80.078737,12.96588],[80.07888,12.965829],[80.079011,12.965783],[80.079048,12.965721],[80.079059,12.965608],[80.079112,12.965464],[80.079218,12.965325],[80.079323,12.965217],[80.079418,12.965166],[80.079508,12.965073],[80.079645,12.96493],[80.079724,12.964816],[80.079798,12.964729],[80.079841,12.964679],[80.079857,12.964601],[80.07987,12.96452],[80.079869,12.964445],[80.079858,12.964314],[80.079866,12.964188],[80.0799,12.96406],[80.07992,12.963921],[80.079938,12.963826],[80.079931,12.963743],[80.079918,12.9637],[80.079918,12.963638],[80.079908,12.963568],[80.079872,12.96344],[80.079849,12.963304],[80.079792,12.963152],[80.079752,12.963027],[80.079716,12.962898],[80.079635,12.962858],[80.079592,12.962703],[80.079596,12.962518],[80.079633,12.962332],[80.079666,12.962172],[80.079734,12.962075],[80.079803,12.96192],[80.079882,12.961771],[80.079939,12.961688],[80.08001,12.961663],[80.080113,12.961638],[80.080249,12.961615],[80.080311,12.961622],[80.080376,12.961622],[80.080477,12.961599],[80.080572,12.961559],[80.08069,12.961515],[80.080841,12.961467],[80.08099,12.961415],[80.081191,12.961341],[80.081282,12.961317],[80.081347,12.96129],[80.081514,12.961265],[80.081642,12.961265],[80.081807,12.961286],[80.081998,12.961293],[80.08218,12.96131],[80.082308,12.961311],[80.082473,12.961311],[80.082658,12.961299],[80.082873,12.9613],[80.083092,12.961271],[80.083287,12.961265],[80.083378,12.961245],[80.083485,12.961239],[80.083593,12.961276],[80.083694,12.961279],[80.083744,12.961273],[80.083808,12.961234],[80.083808,12.961141],[80.083832,12.961075],[80.08391,12.961056],[80.084101,12.961066],[80.08432,12.961084],[80.084458,12.961084],[80.084606,12.961075],[80.084754,12.961069],[80.084875,12.961082],[80.084999,12.961073],[80.08503,12.961023],[80.08504,12.960954],[80.085034,12.960835],[80.085031,12.9607],[80.085031,12.960575],[80.085029,12.960453],[80.085026,12.960334],[80.085039,12.960219],[80.08504,12.960126],[80.085035,12.960002],[80.085031,12.959914],[80.085021,12.959793]]}},{"type":"Feature","properties":{"name":"Chembarambakkam surplus channel"},"geometry":{"type":"LineString","coordinates":[[80.069108,12.996133],[80.069149,12.996061],[80.069149,12.995972],[80.06914,12.995896],[80.069133,12.995797],[80.069144,12.995675],[80.069141,12.995572],[80.069134,12.99549],[80.069148,12.995365],[80.069159,12.995246],[80.069149,12.99516],[80.069168,12.995121],[80.069198,12.995092],[80.069252,12.995052],[80.06931,12.995018],[80.069381,12.994974],[80.069433,12.994949],[80.069479,12.994934],[80.069534,12.994954],[80.069633,12.994994],[80.069706,12.99502],[80.069773,12.99503],[80.069827,12.995026],[80.06987,12.99501],[80.069905,12.994986],[80.06998,12.994983],[80.070023,12.994983],[80.07006,12.994962],[80.070103,12.994915],[80.070135,12.994882],[80.070198,12.994791],[80.070228,12.994732],[80.070231,12.994679],[80.070231,12.994637],[80.070266,12.994597],[80.070339,12.99456],[80.070386,12.994522],[80.070423,12.99448],[80.070436,12.994446],[80.070473,12.994391],[80.070529,12.994345],[80.070581,12.994318],[80.070628,12.994295],[80.070665,12.994274],[80.070685,12.994242],[80.070715,12.994215],[80.070739,12.994179],[80.070797,12.994105],[80.070842,12.994036],[80.070912,12.993973],[80.070974,12.993901],[80.071063,12.993855],[80.071147,12.993828],[80.071239,12.993834],[80.071319,12.993862],[80.071409,12.993879],[80.071478,12.99388],[80.071571,12.993855],[80.071661,12.993819],[80.071806,12.993782],[80.071905,12.993767],[80.071978,12.993744],[80.072058,12.993719],[80.072142,12.993696],[80.072234,12.993688],[80.072312,12.993676],[80.0724,12.993649],[80.072437,12.993617],[80.072538,12.993556],[80.072614,12.993527],[80.072696,12.9935],[80.072767,12.993504],[80.072821,12.993528],[80.072898,12.993545],[80.072973,12.993553],[80.07304,12.993537],[80.073133,12.993499],[80.073192,12.993466],[80.073266,12.993447],[80.07335,12.993455],[80.073418,12.993484],[80.073481,12.993525],[80.073519,12.99356],[80.073574,12.993573],[80.073654,12.993566],[80.073725,12.993537],[80.073755,12.993538],[80.073841,12.993481],[80.073882,12.993439],[80.073966,12.993452],[80.074046,12.993456],[80.074167,12.993463],[80.074295,12.993463],[80.074369,12.99345],[80.074409,12.993493],[80.074446,12.993507],[80.0745,12.993451],[80.074612,12.993425],[80.074719,12.993415],[80.074817,12.993399],[80.074928,12.993393],[80.074995,12.993397],[80.075056,12.993367],[80.075113,12.993361],[80.075157,12.993381],[80.075217,12.993411],[80.075251,12.993407],[80.075305,12.993381],[80.075342,12.993332],[80.075409,12.993269],[80.07549,12.993273],[80.075537,12.993267],[80.075568,12.993217],[80.075558,12.993135],[80.075565,12.993042],[80.075595,12.99296],[80.075717,12.992941],[80.075831,12.992938],[80.075922,12.992922],[80.07604,12.992896],[80.076168,12.992856],[80.076259,12.992817],[80.076368,12.992801],[80.076489,12.992771],[80.076547,12.992683],[80.076647,12.992586],[80.076742,12.992555],[80.076821,12.992597],[80.076936,12.992618],[80.077062,12.992582],[80.077189,12.992583],[80.077315,12.992552],[80.07741,12.992511],[80.077494,12.992542],[80.077583,12.992538],[80.077693,12.992517],[80.077814,12.992492],[80.077951,12.992472],[80.078088,12.992452],[80.07823,12.992452],[80.078377,12.992427],[80.078535,12.992381],[80.078714,12.992335],[80.078856,12.992264],[80.079003,12.992166],[80.079146,12.992079],[80.079255,12.991987],[80.079401,12.991859],[80.079525,12.991777],[80.079674,12.991678],[80.079808,12.991603],[80.079926,12.99155],[80.080031,12.991481],[80.080183,12.991363],[80.080247,12.991304],[80.080314,12.991245],[80.080365,12.991176],[80.080449,12.99109],[80.080467,12.990982],[80.080467,12.990853],[80.080448,12.990685],[80.080398,12.990516],[80.080341,12.990401],[80.080244,12.990341],[80.080166,12.990298],[80.080076,12.990225],[80.080006,12.990149],[80.079925,12.990033],[80.079892,12.989941],[80.079886,12.989858],[80.079896,12.989762],[80.079953,12.989703],[80.080034,12.989634],[80.080072,12.989545],[80.080072,12.98946],[80.080039,12.989367],[80.080019,12.989252],[80.079999,12.989159],[80.079999,12.989067],[80.08002,12.988958],[80.080054,12.988859],[80.080098,12.98876],[80.080098,12.988678],[80.080085,12.988576],[80.079988,12.988463],[80.079908,12.988347],[80.079898,12.988219],[80.079858,12.9881],[80.079829,12.988028],[80.079794,12.987994],[80.079769,12.987939],[80.07972,12.987878],[80.079674,12.987839],[80.079632,12.98778],[80.079628,12.987721],[80.079619,12.98767],[80.079596,12.987609],[80.079561,12.987552],[80.079551,12.987499],[80.079519,12.987442],[80.079506,12.987387],[80.07948,12.987328],[80.079453,12.987271],[80.07944,12.987209],[80.079447,12.98715],[80.079477,12.987087],[80.079555,12.987016],[80.079648,12.986957],[80.079712,12.986908],[80.079781,12.986852],[80.079853,12.986833],[80.079922,12.986793],[80.080008,12.986751],[80.08007,12.986747],[80.080146,12.986707],[80.080219,12.986659],[80.080297,12.986619],[80.080357,12.986569],[80.080433,12.986508],[80.080534,12.986445],[80.080668,12.986395],[80.08078,12.986384],[80.080896,12.986368],[80.080987,12.986343],[80.081082,12.986305],[80.081144,12.98628],[80.081187,12.986206],[80.081259,12.986173],[80.081347,12.98615],[80.081405,12.986112],[80.081468,12.986074],[80.081528,12.98602],[80.081561,12.985954],[80.081598,12.985891],[80.081628,12.985836],[80.081656,12.985786],[80.081695,12.985746],[80.081723,12.985725],[80.081764,12.985731],[80.081807,12.985738],[80.081874,12.985732],[80.081943,12.985719],[80.081997,12.985703],[80.082072,12.985688],[80.082119,12.985684],[80.082167,12.985667],[80.082223,12.985634],[80.082253,12.985617],[80.0823,12.9856],[80.082346,12.985577],[80.082408,12.985582],[80.082473,12.985576],[80.082516,12.985565],[80.082572,12.985559],[80.082619,12.985553],[80.082658,12.985542],[80.082699,12.985545],[80.082755,12.985562],[80.082798,12.985568],[80.082865,12.985577],[80.082897,12.985577],[80.082914,12.985562],[80.082959,12.985529],[80.082979,12.985506],[80.083003,12.98548],[80.083033,12.985449],[80.083063,12.985432],[80.083089,12.985422],[80.083143,12.985418],[80.083197,12.98542],[80.083257,12.985405],[80.083307,12.985386],[80.083358,12.985376],[80.083399,12.98537],[80.083442,12.985368],[80.083487,12.985366],[80.083533,12.985377],[80.083584,12.985375],[80.083619,12.985369],[80.083653,12.985337],[80.083684,12.985301],[80.083694,12.985263],[80.083712,12.985219],[80.083712,12.985177],[80.083727,12.985128],[80.083727,12.985078],[80.083715,12.985025],[80.083693,12.98497],[80.083657,12.984936],[80.083605,12.98491],[80.083575,12.984874],[80.083567,12.98483],[80.083582,12.984796],[80.083589,12.984756],[80.083544,12.984724],[80.083507,12.984697],[80.083443,12.984644],[80.083402,12.984591],[80.08337,12.984538],[80.083338,12.984475],[80.083332,12.98442],[80.083334,12.98438],[80.083328,12.984337],[80.083313,12.984287],[80.083294,12.984225],[80.083294,12.984151],[80.08332,12.984094],[80.083382,12.984057],[80.083451,12.984025],[80.08352,12.983992],[80.083559,12.983975],[80.083587,12.98395],[80.083633,12.983931],[80.083661,12.983912],[80.083687,12.983887],[80.083708,12.983855],[80.083726,12.983821],[80.083754,12.983779],[80.083758,12.983743],[80.08375,12.983689],[80.083759,12.98364],[80.083776,12.983577],[80.083776,12.983528],[80.083766,12.98348],[80.083746,12.98342],[80.083729,12.983363],[80.083732,12.983321],[80.083721,12.983243],[80.083698,12.983177],[80.083679,12.983087],[80.083662,12.983015],[80.083653,12.982935],[80.083652,12.982863],[80.083641,12.982785],[80.083616,12.982706],[80.083596,12.982637],[80.083605,12.982563],[80.083642,12.982521],[80.083707,12.982481],[80.083756,12.982451],[80.083825,12.982416],[80.083888,12.982386],[80.083908,12.982349],[80.083914,12.982308],[80.083891,12.982266],[80.083865,12.982243],[80.083843,12.982217],[80.083837,12.982188],[80.083833,12.982156],[80.083801,12.982112],[80.08376,12.982061],[80.083737,12.981998],[80.083713,12.98197],[80.083692,12.981923],[80.083726,12.981854],[80.083761,12.981793],[80.0838,12.981732],[80.083828,12.98169],[80.083865,12.981645],[80.083893,12.981591],[80.083936,12.981542],[80.083969,12.981496],[80.084016,12.981443],[80.084047,12.981418],[80.084068,12.981389],[80.084098,12.981359],[80.084139,12.981319],[80.084258,12.981309],[80.084361,12.981278],[80.08451,12.98124],[80.084669,12.981209],[80.084799,12.981205]]}},{"type":"Feature","properties":{"name":"Chembarambakkam surplus"},"geometry":{"type":"LineString","coordinates":[[80.081542,12.999373],[80.081641,12.999256],[80.081629,12.99892],[80.081722,12.998663],[80.081697,12.998546],[80.08163,12.998468],[80.081606,12.998379],[80.081615,12.998309],[80.081729,12.99829],[80.08179,12.998205],[80.081841,12.998065],[80.081916,12.997873],[80.082029,12.997756],[80.082114,12.99769],[80.082199,12.997587],[80.082284,12.997479],[80.082412,12.997408],[80.082544,12.997291],[80.082901,12.996654],[80.083098,12.996378],[80.083339,12.996162],[80.083415,12.996068],[80.083413,12.995853],[80.083336,12.995639],[80.083225,12.995482],[80.083195,12.995319],[80.083375,12.995154],[80.08391,12.994922],[80.083952,12.994772],[80.08395,12.994474],[80.083767,12.99413],[80.08365,12.993795],[80.083677,12.993585],[80.083847,12.993421],[80.084054,12.993182],[80.084196,12.992985],[80.084304,12.992844],[80.084355,12.992648],[80.084589,12.992166],[80.084874,12.991469],[80.085199,12.990996],[80.085468,12.990738],[80.085698,12.990326],[80.085936,12.989769],[80.086085,12.989311],[80.086207,12.989063],[80.086123,12.988616],[80.085925,12.987657],[80.085846,12.987247],[80.085834,12.986907],[80.0859,12.986114],[80.085816,12.985718],[80.085771,12.984814],[80.085739,12.984306],[80.08558,12.983958],[80.085437,12.98338],[80.085359,12.983022],[80.085241,12.982594],[80.085239,12.982272],[80.084972,12.980922],[80.084851,12.980526],[80.084691,12.980108],[80.084656,12.979208],[80.084587,12.978962],[80.084527,12.978542],[80.084934,12.978288],[80.085228,12.978206],[80.085774,12.978114],[80.086102,12.978079],[80.086478,12.97816],[80.087206,12.978155],[80.087773,12.977769],[80.088228,12.977518],[80.088726,12.977277],[80.088938,12.977019],[80.089073,12.976706],[80.089324,12.976545],[80.0895,12.976521],[80.08978,12.976454],[80.090087,12.976242],[80.090352,12.975983],[80.091013,12.975456],[80.09141,12.975132],[80.091918,12.97497],[80.092934,12.974823],[80.093233,12.974727],[80.093598,12.974576],[80.09403,12.974447],[80.0944,12.974323],[80.095105,12.973949],[80.095574,12.973722],[80.096228,12.973349],[80.096677,12.973118],[80.096947,12.972976],[80.097496,12.972524],[80.097779,12.972238],[80.098232,12.97175],[80.098411,12.971581],[80.098686,12.971467],[80.099104,12.971454],[80.099442,12.97148],[80.099813,12.971473],[80.100064,12.97142],[80.100021,12.971387],[80.100533,12.97122],[80.101012,12.971031],[80.101458,12.970897],[80.101638,12.97083],[80.101629,12.97084],[80.10215,12.97064],[80.102506,12.970563],[80.103109,12.970419],[80.103759,12.97026],[80.103968,12.970217],[80.105559,12.969912],[80.106114,12.969749],[80.106924,12.969459],[80.10833,12.969244],[80.109015,12.969314],[80.10948,12.969161],[80.109858,12.968869],[80.110273,12.968339],[80.110607,12.967931],[80.111014,12.967607],[80.111435,12.967399],[80.111605,12.967225]]}},{"type":"Feature","properties":{"name":"Thanthikal Canal"},"geometry":{"type":"LineString","coordinates":[[80.08035,13.012371],[80.080665,13.012509],[80.080724,13.012591],[80.080949,13.013142],[80.081069,13.013277],[80.08117,13.013342],[80.081468,13.013349],[80.081678,13.013439],[80.08184,13.01359],[80.082178,13.013885],[80.082478,13.01422],[80.082866,13.014634],[80.083144,13.014906],[80.083533,13.015279],[80.083954,13.015662],[80.084222,13.015992],[80.084534,13.016256],[80.08477,13.016539],[80.085125,13.016899],[80.085338,13.017125],[80.085552,13.017338],[80.085695,13.017553],[80.085903,13.017673],[80.086047,13.017846],[80.086335,13.018053],[80.086592,13.018241],[80.086918,13.018538],[80.08707,13.018721],[80.087269,13.018885],[80.087534,13.019087],[80.087815,13.019254],[80.088096,13.019418],[80.088421,13.019578],[80.088774,13.019761],[80.089192,13.019957],[80.089772,13.020018],[80.090298,13.019997],[80.09065,13.02001],[80.090981,13.020122],[80.091368,13.020445],[80.091742,13.020738],[80.092271,13.021236],[80.092529,13.021508],[80.092773,13.021678],[80.092957,13.021758],[80.093304,13.021887],[80.093647,13.022015],[80.09382,13.022205],[80.093894,13.022446],[80.093895,13.022613],[80.093959,13.022723],[80.094207,13.022785],[80.094314,13.022822],[80.094381,13.022963],[80.094521,13.023085],[80.094693,13.023186],[80.094836,13.023254],[80.094979,13.023247],[80.095125,13.023149],[80.095201,13.023054],[80.095301,13.02301],[80.095501,13.023101],[80.095596,13.023195],[80.095723,13.023242],[80.09586,13.023253],[80.095987,13.023246],[80.096184,13.023254],[80.096337,13.023245],[80.09647,13.023167],[80.096596,13.023109],[80.096688,13.023049],[80.096766,13.023011],[80.096881,13.023001],[80.097006,13.023002],[80.097128,13.022963],[80.097192,13.022904],[80.097264,13.02287],[80.097333,13.022875],[80.097446,13.022906],[80.097535,13.022958],[80.097638,13.023015],[80.097697,13.02306],[80.097777,13.023119],[80.097939,13.023121],[80.098023,13.023058],[80.098201,13.022964],[80.098398,13.022974],[80.09859,13.023014],[80.098751,13.023005],[80.09903,13.022997],[80.099242,13.022966],[80.099521,13.022921],[80.099682,13.022925],[80.099879,13.022946],[80.100132,13.023045],[80.100301,13.023104],[80.100547,13.023134],[80.100647,13.023128],[80.100759,13.023088],[80.10087,13.023022],[80.100929,13.022962],[80.100931,13.022754],[80.100942,13.022644],[80.100976,13.02258],[80.101058,13.02255],[80.101192,13.02261],[80.101263,13.022687],[80.101323,13.022749],[80.10139,13.022773],[80.101517,13.022776],[80.101619,13.02272],[80.101667,13.022627],[80.10169,13.022559],[80.1017,13.022512],[80.10174,13.022486],[80.101807,13.022491],[80.101851,13.022566],[80.101864,13.022659],[80.101869,13.02274],[80.101916,13.022793],[80.102007,13.022695],[80.102094,13.022649],[80.102166,13.022597],[80.102224,13.022583],[80.102521,13.022705],[80.10263,13.022776],[80.102715,13.022882],[80.102742,13.022986],[80.102779,13.023132],[80.102877,13.023275],[80.102972,13.023353],[80.103065,13.023307],[80.103126,13.023188],[80.103158,13.023119],[80.103202,13.023067],[80.103284,13.023069],[80.103317,13.023124],[80.103322,13.023282],[80.103292,13.023349],[80.103303,13.023436],[80.103342,13.023501],[80.103408,13.023522],[80.103491,13.023486],[80.103512,13.023442],[80.10352,13.023369],[80.103491,13.023314],[80.10351,13.023182],[80.103542,13.023053],[80.103686,13.022969],[80.103809,13.023026],[80.103852,13.023128],[80.103919,13.023212],[80.104007,13.023387],[80.104084,13.023482],[80.104225,13.023514],[80.104498,13.023593],[80.104681,13.023653],[80.104831,13.023739],[80.104985,13.023884],[80.105095,13.024049],[80.105152,13.024198],[80.105213,13.024281],[80.10532,13.024323],[80.105402,13.024441],[80.105463,13.024547],[80.105528,13.024665],[80.105681,13.024713],[80.105861,13.024771],[80.105921,13.024793],[80.10602,13.024756],[80.106128,13.024734],[80.106306,13.024821],[80.106466,13.024927],[80.106581,13.025003],[80.106674,13.025085],[80.106741,13.025177],[80.106801,13.025325],[80.106832,13.025439],[80.106875,13.025575],[80.107049,13.02571],[80.107228,13.025918],[80.107314,13.026093],[80.107416,13.026307],[80.107468,13.026483],[80.107522,13.026537],[80.107627,13.026578],[80.107769,13.026624],[80.107876,13.026699],[80.108035,13.026774],[80.108203,13.026805],[80.108429,13.026898],[80.108502,13.02697],[80.108685,13.026993],[80.108916,13.026975],[80.109083,13.026933],[80.109262,13.026933],[80.109369,13.026885],[80.109507,13.026831],[80.109612,13.026812],[80.109716,13.026806],[80.109767,13.026878],[80.109784,13.02694],[80.109804,13.026983],[80.109852,13.026992],[80.109913,13.026992],[80.109991,13.026962],[80.110041,13.026969],[80.110092,13.026993],[80.11013,13.027016],[80.110197,13.027029],[80.110407,13.02716],[80.110512,13.027171],[80.110732,13.027205],[80.11084,13.027202],[80.110959,13.027194],[80.110993,13.027191],[80.111031,13.027207],[80.111074,13.027248],[80.111151,13.027291],[80.111173,13.02734],[80.11128,13.027385],[80.111365,13.027396],[80.111506,13.027448],[80.111615,13.027526],[80.111702,13.027543],[80.111785,13.027529],[80.111881,13.027513],[80.111962,13.02754],[80.112027,13.0276],[80.112055,13.027683],[80.112058,13.027746],[80.112032,13.027809],[80.111982,13.027893],[80.111955,13.027982],[80.111973,13.028174],[80.111985,13.028249],[80.112,13.028338],[80.111972,13.028395],[80.111924,13.028474],[80.111923,13.028549],[80.112027,13.028687],[80.112112,13.028846],[80.112248,13.028949],[80.112337,13.029061],[80.11238,13.029164],[80.112419,13.029242],[80.112442,13.029293],[80.112534,13.029261],[80.1126,13.029251],[80.112677,13.02928],[80.112744,13.029293],[80.112913,13.029302],[80.113007,13.029285],[80.1131,13.029249],[80.11319,13.029205],[80.113238,13.029183],[80.113292,13.029177],[80.113353,13.029174],[80.113427,13.029174],[80.113501,13.029124],[80.113543,13.029094],[80.113604,13.02908],[80.113693,13.029188],[80.113762,13.02927],[80.113907,13.029267],[80.113999,13.029264],[80.1141,13.029258],[80.114195,13.029261],[80.114269,13.029253],[80.114367,13.029201],[80.114442,13.02918],[80.114508,13.029125],[80.11465,13.029086],[80.114763,13.029095],[80.114912,13.029086],[80.114988,13.029046],[80.115193,13.028986],[80.115317,13.028949],[80.115586,13.028829],[80.115652,13.028741],[80.115681,13.02866],[80.115713,13.028581],[80.115791,13.028484],[80.115913,13.028432],[80.1161,13.028377],[80.116206,13.028325],[80.116307,13.028297],[80.116397,13.028292],[80.116474,13.028274],[80.116588,13.028241],[80.116718,13.028152],[80.11675,13.0281],[80.116882,13.028032],[80.1169,13.027992],[80.116906,13.027957],[80.116899,13.027894],[80.116897,13.027839],[80.116919,13.027789],[80.116935,13.027773],[80.116991,13.027735],[80.117033,13.027719],[80.117196,13.027702],[80.117262,13.027674],[80.117378,13.027624],[80.117499,13.027588],[80.117621,13.027547],[80.117686,13.027541],[80.117778,13.027538],[80.117841,13.027536],[80.117997,13.027507],[80.118052,13.027495],[80.11813,13.027498],[80.118227,13.027499],[80.118291,13.027489],[80.118438,13.027423],[80.118594,13.027392],[80.118651,13.02737],[80.118672,13.027315],[80.118688,13.027255],[80.118688,13.027218],[80.118701,13.027168],[80.118717,13.027143],[80.118729,13.027131],[80.118785,13.027116],[80.118862,13.0271],[80.11892,13.027088],[80.118978,13.027074],[80.119065,13.027043],[80.119137,13.027023],[80.119201,13.027009],[80.11929,13.026983],[80.11934,13.026968],[80.11936,13.026956],[80.119513,13.026914],[80.119553,13.02692],[80.119575,13.026971],[80.119594,13.027075],[80.119641,13.027193],[80.11966,13.027264],[80.119711,13.027285],[80.119875,13.027231],[80.12005,13.027163],[80.120317,13.027103],[80.120444,13.027069],[80.12053,13.027051],[80.120562,13.027086],[80.120583,13.027151],[80.120612,13.027253],[80.120653,13.027387],[80.120732,13.027404],[80.12079,13.027386],[80.120868,13.02736],[80.120945,13.027322],[80.121013,13.0273],[80.121063,13.027288],[80.121121,13.027275],[80.121202,13.027257],[80.121262,13.027243],[80.12135,13.027214],[80.121405,13.027198],[80.121465,13.02717],[80.121505,13.02715],[80.121563,13.027128],[80.121611,13.02711],[80.121651,13.027102],[80.121714,13.027101],[80.121812,13.027083],[80.121899,13.027076],[80.122003,13.02706],[80.122084,13.027043],[80.122115,13.026998],[80.122113,13.02695],[80.122095,13.026927],[80.122082,13.026887],[80.12208,13.026842],[80.122098,13.026781],[80.122108,13.026751],[80.122134,13.026721],[80.12218,13.026687],[80.122236,13.026681],[80.122322,13.026684],[80.122339,13.026684],[80.122405,13.026684],[80.122473,13.026658],[80.122523,13.026642],[80.122616,13.026615],[80.122686,13.026591],[80.12279,13.026563],[80.122821,13.02656],[80.122907,13.026564],[80.12298,13.026589],[80.12305,13.0266],[80.123139,13.026594],[80.123239,13.026552],[80.123305,13.026523],[80.123382,13.026515],[80.123448,13.026514],[80.12349,13.026502],[80.123563,13.026498],[80.123609,13.026505],[80.123696,13.026505],[80.123776,13.02649],[80.123903,13.026462],[80.124045,13.026429],[80.124156,13.026389],[80.124266,13.026345],[80.124306,13.026303],[80.124281,13.026181],[80.124276,13.026076],[80.124346,13.026032],[80.124401,13.026024],[80.124477,13.02602],[80.124561,13.026011],[80.12465,13.026009],[80.124741,13.026008],[80.124889,13.025973],[80.125036,13.02595],[80.125189,13.02592],[80.125329,13.025899],[80.125398,13.025885],[80.125454,13.025859],[80.125498,13.025835],[80.125499,13.025764],[80.125454,13.025663],[80.125432,13.025571],[80.125417,13.025516],[80.125417,13.025441],[80.125475,13.025387],[80.125652,13.02539],[80.125973,13.025364],[80.126158,13.025335],[80.126325,13.025288],[80.126492,13.025235],[80.126491,13.025143],[80.126476,13.025056],[80.126453,13.024948],[80.126453,13.024871],[80.12645,13.024806],[80.126466,13.024754],[80.126504,13.02471],[80.126584,13.024704],[80.126679,13.024703],[80.126794,13.024696],[80.126886,13.02468],[80.127011,13.024657],[80.127117,13.024637],[80.127254,13.024622],[80.127463,13.024591],[80.127602,13.024572],[80.127774,13.024528],[80.127915,13.024483],[80.128038,13.024459],[80.128162,13.02443],[80.128224,13.024416],[80.128295,13.024435],[80.128352,13.024468],[80.128422,13.024493],[80.128499,13.024503],[80.128644,13.02447],[80.128943,13.024369],[80.129131,13.024324],[80.129439,13.024269],[80.129529,13.024239],[80.129634,13.024188],[80.12973,13.024174],[80.129849,13.024167],[80.129957,13.024149],[80.130036,13.024142],[80.130263,13.024133],[80.130412,13.024134],[80.130595,13.02416],[80.130702,13.02421],[80.130753,13.024232],[80.130868,13.024233],[80.130974,13.024238],[80.131097,13.024237],[80.131238,13.024244],[80.131604,13.024227],[80.131864,13.024228],[80.132091,13.024242],[80.13227,13.024223],[80.132405,13.02419],[80.132554,13.024187],[80.132707,13.024186],[80.132826,13.024191],[80.133011,13.024214],[80.133147,13.024236],[80.133298,13.024237],[80.133438,13.024252],[80.133586,13.024256],[80.13369,13.02426],[80.133952,13.024288],[80.134166,13.02434],[80.134329,13.024345],[80.134524,13.024324],[80.134635,13.024315],[80.134755,13.024296],[80.134866,13.02428],[80.134908,13.024279],[80.135051,13.024318],[80.13514,13.024339],[80.135291,13.024318],[80.135387,13.024304],[80.135691,13.024311],[80.135828,13.02432],[80.135957,13.024321],[80.136096,13.024316],[80.136253,13.024303],[80.136337,13.024289],[80.136446,13.024266],[80.136621,13.024237],[80.136787,13.024189],[80.13689,13.024176],[80.137063,13.024149],[80.137177,13.024117],[80.137312,13.024069],[80.13749,13.024004],[80.137605,13.02398],[80.137766,13.023963],[80.137874,13.023932],[80.13796,13.023886],[80.138041,13.02388],[80.138131,13.023873],[80.138284,13.023866],[80.138433,13.023788],[80.138541,13.023762],[80.138674,13.023745],[80.138885,13.023706],[80.138943,13.023694],[80.139126,13.023639],[80.139297,13.023616],[80.139449,13.02357]]}},{"type":"Feature","properties":{"name":"Manapakkam Canal"},"geometry":{"type":"LineString","coordinates":[[80.130565,13.01602],[80.130551,13.01602],[80.13036,13.016035],[80.129867,13.016064],[80.12964,13.01609],[80.129507,13.016103],[80.129412,13.015997],[80.129307,13.015885],[80.129227,13.015761],[80.129094,13.015709],[80.12885,13.015665],[80.128697,13.015682],[80.128563,13.015778],[80.128475,13.015881],[80.128365,13.015977],[80.128193,13.016083],[80.128013,13.016204],[80.127811,13.016391],[80.12768,13.016564],[80.1275,13.01676],[80.127244,13.017013],[80.127098,13.01714],[80.126848,13.017302],[80.126586,13.017507],[80.126387,13.017635],[80.126185,13.017707],[80.125848,13.017842],[80.125747,13.017801],[80.125728,13.017675],[80.125727,13.017588],[80.12572,13.017411],[80.125707,13.017383],[80.125659,13.01733],[80.125578,13.017287],[80.125249,13.017235],[80.125084,13.017214],[80.124877,13.017279],[80.124765,13.017293],[80.124489,13.017266],[80.124286,13.017281],[80.124125,13.017288],[80.124002,13.017287],[80.123948,13.017268],[80.123796,13.017251],[80.123716,13.017257],[80.123583,13.01728],[80.123336,13.017294],[80.123109,13.01733],[80.122986,13.017307],[80.122851,13.017281],[80.122766,13.017254],[80.122656,13.017214],[80.122569,13.017155],[80.12254,13.017108],[80.122452,13.017016],[80.122292,13.016816],[80.12225,13.016764],[80.122158,13.016696],[80.122046,13.016677],[80.121902,13.016681],[80.121848,13.016702],[80.121802,13.016725],[80.121689,13.016769],[80.12154,13.016657],[80.121476,13.016601],[80.121351,13.016573],[80.121055,13.016549],[80.120681,13.016523],[80.120587,13.016614],[80.12058,13.016758],[80.120588,13.016829],[80.120581,13.016884],[80.120484,13.016909],[80.120307,13.016859],[80.120168,13.01684],[80.120053,13.016855],[80.120018,13.016962],[80.119972,13.017057],[80.119926,13.017106],[80.119854,13.017128],[80.119718,13.017183],[80.119475,13.017258],[80.11931,13.017322],[80.119222,13.017435],[80.119126,13.017513],[80.118803,13.017618],[80.118539,13.017623],[80.118382,13.017575],[80.118168,13.017476],[80.11798,13.017381],[80.117795,13.017349],[80.117571,13.017321],[80.117369,13.017211],[80.11727,13.017112],[80.117114,13.01699],[80.116999,13.016975],[80.11688,13.01698],[80.116756,13.016995],[80.116623,13.017033],[80.116573,13.017046],[80.116416,13.017092],[80.116364,13.017108],[80.116213,13.017109],[80.116074,13.01711],[80.11596,13.017111],[80.115895,13.017133],[80.115807,13.017195],[80.115721,13.017249],[80.115663,13.017305],[80.115605,13.017368],[80.115565,13.017422],[80.115505,13.017446],[80.115423,13.017441],[80.115366,13.017431],[80.115151,13.017448],[80.115002,13.017438],[80.114899,13.017458],[80.114837,13.017496],[80.114789,13.017532],[80.114707,13.017554],[80.1146,13.017555],[80.114548,13.017555],[80.114464,13.017562],[80.114361,13.0176],[80.114257,13.017609],[80.114184,13.017611],[80.114118,13.017582],[80.114059,13.017551],[80.11401,13.017532],[80.113962,13.0175],[80.113829,13.017495],[80.113759,13.017508],[80.113701,13.017546],[80.113641,13.017592],[80.113619,13.017619],[80.113589,13.017645],[80.113539,13.017677],[80.113482,13.017685],[80.11343,13.017696],[80.113338,13.017704],[80.113277,13.017687],[80.11321,13.017646],[80.113182,13.017593],[80.113149,13.017548],[80.113133,13.01754],[80.113103,13.017534],[80.113,13.017545],[80.112926,13.017585],[80.112862,13.017668],[80.112798,13.017712],[80.112706,13.01775],[80.11264,13.017784],[80.112578,13.017804],[80.112371,13.017899],[80.112232,13.017917],[80.112053,13.017958],[80.111929,13.017979],[80.11181,13.017982],[80.111657,13.017985],[80.111492,13.017968],[80.111397,13.017951],[80.111272,13.017946],[80.111117,13.017939],[80.111033,13.017962],[80.110955,13.018004],[80.110891,13.018026],[80.110796,13.01802],[80.110703,13.018005],[80.110653,13.018002],[80.110454,13.018027],[80.110329,13.018048],[80.110215,13.018062],[80.110092,13.018097],[80.109976,13.018155],[80.109914,13.018189],[80.109751,13.018249],[80.108792,13.018658],[80.108095,13.019019],[80.107799,13.019344],[80.107415,13.019647],[80.107135,13.019925],[80.106791,13.020161],[80.106487,13.020417],[80.106353,13.02057],[80.106097,13.020815],[80.106028,13.020922],[80.105924,13.020986],[80.105818,13.021107],[80.10566,13.021309],[80.105472,13.021429],[80.105258,13.021575],[80.105166,13.021645],[80.105027,13.021709],[80.104879,13.021739],[80.104692,13.021758],[80.1046,13.021836],[80.104401,13.021907],[80.104228,13.021931],[80.104085,13.021923],[80.10385,13.021964],[80.103741,13.021984],[80.103657,13.021973],[80.103511,13.021937],[80.10332,13.021908],[80.103207,13.02185],[80.103134,13.021803],[80.103031,13.021751],[80.10294,13.021724],[80.10289,13.021708],[80.102779,13.021687],[80.102618,13.02168],[80.102471,13.021664],[80.102368,13.021631],[80.102303,13.02159],[80.102229,13.021545],[80.102146,13.021508],[80.102063,13.021446],[80.102004,13.02142],[80.101849,13.021384],[80.101752,13.021385],[80.101609,13.021386],[80.101511,13.02139],[80.101465,13.021422],[80.101284,13.021418],[80.101137,13.021397],[80.101016,13.02141],[80.100924,13.021468],[80.100884,13.021486],[80.100822,13.021522],[80.100792,13.021544],[80.100703,13.021562],[80.1006,13.021523],[80.100505,13.02149],[80.100441,13.021489],[80.100373,13.021584],[80.100372,13.021659],[80.100382,13.021744],[80.100381,13.021829],[80.100313,13.021904],[80.100271,13.021936],[80.100197,13.021968],[80.100028,13.021979],[80.099791,13.022046],[80.09964,13.022087],[80.099435,13.02211],[80.099228,13.022147],[80.099025,13.022196],[80.098869,13.022254],[80.098667,13.022243],[80.098512,13.022213],[80.098401,13.022174],[80.098313,13.022173],[80.098174,13.0222],[80.098116,13.0222],[80.098041,13.022197],[80.097962,13.022174],[80.097886,13.02217],[80.097745,13.02213],[80.09757,13.022131],[80.097441,13.022154],[80.097353,13.022176],[80.097252,13.02219],[80.097152,13.022205],[80.097033,13.022214],[80.096913,13.022272],[80.096836,13.022298],[80.096633,13.022363],[80.096465,13.022389],[80.09629,13.022391],[80.09607,13.022365],[80.095891,13.02234],[80.095776,13.022339],[80.095619,13.022344],[80.095523,13.022361],[80.095339,13.02233],[80.095256,13.022311],[80.09518,13.02231],[80.095067,13.022307],[80.094936,13.022308],[80.094838,13.02232],[80.094665,13.022373],[80.094545,13.022395],[80.094444,13.022427],[80.094354,13.02247],[80.094245,13.02249],[80.094044,13.022521],[80.093936,13.022508],[80.093909,13.022469],[80.093889,13.022422],[80.093914,13.022358],[80.093956,13.022267],[80.093934,13.02206],[80.093899,13.021972],[80.093841,13.021923],[80.093744,13.02186],[80.093627,13.021833],[80.093003,13.021601],[80.092848,13.021515],[80.092602,13.021456],[80.09251,13.021338],[80.092407,13.021218],[80.092323,13.021085],[80.092321,13.021032],[80.092243,13.020898],[80.0921,13.020798],[80.092042,13.020698],[80.092038,13.020584],[80.092007,13.020477],[80.09187,13.020287],[80.091775,13.020189],[80.091668,13.020136],[80.091467,13.020167],[80.091423,13.020191],[80.09126,13.020196],[80.091171,13.020116],[80.091083,13.020014],[80.090863,13.019866],[80.090741,13.019701],[80.09069,13.019577],[80.090677,13.019486],[80.090587,13.019307],[80.090413,13.019115],[80.090303,13.019009],[80.090051,13.018982],[80.089872,13.018967],[80.089713,13.018903],[80.089586,13.018908],[80.089496,13.018944],[80.089408,13.019103],[80.08933,13.019192],[80.089167,13.019187],[80.089024,13.019162],[80.088948,13.019218],[80.088868,13.019321],[80.088816,13.019361],[80.08876,13.01934],[80.088626,13.019246],[80.088591,13.019085],[80.088546,13.018961],[80.088485,13.018892],[80.088401,13.01893],[80.088349,13.018988],[80.088266,13.018992],[80.088197,13.018926],[80.088155,13.018861],[80.088142,13.01878],[80.088111,13.018685],[80.088048,13.01865],[80.087964,13.018649],[80.087899,13.018649],[80.087797,13.018668],[80.087692,13.018661],[80.087664,13.018426],[80.087651,13.018314],[80.087576,13.018137],[80.08749,13.018037],[80.087319,13.018],[80.087161,13.018075],[80.086982,13.018153],[80.086917,13.018145],[80.086897,13.018097],[80.086892,13.018041],[80.086916,13.017974],[80.086963,13.017914],[80.087092,13.01784],[80.087066,13.01776],[80.087005,13.017657],[80.086976,13.01759],[80.086936,13.017542],[80.086917,13.017414],[80.086913,13.017325],[80.086912,13.017243],[80.086863,13.017154],[80.086776,13.017135],[80.086666,13.017142],[80.086537,13.017198],[80.086358,13.017235],[80.08617,13.017273],[80.08603,13.017178],[80.085935,13.017107],[80.085878,13.017045],[80.085853,13.016934],[80.085802,13.016822],[80.085657,13.016772],[80.085604,13.016703],[80.085557,13.016599],[80.085548,13.016514],[80.085531,13.016335],[80.085544,13.016218],[80.085555,13.016117],[80.085565,13.016013],[80.085566,13.01592],[80.085571,13.015831],[80.085606,13.015645],[80.085628,13.01556],[80.085627,13.015446],[80.085624,13.015359],[80.08556,13.015141],[80.085473,13.014989],[80.085433,13.01483],[80.085328,13.014573],[80.085327,13.014431],[80.085317,13.014343],[80.085354,13.013785],[80.085365,13.013663],[80.085417,13.013544],[80.08544,13.013441],[80.085483,13.013307],[80.085535,13.013172],[80.085606,13.013022],[80.085617,13.012943],[80.085584,13.012793],[80.085495,13.012699],[80.085434,13.012577],[80.085397,13.012467],[80.085347,13.012293],[80.085225,13.012148],[80.084975,13.012004],[80.084672,13.011884],[80.08449,13.011822],[80.0843,13.011729],[80.084169,13.011641],[80.08409,13.011556],[80.084003,13.011512],[80.083843,13.01145],[80.083688,13.011413],[80.083589,13.01139],[80.083395,13.011257],[80.083088,13.011127],[80.082868,13.010981],[80.082619,13.010748],[80.082392,13.010586],[80.082218,13.010484],[80.08211,13.010301],[80.082059,13.01015],[80.082026,13.010044],[80.081912,13.009831],[80.081997,13.009635],[80.082032,13.009473],[80.082082,13.009228],[80.081994,13.00901],[80.081944,13.008971],[80.081805,13.008966],[80.08171,13.008951],[80.081641,13.008947],[80.081613,13.008937]]}},{"type":"Feature","properties":{"name":"Adyar Creek"},"geometry":{"type":"LineString","coordinates":[[80.265059,13.019833],[80.265217,13.020373],[80.26549,13.021039],[80.265743,13.021643],[80.26607,13.022236],[80.266343,13.02285],[80.26684,13.02335],[80.266999,13.023496],[80.267252,13.023795],[80.267749,13.024181],[80.268511,13.024454],[80.26991,13.024447],[80.27113,13.024149],[80.272371,13.023685],[80.272923,13.023385],[80.273902,13.023118],[80.27456,13.022766],[80.275155,13.0223],[80.275479,13.021971],[80.275534,13.021358],[80.27578,13.020601],[80.275845,13.020143],[80.275857,13.019551],[80.275584,13.01874],[80.275448,13.018043],[80.275228,13.017061],[80.275167,13.016291],[80.274979,13.01546],[80.274452,13.014398],[80.274093,13.013711],[80.274012,13.013475]]}},{"type":"Feature","properties":{"name":"Adyar River"},"geometry":{"type":"LineString","coordinates":[[80.053543,12.850418],[80.053863,12.85042],[80.054082,12.850372],[80.054095,12.85037],[80.054305,12.850733],[80.054487,12.850914],[80.054699,12.851285],[80.054812,12.851576],[80.054979,12.851767],[80.055172,12.852047],[80.055438,12.852371],[80.055598,12.852633],[80.055784,12.852911],[80.055884,12.853137],[80.056046,12.853309],[80.056379,12.853432],[80.056452,12.853456],[80.056537,12.853828],[80.056594,12.854084],[80.05657,12.854235],[80.056629,12.854412],[80.056822,12.854608],[80.057054,12.854792],[80.057131,12.854902],[80.057122,12.855045],[80.057012,12.855236],[80.056963,12.855429],[80.056945,12.85572],[80.05698,12.856038],[80.057321,12.856149],[80.057726,12.856289],[80.058119,12.85638],[80.058261,12.856528],[80.058365,12.856633],[80.058549,12.856738],[80.058716,12.85684],[80.058911,12.856984],[80.059092,12.857104],[80.059298,12.857443],[80.059442,12.857839],[80.059416,12.858098],[80.059406,12.858439],[80.059395,12.858686],[80.059369,12.858814],[80.059191,12.858956],[80.059054,12.859085],[80.059114,12.859403],[80.059306,12.859917],[80.059362,12.860346],[80.059462,12.860631],[80.059524,12.8609],[80.059826,12.861169],[80.060119,12.861441],[80.060291,12.861637],[80.060451,12.861754],[80.060538,12.861954],[80.060605,12.862207],[80.060699,12.862392],[80.060829,12.862655],[80.060952,12.86294],[80.061062,12.863137],[80.061196,12.863323],[80.061376,12.863455],[80.061598,12.863565],[80.061775,12.863736],[80.061801,12.863867],[80.061685,12.864112],[80.061576,12.864416],[80.061529,12.864557],[80.061566,12.864727],[80.06163,12.864936],[80.061627,12.865141],[80.061565,12.865262],[80.061432,12.865302],[80.061233,12.865343],[80.060982,12.865365],[80.060824,12.86541],[80.060774,12.865457],[80.060677,12.865589],[80.060605,12.865718],[80.060452,12.865788],[80.060382,12.86581],[80.060325,12.865932],[80.060307,12.86622],[80.060318,12.866408],[80.060332,12.86663],[80.060384,12.86679],[80.060539,12.866993],[80.060635,12.867183],[80.060747,12.867374],[80.060784,12.867537],[80.060757,12.867707],[80.060689,12.867925],[80.060524,12.868079],[80.060292,12.868315],[80.060134,12.86842],[80.060053,12.868662],[80.059969,12.868931],[80.059885,12.869181],[80.05994,12.869452],[80.059972,12.869647],[80.060001,12.869925],[80.059928,12.870224],[80.059723,12.870428],[80.059479,12.870689],[80.059362,12.870847],[80.059344,12.871124],[80.05934,12.871361],[80.059367,12.871627],[80.059412,12.871905],[80.059522,12.872168],[80.059582,12.872444],[80.059475,12.87265],[80.059318,12.872804],[80.059123,12.872975],[80.058974,12.873181],[80.058802,12.873407],[80.058556,12.873796],[80.058424,12.873962],[80.058274,12.874185],[80.058199,12.874482],[80.058102,12.874744],[80.057973,12.875211],[80.057916,12.875396],[80.057799,12.875525],[80.057571,12.87564],[80.057229,12.875655],[80.057086,12.875713],[80.056911,12.875867],[80.056709,12.876071],[80.056476,12.87622],[80.056352,12.876367],[80.056105,12.876657],[80.055957,12.876813],[80.055676,12.876872],[80.055401,12.877049],[80.055299,12.877183],[80.055265,12.877353],[80.055266,12.877546],[80.055326,12.877792],[80.055337,12.877913],[80.055283,12.878091],[80.055179,12.878373],[80.05498,12.878715],[80.054662,12.879126],[80.054477,12.879382],[80.054425,12.879505],[80.054414,12.879634],[80.05446,12.879754],[80.054541,12.879852],[80.05456,12.88005],[80.054506,12.880196],[80.054462,12.880354],[80.054468,12.880507],[80.054534,12.880664],[80.05456,12.880814],[80.054521,12.88094],[80.054391,12.880993],[80.054022,12.881112],[80.053799,12.881227],[80.053549,12.881374],[80.053197,12.881386],[80.052896,12.88146],[80.052645,12.881647],[80.05241,12.881737],[80.05229,12.881905],[80.052299,12.882145],[80.05231,12.882273],[80.052395,12.882512],[80.052543,12.882755],[80.052711,12.883074],[80.052788,12.883264],[80.052941,12.883633],[80.053031,12.883844],[80.053312,12.884109],[80.053601,12.884161],[80.053922,12.884285],[80.05403,12.88438],[80.05419,12.884549],[80.054275,12.884859],[80.05429,12.8852],[80.054433,12.885482],[80.054614,12.885543],[80.054894,12.885637],[80.055045,12.885922],[80.055334,12.886243],[80.055398,12.886408],[80.055359,12.886586],[80.055294,12.886744],[80.055269,12.886996],[80.055386,12.887274],[80.055497,12.887592],[80.055644,12.887867],[80.055865,12.888068],[80.056045,12.888296],[80.056263,12.888514],[80.056438,12.88872],[80.056741,12.888918],[80.056987,12.889195],[80.057225,12.889415],[80.057269,12.889684],[80.057256,12.890004],[80.057252,12.890133],[80.057249,12.890298],[80.057266,12.890567],[80.057284,12.890757],[80.057392,12.890998],[80.057479,12.891182],[80.057528,12.891396],[80.057532,12.891554],[80.057505,12.891739],[80.057519,12.891927],[80.057576,12.892111],[80.057605,12.89238],[80.057694,12.892762],[80.057867,12.893054],[80.058052,12.893292],[80.058217,12.893567],[80.058262,12.893826],[80.058334,12.894006],[80.058463,12.894209],[80.058568,12.894421],[80.058647,12.894553],[80.058744,12.894716],[80.058827,12.894909],[80.058854,12.894975],[80.058906,12.895459],[80.059054,12.896371],[80.05912,12.89714],[80.059078,12.897726],[80.058965,12.89803],[80.058833,12.89838],[80.058624,12.899027],[80.05854,12.899452],[80.058484,12.899877],[80.058524,12.900065],[80.058943,12.900182],[80.059149,12.900392],[80.059222,12.900925],[80.059289,12.901566],[80.059335,12.902147],[80.059306,12.902498],[80.059277,12.902828],[80.059461,12.903233],[80.05955,12.903362],[80.059818,12.903613],[80.060112,12.903924],[80.060289,12.904323],[80.060508,12.904681],[80.060796,12.905053],[80.060953,12.905236],[80.061166,12.905264],[80.061366,12.905318],[80.061584,12.905697],[80.061864,12.906285],[80.061993,12.906677],[80.061986,12.906879],[80.061854,12.907148],[80.061729,12.907539],[80.061748,12.907796],[80.061844,12.907863],[80.062036,12.907979],[80.062214,12.908283],[80.062309,12.908688],[80.062485,12.909337],[80.062505,12.909647],[80.062312,12.909822],[80.06216,12.909949],[80.062125,12.910057],[80.062138,12.910165],[80.062269,12.910233],[80.062537,12.910342],[80.062695,12.91041],[80.062883,12.910525],[80.063099,12.910857],[80.063395,12.911583],[80.063689,12.912168],[80.064061,12.912888],[80.064383,12.913287],[80.064591,12.913605],[80.064669,12.913929],[80.064733,12.914283],[80.064846,12.914449],[80.065027,12.914729],[80.064954,12.9151],[80.064881,12.915221],[80.064811,12.91541],[80.06479,12.91567],[80.064888,12.915977],[80.064923,12.916051],[80.065003,12.916473],[80.065134,12.916622],[80.065371,12.916724],[80.065484,12.916802],[80.065535,12.916981],[80.065517,12.917113],[80.0654,12.917247],[80.065324,12.917338],[80.065171,12.917553],[80.065137,12.917692],[80.065146,12.917945],[80.065231,12.918168],[80.065323,12.91833],[80.065481,12.91854],[80.0655,12.918772],[80.0655,12.918897],[80.065551,12.919174],[80.065632,12.919471],[80.065734,12.919758],[80.065847,12.919964],[80.06609,12.920303],[80.066432,12.920763],[80.066802,12.921233],[80.067,12.921449],[80.067144,12.921544],[80.06725,12.92157],[80.067455,12.921157],[80.067597,12.921],[80.067738,12.920912],[80.068265,12.920776],[80.068622,12.92077],[80.068932,12.920788],[80.069496,12.92073],[80.069823,12.920687],[80.070205,12.920702],[80.070651,12.920842],[80.070974,12.920887],[80.071315,12.920898],[80.071624,12.920903],[80.071813,12.920981],[80.072084,12.921258],[80.072272,12.921448],[80.072512,12.921614],[80.072791,12.921662],[80.073045,12.921606],[80.073328,12.921533],[80.07352,12.921496],[80.073816,12.921494],[80.074146,12.921512],[80.074391,12.921361],[80.074546,12.921152],[80.074667,12.921048],[80.074857,12.92087],[80.075015,12.920783],[80.075198,12.920753],[80.075583,12.920721],[80.075844,12.920833],[80.075953,12.92111],[80.076062,12.921512],[80.075913,12.921707],[80.075806,12.921852],[80.075833,12.922017],[80.075932,12.922105],[80.076114,12.922092],[80.076559,12.921902],[80.076735,12.921771],[80.076914,12.921586],[80.077042,12.921451],[80.077255,12.921381],[80.077567,12.921415],[80.077811,12.921683],[80.078243,12.92214],[80.078616,12.922523],[80.079114,12.922953],[80.079353,12.923305],[80.079452,12.923599],[80.079447,12.923814],[80.079432,12.924142],[80.07957,12.92424],[80.08007,12.924623],[80.080509,12.924955],[80.080984,12.925024],[80.081269,12.92512],[80.081457,12.925329],[80.081525,12.925535],[80.081603,12.925937],[80.081554,12.926224],[80.081612,12.926349],[80.081759,12.926471],[80.081996,12.926478],[80.082179,12.926317],[80.082266,12.926149],[80.082425,12.925977],[80.082508,12.925795],[80.082574,12.925654],[80.082859,12.925557],[80.083307,12.925552],[80.083502,12.925667],[80.083782,12.925931],[80.083789,12.926339],[80.083725,12.92671],[80.083573,12.927013],[80.083479,12.927374],[80.083509,12.927543],[80.083597,12.927847],[80.083648,12.928147],[80.08356,12.928629],[80.08359,12.928946],[80.083667,12.929523],[80.083932,12.930432],[80.084085,12.930837],[80.084362,12.931334],[80.084464,12.931712],[80.084524,12.932097],[80.084835,12.932557],[80.085092,12.932946],[80.08538,12.933176],[80.085792,12.93426],[80.086065,12.934929],[80.08628,12.935264],[80.086504,12.935329],[80.086975,12.935249],[80.087274,12.935281],[80.087659,12.935434],[80.087982,12.935509],[80.088257,12.935544],[80.0885,12.93568],[80.088713,12.935984],[80.089031,12.936461],[80.089374,12.936712],[80.089704,12.936777],[80.090134,12.936654],[80.090971,12.936286],[80.091512,12.936112],[80.09197,12.935837],[80.092536,12.935387],[80.09277,12.935222],[80.09307,12.935176],[80.093465,12.935195],[80.093925,12.935345],[80.094128,12.93548],[80.094441,12.936325],[80.094719,12.937365],[80.095327,12.938709],[80.095688,12.939527],[80.096127,12.940021],[80.096345,12.940447],[80.096591,12.94096],[80.096748,12.941285],[80.097267,12.942285],[80.09745,12.942981],[80.097305,12.943358],[80.097283,12.943668],[80.097351,12.943925],[80.097426,12.944141],[80.097769,12.944412],[80.098228,12.944798],[80.098858,12.945556],[80.099241,12.946158],[80.099418,12.946658],[80.099492,12.947103],[80.09978,12.947374],[80.099842,12.94755],[80.10006,12.948131],[80.100327,12.948395],[80.10058,12.948659],[80.100703,12.949138],[80.100722,12.949583],[80.100879,12.949921],[80.10107,12.950232],[80.101439,12.950459],[80.101619,12.950578],[80.101659,12.950976],[80.101562,12.951118],[80.101424,12.951333],[80.10132,12.951421],[80.101299,12.951562],[80.101312,12.951704],[80.101564,12.952575],[80.10183,12.953197],[80.102001,12.953406],[80.102269,12.953455],[80.102475,12.953496],[80.102757,12.953584],[80.102867,12.95376],[80.102855,12.955076],[80.102901,12.955568],[80.103066,12.955798],[80.103313,12.955948],[80.103498,12.956076],[80.103779,12.956401],[80.103887,12.956813],[80.103851,12.957339],[80.103814,12.958034],[80.104046,12.958777],[80.104291,12.959264],[80.104572,12.959649],[80.104645,12.960358],[80.104897,12.961135],[80.105238,12.961851],[80.105368,12.962128],[80.105622,12.962385],[80.105918,12.962386],[80.106221,12.962084],[80.106359,12.961949],[80.106566,12.961862],[80.106745,12.961903],[80.10706,12.962235],[80.10734,12.962681],[80.10742,12.963559],[80.107775,12.964356],[80.108756,12.965162],[80.110157,12.965659],[80.111021,12.966479],[80.111885,12.967143],[80.113025,12.967707],[80.11383,12.96777],[80.114304,12.968001],[80.114578,12.968238],[80.114817,12.968664],[80.114831,12.968873],[80.114747,12.969129],[80.114691,12.969426],[80.114848,12.969858],[80.115052,12.970379],[80.116043,12.972291],[80.117082,12.974123],[80.117464,12.975096],[80.117639,12.976095],[80.11778,12.977276],[80.117813,12.977634],[80.118165,12.979146],[80.118413,12.981023],[80.118823,12.981915],[80.118931,12.982509],[80.119119,12.98367],[80.119007,12.984385],[80.118866,12.985234],[80.119345,12.985884],[80.119922,12.986115],[80.120418,12.986022],[80.120826,12.985912],[80.12222,12.986069],[80.122948,12.986449],[80.123896,12.986951],[80.124705,12.987831],[80.124991,12.988655],[80.125799,12.989737],[80.126512,12.990307],[80.127488,12.990647],[80.128974,12.990733],[80.13079,12.990766],[80.131904,12.990837],[80.13295,12.990746],[80.133831,12.99079],[80.134132,12.991115],[80.134516,12.991656],[80.134706,12.992264],[80.134788,12.992561],[80.135498,12.994034],[80.135978,12.994535],[80.137008,12.995078],[80.138493,12.995609],[80.140196,12.996519],[80.141763,12.996848],[80.142699,12.996878],[80.143195,12.996704],[80.143691,12.99649],[80.145938,12.995296],[80.146903,12.99476],[80.147427,12.994519],[80.148005,12.994291],[80.148693,12.994266],[80.148941,12.994321],[80.150908,12.994408],[80.152174,12.994561],[80.152944,12.994604],[80.153645,12.994741],[80.154401,12.995],[80.155143,12.995299],[80.155816,12.995814],[80.156721,12.996627],[80.157573,12.997129],[80.158205,12.997374],[80.159132,12.99747],[80.160046,12.998162],[80.160457,12.998771],[80.161265,13.000001],[80.161423,13.001013],[80.162042,13.002068],[80.162919,13.003259],[80.163003,13.003347],[80.164468,13.004869],[80.165608,13.005602],[80.166791,13.005767],[80.167562,13.005581],[80.168003,13.005394],[80.168499,13.005085],[80.168817,13.004681],[80.169178,13.003832],[80.169469,13.003158],[80.169773,13.0027],[80.170174,13.00231],[80.170367,13.002217],[80.172528,13.001913],[80.174235,13.00173],[80.175831,13.001654],[80.177372,13.001942],[80.177564,13.002105],[80.179566,13.00431],[80.180441,13.005959],[80.181241,13.009538],[80.182058,13.012131],[80.182049,13.014884],[80.182129,13.015842],[80.182256,13.016986]]}},{"type":"Feature","properties":{"name":"Adyar River"},"geometry":{"type":"LineString","coordinates":[[80.182256,13.016986],[80.182289,13.017286],[80.182755,13.017881],[80.183855,13.018276],[80.18402,13.018317],[80.186314,13.019417],[80.187096,13.020122],[80.18818,13.021164],[80.188904,13.022731],[80.190029,13.02399],[80.191797,13.026019],[80.192868,13.02694],[80.193842,13.027699],[80.19446,13.028187],[80.195739,13.028582],[80.196646,13.028801],[80.197279,13.028938],[80.197733,13.028993],[80.199522,13.028931],[80.201436,13.028559],[80.203599,13.027945],[80.205238,13.027491],[80.207097,13.027241],[80.208833,13.026625],[80.209909,13.0259],[80.210682,13.025106],[80.210946,13.024311],[80.211532,13.021816],[80.211755,13.020643],[80.211867,13.020252],[80.212213,13.01947],[80.213331,13.018583],[80.214971,13.017846],[80.217712,13.01691],[80.220714,13.016204],[80.222243,13.016033],[80.223852,13.01624],[80.224689,13.016863],[80.225046,13.017374],[80.225786,13.018162],[80.226995,13.018975],[80.227738,13.019099],[80.228371,13.018952],[80.229158,13.018293],[80.229849,13.017148],[80.230967,13.016005],[80.231918,13.015616],[80.232662,13.015524],[80.233033,13.015498],[80.233968,13.015676],[80.234711,13.015962],[80.235094,13.016665],[80.235845,13.018529],[80.23642,13.01961],[80.23843,13.023799],[80.239292,13.025488],[80.240047,13.02603],[80.240707,13.026275],[80.242028,13.026401],[80.242578,13.026456],[80.243432,13.026175],[80.244025,13.025907],[80.244425,13.025382],[80.244688,13.025099],[80.24731,13.022665],[80.248319,13.021143],[80.248762,13.020281],[80.248854,13.019262],[80.248876,13.01908],[80.249928,13.017086],[80.251005,13.015632],[80.251999,13.014798],[80.253005,13.014261],[80.25514,13.013485],[80.256227,13.013542],[80.257947,13.013547],[80.260343,13.013257],[80.263365,13.014938],[80.26595,13.015755],[80.267491,13.015976],[80.269145,13.015117],[80.272342,13.013506],[80.274874,13.013459],[80.277438,13.013022]]}},{"type":"Feature","properties":{},"geometry":{"type":"LineString","coordinates":[[80.128493,12.869326],[80.128521,12.869355],[80.128522,12.869412],[80.1285,12.869463],[80.128426,12.869509],[80.128384,12.86955],[80.128333,12.869624],[80.128305,12.869697],[80.128294,12.869784],[80.128315,12.869867],[80.128354,12.869972],[80.12844,12.870072],[80.128525,12.870168],[80.12857,12.870246],[80.128651,12.870333],[80.128707,12.870429],[80.128796,12.870583],[80.128879,12.870655],[80.128961,12.870677],[80.129042,12.870676],[80.129064,12.87072],[80.129112,12.870811],[80.129111,12.870879],[80.129017,12.87092],[80.129021,12.871076],[80.129022,12.871085],[80.129115,12.871269],[80.129238,12.871473],[80.129343,12.871649],[80.129509,12.871843],[80.129606,12.871943],[80.129657,12.87203],[80.129749,12.872138],[80.129841,12.872246],[80.130047,12.872307],[80.130286,12.872327],[80.130514,12.8724],[80.130703,12.872466],[80.130886,12.872539],[80.131031,12.872566],[80.131119,12.872452],[80.131045,12.872322],[80.131038,12.872178]]}},{"type":"Feature","properties":{},"geometry":{"type":"LineString","coordinates":[[80.147454,12.869876],[80.145347,12.877715],[80.14513,12.877777],[80.144931,12.877834],[80.144917,12.877842],[80.144894,12.877849],[80.144872,12.877857],[80.144854,12.877872],[80.144846,12.877872],[80.144608,12.877954],[80.144593,12.877961],[80.144487,12.877965],[80.144336,12.877916],[80.144319,12.877905],[80.144173,12.877769],[80.144021,12.877766],[80.144013,12.877766],[80.143873,12.877815],[80.143777,12.877899],[80.143766,12.877918],[80.143604,12.87798],[80.143471,12.878003],[80.14337,12.87805],[80.143205,12.878232],[80.143221,12.878385],[80.143222,12.87841],[80.143222,12.878426],[80.143106,12.878481],[80.142975,12.878428],[80.142845,12.878516],[80.142829,12.878532],[80.142713,12.8787],[80.142539,12.878744],[80.142268,12.878935],[80.14223,12.879058],[80.142021,12.87918],[80.141865,12.879197],[80.141781,12.879214],[80.141635,12.879237],[80.141496,12.879263],[80.141363,12.879287],[80.141156,12.879306],[80.141026,12.879315],[80.14091,12.879357],[80.140833,12.87938],[80.140704,12.879401],[80.140607,12.879393],[80.140605,12.879393],[80.140493,12.879397],[80.140401,12.879412],[80.140272,12.879433],[80.140131,12.879476],[80.14004,12.879512],[80.139975,12.879538],[80.1399,12.879572],[80.139897,12.879573],[80.139819,12.879605],[80.139768,12.879642],[80.139709,12.879685],[80.139669,12.879751],[80.139645,12.879803],[80.139637,12.87985],[80.139637,12.879854],[80.139647,12.879903],[80.139662,12.879939],[80.139696,12.879975],[80.139698,12.879976],[80.139736,12.880018],[80.139795,12.880052],[80.13984,12.880078],[80.139863,12.880096],[80.139834,12.880132],[80.139754,12.880178],[80.139657,12.880232],[80.13959,12.880302],[80.139478,12.88037],[80.139391,12.880429],[80.139286,12.88048],[80.139181,12.880508],[80.139128,12.880527],[80.139051,12.880533],[80.138951,12.880529],[80.138886,12.880506],[80.13879,12.880459],[80.138784,12.880458],[80.138688,12.88045],[80.13864,12.88044],[80.138632,12.880437],[80.138628,12.880437],[80.13862,12.880435],[80.138572,12.880486],[80.138567,12.880494],[80.138563,12.880498],[80.138515,12.880587],[80.138511,12.880595],[80.1385,12.880649],[80.13843,12.880724],[80.138428,12.880729],[80.13838,12.880766],[80.138314,12.88082],[80.138261,12.88089],[80.138225,12.880938],[80.13816,12.881002],[80.138108,12.881072],[80.138103,12.881081],[80.138012,12.881119],[80.137869,12.881173],[80.137774,12.881216],[80.137768,12.881216],[80.137668,12.881261],[80.137662,12.881267],[80.137609,12.881342],[80.137599,12.881355],[80.13754,12.881418],[80.137534,12.881423],[80.137527,12.88143],[80.137431,12.88145],[80.1373,12.881441],[80.13722,12.88142],[80.137069,12.881432],[80.136955,12.881486],[80.136854,12.881545],[80.136728,12.881632]]}},{"type":"Feature","properties":{},"geometry":{"type":"LineString","coordinates":[[80.16906,12.906402],[80.169012,12.90621],[80.16884,12.906024],[80.16862,12.905893],[80.168303,12.905872],[80.167849,12.906031],[80.167601,12.906065],[80.167553,12.905638],[80.167302,12.90558],[80.166927,12.905363],[80.166637,12.905078],[80.166636,12.904974],[80.166467,12.90484],[80.16634,12.904736],[80.166141,12.904565],[80.166074,12.904541],[80.16596,12.904646],[80.165882,12.90461]]}},{"type":"Feature","properties":{},"geometry":{"type":"LineString","coordinates":[[80.135489,12.882948],[80.135462,12.88297],[80.135314,12.88295],[80.135146,12.882981],[80.13514,12.882982],[80.134985,12.883036],[80.134855,12.883087],[80.134722,12.883151],[80.134614,12.883186],[80.134444,12.883236],[80.13428,12.883295],[80.134108,12.883315],[80.133907,12.883413],[80.133897,12.883413],[80.13366,12.883415],[80.13364,12.883415],[80.133476,12.883374],[80.133471,12.883374],[80.133444,12.883362],[80.133204,12.883334],[80.132998,12.883409],[80.132879,12.883501],[80.132685,12.883588],[80.132479,12.883664],[80.132474,12.88367],[80.132199,12.88369],[80.132004,12.883639],[80.131882,12.883497],[80.131759,12.883309],[80.13164,12.883098],[80.131552,12.882961],[80.131542,12.882953],[80.131449,12.882787],[80.131338,12.882681],[80.131331,12.882677],[80.131321,12.88267],[80.131067,12.882567],[80.131061,12.882563],[80.131045,12.882553],[80.130863,12.882466],[80.130857,12.882459],[80.130847,12.882452],[80.130738,12.882359],[80.130735,12.882352],[80.130609,12.882214],[80.130514,12.882109],[80.130456,12.882055],[80.130372,12.882007],[80.130363,12.882002],[80.130277,12.881964],[80.130273,12.881959],[80.130181,12.881929],[80.130175,12.881924],[80.130169,12.881923],[80.130068,12.881891],[80.130064,12.881887],[80.129958,12.881862],[80.129955,12.881862],[80.129835,12.881862],[80.129726,12.881867],[80.129589,12.881875],[80.129536,12.881864],[80.129533,12.881863],[80.129526,12.88186],[80.12952,12.881857],[80.129439,12.881827],[80.129438,12.881826],[80.129432,12.881824],[80.129365,12.881808],[80.129361,12.881808],[80.129354,12.881808],[80.129269,12.881833],[80.129263,12.881836],[80.129228,12.881859],[80.129223,12.881863],[80.12913,12.881876],[80.12912,12.881875],[80.129038,12.88185],[80.129032,12.881845],[80.129027,12.881842],[80.128971,12.881779],[80.12897,12.881774],[80.128967,12.881768],[80.128916,12.88167],[80.128913,12.881661],[80.128909,12.881657],[80.128888,12.881591],[80.128888,12.881584],[80.128837,12.88151],[80.128798,12.88144],[80.12878,12.88138],[80.128726,12.881279],[80.128726,12.881278],[80.128701,12.881196],[80.128683,12.881112],[80.128677,12.88104],[80.128645,12.880919],[80.128614,12.880829],[80.128613,12.880823],[80.128571,12.880727],[80.128505,12.880612],[80.128451,12.8805],[80.128413,12.880426],[80.128411,12.880425],[80.128407,12.88042],[80.128338,12.8804],[80.128335,12.8804],[80.128328,12.8804],[80.128257,12.88039],[80.128253,12.880388],[80.128176,12.880358],[80.128173,12.880355],[80.128111,12.880319],[80.128031,12.880272],[80.127934,12.880247],[80.127845,12.880274],[80.127758,12.880323],[80.127722,12.880354],[80.127666,12.880402],[80.127637,12.880442],[80.127635,12.880445],[80.127631,12.88045],[80.127591,12.880505],[80.127591,12.880506],[80.127551,12.880542],[80.127498,12.880537],[80.127441,12.880505],[80.127391,12.880475],[80.127349,12.88047],[80.127292,12.880465],[80.127291,12.880465],[80.12724,12.880442],[80.127191,12.880415],[80.12715,12.880384],[80.127116,12.88035],[80.127052,12.880303],[80.127049,12.880301],[80.126968,12.88027],[80.12687,12.880269],[80.126801,12.880248],[80.126744,12.880228],[80.126739,12.880225],[80.126688,12.880228],[80.126619,12.880241],[80.126544,12.88024],[80.126482,12.880191],[80.126429,12.880143],[80.126388,12.880105],[80.126335,12.88007],[80.12633,12.880067],[80.126261,12.880016],[80.126255,12.880011],[80.126216,12.879942],[80.126214,12.879934],[80.126216,12.879864],[80.126217,12.87986],[80.126228,12.87981],[80.126239,12.879757],[80.126239,12.879751],[80.126238,12.879743],[80.12623,12.879698],[80.126226,12.879688],[80.126224,12.87968],[80.126198,12.879599],[80.126157,12.879518],[80.126126,12.87945],[80.126102,12.879415],[80.126081,12.879361],[80.12608,12.879356],[80.12608,12.879282],[80.126078,12.879275],[80.126077,12.879268],[80.126053,12.879193],[80.126052,12.879188],[80.125998,12.879116],[80.125994,12.879116],[80.125927,12.879046],[80.125922,12.879041],[80.125874,12.878966],[80.125874,12.878964],[80.125871,12.878956],[80.125826,12.878845],[80.125824,12.878843],[80.125804,12.878738],[80.125804,12.878732],[80.125801,12.878724],[80.125796,12.878652],[80.125803,12.878578],[80.125819,12.878499],[80.125818,12.87849],[80.125826,12.878412],[80.125824,12.878353],[80.125779,12.878295],[80.125774,12.878291],[80.125712,12.878242],[80.125707,12.878237],[80.125696,12.878229],[80.125637,12.878179],[80.125636,12.878177],[80.125643,12.878127],[80.125656,12.878088],[80.125654,12.878088],[80.125581,12.878045],[80.12558,12.878038],[80.12549,12.878002],[80.125425,12.877966],[80.125318,12.877924],[80.125312,12.877918],[80.125246,12.877857],[80.125241,12.877848],[80.12523,12.877836],[80.125199,12.877775],[80.125197,12.877771],[80.12516,12.877694],[80.125112,12.877622],[80.125087,12.87754],[80.125061,12.877487],[80.125058,12.877482],[80.125042,12.87742],[80.125041,12.877415],[80.125031,12.877342],[80.12503,12.877335],[80.125036,12.877281],[80.125032,12.877204],[80.125024,12.877146],[80.125073,12.877082],[80.12511,12.877025],[80.125109,12.876968],[80.125107,12.876957],[80.125097,12.876894],[80.125079,12.876825],[80.125078,12.876821],[80.125087,12.876751],[80.125104,12.876705],[80.12509,12.876643],[80.125088,12.876548],[80.125062,12.876443],[80.125053,12.876369],[80.125051,12.876353],[80.125026,12.87628],[80.124921,12.876186],[80.124829,12.876126],[80.124826,12.876126],[80.124712,12.876044],[80.124702,12.876039],[80.124687,12.876028],[80.124595,12.875943],[80.124575,12.875933],[80.124572,12.875927],[80.124488,12.875856],[80.124481,12.875848],[80.124474,12.87584],[80.124408,12.87576],[80.124403,12.87575],[80.124275,12.875666],[80.124184,12.875578],[80.124182,12.875576],[80.12412,12.875484],[80.124116,12.875479],[80.12405,12.87539],[80.123929,12.875302],[80.123833,12.875249],[80.123819,12.875243],[80.12374,12.875213],[80.123734,12.875207],[80.123723,12.875201],[80.12371,12.875198],[80.123688,12.875063],[80.123687,12.875057],[80.123714,12.874973],[80.123663,12.874893],[80.123622,12.8748],[80.123621,12.874789],[80.123575,12.874688],[80.123536,12.874615],[80.123513,12.874576],[80.123451,12.874541],[80.123444,12.874541],[80.123434,12.874536],[80.123352,12.874494],[80.123349,12.874491],[80.123283,12.874432],[80.123227,12.874356],[80.123181,12.874259],[80.123149,12.874179],[80.123144,12.874174],[80.122999,12.873997],[80.122818,12.873802]]}},{"type":"Feature","properties":{},"geometry":{"type":"LineString","coordinates":[[80.141208,12.904325],[80.141463,12.904239],[80.141705,12.903943],[80.141922,12.903558],[80.141969,12.903462],[80.142294,12.903178],[80.142489,12.90292],[80.142623,12.902678],[80.14267,12.902586],[80.142849,12.902532],[80.14297,12.902152],[80.143116,12.902012],[80.143171,12.901894],[80.143273,12.901773],[80.143336,12.901722],[80.14341,12.901681],[80.143534,12.90156],[80.143623,12.901302],[80.143907,12.900757],[80.144095,12.900384],[80.144299,12.900174],[80.1444,12.899938],[80.144432,12.899667],[80.144375,12.899059],[80.144324,12.898807],[80.144184,12.898785],[80.144152,12.898058],[80.144158,12.897701],[80.145006,12.897727],[80.14513,12.897705],[80.145194,12.897402],[80.145191,12.896953],[80.145175,12.896064],[80.145175,12.895901],[80.145117,12.895812],[80.145025,12.895758],[80.144837,12.895611],[80.144888,12.895503],[80.144913,12.895379],[80.144958,12.895127],[80.14514,12.89499],[80.145806,12.894754],[80.146092,12.894741],[80.146382,12.894751],[80.146681,12.894935]]}},{"type":"Feature","properties":{"name":"Vengaivasal Chitteri Surplus channel"},"geometry":{"type":"LineString","coordinates":[[80.185711,12.902716],[80.185949,12.9037],[80.186124,12.904536],[80.186176,12.904828],[80.186238,12.90499],[80.18626,12.90508],[80.18615,12.90512],[80.185939,12.905192],[80.185659,12.90527],[80.185402,12.905346],[80.18518,12.905424],[80.185006,12.905475],[80.184827,12.905524],[80.184578,12.905614],[80.184387,12.905673],[80.184179,12.905723],[80.184065,12.90575],[80.18399,12.905767],[80.183873,12.90579],[80.183736,12.905819],[80.183607,12.905847],[80.183477,12.905877],[80.183418,12.905899],[80.183274,12.905912],[80.183239,12.905954],[80.18318,12.905971],[80.183082,12.906],[80.182943,12.906034],[80.182818,12.906066],[80.182712,12.906096],[80.182575,12.906147],[80.18243,12.906165],[80.182321,12.90619],[80.182205,12.906199],[80.182066,12.906201],[80.181911,12.906221],[80.181782,12.906236],[80.181687,12.906248],[80.181608,12.906266],[80.181536,12.906292],[80.18146,12.906308],[80.181381,12.906305],[80.181229,12.906319],[80.181112,12.906327],[80.181027,12.906342],[80.180939,12.906349],[80.180865,12.906357],[80.180782,12.906369],[80.18065,12.906386],[80.180532,12.906404],[80.180423,12.906431],[80.180347,12.906459],[80.180257,12.906488],[80.18019,12.906493],[80.180085,12.906525],[80.180005,12.906566],[80.1799,12.906605],[80.179818,12.906648],[80.179754,12.906675],[80.17972,12.906709],[80.179705,12.906765],[80.179708,12.906839],[80.179719,12.906907],[80.17973,12.906983],[80.179755,12.907068],[80.179776,12.907166],[80.1798,12.907279],[80.179811,12.907354],[80.179825,12.907464],[80.179846,12.907579],[80.179855,12.907695],[80.179835,12.907793],[80.179779,12.907841],[80.179674,12.907869],[80.179614,12.907898],[80.179495,12.907952],[80.179341,12.908024],[80.179108,12.9081],[80.178902,12.908193],[80.178743,12.908262],[80.178604,12.908348],[80.178531,12.908381],[80.178445,12.908458],[80.178355,12.908521],[80.178238,12.908589],[80.17809,12.908673],[80.177926,12.90876],[80.177764,12.908839],[80.177599,12.908891],[80.17745,12.908928],[80.177322,12.908946],[80.177214,12.908965],[80.177133,12.908986],[80.177011,12.909024],[80.176935,12.909064],[80.176863,12.909118],[80.176751,12.909182],[80.176569,12.909235],[80.176465,12.909265],[80.176374,12.9093],[80.176301,12.909344],[80.176225,12.909395],[80.176165,12.909453],[80.176074,12.909524],[80.175958,12.909601],[80.175851,12.909655],[80.17569,12.909678],[80.175557,12.909681],[80.175426,12.909699],[80.17526,12.909747],[80.175085,12.909807],[80.174902,12.909872],[80.174742,12.909926],[80.174554,12.909983],[80.174424,12.910038],[80.174313,12.910068],[80.174195,12.910106],[80.174067,12.91012],[80.173964,12.910151],[80.173892,12.910226],[80.173888,12.910232],[80.173856,12.910321],[80.173884,12.910445],[80.173934,12.910564],[80.17397,12.910667],[80.174025,12.910869],[80.174043,12.910965],[80.174052,12.911062],[80.174058,12.911178],[80.17405,12.911258],[80.174015,12.911342],[80.173976,12.911411],[80.173912,12.911498],[80.173824,12.911567],[80.17371,12.911631],[80.173621,12.911704],[80.173524,12.911769],[80.173429,12.911819],[80.173269,12.911923],[80.173158,12.911963],[80.173031,12.912],[80.172934,12.912014]]}},{"type":"Feature","properties":{"name":"Perungudi Tank surplus channel"},"geometry":{"type":"LineString","coordinates":[[80.235656,12.967169],[80.235216,12.967105],[80.234828,12.967054],[80.234458,12.967051],[80.234121,12.96703],[80.233677,12.967019],[80.233096,12.967074],[80.232272,12.96708],[80.230639,12.96714]]}},{"type":"Feature","properties":{},"geometry":{"type":"LineString","coordinates":[[80.126072,12.914435],[80.126075,12.914284],[80.126064,12.914071],[80.126049,12.913908],[80.126034,12.91375],[80.126013,12.913599],[80.126009,12.913484],[80.125983,12.913373],[80.125981,12.913283],[80.12601,12.913216],[80.126074,12.913185],[80.126193,12.913166],[80.1263,12.913134],[80.12638,12.913111],[80.12647,12.913087],[80.126545,12.913083],[80.126611,12.91308],[80.126713,12.913069],[80.126807,12.913058],[80.126916,12.913046],[80.126981,12.913043],[80.127095,12.913038],[80.127204,12.913034],[80.127287,12.913025],[80.127348,12.913013],[80.127374,12.912982],[80.127373,12.912976],[80.127372,12.912973],[80.127373,12.912919],[80.127373,12.912916],[80.127375,12.912868],[80.127376,12.912865],[80.127388,12.912828],[80.127391,12.912824],[80.127422,12.912806],[80.127456,12.912802],[80.127483,12.912794],[80.127518,12.912782],[80.127563,12.912783],[80.12759,12.912791],[80.127641,12.912788],[80.127673,12.912771],[80.127721,12.912735],[80.127766,12.912677],[80.127815,12.912644],[80.127845,12.912594],[80.12791,12.912579],[80.127985,12.912596],[80.128056,12.912625],[80.128173,12.912679],[80.128293,12.912732],[80.128296,12.912736],[80.128467,12.912743]]}},{"type":"Feature","properties":{"name":"Nanmangalam Tank surplus"},"geometry":{"type":"LineString","coordinates":[[80.176334,12.947061],[80.176136,12.946994],[80.175919,12.946969],[80.175685,12.946959],[80.175469,12.946957],[80.175236,12.946919],[80.175006,12.946847],[80.174792,12.946785],[80.174569,12.946724],[80.174366,12.946652],[80.17405,12.946611],[80.173897,12.94658],[80.173575,12.946538],[80.173445,12.946496],[80.173426,12.946487],[80.173219,12.946407],[80.173199,12.946389],[80.173021,12.946195],[80.173001,12.946177],[80.173,12.946163],[80.172923,12.945967],[80.172917,12.945954],[80.172785,12.945778],[80.172774,12.945756],[80.172615,12.945654],[80.172611,12.945654],[80.172516,12.94551],[80.172462,12.945293],[80.172386,12.945084],[80.172281,12.944924],[80.172024,12.944794],[80.171781,12.944772],[80.171517,12.944763],[80.171296,12.944773],[80.171071,12.944759],[80.170832,12.944699],[80.170792,12.94454],[80.170789,12.944532],[80.170805,12.944318],[80.170805,12.944298],[80.170842,12.944119],[80.170842,12.944108],[80.170809,12.943885],[80.170809,12.943875],[80.170761,12.943772],[80.170647,12.943701],[80.170556,12.943594],[80.17049,12.943495],[80.170425,12.943401],[80.170384,12.943337],[80.170236,12.943322],[80.170176,12.943317],[80.170112,12.943334],[80.170046,12.943311],[80.170043,12.943308],[80.169979,12.943285],[80.169977,12.943283],[80.169848,12.943266],[80.169754,12.943258],[80.169652,12.943249],[80.16965,12.943247],[80.169546,12.943231],[80.169461,12.943227],[80.169454,12.943221],[80.169328,12.943187],[80.169191,12.94317],[80.169188,12.943167],[80.169032,12.943157],[80.168876,12.943159],[80.168868,12.94316],[80.168708,12.943162],[80.168696,12.943159],[80.168505,12.943179],[80.168313,12.943195],[80.168203,12.943201],[80.168028,12.943182],[80.167917,12.943125],[80.167786,12.943083],[80.167555,12.943029],[80.167435,12.942984],[80.167278,12.942934],[80.167101,12.942905],[80.167097,12.942901],[80.166925,12.942901],[80.166781,12.942876],[80.166598,12.942834],[80.166348,12.942829],[80.166214,12.942799],[80.166211,12.942795],[80.166145,12.942691],[80.166144,12.942684],[80.166091,12.942576],[80.166084,12.942566],[80.165989,12.942486],[80.165986,12.942486],[80.165837,12.942452],[80.165832,12.942452],[80.165648,12.942414],[80.165543,12.942349],[80.16554,12.942343],[80.165449,12.942245],[80.165446,12.942236],[80.165357,12.942053],[80.165241,12.941921],[80.16494,12.941995],[80.164752,12.942044],[80.164549,12.942133],[80.164332,12.942253],[80.164175,12.942328],[80.163963,12.942393],[80.163699,12.942432],[80.163441,12.942379],[80.163272,12.942198]]}},{"type":"Feature","properties":{},"geometry":{"type":"LineString","coordinates":[[80.182229,12.892948],[80.18247,12.892912],[80.182622,12.892866],[80.182649,12.892867],[80.182674,12.892822],[80.182674,12.892768],[80.182687,12.892677],[80.1827,12.892569],[80.182708,12.89245],[80.182726,12.892268],[80.182727,12.892137],[80.182721,12.892011],[80.18274,12.891885],[80.182736,12.891746],[80.182737,12.891603],[80.182736,12.891489],[80.18274,12.891418],[80.182737,12.891287],[80.182721,12.891202],[80.182709,12.891107],[80.182685,12.891033],[80.182677,12.89099],[80.182654,12.89091],[80.18262,12.890845]]}},{"type":"Feature","properties":{},"geometry":{"type":"LineString","coordinates":[[80.133441,12.922581],[80.13347,12.922523],[80.133462,12.922445],[80.133468,12.922372],[80.133487,12.922316],[80.133518,12.922255],[80.133542,12.922167],[80.133577,12.922032],[80.133614,12.92196],[80.133656,12.921845],[80.133696,12.921749],[80.13372,12.921704],[80.133725,12.921699],[80.133747,12.921632],[80.133749,12.921575],[80.13375,12.921504],[80.133751,12.921498],[80.133785,12.92143],[80.133848,12.921342],[80.133911,12.921262],[80.133968,12.921199],[80.134025,12.921128],[80.134076,12.921075],[80.134151,12.920974],[80.134245,12.920881],[80.134354,12.920801]]}},{"type":"Feature","properties":{},"geometry":{"type":"LineString","coordinates":[[80.102979,12.889716],[80.103065,12.889667],[80.103121,12.889572],[80.103173,12.889458],[80.103177,12.889445],[80.103194,12.889304],[80.103196,12.8893],[80.103201,12.889288],[80.103203,12.889283],[80.103231,12.889179],[80.103231,12.889177],[80.103277,12.889075],[80.103393,12.888978],[80.103531,12.888915],[80.103631,12.888886],[80.103741,12.888856],[80.103871,12.888805],[80.104008,12.888756],[80.104128,12.888728],[80.104177,12.888684],[80.104326,12.888597],[80.104447,12.888513]]}},{"type":"Feature","properties":{},"geometry":{"type":"LineString","coordinates":[[80.211996,12.863922],[80.214449,12.864066],[80.214542,12.864115],[80.214583,12.864263],[80.214638,12.864187],[80.214631,12.862501],[80.214674,12.862503],[80.215232,12.862455],[80.215999,12.862368],[80.216435,12.862277],[80.216478,12.862499],[80.216592,12.862878],[80.216759,12.863418],[80.217176,12.865],[80.217262,12.865357],[80.217348,12.865793],[80.217408,12.866169],[80.217511,12.866274],[80.217717,12.866452],[80.21796,12.866616],[80.217979,12.866614],[80.218218,12.866721],[80.218377,12.866973],[80.218504,12.867175],[80.218572,12.867268],[80.218667,12.86736],[80.218762,12.867397],[80.218868,12.867428],[80.218958,12.867444],[80.219133,12.867459],[80.219206,12.867488],[80.2193,12.867518],[80.219351,12.867558],[80.219473,12.867627],[80.219498,12.867704],[80.219532,12.867852],[80.219545,12.867936],[80.219573,12.868028],[80.219591,12.868128],[80.219611,12.868205],[80.219618,12.86824],[80.219645,12.868275],[80.219694,12.868309],[80.21977,12.868328],[80.219843,12.868378],[80.21996,12.868429],[80.220065,12.868453],[80.220154,12.868527],[80.220302,12.868584],[80.220415,12.868631],[80.22065,12.868682],[80.220757,12.868688],[80.220901,12.868702],[80.221091,12.868775],[80.221228,12.868803],[80.221312,12.868842],[80.221319,12.868848],[80.221358,12.869111],[80.221364,12.869117],[80.221368,12.869131],[80.221369,12.869144],[80.221463,12.869367],[80.22161,12.869488],[80.22173,12.869499],[80.221919,12.869501],[80.222024,12.869484],[80.222181,12.869469],[80.222395,12.869425],[80.222645,12.869378],[80.222769,12.869364],[80.222997,12.86931],[80.223212,12.86927],[80.223471,12.869211],[80.223759,12.869131],[80.224033,12.869051],[80.224307,12.868965],[80.224492,12.868913],[80.224655,12.868829],[80.224719,12.868758],[80.224719,12.868668],[80.224674,12.868556],[80.224632,12.86842],[80.224565,12.868244],[80.224455,12.867869],[80.224455,12.867858],[80.224383,12.867565],[80.22432,12.867227],[80.224291,12.866931],[80.2242,12.865793],[80.224428,12.865712],[80.224673,12.865637],[80.224817,12.865592],[80.224939,12.865544],[80.225076,12.865492],[80.225237,12.86543],[80.225371,12.865383],[80.225454,12.865349],[80.225561,12.86534],[80.225552,12.865119],[80.225573,12.864918],[80.225445,12.864353],[80.225347,12.863896],[80.225349,12.863511],[80.22534,12.863127],[80.225373,12.862882],[80.225239,12.862173],[80.225235,12.862062],[80.225284,12.861215],[80.22532,12.860829],[80.225406,12.860229],[80.225356,12.859651],[80.225256,12.858955],[80.225097,12.858476],[80.225005,12.85797],[80.224906,12.857431],[80.224689,12.856857],[80.224605,12.856623],[80.224412,12.855796],[80.224203,12.855142],[80.224198,12.855117],[80.224106,12.854379],[80.224028,12.853934],[80.224069,12.853476],[80.224357,12.852979],[80.224359,12.852544]]}},{"type":"Feature","properties":{},"geometry":{"type":"LineString","coordinates":[[80.219511,12.859859],[80.219506,12.859973],[80.219491,12.860116],[80.219435,12.86014],[80.219226,12.860131],[80.219016,12.860131],[80.218749,12.86012],[80.21861,12.860117],[80.218206,12.860129],[80.217696,12.860104],[80.217102,12.860149],[80.216652,12.8602],[80.216214,12.860224],[80.215825,12.860281],[80.215418,12.860315],[80.214988,12.860365],[80.214665,12.86038],[80.214592,12.86043],[80.214601,12.860535],[80.214603,12.860652],[80.214616,12.860773],[80.214614,12.860959],[80.21461,12.861113],[80.214614,12.861256],[80.21462,12.861406],[80.214639,12.861574],[80.214515,12.86161],[80.214373,12.861599],[80.214181,12.861596],[80.214096,12.86158],[80.213834,12.861571],[80.213509,12.861533],[80.213156,12.861485],[80.212901,12.861469],[80.212803,12.861696],[80.212621,12.862296],[80.212501,12.862613],[80.212436,12.862732],[80.212373,12.862898],[80.212254,12.863171],[80.212111,12.863546],[80.212013,12.863859],[80.211833,12.864593],[80.211635,12.865277],[80.211261,12.866111],[80.210994,12.8669],[80.210633,12.867799],[80.21044,12.86825],[80.210292,12.868703],[80.210169,12.86901],[80.210021,12.869535],[80.209624,12.870509],[80.209259,12.871427],[80.209121,12.871822],[80.208921,12.872339],[80.2088,12.872643],[80.208735,12.87289],[80.208643,12.873169],[80.208483,12.873546],[80.20839,12.873785],[80.208338,12.873871]]}},{"type":"Feature","properties":{},"geometry":{"type":"LineString","coordinates":[[80.120719,12.866991],[80.120988,12.866981],[80.121243,12.866978],[80.121461,12.867061],[80.121656,12.867195],[80.121839,12.867428],[80.12191,12.8677],[80.122033,12.867902]]}},{"type":"Feature","properties":{"name":"Ottiyambakkam tank surplus channel"},"geometry":{"type":"LineString","coordinates":[[80.178755,12.865764],[80.17918,12.865179],[80.179605,12.865055],[80.179923,12.864506],[80.180561,12.86394],[80.181588,12.863656],[80.182031,12.863568],[80.182721,12.862895],[80.183997,12.862665],[80.185236,12.862328],[80.185732,12.862523],[80.186051,12.862824],[80.186352,12.863161],[80.18691,12.863231],[80.187467,12.863568],[80.187937,12.863736],[80.188096,12.864002],[80.188105,12.864232],[80.188273,12.864436],[80.188539,12.864586],[80.188995,12.864772],[80.189331,12.865038],[80.189517,12.86533],[80.189987,12.865693],[80.19042,12.86595],[80.191102,12.866145],[80.191784,12.866162],[80.192262,12.8661],[80.192944,12.865852],[80.193303,12.865649],[80.193967,12.865551],[80.194268,12.865436],[80.194746,12.865153],[80.194976,12.864896],[80.19549,12.864684],[80.195791,12.864604],[80.196225,12.86471],[80.196632,12.864869],[80.196827,12.865002],[80.197234,12.864931],[80.197739,12.864701],[80.198155,12.864462],[80.198226,12.864099],[80.198345,12.863922],[80.198584,12.863727],[80.199151,12.863754],[80.199665,12.863789],[80.199877,12.86394],[80.199957,12.864418],[80.200028,12.865038],[80.200001,12.865596],[80.200081,12.866029],[80.200187,12.866463],[80.200594,12.866685],[80.201232,12.866844],[80.201874,12.867068],[80.202148,12.867705],[80.202361,12.868281],[80.20244,12.868945],[80.20244,12.869264],[80.202272,12.870313],[80.202086,12.871127],[80.201953,12.87188],[80.201874,12.872199],[80.201838,12.872526],[80.201838,12.872712]]}},{"type":"Feature","properties":{"name":"Agaramthen Tank Surplus Channel"},"geometry":{"type":"LineString","coordinates":[[80.147363,12.869994],[80.147727,12.869839],[80.148158,12.869919],[80.148585,12.870094],[80.148995,12.870339],[80.149411,12.870595],[80.149997,12.87096],[80.150356,12.871105],[80.15089,12.871185],[80.151327,12.871185],[80.15165,12.871115],[80.152097,12.870975],[80.152682,12.870815],[80.153072,12.87075],[80.153535,12.870775],[80.15374,12.870805],[80.154099,12.87102],[80.154469,12.871291],[80.154834,12.871621],[80.155065,12.871866],[80.155321,12.872192],[80.155635,12.872499],[80.156128,12.872745],[80.156472,12.872995],[80.156836,12.873165],[80.157262,12.87324],[80.15776,12.873285],[80.158115,12.87328],[80.158515,12.873235],[80.158998,12.873175],[80.159429,12.873145],[80.16002,12.87315],[80.160456,12.873165],[80.160692,12.873115],[80.161057,12.873025],[80.161319,12.873015],[80.161468,12.873055],[80.162094,12.87316],[80.162495,12.873185],[80.163059,12.873255],[80.163578,12.87339],[80.164015,12.873526],[80.164328,12.873465],[80.164764,12.873405],[80.16517,12.873295],[80.16555,12.873095],[80.166192,12.87287],[80.166762,12.87278],[80.166823,12.872454],[80.166808,12.872104],[80.166988,12.871516],[80.167362,12.871135],[80.167665,12.870635],[80.167927,12.870358],[80.168061,12.869968],[80.1684,12.869557],[80.168749,12.869347],[80.169416,12.869137],[80.169889,12.868897],[80.170536,12.868947],[80.171522,12.869117],[80.171891,12.869327],[80.172246,12.869707],[80.172461,12.869863],[80.172677,12.870018],[80.172851,12.870073],[80.173036,12.869793],[80.173226,12.869612],[80.173586,12.869392],[80.173837,12.869132],[80.174279,12.868861],[80.174828,12.868571],[80.175116,12.868398],[80.175429,12.868063],[80.175773,12.867527],[80.176256,12.867282],[80.176795,12.866892],[80.177391,12.866523],[80.177719,12.866432],[80.177719,12.866432],[80.177719,12.866432]]}},{"type":"Feature","properties":{"name":"Chitlapakam Tank Perumbakkam Tank link"},"geometry":{"type":"LineString","coordinates":[[80.181253,12.891846],[80.181306,12.891937],[80.181388,12.892008],[80.181491,12.892045],[80.181618,12.892141],[80.181746,12.892234],[80.181864,12.892367],[80.181973,12.892511],[80.182102,12.892728],[80.182211,12.892879],[80.182281,12.89304],[80.182293,12.893202],[80.182275,12.8934],[80.182262,12.893572],[80.182276,12.893721],[80.182301,12.893884],[80.182349,12.894061],[80.182464,12.894247],[80.182654,12.894426],[80.182849,12.894555],[80.182998,12.89466],[80.182973,12.894841],[80.182944,12.895051],[80.183039,12.895257],[80.183174,12.895502],[80.183339,12.895764],[80.183547,12.895989],[80.183762,12.896159],[80.1839,12.896261],[80.183945,12.896353],[80.184104,12.896463],[80.184286,12.896554],[80.184498,12.896593],[80.184688,12.896646],[80.18486,12.896688],[80.185053,12.896718],[80.185268,12.896721],[80.185398,12.89675]]}},{"type":"Feature","properties":{"name":"Velachery tank surplus channel"},"geometry":{"type":"LineString","coordinates":[[80.217922,12.986753],[80.217884,12.986515],[80.217835,12.986285],[80.217768,12.985994],[80.217701,12.985569],[80.217662,12.985182],[80.217678,12.984622],[80.217695,12.984063],[80.217687,12.983473],[80.217684,12.983051],[80.217668,12.982314],[80.217691,12.981924],[80.21777,12.981306],[80.217963,12.980944],[80.218038,12.980619],[80.218177,12.980322],[80.218245,12.980156],[80.218448,12.979826],[80.218597,12.979303],[80.218699,12.97884],[80.218833,12.978517],[80.219094,12.977999],[80.21928,12.977568],[80.219508,12.977111],[80.219661,12.976669],[80.219835,12.976178],[80.220044,12.975877],[80.220181,12.975673],[80.220408,12.975454],[80.220477,12.975374],[80.220492,12.975275],[80.220439,12.975109],[80.22037,12.974922],[80.220285,12.974735],[80.220184,12.974496],[80.220027,12.97406],[80.219828,12.973684],[80.219548,12.973022],[80.219382,12.972563],[80.219175,12.972126],[80.218946,12.971596],[80.218706,12.971052],[80.218563,12.97074],[80.218385,12.970435],[80.218158,12.969947],[80.218026,12.969504],[80.217718,12.968952],[80.217459,12.968459],[80.217375,12.968295]]}},{"type":"Feature","properties":{"name":"Perumbakkam tank surplus channel"},"geometry":{"type":"LineString","coordinates":[[80.20883,12.89253],[80.208688,12.892518],[80.208514,12.892518],[80.208284,12.892487],[80.208087,12.892462],[80.207863,12.89245],[80.207637,12.892444],[80.207478,12.892466],[80.207266,12.892492],[80.207194,12.892505],[80.207132,12.892467],[80.207053,12.892449],[80.206975,12.892431],[80.20693,12.892415],[80.206883,12.892416],[80.206822,12.892406],[80.206772,12.892407],[80.206721,12.892423],[80.206683,12.892472],[80.206668,12.892532],[80.20664,12.892563],[80.206635,12.892564],[80.206569,12.892577],[80.206561,12.892579],[80.206464,12.892599],[80.20635,12.892608],[80.206284,12.892632],[80.206184,12.892642],[80.206064,12.892655],[80.205982,12.892672],[80.205864,12.892695],[80.205768,12.892715],[80.205763,12.892714],[80.205644,12.892715],[80.205635,12.892715],[80.205544,12.892718],[80.205537,12.892719],[80.205427,12.892733],[80.205343,12.892749],[80.205227,12.892765],[80.205126,12.892779],[80.205025,12.892794],[80.205019,12.892795],[80.205006,12.892794],[80.204916,12.892814],[80.204668,12.89286],[80.204484,12.892907],[80.204476,12.892907],[80.204349,12.892931],[80.204247,12.892956],[80.204182,12.892969],[80.203893,12.893018],[80.203636,12.893094],[80.203274,12.893138],[80.203101,12.89313],[80.202734,12.893207],[80.202486,12.893255],[80.202319,12.893284],[80.201946,12.893403],[80.201712,12.89346],[80.201539,12.893444],[80.201373,12.893468],[80.201362,12.893471],[80.201211,12.893504],[80.201206,12.893505],[80.201065,12.893569],[80.201062,12.89357],[80.200876,12.893675],[80.200609,12.893754],[80.200426,12.89381],[80.200296,12.89385],[80.200203,12.893885],[80.20009,12.893929],[80.199957,12.893946],[80.199789,12.893956],[80.199616,12.893984],[80.199412,12.893992],[80.199285,12.89398],[80.199269,12.893983],[80.199253,12.893986],[80.199,12.893966],[80.198761,12.893988],[80.198555,12.894052],[80.198302,12.894099],[80.198017,12.89413],[80.197903,12.894145],[80.197568,12.894173],[80.19756,12.894179],[80.197341,12.894252],[80.197068,12.89431],[80.196895,12.894315],[80.196559,12.894309],[80.196534,12.894324],[80.19625,12.894382],[80.196239,12.894385],[80.195983,12.894346],[80.195903,12.894105],[80.195776,12.894031],[80.195749,12.89402],[80.195452,12.893933],[80.195162,12.893917],[80.194861,12.893974],[80.194428,12.893994],[80.19422,12.893795],[80.194107,12.893524],[80.194069,12.893272],[80.193913,12.893098],[80.193784,12.892885],[80.193692,12.892632],[80.193645,12.892369],[80.193518,12.892059],[80.193428,12.891682],[80.193366,12.891419],[80.193364,12.891411],[80.193192,12.891341]]}},{"type":"Feature","properties":{"name":"Kovilampakam tank surplus channel"},"geometry":{"type":"LineString","coordinates":[[80.187376,12.943052],[80.187289,12.942817],[80.187102,12.942621],[80.186884,12.94256],[80.186706,12.942617],[80.186571,12.942682],[80.18634,12.942665],[80.18634,12.942586],[80.186297,12.942486],[80.186192,12.942408],[80.18607,12.942412],[80.186031,12.94236],[80.186018,12.942212],[80.185974,12.942108],[80.185927,12.942008],[80.185948,12.941816],[80.185953,12.941677],[80.185974,12.941529],[80.186001,12.941455],[80.18604,12.941276],[80.18607,12.941196],[80.186069,12.941133],[80.18603,12.941074],[80.185968,12.941018],[80.18572,12.940822],[80.185667,12.94079],[80.185706,12.940645],[80.185656,12.940551],[80.185516,12.94036],[80.185451,12.940308],[80.18536,12.940366],[80.185149,12.940408],[80.184811,12.940475],[80.184587,12.940488],[80.184293,12.940456],[80.184217,12.940419],[80.184036,12.940349],[80.183792,12.940305],[80.183534,12.940166],[80.183437,12.940088],[80.183198,12.940031],[80.183009,12.939933],[80.182893,12.939866],[80.182738,12.939853],[80.182688,12.939872],[80.182688,12.939872],[80.182688,12.939872]]}},{"type":"Feature","properties":{"name":"Sitlapakam tank surplus channel"},"geometry":{"type":"LineString","coordinates":[[80.154461,12.938368],[80.154592,12.93845],[80.154765,12.938447],[80.154914,12.938419],[80.155152,12.938386],[80.155328,12.938295],[80.155507,12.938209],[80.155629,12.938121],[80.155674,12.938073],[80.155769,12.937997],[80.155914,12.937956],[80.156081,12.937935],[80.156244,12.937929],[80.156397,12.937891],[80.156454,12.937847],[80.15651,12.937791],[80.156565,12.93773],[80.156612,12.937671],[80.156657,12.937616],[80.156726,12.937557],[80.156785,12.937531],[80.156873,12.937544],[80.156989,12.937537],[80.1571,12.937546],[80.157182,12.937567],[80.157271,12.937605],[80.157331,12.937595],[80.157487,12.937547],[80.157585,12.937547],[80.157767,12.937544],[80.157898,12.937563],[80.158007,12.937566],[80.15815,12.937529],[80.158311,12.937474],[80.158421,12.937408],[80.158561,12.937322],[80.158706,12.937234],[80.15874,12.937161],[80.158797,12.93711],[80.158871,12.93708],[80.159025,12.937056],[80.159194,12.937026],[80.159337,12.936978],[80.159518,12.936937],[80.159669,12.936907],[80.159798,12.936869],[80.159941,12.936843],[80.160087,12.936827],[80.16031,12.93678],[80.160408,12.936758],[80.160487,12.936776],[80.160652,12.936712],[80.160791,12.936695],[80.160838,12.936698],[80.161045,12.936697],[80.161232,12.936685],[80.16141,12.936691],[80.162163,12.936604],[80.162929,12.937285],[80.164267,12.937285],[80.164558,12.937248]]}},{"type":"Feature","properties":{"name":"Narayanapuram surplus channel"},"geometry":{"type":"LineString","coordinates":[[80.202956,12.948879],[80.203226,12.948578],[80.203672,12.948566],[80.204099,12.94859],[80.204541,12.948592],[80.20514,12.948612],[80.205826,12.948614],[80.206488,12.948584],[80.206853,12.94858],[80.207376,12.948544],[80.207808,12.948508],[80.208331,12.948472],[80.208979,12.948431],[80.209454,12.948409],[80.209641,12.948372],[80.210649,12.948253]]}},{"type":"Feature","properties":{},"geometry":{"type":"LineString","coordinates":[[80.151163,12.886873],[80.151209,12.886751],[80.151258,12.886633],[80.151261,12.886629],[80.151424,12.886567],[80.151693,12.886529],[80.151886,12.886504],[80.151894,12.886504],[80.152061,12.886504],[80.152179,12.886509],[80.152299,12.886495],[80.152527,12.886472],[80.152739,12.88648],[80.152882,12.886502],[80.152949,12.886542],[80.153062,12.886688],[80.153177,12.886766],[80.153358,12.886804],[80.153366,12.886803],[80.153657,12.886851],[80.15396,12.88689],[80.154145,12.886955],[80.154371,12.887024],[80.154422,12.887043],[80.154498,12.88707],[80.154584,12.887098],[80.154677,12.887112],[80.154745,12.887125],[80.154785,12.887144],[80.154833,12.887104],[80.154866,12.887064],[80.15496,12.88709],[80.155035,12.887136],[80.155079,12.887185],[80.155089,12.887259],[80.1551,12.887321],[80.155142,12.887358],[80.155182,12.887377],[80.155215,12.887342],[80.155234,12.887296],[80.155276,12.887285],[80.155302,12.887285],[80.155345,12.887276],[80.155401,12.887271],[80.155446,12.887232],[80.155521,12.88715],[80.155578,12.887062],[80.15567,12.887042],[80.155787,12.887028],[80.155865,12.887024],[80.155959,12.887013],[80.156057,12.886999],[80.156137,12.886969],[80.15625,12.886944],[80.156354,12.886906],[80.156403,12.886862],[80.156458,12.886807],[80.156533,12.88677],[80.156622,12.886766],[80.156697,12.886757],[80.156784,12.886746],[80.156878,12.886725],[80.157029,12.886744],[80.157113,12.886763],[80.157217,12.886749],[80.157313,12.886752],[80.15744,12.886764],[80.157578,12.886778],[80.157691,12.88679],[80.157823,12.886802],[80.157926,12.886805],[80.158013,12.8868],[80.15814,12.88681],[80.158234,12.886813],[80.1584,12.88685],[80.158532,12.886869],[80.158602,12.886881],[80.158736,12.886867],[80.158849,12.886877],[80.15892,12.886882],[80.159016,12.886882],[80.159126,12.886868],[80.159239,12.886873],[80.159328,12.886888],[80.159427,12.886895],[80.159519,12.886907],[80.159566,12.886907],[80.159632,12.886902],[80.159745,12.886821]]}},{"type":"Feature","properties":{},"geometry":{"type":"LineString","coordinates":[[80.179989,12.960954],[80.180004,12.960864],[80.18007,12.960774],[80.180125,12.960738],[80.180298,12.960706],[80.180441,12.960707],[80.180628,12.960747],[80.180779,12.960769],[80.180856,12.960787],[80.181302,12.960814],[80.181724,12.960824],[80.182055,12.960825],[80.182396,12.960808],[80.182907,12.96081],[80.183382,12.96082]]}},{"type":"Feature","properties":{},"geometry":{"type":"LineString","coordinates":[[80.154863,12.897963],[80.154932,12.897971],[80.155003,12.897963],[80.15504,12.897934],[80.155066,12.897882],[80.155071,12.89781],[80.155083,12.897741],[80.155076,12.897677],[80.155085,12.89763],[80.155108,12.897543],[80.155105,12.89747],[80.155116,12.897383],[80.155143,12.897328],[80.155169,12.897316],[80.155241,12.897319],[80.155323,12.897346],[80.155429,12.897357],[80.155534,12.897376],[80.155668,12.89739],[80.155729,12.897413],[80.155812,12.897426],[80.155899,12.897441],[80.155971,12.897441],[80.156068,12.897434],[80.156225,12.897414],[80.156396,12.897412],[80.15653,12.897417],[80.15665,12.897438],[80.15672,12.897469],[80.156795,12.89749],[80.156866,12.897497],[80.156979,12.897481],[80.157073,12.897456],[80.157167,12.897442],[80.157256,12.897452],[80.157336,12.897457],[80.157406,12.897436],[80.157503,12.8974],[80.157559,12.897372],[80.157627,12.897393],[80.157733,12.897417],[80.157841,12.897428],[80.157902,12.897431],[80.157878,12.897386],[80.157874,12.897303],[80.157889,12.897256],[80.157901,12.897195],[80.157904,12.89713],[80.157904,12.897079],[80.157902,12.897024],[80.157902,12.89697],[80.157932,12.896922],[80.157951,12.896888],[80.157978,12.89684],[80.157978,12.896772],[80.157987,12.896707],[80.157982,12.896657],[80.157983,12.896604],[80.158002,12.896553],[80.158009,12.896509],[80.158016,12.896463],[80.158016,12.896396],[80.158016,12.896313],[80.158017,12.896276],[80.158026,12.896212],[80.158041,12.896122],[80.15805,12.896035],[80.158069,12.895952],[80.158081,12.895887],[80.158079,12.89582],[80.15807,12.895746],[80.158068,12.89568],[80.158087,12.895597],[80.158099,12.895486],[80.158097,12.895415],[80.158097,12.895385],[80.158052,12.895347],[80.158037,12.895296],[80.158039,12.895198],[80.158051,12.895058],[80.158079,12.894933],[80.158084,12.894841],[80.158098,12.894748],[80.158086,12.894712],[80.158068,12.894669],[80.158085,12.894585],[80.158109,12.894507],[80.158118,12.894408],[80.158126,12.894337],[80.158143,12.894284],[80.158162,12.894136],[80.158191,12.893887],[80.158214,12.89355],[80.158545,12.89357],[80.158744,12.893603],[80.158991,12.893626],[80.159207,12.893632],[80.159346,12.893655],[80.159517,12.893642],[80.159957,12.893665],[80.160002,12.893485],[80.160032,12.893308],[80.16004,12.893182],[80.160029,12.893107],[80.160051,12.892988],[80.16007,12.892826],[80.160082,12.892649],[80.160049,12.892548],[80.160031,12.892433],[80.160032,12.892303],[80.160303,12.892283],[80.160722,12.892284],[80.161023,12.892292],[80.161298,12.892315],[80.161518,12.892359],[80.161639,12.892355],[80.161794,12.892341],[80.161937,12.892335],[80.162084,12.89236],[80.162183,12.892372],[80.162234,12.892274],[80.162242,12.892148],[80.162239,12.892058],[80.162283,12.89195],[80.162306,12.891846],[80.162493,12.891831],[80.162749,12.891843],[80.162836,12.891852],[80.162921,12.891825],[80.163046,12.89177],[80.163173,12.891775],[80.16329,12.891782],[80.163332,12.891762],[80.163349,12.891649],[80.163347,12.891524],[80.163336,12.8914],[80.163339,12.891268],[80.163349,12.891162],[80.163398,12.891057],[80.163504,12.890981],[80.163615,12.890935],[80.163754,12.890906],[80.163906,12.890885],[80.163951,12.890869],[80.163984,12.890812],[80.163982,12.890736],[80.16401,12.890681],[80.164048,12.890658],[80.164116,12.89063],[80.164213,12.890633],[80.164311,12.890633],[80.164387,12.890615],[80.164434,12.890601],[80.164453,12.890523],[80.164458,12.890281],[80.164459,12.890154],[80.164476,12.889997],[80.164497,12.889848],[80.164542,12.889645],[80.164562,12.889553],[80.164626,12.889243],[80.164653,12.889062],[80.164679,12.88895],[80.164707,12.888838],[80.164732,12.888807],[80.164875,12.888788],[80.165003,12.888765],[80.165152,12.888717],[80.165312,12.888692],[80.165507,12.888666],[80.165631,12.888647],[80.165733,12.888634],[80.165802,12.888611],[80.165885,12.88858],[80.165998,12.888569],[80.166177,12.888553],[80.166428,12.888549]]}},{"type":"Feature","properties":{},"geometry":{"type":"LineString","coordinates":[[80.133725,12.921644],[80.133831,12.921597],[80.13394,12.921572],[80.134058,12.921525],[80.13421,12.92141],[80.134334,12.921319],[80.134445,12.921254],[80.134452,12.92125],[80.134593,12.921192],[80.134739,12.921156],[80.134905,12.92114],[80.135027,12.92116],[80.135126,12.921185],[80.135206,12.92121],[80.135265,12.921221],[80.135363,12.92124],[80.135454,12.921244],[80.135564,12.921273],[80.135569,12.921274],[80.135648,12.92132],[80.135712,12.921374],[80.135712,12.921376],[80.135748,12.921467],[80.135748,12.921475],[80.13577,12.921542],[80.135784,12.921662],[80.135811,12.921771],[80.135817,12.92178],[80.135827,12.921884],[80.135834,12.921969],[80.135857,12.922038],[80.135887,12.922179],[80.135938,12.922306],[80.13598,12.922465],[80.135991,12.922496],[80.136102,12.922719],[80.136228,12.922718],[80.136323,12.922709],[80.136365,12.922812],[80.136367,12.922925],[80.136367,12.922931],[80.136403,12.923111],[80.136435,12.923286],[80.136467,12.923363],[80.13659,12.923422],[80.136681,12.923517],[80.136772,12.923602],[80.136873,12.923734],[80.136918,12.923836]]}},{"type":"Feature","properties":{"name":"BC_Taramani Road"},"geometry":{"type":"LineString","coordinates":[[80.231508,12.981976],[80.231416,12.981959],[80.231138,12.981904],[80.230931,12.981811],[80.230676,12.981695],[80.230438,12.981577],[80.230193,12.981408],[80.229915,12.98124],[80.229653,12.981095],[80.229324,12.980879],[80.229043,12.980708],[80.228715,12.980512],[80.228441,12.980353],[80.228157,12.980191],[80.227848,12.979997],[80.227521,12.979805],[80.227173,12.97958],[80.226849,12.97939],[80.22659,12.979225],[80.226299,12.979042],[80.22599,12.978859],[80.225608,12.978612],[80.225365,12.978451],[80.225196,12.978294],[80.225001,12.978161],[80.224764,12.97802],[80.224633,12.977928],[80.224372,12.977768],[80.224005,12.977556],[80.223541,12.977295],[80.223187,12.977062],[80.222795,12.976864],[80.222625,12.976767],[80.222391,12.976594],[80.222102,12.976414],[80.22176,12.976204],[80.221483,12.975952],[80.221249,12.975767],[80.221017,12.975605],[80.220812,12.975488],[80.220551,12.975369],[80.220473,12.975375]]}}]}