{"type":"FeatureCollection","crs":{"type":"name","properties":{"name":"urn:ogc:def:crs:OGC:1.3:CRS84"}},"features":[{"type":"Feature","properties":{"name":"4488.7887998268916"},"geometry":{"type":"GeometryCollection","geometries":[{"type":"LineString","coordinates":[[80.079294,12.901319],[80.079413,12.902148],[80.079649,12.902858],[80.07811,12.903687],[80.075742,12.904042],[80.073611,12.904042],[80.072427,12.904634],[80.072072,12.905818],[80.071835,12.906765],[80.071362,12.908304],[80.071362,12.909606],[80.072427,12.911146],[80.073966,12.911738],[80.075269,12.911738],[80.076571,12.911738],[80.077992,12.911738],[80.078702,12.911619],[80.078939,12.910317],[80.079057,12.908778],[80.079531,12.908186],[80.080005,12.908186],[80.080123,12.907594],[80.08036,12.905463],[80.079649,12.904397],[80.0798,12.903829],[80.080327,12.903984],[80.080638,12.904388],[80.081196,12.904419],[80.081662,12.904295],[80.082003,12.903953],[80.082376,12.903798],[80.082841,12.903798],[80.083152,12.903736],[80.083338,12.903301],[80.083338,12.902619],[80.083027,12.902215],[80.082562,12.901874],[80.0825,12.901408],[80.082127,12.901253],[80.080079,12.901315],[80.079294,12.901319]]},{"type":"Polygon","coordinates":[[[80.079294,12.901319],[80.079413,12.902148],[80.079649,12.902858],[80.07811,12.903687],[80.075742,12.904042],[80.073611,12.904042],[80.072427,12.904634],[80.072072,12.905818],[80.071835,12.906765],[80.071362,12.908304],[80.071362,12.909606],[80.072427,12.911146],[80.073966,12.911738],[80.075269,12.911738],[80.076571,12.911738],[80.077992,12.911738],[80.078702,12.911619],[80.078939,12.910317],[80.079057,12.908778],[80.079531,12.908186],[80.080005,12.908186],[80.080123,12.907594],[80.08036,12.905463],[80.079649,12.904397],[80.0798,12.903829],[80.080327,12.903984],[80.080638,12.904388],[80.081196,12.904419],[80.081662,12.904295],[80.082003,12.903953],[80.082376,12.903798],[80.082841,12.903798],[80.083152,12.903736],[80.083338,12.903301],[80.083338,12.902619],[80.083027,12.902215],[80.082562,12.901874],[80.0825,12.901408],[80.082127,12.901253],[80.080079,12.901315],[80.079294,12.901319]]]}]}},{"type":"Feature","properties":{"name":"1178.8566533125265"},"geometry":{"type":"GeometryCollection","geometries":[{"type":"LineString","coordinates":[[80.085417,12.902463],[80.08551,12.903705],[80.085976,12.904233],[80.086473,12.904884],[80.086938,12.905226],[80.087497,12.905381],[80.088117,12.905319],[80.088676,12.904884],[80.088862,12.904077],[80.0888,12.903333],[80.088304,12.902557],[80.08759,12.902215],[80.08641,12.902153],[80.085417,12.902463]]},{"type":"Polygon","coordinates":[[[80.085417,12.902463],[80.08551,12.903705],[80.085976,12.904233],[80.086473,12.904884],[80.086938,12.905226],[80.087497,12.905381],[80.088117,12.905319],[80.088676,12.904884],[80.088862,12.904077],[80.0888,12.903333],[80.088304,12.902557],[80.08759,12.902215],[80.08641,12.902153],[80.085417,12.902463]]]}]}},{"type":"Feature","properties":{"name":"1721.009497765893"},"geometry":{"type":"GeometryCollection","geometries":[{"type":"LineString","coordinates":[[80.111171,12.950198],[80.110338,12.951486],[80.110186,12.953456],[80.109807,12.955047],[80.111474,12.955274],[80.112838,12.955653],[80.113444,12.955502],[80.113748,12.953683],[80.113293,12.952547],[80.112914,12.951183],[80.112687,12.950425],[80.111171,12.950198]]},{"type":"Polygon","coordinates":[[[80.111171,12.950198],[80.110338,12.951486],[80.110186,12.953456],[80.109807,12.955047],[80.111474,12.955274],[80.112838,12.955653],[80.113444,12.955502],[80.113748,12.953683],[80.113293,12.952547],[80.112914,12.951183],[80.112687,12.950425],[80.111171,12.950198]]]}]}},{"type":"Feature","properties":{"name":"1427.8278364499715"},"geometry":{"type":"GeometryCollection","geometries":[{"type":"LineString","coordinates":[[80.102585,12.910013],[80.103118,12.910692],[80.104185,12.910207],[80.106707,12.909916],[80.107289,12.909577],[80.107386,12.908607],[80.106998,12.907831],[80.106028,12.907346],[80.104379,12.907782],[80.104185,12.908558],[80.104136,12.909189],[80.102585,12.910013]]},{"type":"Polygon","coordinates":[[[80.102585,12.910013],[80.103118,12.910692],[80.104185,12.910207],[80.106707,12.909916],[80.107289,12.909577],[80.107386,12.908607],[80.106998,12.907831],[80.106028,12.907346],[80.104379,12.907782],[80.104185,12.908558],[80.104136,12.909189],[80.102585,12.910013]]]}]}},{"type":"Feature","properties":{"name":"4904.361766973463"},"geometry":{"type":"GeometryCollection","geometries":[{"type":"LineString","coordinates":[[80.134131,12.905264],[80.134131,12.906855],[80.134661,12.907537],[80.134661,12.908901],[80.135192,12.90981],[80.135192,12.911023],[80.133449,12.91125],[80.132615,12.910719],[80.131251,12.910871],[80.132009,12.911477],[80.132691,12.91269],[80.132615,12.915417],[80.1336,12.915569],[80.134055,12.917236],[80.133903,12.918827],[80.135267,12.919282],[80.136404,12.918827],[80.137086,12.917842],[80.137389,12.91663],[80.138677,12.915493],[80.139586,12.914584],[80.13989,12.913296],[80.13989,12.912386],[80.13989,12.911704],[80.139662,12.910341],[80.140268,12.909431],[80.140268,12.908598],[80.139738,12.908219],[80.138601,12.907385],[80.13898,12.906628],[80.139738,12.905946],[80.139814,12.905188],[80.138904,12.905036],[80.138071,12.905718],[80.137389,12.905794],[80.136556,12.905567],[80.135192,12.905112],[80.134131,12.905264]]},{"type":"Polygon","coordinates":[[[80.134131,12.905264],[80.134131,12.906855],[80.134661,12.907537],[80.134661,12.908901],[80.135192,12.90981],[80.135192,12.911023],[80.133449,12.91125],[80.132615,12.910719],[80.131251,12.910871],[80.132009,12.911477],[80.132691,12.91269],[80.132615,12.915417],[80.1336,12.915569],[80.134055,12.917236],[80.133903,12.918827],[80.135267,12.919282],[80.136404,12.918827],[80.137086,12.917842],[80.137389,12.91663],[80.138677,12.915493],[80.139586,12.914584],[80.13989,12.913296],[80.13989,12.912386],[80.13989,12.911704],[80.139662,12.910341],[80.140268,12.909431],[80.140268,12.908598],[80.139738,12.908219],[80.138601,12.907385],[80.13898,12.906628],[80.139738,12.905946],[80.139814,12.905188],[80.138904,12.905036],[80.138071,12.905718],[80.137389,12.905794],[80.136556,12.905567],[80.135192,12.905112],[80.134131,12.905264]]]}]}},{"type":"Feature","properties":{"name":"6839.2618175577236"},"geometry":{"type":"GeometryCollection","geometries":[{"type":"LineString","coordinates":[[80.256112,12.916141],[80.255002,12.91492],[80.253004,12.914698],[80.251006,12.916474],[80.250895,12.919248],[80.252893,12.920802],[80.254225,12.922356],[80.254336,12.924243],[80.253337,12.926463],[80.253337,12.927906],[80.253559,12.930237],[80.254669,12.932013],[80.254891,12.934233],[80.254336,12.935565],[80.255113,12.936675],[80.255779,12.939894],[80.257444,12.941115],[80.258221,12.940227],[80.257999,12.938007],[80.257999,12.934677],[80.256223,12.934122],[80.25589,12.931569],[80.256112,12.929793],[80.256778,12.927795],[80.256778,12.924132],[80.25589,12.921912],[80.255002,12.919581],[80.254669,12.917139],[80.256112,12.916141]]},{"type":"Polygon","coordinates":[[[80.256112,12.916141],[80.255002,12.91492],[80.253004,12.914698],[80.251006,12.916474],[80.250895,12.919248],[80.252893,12.920802],[80.254225,12.922356],[80.254336,12.924243],[80.253337,12.926463],[80.253337,12.927906],[80.253559,12.930237],[80.254669,12.932013],[80.254891,12.934233],[80.254336,12.935565],[80.255113,12.936675],[80.255779,12.939894],[80.257444,12.941115],[80.258221,12.940227],[80.257999,12.938007],[80.257999,12.934677],[80.256223,12.934122],[80.25589,12.931569],[80.256112,12.929793],[80.256778,12.927795],[80.256778,12.924132],[80.25589,12.921912],[80.255002,12.919581],[80.254669,12.917139],[80.256112,12.916141]]]}]}},{"type":"Feature","properties":{"name":"64490.8673503139"},"geometry":{"type":"GeometryCollection","geometries":[{"type":"LineString","coordinates":[[80.093363,12.915282],[80.092276,12.914723],[80.091749,12.914195],[80.091035,12.913544],[80.0906,12.912706],[80.090197,12.911775],[80.089235,12.910657],[80.088428,12.910161],[80.087279,12.91013],[80.086007,12.910378],[80.084921,12.91134],[80.084486,12.912799],[80.085386,12.913699],[80.086255,12.91432],[80.086907,12.914878],[80.087373,12.91553],[80.0879,12.916585],[80.08818,12.916958],[80.088335,12.917827],[80.088335,12.918727],[80.087776,12.919999],[80.087,12.920744],[80.08641,12.921551],[80.085945,12.922203],[80.0852,12.923072],[80.083896,12.923693],[80.083307,12.923941],[80.081662,12.925058],[80.080917,12.925183],[80.080265,12.924717],[80.079179,12.924034],[80.078124,12.923444],[80.077068,12.922637],[80.076665,12.922203],[80.075454,12.921737],[80.074958,12.921582],[80.074772,12.921148],[80.074772,12.920248],[80.075827,12.92003],[80.07713,12.920217],[80.078093,12.920155],[80.078279,12.919503],[80.077534,12.918727],[80.077099,12.91792],[80.076789,12.916834],[80.076417,12.916027],[80.075982,12.915064],[80.07561,12.914785],[80.074834,12.914568],[80.073934,12.914847],[80.07294,12.915685],[80.072258,12.916399],[80.071389,12.917299],[80.070675,12.918044],[80.070178,12.918913],[80.067904,12.919585],[80.066692,12.919812],[80.065934,12.918145],[80.065252,12.916706],[80.063888,12.914281],[80.063055,12.912538],[80.062828,12.910492],[80.064116,12.909734],[80.065025,12.908522],[80.065404,12.907082],[80.066313,12.906855],[80.067374,12.906552],[80.068738,12.906173],[80.068889,12.905036],[80.068359,12.9039],[80.066995,12.902536],[80.065404,12.902309],[80.063813,12.902233],[80.063055,12.9039],[80.063055,12.905491],[80.061615,12.906855],[80.061539,12.905643],[80.06063,12.90587],[80.059797,12.906097],[80.059645,12.907007],[80.059645,12.907916],[80.059721,12.909128],[80.05866,12.90981],[80.057827,12.909052],[80.057372,12.908143],[80.057448,12.907007],[80.058281,12.906173],[80.05919,12.905188],[80.058736,12.904279],[80.056463,12.904127],[80.055478,12.903672],[80.055705,12.901323],[80.055932,12.899278],[80.057675,12.89996],[80.058281,12.89905],[80.056841,12.898141],[80.055781,12.896626],[80.054341,12.897535],[80.053053,12.900566],[80.052977,12.9064],[80.053962,12.913144],[80.05525,12.918524],[80.055629,12.92057],[80.055629,12.923071],[80.053811,12.924207],[80.051234,12.925116],[80.048885,12.925344],[80.046764,12.926177],[80.045248,12.927465],[80.044263,12.929511],[80.044793,12.931481],[80.045778,12.93383],[80.046233,12.93527],[80.046688,12.937013],[80.046991,12.93868],[80.048582,12.93868],[80.050249,12.938301],[80.051765,12.937695],[80.052447,12.93724],[80.052901,12.936407],[80.052901,12.934891],[80.052977,12.93474],[80.053204,12.935801],[80.054492,12.935801],[80.055629,12.93474],[80.056235,12.933906],[80.056614,12.933073],[80.057902,12.933073],[80.059645,12.933527],[80.062449,12.933679],[80.062221,12.934437],[80.0601,12.93527],[80.061464,12.937164],[80.062828,12.938301],[80.063131,12.939513],[80.063282,12.940044],[80.063813,12.940574],[80.065328,12.941256],[80.066237,12.941029],[80.066768,12.939741],[80.067298,12.937846],[80.06745,12.936407],[80.069041,12.935952],[80.07192,12.935952],[80.073209,12.935952],[80.074118,12.937468],[80.075103,12.939665],[80.076088,12.941787],[80.078058,12.943605],[80.079649,12.946182],[80.081544,12.947318],[80.083211,12.947318],[80.083147,12.947168],[80.083135,12.947167],[80.082832,12.946423],[80.082377,12.945348],[80.080938,12.941711],[80.080634,12.940953],[80.080626,12.940879],[80.079043,12.94118],[80.077831,12.940953],[80.076997,12.940347],[80.076997,12.938832],[80.076997,12.937619],[80.076391,12.935952],[80.074648,12.93474],[80.075179,12.933982],[80.076922,12.93383],[80.078513,12.933755],[80.079877,12.933755],[80.079801,12.934361],[80.079119,12.935119],[80.078967,12.93671],[80.079195,12.938377],[80.080407,12.939059],[80.080626,12.940879],[80.080634,12.940877],[80.080938,12.941711],[80.082301,12.945121],[80.082832,12.946423],[80.083147,12.947168],[80.085257,12.94747],[80.086242,12.949137],[80.086317,12.950728],[80.086014,12.95194],[80.084575,12.952092],[80.083968,12.954062],[80.082832,12.954517],[80.081695,12.954971],[80.080559,12.956335],[80.080104,12.956941],[80.079271,12.956638],[80.079119,12.956184],[80.078892,12.955881],[80.077149,12.955653],[80.0773,12.95482],[80.078664,12.954214],[80.07874,12.953532],[80.07874,12.952243],[80.078058,12.951562],[80.076391,12.951865],[80.07624,12.951031],[80.07533,12.950652],[80.074421,12.950728],[80.074573,12.952698],[80.075179,12.954441],[80.075406,12.955729],[80.076846,12.955956],[80.077452,12.957396],[80.078058,12.958078],[80.077225,12.958305],[80.076467,12.958002],[80.076391,12.958836],[80.076164,12.95929],[80.075558,12.959594],[80.075406,12.961261],[80.077073,12.961488],[80.077376,12.961033],[80.081847,12.960579],[80.083514,12.960579],[80.083514,12.962246],[80.084196,12.962397],[80.084196,12.964064],[80.083968,12.965352],[80.086166,12.965655],[80.087681,12.965731],[80.087833,12.963913],[80.088136,12.962549],[80.0895,12.962397],[80.092228,12.962094],[80.093819,12.962094],[80.094653,12.96217],[80.094577,12.963382],[80.094501,12.964973],[80.096471,12.965201],[80.098593,12.966262],[80.098517,12.967701],[80.098517,12.969065],[80.09882,12.970126],[80.100033,12.971642],[80.103518,12.972778],[80.1042,12.974142],[80.104806,12.975051],[80.105716,12.976188],[80.106549,12.976188],[80.107458,12.97543],[80.107989,12.975582],[80.107837,12.976718],[80.109883,12.976036],[80.110035,12.975051],[80.109428,12.974445],[80.108519,12.973687],[80.10905,12.972854],[80.111323,12.97293],[80.112156,12.972096],[80.113444,12.971338],[80.113748,12.96952],[80.114202,12.968383],[80.11443,12.96808],[80.115566,12.968232],[80.116703,12.968232],[80.118749,12.968232],[80.119203,12.968459],[80.12034,12.969065],[80.120946,12.969596],[80.121931,12.969596],[80.121628,12.971566],[80.122386,12.972096],[80.123977,12.972248],[80.124204,12.971869],[80.123901,12.97005],[80.122537,12.969217],[80.122916,12.968156],[80.122689,12.966337],[80.124053,12.965428],[80.124811,12.963761],[80.125341,12.962094],[80.126856,12.961943],[80.127842,12.961943],[80.12822,12.960882],[80.126932,12.959442],[80.126629,12.958002],[80.124583,12.956563],[80.122613,12.956259],[80.119809,12.95679],[80.117612,12.958381],[80.115642,12.9602],[80.115566,12.962549],[80.115642,12.963685],[80.115566,12.965049],[80.113293,12.965277],[80.112156,12.96467],[80.112459,12.963079],[80.112838,12.961867],[80.111247,12.961639],[80.10958,12.961639],[80.109656,12.959821],[80.111777,12.95929],[80.111096,12.960806],[80.113066,12.960882],[80.113141,12.958912],[80.113217,12.957093],[80.111399,12.958078],[80.108898,12.958154],[80.108595,12.956638],[80.107231,12.956487],[80.106094,12.957548],[80.10564,12.95732],[80.10564,12.956032],[80.10564,12.955199],[80.104276,12.954517],[80.105412,12.954062],[80.106928,12.953759],[80.108065,12.953986],[80.108822,12.95285],[80.10905,12.951637],[80.107686,12.951031],[80.106776,12.95088],[80.106549,12.95194],[80.10564,12.952774],[80.104655,12.952547],[80.103897,12.951789],[80.10467,12.951816],[80.10467,12.951283],[80.105155,12.951137],[80.105155,12.950555],[80.104524,12.950167],[80.103603,12.949585],[80.10307,12.949197],[80.103118,12.948227],[80.103167,12.947258],[80.103651,12.946482],[80.10433,12.945948],[80.105106,12.945609],[80.105688,12.945657],[80.10627,12.946094],[80.106852,12.946579],[80.107337,12.946627],[80.108016,12.946433],[80.108453,12.945997],[80.10884,12.945463],[80.108501,12.944057],[80.108695,12.943087],[80.109325,12.942602],[80.110295,12.94202],[80.111168,12.941099],[80.111993,12.940032],[80.11209,12.939304],[80.110053,12.939547],[80.109762,12.940032],[80.108937,12.940468],[80.107871,12.940662],[80.10724,12.939741],[80.106998,12.938965],[80.106222,12.939159],[80.105979,12.940226],[80.105834,12.941875],[80.105543,12.941972],[80.104767,12.941826],[80.10433,12.941729],[80.103361,12.941002],[80.102391,12.94008],[80.100887,12.939207],[80.099917,12.937946],[80.098317,12.936443],[80.098366,12.934309],[80.098123,12.932563],[80.098123,12.930915],[80.098462,12.930042],[80.098802,12.92849],[80.099093,12.927568],[80.099384,12.926114],[80.098608,12.924756],[80.097735,12.923155],[80.096668,12.922719],[80.095698,12.922428],[80.095213,12.921507],[80.095553,12.919906],[80.095989,12.919421],[80.097299,12.919033],[80.098511,12.918354],[80.097929,12.91913],[80.097929,12.920585],[80.098026,12.922913],[80.099384,12.922719],[80.099384,12.924368],[80.100596,12.924416],[80.100742,12.92364],[80.101906,12.923107],[80.1037,12.922816],[80.105058,12.922137],[80.105882,12.921701],[80.105882,12.920828],[80.105737,12.9201],[80.105058,12.919761],[80.103797,12.919227],[80.102342,12.919082],[80.101954,12.918354],[80.101906,12.917481],[80.10176,12.916609],[80.101178,12.916172],[80.100645,12.917142],[80.100451,12.918306],[80.09982,12.918936],[80.099384,12.919324],[80.099432,12.920197],[80.099529,12.920925],[80.099384,12.920197],[80.099238,12.919276],[80.099384,12.918257],[80.099772,12.917336],[80.100208,12.916221],[80.100451,12.915784],[80.100645,12.914232],[80.100839,12.913602],[80.100596,12.912438],[80.099917,12.91205],[80.099869,12.910838],[80.099044,12.910304],[80.099044,12.911177],[80.098947,12.911808],[80.098123,12.912729],[80.097493,12.913359],[80.097396,12.913699],[80.096911,12.914038],[80.09662,12.913747],[80.095359,12.913505],[80.095747,12.915202],[80.094583,12.915348],[80.093363,12.915282]]},{"type":"Polygon","coordinates":[[[80.093363,12.915282],[80.092276,12.914723],[80.091749,12.914195],[80.091035,12.913544],[80.0906,12.912706],[80.090197,12.911775],[80.089235,12.910657],[80.088428,12.910161],[80.087279,12.91013],[80.086007,12.910378],[80.084921,12.91134],[80.084486,12.912799],[80.085386,12.913699],[80.086255,12.91432],[80.086907,12.914878],[80.087373,12.91553],[80.0879,12.916585],[80.08818,12.916958],[80.088335,12.917827],[80.088335,12.918727],[80.087776,12.919999],[80.087,12.920744],[80.08641,12.921551],[80.085945,12.922203],[80.0852,12.923072],[80.083896,12.923693],[80.083307,12.923941],[80.081662,12.925058],[80.080917,12.925183],[80.080265,12.924717],[80.079179,12.924034],[80.078124,12.923444],[80.077068,12.922637],[80.076665,12.922203],[80.075454,12.921737],[80.074958,12.921582],[80.074772,12.921148],[80.074772,12.920248],[80.075827,12.92003],[80.07713,12.920217],[80.078093,12.920155],[80.078279,12.919503],[80.077534,12.918727],[80.077099,12.91792],[80.076789,12.916834],[80.076417,12.916027],[80.075982,12.915064],[80.07561,12.914785],[80.074834,12.914568],[80.073934,12.914847],[80.07294,12.915685],[80.072258,12.916399],[80.071389,12.917299],[80.070675,12.918044],[80.070178,12.918913],[80.067904,12.919585],[80.066692,12.919812],[80.065934,12.918145],[80.065252,12.916706],[80.063888,12.914281],[80.063055,12.912538],[80.062828,12.910492],[80.064116,12.909734],[80.065025,12.908522],[80.065404,12.907082],[80.066313,12.906855],[80.067374,12.906552],[80.068738,12.906173],[80.068889,12.905036],[80.068359,12.9039],[80.066995,12.902536],[80.065404,12.902309],[80.063813,12.902233],[80.063055,12.9039],[80.063055,12.905491],[80.061615,12.906855],[80.061539,12.905643],[80.06063,12.90587],[80.059797,12.906097],[80.059645,12.907007],[80.059645,12.907916],[80.059721,12.909128],[80.05866,12.90981],[80.057827,12.909052],[80.057372,12.908143],[80.057448,12.907007],[80.058281,12.906173],[80.05919,12.905188],[80.058736,12.904279],[80.056463,12.904127],[80.055478,12.903672],[80.055705,12.901323],[80.055932,12.899278],[80.057675,12.89996],[80.058281,12.89905],[80.056841,12.898141],[80.055781,12.896626],[80.054341,12.897535],[80.053053,12.900566],[80.052977,12.9064],[80.053962,12.913144],[80.05525,12.918524],[80.055629,12.92057],[80.055629,12.923071],[80.053811,12.924207],[80.051234,12.925116],[80.048885,12.925344],[80.046764,12.926177],[80.045248,12.927465],[80.044263,12.929511],[80.044793,12.931481],[80.045778,12.93383],[80.046233,12.93527],[80.046688,12.937013],[80.046991,12.93868],[80.048582,12.93868],[80.050249,12.938301],[80.051765,12.937695],[80.052447,12.93724],[80.052901,12.936407],[80.052901,12.934891],[80.052977,12.93474],[80.053204,12.935801],[80.054492,12.935801],[80.055629,12.93474],[80.056235,12.933906],[80.056614,12.933073],[80.057902,12.933073],[80.059645,12.933527],[80.062449,12.933679],[80.062221,12.934437],[80.0601,12.93527],[80.061464,12.937164],[80.062828,12.938301],[80.063131,12.939513],[80.063282,12.940044],[80.063813,12.940574],[80.065328,12.941256],[80.066237,12.941029],[80.066768,12.939741],[80.067298,12.937846],[80.06745,12.936407],[80.069041,12.935952],[80.07192,12.935952],[80.073209,12.935952],[80.074118,12.937468],[80.075103,12.939665],[80.076088,12.941787],[80.078058,12.943605],[80.079649,12.946182],[80.081544,12.947318],[80.083211,12.947318],[80.083147,12.947168],[80.083135,12.947167],[80.082832,12.946423],[80.082377,12.945348],[80.080938,12.941711],[80.080634,12.940953],[80.080626,12.940879],[80.079043,12.94118],[80.077831,12.940953],[80.076997,12.940347],[80.076997,12.938832],[80.076997,12.937619],[80.076391,12.935952],[80.074648,12.93474],[80.075179,12.933982],[80.076922,12.93383],[80.078513,12.933755],[80.079877,12.933755],[80.079801,12.934361],[80.079119,12.935119],[80.078967,12.93671],[80.079195,12.938377],[80.080407,12.939059],[80.080626,12.940879],[80.080634,12.940877],[80.080938,12.941711],[80.082301,12.945121],[80.082832,12.946423],[80.083147,12.947168],[80.085257,12.94747],[80.086242,12.949137],[80.086317,12.950728],[80.086014,12.95194],[80.084575,12.952092],[80.083968,12.954062],[80.082832,12.954517],[80.081695,12.954971],[80.080559,12.956335],[80.080104,12.956941],[80.079271,12.956638],[80.079119,12.956184],[80.078892,12.955881],[80.077149,12.955653],[80.0773,12.95482],[80.078664,12.954214],[80.07874,12.953532],[80.07874,12.952243],[80.078058,12.951562],[80.076391,12.951865],[80.07624,12.951031],[80.07533,12.950652],[80.074421,12.950728],[80.074573,12.952698],[80.075179,12.954441],[80.075406,12.955729],[80.076846,12.955956],[80.077452,12.957396],[80.078058,12.958078],[80.077225,12.958305],[80.076467,12.958002],[80.076391,12.958836],[80.076164,12.95929],[80.075558,12.959594],[80.075406,12.961261],[80.077073,12.961488],[80.077376,12.961033],[80.081847,12.960579],[80.083514,12.960579],[80.083514,12.962246],[80.084196,12.962397],[80.084196,12.964064],[80.083968,12.965352],[80.086166,12.965655],[80.087681,12.965731],[80.087833,12.963913],[80.088136,12.962549],[80.0895,12.962397],[80.092228,12.962094],[80.093819,12.962094],[80.094653,12.96217],[80.094577,12.963382],[80.094501,12.964973],[80.096471,12.965201],[80.098593,12.966262],[80.098517,12.967701],[80.098517,12.969065],[80.09882,12.970126],[80.100033,12.971642],[80.103518,12.972778],[80.1042,12.974142],[80.104806,12.975051],[80.105716,12.976188],[80.106549,12.976188],[80.107458,12.97543],[80.107989,12.975582],[80.107837,12.976718],[80.109883,12.976036],[80.110035,12.975051],[80.109428,12.974445],[80.108519,12.973687],[80.10905,12.972854],[80.111323,12.97293],[80.112156,12.972096],[80.113444,12.971338],[80.113748,12.96952],[80.114202,12.968383],[80.11443,12.96808],[80.115566,12.968232],[80.116703,12.968232],[80.118749,12.968232],[80.119203,12.968459],[80.12034,12.969065],[80.120946,12.969596],[80.121931,12.969596],[80.121628,12.971566],[80.122386,12.972096],[80.123977,12.972248],[80.124204,12.971869],[80.123901,12.97005],[80.122537,12.969217],[80.122916,12.968156],[80.122689,12.966337],[80.124053,12.965428],[80.124811,12.963761],[80.125341,12.962094],[80.126856,12.961943],[80.127842,12.961943],[80.12822,12.960882],[80.126932,12.959442],[80.126629,12.958002],[80.124583,12.956563],[80.122613,12.956259],[80.119809,12.95679],[80.117612,12.958381],[80.115642,12.9602],[80.115566,12.962549],[80.115642,12.963685],[80.115566,12.965049],[80.113293,12.965277],[80.112156,12.96467],[80.112459,12.963079],[80.112838,12.961867],[80.111247,12.961639],[80.10958,12.961639],[80.109656,12.959821],[80.111777,12.95929],[80.111096,12.960806],[80.113066,12.960882],[80.113141,12.958912],[80.113217,12.957093],[80.111399,12.958078],[80.108898,12.958154],[80.108595,12.956638],[80.107231,12.956487],[80.106094,12.957548],[80.10564,12.95732],[80.10564,12.956032],[80.10564,12.955199],[80.104276,12.954517],[80.105412,12.954062],[80.106928,12.953759],[80.108065,12.953986],[80.108822,12.95285],[80.10905,12.951637],[80.107686,12.951031],[80.106776,12.95088],[80.106549,12.95194],[80.10564,12.952774],[80.104655,12.952547],[80.103897,12.951789],[80.10467,12.951816],[80.10467,12.951283],[80.105155,12.951137],[80.105155,12.950555],[80.104524,12.950167],[80.103603,12.949585],[80.10307,12.949197],[80.103118,12.948227],[80.103167,12.947258],[80.103651,12.946482],[80.10433,12.945948],[80.105106,12.945609],[80.105688,12.945657],[80.10627,12.946094],[80.106852,12.946579],[80.107337,12.946627],[80.108016,12.946433],[80.108453,12.945997],[80.10884,12.945463],[80.108501,12.944057],[80.108695,12.943087],[80.109325,12.942602],[80.110295,12.94202],[80.111168,12.941099],[80.111993,12.940032],[80.11209,12.939304],[80.110053,12.939547],[80.109762,12.940032],[80.108937,12.940468],[80.107871,12.940662],[80.10724,12.939741],[80.106998,12.938965],[80.106222,12.939159],[80.105979,12.940226],[80.105834,12.941875],[80.105543,12.941972],[80.104767,12.941826],[80.10433,12.941729],[80.103361,12.941002],[80.102391,12.94008],[80.100887,12.939207],[80.099917,12.937946],[80.098317,12.936443],[80.098366,12.934309],[80.098123,12.932563],[80.098123,12.930915],[80.098462,12.930042],[80.098802,12.92849],[80.099093,12.927568],[80.099384,12.926114],[80.098608,12.924756],[80.097735,12.923155],[80.096668,12.922719],[80.095698,12.922428],[80.095213,12.921507],[80.095553,12.919906],[80.095989,12.919421],[80.097299,12.919033],[80.098511,12.918354],[80.097929,12.91913],[80.097929,12.920585],[80.098026,12.922913],[80.099384,12.922719],[80.099384,12.924368],[80.100596,12.924416],[80.100742,12.92364],[80.101906,12.923107],[80.1037,12.922816],[80.105058,12.922137],[80.105882,12.921701],[80.105882,12.920828],[80.105737,12.9201],[80.105058,12.919761],[80.103797,12.919227],[80.102342,12.919082],[80.101954,12.918354],[80.101906,12.917481],[80.10176,12.916609],[80.101178,12.916172],[80.100645,12.917142],[80.100451,12.918306],[80.09982,12.918936],[80.099384,12.919324],[80.099432,12.920197],[80.099529,12.920925],[80.099384,12.920197],[80.099238,12.919276],[80.099384,12.918257],[80.099772,12.917336],[80.100208,12.916221],[80.100451,12.915784],[80.100645,12.914232],[80.100839,12.913602],[80.100596,12.912438],[80.099917,12.91205],[80.099869,12.910838],[80.099044,12.910304],[80.099044,12.911177],[80.098947,12.911808],[80.098123,12.912729],[80.097493,12.913359],[80.097396,12.913699],[80.096911,12.914038],[80.09662,12.913747],[80.095359,12.913505],[80.095747,12.915202],[80.094583,12.915348],[80.093363,12.915282]]]}]}},{"type":"Feature","properties":{"name":"2187.38335553907"},"geometry":{"type":"GeometryCollection","geometries":[{"type":"LineString","coordinates":[[80.107095,12.936637],[80.110538,12.936492],[80.110586,12.93591],[80.111023,12.935861],[80.111556,12.935425],[80.111653,12.9346],[80.111702,12.934067],[80.112041,12.93397],[80.112235,12.933242],[80.112138,12.932224],[80.111896,12.9314],[80.110974,12.931545],[80.110053,12.931982],[80.109568,12.931982],[80.108792,12.932467],[80.107968,12.932709],[80.107774,12.933145],[80.108646,12.933436],[80.108937,12.934018],[80.109034,12.934891],[80.107774,12.935231],[80.107095,12.935279],[80.107095,12.936637]]},{"type":"Polygon","coordinates":[[[80.107095,12.936637],[80.110538,12.936492],[80.110586,12.93591],[80.111023,12.935861],[80.111556,12.935425],[80.111653,12.9346],[80.111702,12.934067],[80.112041,12.93397],[80.112235,12.933242],[80.112138,12.932224],[80.111896,12.9314],[80.110974,12.931545],[80.110053,12.931982],[80.109568,12.931982],[80.108792,12.932467],[80.107968,12.932709],[80.107774,12.933145],[80.108646,12.933436],[80.108937,12.934018],[80.109034,12.934891],[80.107774,12.935231],[80.107095,12.935279],[80.107095,12.936637]]]}]}},{"type":"Feature","properties":{"name":"26661.93208149354"},"geometry":{"type":"GeometryCollection","geometries":[{"type":"LineString","coordinates":[[80.064646,12.962852],[80.062146,12.962776],[80.058205,12.963003],[80.056538,12.961943],[80.055478,12.960957],[80.054189,12.959669],[80.052901,12.958533],[80.052674,12.957169],[80.051689,12.957017],[80.051083,12.958836],[80.050931,12.960427],[80.050931,12.962094],[80.051613,12.962928],[80.053129,12.963079],[80.053356,12.963913],[80.052295,12.964595],[80.051462,12.966034],[80.05131,12.967777],[80.051462,12.968838],[80.052598,12.969141],[80.053432,12.968686],[80.053507,12.96755],[80.054796,12.966489],[80.056235,12.966034],[80.058433,12.966034],[80.0601,12.96664],[80.061464,12.967247],[80.06351,12.967095],[80.064722,12.968232],[80.065934,12.968838],[80.066541,12.969444],[80.066692,12.970581],[80.065707,12.971414],[80.064419,12.970808],[80.063282,12.971414],[80.063737,12.97293],[80.06351,12.973687],[80.06351,12.974597],[80.06404,12.976036],[80.065101,12.976718],[80.066768,12.975809],[80.067829,12.974369],[80.068662,12.973763],[80.069117,12.973687],[80.069268,12.974369],[80.06942,12.975582],[80.069496,12.977022],[80.069571,12.978385],[80.069117,12.97937],[80.067753,12.980659],[80.065859,12.98081],[80.065328,12.981871],[80.065783,12.982553],[80.066995,12.982477],[80.068283,12.982553],[80.069723,12.983083],[80.070405,12.983993],[80.071011,12.984826],[80.071996,12.984372],[80.072148,12.983008],[80.072678,12.982023],[80.073512,12.981719],[80.074497,12.981719],[80.075126,12.981789],[80.075237,12.980682],[80.073587,12.979749],[80.07192,12.979219],[80.071087,12.978689],[80.071087,12.978082],[80.072299,12.97831],[80.072906,12.978234],[80.072906,12.977173],[80.07192,12.976112],[80.07086,12.976112],[80.070253,12.975506],[80.071163,12.974066],[80.072072,12.972702],[80.072754,12.971945],[80.074269,12.971945],[80.075936,12.972324],[80.076012,12.974066],[80.075482,12.975809],[80.074573,12.976567],[80.074194,12.977779],[80.0748,12.978385],[80.075709,12.97884],[80.075254,12.980507],[80.075237,12.980682],[80.07533,12.980734],[80.075179,12.981795],[80.075126,12.981789],[80.075103,12.982023],[80.07533,12.983083],[80.07533,12.985963],[80.073966,12.986417],[80.073057,12.986645],[80.072451,12.987857],[80.071314,12.988084],[80.070102,12.987781],[80.069268,12.98816],[80.068662,12.988918],[80.069496,12.989827],[80.071542,12.990358],[80.071693,12.991191],[80.074573,12.991115],[80.076164,12.991343],[80.077603,12.991949],[80.079346,12.991646],[80.080938,12.990737],[80.082226,12.99013],[80.081316,12.991949],[80.079952,12.993616],[80.079877,12.995586],[80.080331,12.998238],[80.081165,12.999451],[80.08215,13.001345],[80.082301,12.99839],[80.083362,12.997329],[80.084044,12.99642],[80.083968,12.995662],[80.083968,12.995359],[80.084347,12.993919],[80.084726,12.992782],[80.085029,12.991191],[80.08609,12.992479],[80.087151,12.993086],[80.088818,12.992707],[80.088818,12.991949],[80.089197,12.990585],[80.089955,12.989827],[80.089727,12.988388],[80.089652,12.987403],[80.091015,12.986721],[80.091091,12.985054],[80.090485,12.982932],[80.089955,12.98225],[80.088894,12.980659],[80.088591,12.979295],[80.087378,12.977931],[80.085711,12.977628],[80.084347,12.977703],[80.083135,12.977703],[80.082377,12.976643],[80.081923,12.975279],[80.081771,12.973687],[80.082908,12.97293],[80.084499,12.972475],[80.086166,12.972096],[80.087075,12.971187],[80.086545,12.970202],[80.08465,12.969671],[80.08412,12.968308],[80.083968,12.967474],[80.082832,12.966944],[80.081165,12.966868],[80.080407,12.966186],[80.079498,12.964822],[80.077982,12.964898],[80.076315,12.964367],[80.074876,12.9627],[80.073436,12.961185],[80.071996,12.961412],[80.070557,12.962397],[80.06798,12.962397],[80.06745,12.963155],[80.068662,12.963761],[80.06995,12.964292],[80.070178,12.96558],[80.068738,12.965504],[80.066768,12.965277],[80.064949,12.964973],[80.064646,12.962852]]},{"type":"Polygon","coordinates":[[[80.064646,12.962852],[80.062146,12.962776],[80.058205,12.963003],[80.056538,12.961943],[80.055478,12.960957],[80.054189,12.959669],[80.052901,12.958533],[80.052674,12.957169],[80.051689,12.957017],[80.051083,12.958836],[80.050931,12.960427],[80.050931,12.962094],[80.051613,12.962928],[80.053129,12.963079],[80.053356,12.963913],[80.052295,12.964595],[80.051462,12.966034],[80.05131,12.967777],[80.051462,12.968838],[80.052598,12.969141],[80.053432,12.968686],[80.053507,12.96755],[80.054796,12.966489],[80.056235,12.966034],[80.058433,12.966034],[80.0601,12.96664],[80.061464,12.967247],[80.06351,12.967095],[80.064722,12.968232],[80.065934,12.968838],[80.066541,12.969444],[80.066692,12.970581],[80.065707,12.971414],[80.064419,12.970808],[80.063282,12.971414],[80.063737,12.97293],[80.06351,12.973687],[80.06351,12.974597],[80.06404,12.976036],[80.065101,12.976718],[80.066768,12.975809],[80.067829,12.974369],[80.068662,12.973763],[80.069117,12.973687],[80.069268,12.974369],[80.06942,12.975582],[80.069496,12.977022],[80.069571,12.978385],[80.069117,12.97937],[80.067753,12.980659],[80.065859,12.98081],[80.065328,12.981871],[80.065783,12.982553],[80.066995,12.982477],[80.068283,12.982553],[80.069723,12.983083],[80.070405,12.983993],[80.071011,12.984826],[80.071996,12.984372],[80.072148,12.983008],[80.072678,12.982023],[80.073512,12.981719],[80.074497,12.981719],[80.075126,12.981789],[80.075237,12.980682],[80.073587,12.979749],[80.07192,12.979219],[80.071087,12.978689],[80.071087,12.978082],[80.072299,12.97831],[80.072906,12.978234],[80.072906,12.977173],[80.07192,12.976112],[80.07086,12.976112],[80.070253,12.975506],[80.071163,12.974066],[80.072072,12.972702],[80.072754,12.971945],[80.074269,12.971945],[80.075936,12.972324],[80.076012,12.974066],[80.075482,12.975809],[80.074573,12.976567],[80.074194,12.977779],[80.0748,12.978385],[80.075709,12.97884],[80.075254,12.980507],[80.075237,12.980682],[80.07533,12.980734],[80.075179,12.981795],[80.075126,12.981789],[80.075103,12.982023],[80.07533,12.983083],[80.07533,12.985963],[80.073966,12.986417],[80.073057,12.986645],[80.072451,12.987857],[80.071314,12.988084],[80.070102,12.987781],[80.069268,12.98816],[80.068662,12.988918],[80.069496,12.989827],[80.071542,12.990358],[80.071693,12.991191],[80.074573,12.991115],[80.076164,12.991343],[80.077603,12.991949],[80.079346,12.991646],[80.080938,12.990737],[80.082226,12.99013],[80.081316,12.991949],[80.079952,12.993616],[80.079877,12.995586],[80.080331,12.998238],[80.081165,12.999451],[80.08215,13.001345],[80.082301,12.99839],[80.083362,12.997329],[80.084044,12.99642],[80.083968,12.995662],[80.083968,12.995359],[80.084347,12.993919],[80.084726,12.992782],[80.085029,12.991191],[80.08609,12.992479],[80.087151,12.993086],[80.088818,12.992707],[80.088818,12.991949],[80.089197,12.990585],[80.089955,12.989827],[80.089727,12.988388],[80.089652,12.987403],[80.091015,12.986721],[80.091091,12.985054],[80.090485,12.982932],[80.089955,12.98225],[80.088894,12.980659],[80.088591,12.979295],[80.087378,12.977931],[80.085711,12.977628],[80.084347,12.977703],[80.083135,12.977703],[80.082377,12.976643],[80.081923,12.975279],[80.081771,12.973687],[80.082908,12.97293],[80.084499,12.972475],[80.086166,12.972096],[80.087075,12.971187],[80.086545,12.970202],[80.08465,12.969671],[80.08412,12.968308],[80.083968,12.967474],[80.082832,12.966944],[80.081165,12.966868],[80.080407,12.966186],[80.079498,12.964822],[80.077982,12.964898],[80.076315,12.964367],[80.074876,12.9627],[80.073436,12.961185],[80.071996,12.961412],[80.070557,12.962397],[80.06798,12.962397],[80.06745,12.963155],[80.068662,12.963761],[80.06995,12.964292],[80.070178,12.96558],[80.068738,12.965504],[80.066768,12.965277],[80.064949,12.964973],[80.064646,12.962852]]]}]}},{"type":"Feature","properties":{"name":"3057.4212177815025"},"geometry":{"type":"GeometryCollection","geometries":[{"type":"LineString","coordinates":[[80.107354,12.872075],[80.107591,12.873022],[80.107354,12.874324],[80.106407,12.873259],[80.106289,12.874798],[80.107354,12.87539],[80.108893,12.875745],[80.110314,12.875271],[80.111024,12.874916],[80.11138,12.876574],[80.112327,12.876929],[80.114695,12.876692],[80.11505,12.87539],[80.114103,12.874206],[80.113984,12.87314],[80.114221,12.872667],[80.112445,12.871838],[80.110314,12.871009],[80.110077,12.871838],[80.109012,12.87243],[80.107354,12.872075]]},{"type":"Polygon","coordinates":[[[80.107354,12.872075],[80.107591,12.873022],[80.107354,12.874324],[80.106407,12.873259],[80.106289,12.874798],[80.107354,12.87539],[80.108893,12.875745],[80.110314,12.875271],[80.111024,12.874916],[80.11138,12.876574],[80.112327,12.876929],[80.114695,12.876692],[80.11505,12.87539],[80.114103,12.874206],[80.113984,12.87314],[80.114221,12.872667],[80.112445,12.871838],[80.110314,12.871009],[80.110077,12.871838],[80.109012,12.87243],[80.107354,12.872075]]]}]}},{"type":"Feature","properties":{"name":"14417.25947587427"},"geometry":{"type":"GeometryCollection","geometries":[{"type":"LineString","coordinates":[[80.12689,12.87314],[80.12464,12.873732],[80.122272,12.875035],[80.119786,12.876929],[80.11872,12.878231],[80.116708,12.878468],[80.116471,12.880126],[80.116944,12.882967],[80.115642,12.883914],[80.113392,12.88427],[80.114103,12.884862],[80.113984,12.885809],[80.113037,12.885809],[80.111261,12.885098],[80.107828,12.884743],[80.106052,12.885809],[80.105578,12.888177],[80.106762,12.890426],[80.108538,12.892084],[80.110196,12.892557],[80.110906,12.893386],[80.113037,12.893741],[80.114221,12.893386],[80.114221,12.892084],[80.11576,12.891492],[80.115642,12.893386],[80.114932,12.893978],[80.114576,12.895399],[80.116589,12.896346],[80.11872,12.896464],[80.118839,12.898004],[80.118602,12.89978],[80.120141,12.900016],[80.120733,12.898832],[80.123456,12.898359],[80.123456,12.897056],[80.123575,12.895636],[80.123693,12.894333],[80.124995,12.892794],[80.126298,12.892557],[80.127126,12.893386],[80.128074,12.894333],[80.129139,12.893031],[80.129139,12.891729],[80.127482,12.891492],[80.125942,12.890071],[80.124403,12.889361],[80.122746,12.889479],[80.12168,12.890189],[80.12168,12.891255],[80.12097,12.89161],[80.120023,12.891492],[80.119549,12.892321],[80.117891,12.892557],[80.117891,12.891373],[80.118247,12.890426],[80.119667,12.889716],[80.119667,12.888414],[80.117612,12.888518],[80.116551,12.887836],[80.115718,12.887381],[80.117157,12.886926],[80.118218,12.886926],[80.118218,12.885714],[80.11837,12.884881],[80.118521,12.883744],[80.118521,12.882986],[80.118597,12.882532],[80.119355,12.882456],[80.119506,12.883214],[80.119052,12.883744],[80.118749,12.884123],[80.119658,12.885032],[80.120188,12.885411],[80.12087,12.88579],[80.121931,12.885335],[80.122613,12.884956],[80.122689,12.88382],[80.122613,12.882607],[80.124053,12.882456],[80.125568,12.882153],[80.126781,12.880865],[80.126932,12.879804],[80.126174,12.879122],[80.126174,12.877455],[80.127311,12.876849],[80.128069,12.876394],[80.127463,12.874954],[80.12689,12.87314]]},{"type":"Polygon","coordinates":[[[80.12689,12.87314],[80.12464,12.873732],[80.122272,12.875035],[80.119786,12.876929],[80.11872,12.878231],[80.116708,12.878468],[80.116471,12.880126],[80.116944,12.882967],[80.115642,12.883914],[80.113392,12.88427],[80.114103,12.884862],[80.113984,12.885809],[80.113037,12.885809],[80.111261,12.885098],[80.107828,12.884743],[80.106052,12.885809],[80.105578,12.888177],[80.106762,12.890426],[80.108538,12.892084],[80.110196,12.892557],[80.110906,12.893386],[80.113037,12.893741],[80.114221,12.893386],[80.114221,12.892084],[80.11576,12.891492],[80.115642,12.893386],[80.114932,12.893978],[80.114576,12.895399],[80.116589,12.896346],[80.11872,12.896464],[80.118839,12.898004],[80.118602,12.89978],[80.120141,12.900016],[80.120733,12.898832],[80.123456,12.898359],[80.123456,12.897056],[80.123575,12.895636],[80.123693,12.894333],[80.124995,12.892794],[80.126298,12.892557],[80.127126,12.893386],[80.128074,12.894333],[80.129139,12.893031],[80.129139,12.891729],[80.127482,12.891492],[80.125942,12.890071],[80.124403,12.889361],[80.122746,12.889479],[80.12168,12.890189],[80.12168,12.891255],[80.12097,12.89161],[80.120023,12.891492],[80.119549,12.892321],[80.117891,12.892557],[80.117891,12.891373],[80.118247,12.890426],[80.119667,12.889716],[80.119667,12.888414],[80.117612,12.888518],[80.116551,12.887836],[80.115718,12.887381],[80.117157,12.886926],[80.118218,12.886926],[80.118218,12.885714],[80.11837,12.884881],[80.118521,12.883744],[80.118521,12.882986],[80.118597,12.882532],[80.119355,12.882456],[80.119506,12.883214],[80.119052,12.883744],[80.118749,12.884123],[80.119658,12.885032],[80.120188,12.885411],[80.12087,12.88579],[80.121931,12.885335],[80.122613,12.884956],[80.122689,12.88382],[80.122613,12.882607],[80.124053,12.882456],[80.125568,12.882153],[80.126781,12.880865],[80.126932,12.879804],[80.126174,12.879122],[80.126174,12.877455],[80.127311,12.876849],[80.128069,12.876394],[80.127463,12.874954],[80.12689,12.87314]]]}]}},{"type":"Feature","properties":{"name":"6166.120781685976"},"geometry":{"type":"GeometryCollection","geometries":[{"type":"LineString","coordinates":[[80.137086,12.878288],[80.136328,12.878212],[80.135874,12.877379],[80.135192,12.876773],[80.134282,12.877],[80.134131,12.877682],[80.134434,12.878516],[80.134888,12.879501],[80.134888,12.88041],[80.133979,12.881016],[80.133979,12.881547],[80.134661,12.88185],[80.135495,12.882456],[80.134888,12.88291],[80.133676,12.88291],[80.132767,12.882532],[80.132009,12.88291],[80.131554,12.883214],[80.130872,12.883289],[80.130342,12.88291],[80.129584,12.882456],[80.128751,12.882683],[80.128599,12.883744],[80.128448,12.884729],[80.127842,12.885032],[80.127766,12.88632],[80.127917,12.887533],[80.128751,12.888063],[80.129736,12.888063],[80.130797,12.887987],[80.13163,12.887608],[80.132085,12.887154],[80.132312,12.886017],[80.134358,12.885638],[80.135343,12.885032],[80.137086,12.884653],[80.139056,12.884653],[80.140117,12.884729],[80.140344,12.88382],[80.141557,12.88382],[80.142693,12.883744],[80.142769,12.882607],[80.140723,12.882456],[80.139662,12.882153],[80.139814,12.880183],[80.139586,12.879425],[80.139132,12.878743],[80.139132,12.877606],[80.139132,12.876545],[80.138526,12.876167],[80.137162,12.876091],[80.136252,12.876015],[80.136328,12.876924],[80.13701,12.876924],[80.137086,12.878288]]},{"type":"Polygon","coordinates":[[[80.137086,12.878288],[80.136328,12.878212],[80.135874,12.877379],[80.135192,12.876773],[80.134282,12.877],[80.134131,12.877682],[80.134434,12.878516],[80.134888,12.879501],[80.134888,12.88041],[80.133979,12.881016],[80.133979,12.881547],[80.134661,12.88185],[80.135495,12.882456],[80.134888,12.88291],[80.133676,12.88291],[80.132767,12.882532],[80.132009,12.88291],[80.131554,12.883214],[80.130872,12.883289],[80.130342,12.88291],[80.129584,12.882456],[80.128751,12.882683],[80.128599,12.883744],[80.128448,12.884729],[80.127842,12.885032],[80.127766,12.88632],[80.127917,12.887533],[80.128751,12.888063],[80.129736,12.888063],[80.130797,12.887987],[80.13163,12.887608],[80.132085,12.887154],[80.132312,12.886017],[80.134358,12.885638],[80.135343,12.885032],[80.137086,12.884653],[80.139056,12.884653],[80.140117,12.884729],[80.140344,12.88382],[80.141557,12.88382],[80.142693,12.883744],[80.142769,12.882607],[80.140723,12.882456],[80.139662,12.882153],[80.139814,12.880183],[80.139586,12.879425],[80.139132,12.878743],[80.139132,12.877606],[80.139132,12.876545],[80.138526,12.876167],[80.137162,12.876091],[80.136252,12.876015],[80.136328,12.876924],[80.13701,12.876924],[80.137086,12.878288]]]}]}},{"type":"Feature","properties":{"name":"2356.4893051091476"},"geometry":{"type":"GeometryCollection","geometries":[{"type":"LineString","coordinates":[[80.161698,12.915053],[80.163356,12.915645],[80.164658,12.916355],[80.16525,12.917184],[80.166908,12.91671],[80.167618,12.915763],[80.168565,12.914816],[80.170104,12.913514],[80.170104,12.912093],[80.168684,12.911856],[80.166434,12.911974],[80.165724,12.912922],[80.165013,12.913395],[80.162527,12.913987],[80.161698,12.915053]]},{"type":"Polygon","coordinates":[[[80.161698,12.915053],[80.163356,12.915645],[80.164658,12.916355],[80.16525,12.917184],[80.166908,12.91671],[80.167618,12.915763],[80.168565,12.914816],[80.170104,12.913514],[80.170104,12.912093],[80.168684,12.911856],[80.166434,12.911974],[80.165724,12.912922],[80.165013,12.913395],[80.162527,12.913987],[80.161698,12.915053]]]}]}},{"type":"Feature","properties":{"name":"2382.927829056484"},"geometry":{"type":"GeometryCollection","geometries":[{"type":"LineString","coordinates":[[80.240462,12.921912],[80.238575,12.922245],[80.236799,12.921135],[80.236022,12.920136],[80.235023,12.92169],[80.233913,12.922689],[80.233025,12.923688],[80.234024,12.925464],[80.235911,12.925575],[80.23691,12.924243],[80.238797,12.924243],[80.24024,12.924243],[80.240684,12.924354],[80.240462,12.921912]]},{"type":"Polygon","coordinates":[[[80.240462,12.921912],[80.238575,12.922245],[80.236799,12.921135],[80.236022,12.920136],[80.235023,12.92169],[80.233913,12.922689],[80.233025,12.923688],[80.234024,12.925464],[80.235911,12.925575],[80.23691,12.924243],[80.238797,12.924243],[80.24024,12.924243],[80.240684,12.924354],[80.240462,12.921912]]]}]}},{"type":"Feature","properties":{"name":"4704.221311879448"},"geometry":{"type":"GeometryCollection","geometries":[{"type":"LineString","coordinates":[[80.136025,12.896019],[80.135116,12.897307],[80.134585,12.897611],[80.133525,12.897535],[80.132994,12.897838],[80.132615,12.898823],[80.132464,12.899581],[80.132388,12.900263],[80.132918,12.900869],[80.133676,12.901096],[80.134434,12.900566],[80.134888,12.899884],[80.135267,12.900566],[80.134888,12.901172],[80.134813,12.90193],[80.135343,12.902839],[80.136252,12.903521],[80.137162,12.903521],[80.138677,12.9039],[80.13989,12.904506],[80.141178,12.904127],[80.141405,12.902763],[80.141026,12.901248],[80.140647,12.900945],[80.141784,12.900111],[80.142921,12.899581],[80.14383,12.898823],[80.14436,12.898065],[80.143981,12.896626],[80.14383,12.895489],[80.143451,12.894352],[80.143072,12.89367],[80.142087,12.89314],[80.14095,12.893443],[80.140344,12.893898],[80.140268,12.895262],[80.139814,12.896247],[80.138904,12.896701],[80.138298,12.897307],[80.137541,12.897535],[80.136707,12.897535],[80.136631,12.896626],[80.136025,12.896019]]},{"type":"Polygon","coordinates":[[[80.136025,12.896019],[80.135116,12.897307],[80.134585,12.897611],[80.133525,12.897535],[80.132994,12.897838],[80.132615,12.898823],[80.132464,12.899581],[80.132388,12.900263],[80.132918,12.900869],[80.133676,12.901096],[80.134434,12.900566],[80.134888,12.899884],[80.135267,12.900566],[80.134888,12.901172],[80.134813,12.90193],[80.135343,12.902839],[80.136252,12.903521],[80.137162,12.903521],[80.138677,12.9039],[80.13989,12.904506],[80.141178,12.904127],[80.141405,12.902763],[80.141026,12.901248],[80.140647,12.900945],[80.141784,12.900111],[80.142921,12.899581],[80.14383,12.898823],[80.14436,12.898065],[80.143981,12.896626],[80.14383,12.895489],[80.143451,12.894352],[80.143072,12.89367],[80.142087,12.89314],[80.14095,12.893443],[80.140344,12.893898],[80.140268,12.895262],[80.139814,12.896247],[80.138904,12.896701],[80.138298,12.897307],[80.137541,12.897535],[80.136707,12.897535],[80.136631,12.896626],[80.136025,12.896019]]]}]}},{"type":"Feature","properties":{"name":"2343.5033390044587"},"geometry":{"type":"GeometryCollection","geometries":[{"type":"LineString","coordinates":[[80.145194,12.896322],[80.145345,12.897307],[80.145648,12.897914],[80.14633,12.898899],[80.1483,12.899353],[80.150346,12.898899],[80.151028,12.899505],[80.152392,12.900338],[80.153756,12.900793],[80.152923,12.899429],[80.152544,12.898368],[80.149513,12.897156],[80.147694,12.896247],[80.146633,12.896171],[80.145194,12.896322]]},{"type":"Polygon","coordinates":[[[80.145194,12.896322],[80.145345,12.897307],[80.145648,12.897914],[80.14633,12.898899],[80.1483,12.899353],[80.150346,12.898899],[80.151028,12.899505],[80.152392,12.900338],[80.153756,12.900793],[80.152923,12.899429],[80.152544,12.898368],[80.149513,12.897156],[80.147694,12.896247],[80.146633,12.896171],[80.145194,12.896322]]]}]}},{"type":"Feature","properties":{"name":"8372.64549773409"},"geometry":{"type":"GeometryCollection","geometries":[{"type":"LineString","coordinates":[[80.150877,12.87306],[80.150195,12.873363],[80.150043,12.874272],[80.1483,12.874575],[80.147088,12.875106],[80.146861,12.876849],[80.146785,12.878288],[80.147467,12.879501],[80.148376,12.880334],[80.149513,12.880486],[80.151862,12.880713],[80.153756,12.880713],[80.154438,12.881319],[80.155196,12.882001],[80.15709,12.882304],[80.15853,12.882001],[80.158606,12.882456],[80.157696,12.883744],[80.157621,12.884426],[80.158227,12.884805],[80.159363,12.884123],[80.160273,12.883441],[80.160879,12.883289],[80.161106,12.884199],[80.161864,12.885032],[80.163076,12.88579],[80.164668,12.885714],[80.166107,12.885032],[80.167774,12.884805],[80.169366,12.88382],[80.168684,12.88291],[80.166713,12.88291],[80.164364,12.88291],[80.164289,12.882077],[80.165728,12.882001],[80.166259,12.880713],[80.16588,12.879501],[80.167017,12.878743],[80.168077,12.877909],[80.169366,12.876849],[80.169593,12.875939],[80.168153,12.875182],[80.165046,12.875409],[80.162773,12.875788],[80.160348,12.876394],[80.159212,12.876924],[80.157848,12.87647],[80.158075,12.874954],[80.156408,12.8745],[80.156332,12.873893],[80.153453,12.873666],[80.15315,12.874575],[80.152241,12.874575],[80.150877,12.87306]]},{"type":"Polygon","coordinates":[[[80.150877,12.87306],[80.150195,12.873363],[80.150043,12.874272],[80.1483,12.874575],[80.147088,12.875106],[80.146861,12.876849],[80.146785,12.878288],[80.147467,12.879501],[80.148376,12.880334],[80.149513,12.880486],[80.151862,12.880713],[80.153756,12.880713],[80.154438,12.881319],[80.155196,12.882001],[80.15709,12.882304],[80.15853,12.882001],[80.158606,12.882456],[80.157696,12.883744],[80.157621,12.884426],[80.158227,12.884805],[80.159363,12.884123],[80.160273,12.883441],[80.160879,12.883289],[80.161106,12.884199],[80.161864,12.885032],[80.163076,12.88579],[80.164668,12.885714],[80.166107,12.885032],[80.167774,12.884805],[80.169366,12.88382],[80.168684,12.88291],[80.166713,12.88291],[80.164364,12.88291],[80.164289,12.882077],[80.165728,12.882001],[80.166259,12.880713],[80.16588,12.879501],[80.167017,12.878743],[80.168077,12.877909],[80.169366,12.876849],[80.169593,12.875939],[80.168153,12.875182],[80.165046,12.875409],[80.162773,12.875788],[80.160348,12.876394],[80.159212,12.876924],[80.157848,12.87647],[80.158075,12.874954],[80.156408,12.8745],[80.156332,12.873893],[80.153453,12.873666],[80.15315,12.874575],[80.152241,12.874575],[80.150877,12.87306]]]}]}},{"type":"Feature","properties":{"name":"1314.274029129698"},"geometry":{"type":"GeometryCollection","geometries":[{"type":"LineString","coordinates":[[80.167926,12.870635],[80.167395,12.871014],[80.167699,12.872151],[80.167699,12.87306],[80.16785,12.874196],[80.168608,12.874651],[80.169593,12.874348],[80.170502,12.874045],[80.170729,12.873363],[80.170729,12.872454],[80.170123,12.871393],[80.169138,12.870787],[80.167926,12.870635]]},{"type":"Polygon","coordinates":[[[80.167926,12.870635],[80.167395,12.871014],[80.167699,12.872151],[80.167699,12.87306],[80.16785,12.874196],[80.168608,12.874651],[80.169593,12.874348],[80.170502,12.874045],[80.170729,12.873363],[80.170729,12.872454],[80.170123,12.871393],[80.169138,12.870787],[80.167926,12.870635]]]}]}},{"type":"Feature","properties":{"name":"1527.1544655713"},"geometry":{"type":"GeometryCollection","geometries":[{"type":"LineString","coordinates":[[80.164319,12.870296],[80.165337,12.870344],[80.165628,12.869908],[80.165677,12.869277],[80.166113,12.868404],[80.166647,12.868162],[80.16752,12.868259],[80.168393,12.868356],[80.168684,12.868016],[80.168926,12.867677],[80.168926,12.866755],[80.168053,12.866416],[80.166889,12.866755],[80.165822,12.867531],[80.165192,12.868356],[80.164562,12.869277],[80.164319,12.870296]]},{"type":"Polygon","coordinates":[[[80.164319,12.870296],[80.165337,12.870344],[80.165628,12.869908],[80.165677,12.869277],[80.166113,12.868404],[80.166647,12.868162],[80.16752,12.868259],[80.168393,12.868356],[80.168684,12.868016],[80.168926,12.867677],[80.168926,12.866755],[80.168053,12.866416],[80.166889,12.866755],[80.165822,12.867531],[80.165192,12.868356],[80.164562,12.869277],[80.164319,12.870296]]]}]}},{"type":"Feature","properties":{"name":"1600.930433661466"},"geometry":{"type":"GeometryCollection","geometries":[{"type":"LineString","coordinates":[[80.16912,12.865252],[80.170381,12.865592],[80.171157,12.865689],[80.171884,12.865349],[80.17266,12.864573],[80.173388,12.86404],[80.174018,12.863894],[80.174164,12.863312],[80.173921,12.862779],[80.173145,12.861906],[80.172466,12.861809],[80.170866,12.861518],[80.170138,12.861857],[80.17009,12.862973],[80.169314,12.864282],[80.16912,12.865252]]},{"type":"Polygon","coordinates":[[[80.16912,12.865252],[80.170381,12.865592],[80.171157,12.865689],[80.171884,12.865349],[80.17266,12.864573],[80.173388,12.86404],[80.174018,12.863894],[80.174164,12.863312],[80.173921,12.862779],[80.173145,12.861906],[80.172466,12.861809],[80.170866,12.861518],[80.170138,12.861857],[80.17009,12.862973],[80.169314,12.864282],[80.16912,12.865252]]]}]}},{"type":"Feature","properties":{"name":"12855.7793245785"},"geometry":{"type":"GeometryCollection","geometries":[{"type":"LineString","coordinates":[[80.159685,12.939324],[80.159804,12.937311],[80.160159,12.935772],[80.160633,12.933641],[80.159804,12.931628],[80.158501,12.93151],[80.158265,12.933404],[80.157318,12.932457],[80.156015,12.932102],[80.155423,12.933523],[80.155423,12.93518],[80.156607,12.935654],[80.157199,12.936364],[80.157199,12.937785],[80.155778,12.93885],[80.154002,12.939679],[80.153647,12.941337],[80.153766,12.942639],[80.154713,12.944297],[80.155305,12.946191],[80.15791,12.945717],[80.159922,12.944297],[80.160988,12.943113],[80.162409,12.942166],[80.163474,12.942047],[80.163948,12.942876],[80.163948,12.944652],[80.164303,12.94702],[80.163356,12.948796],[80.161698,12.950453],[80.15933,12.951164],[80.157436,12.951637],[80.158028,12.952703],[80.159804,12.953413],[80.160159,12.954597],[80.160514,12.956373],[80.162527,12.956492],[80.163119,12.955071],[80.164185,12.953413],[80.16596,12.951992],[80.16821,12.950927],[80.17046,12.950572],[80.172117,12.95069],[80.173183,12.950809],[80.173419,12.952111],[80.174367,12.953176],[80.176379,12.95365],[80.179221,12.954005],[80.178037,12.951874],[80.176735,12.951164],[80.174722,12.95069],[80.174722,12.949388],[80.17484,12.947493],[80.17484,12.946546],[80.173301,12.946546],[80.173301,12.945125],[80.173656,12.943586],[80.172354,12.941692],[80.171525,12.939798],[80.171525,12.938022],[80.170696,12.937666],[80.169512,12.93814],[80.1675,12.937785],[80.165605,12.938495],[80.16454,12.939561],[80.161461,12.939798],[80.159685,12.939324]]},{"type":"Polygon","coordinates":[[[80.159685,12.939324],[80.159804,12.937311],[80.160159,12.935772],[80.160633,12.933641],[80.159804,12.931628],[80.158501,12.93151],[80.158265,12.933404],[80.157318,12.932457],[80.156015,12.932102],[80.155423,12.933523],[80.155423,12.93518],[80.156607,12.935654],[80.157199,12.936364],[80.157199,12.937785],[80.155778,12.93885],[80.154002,12.939679],[80.153647,12.941337],[80.153766,12.942639],[80.154713,12.944297],[80.155305,12.946191],[80.15791,12.945717],[80.159922,12.944297],[80.160988,12.943113],[80.162409,12.942166],[80.163474,12.942047],[80.163948,12.942876],[80.163948,12.944652],[80.164303,12.94702],[80.163356,12.948796],[80.161698,12.950453],[80.15933,12.951164],[80.157436,12.951637],[80.158028,12.952703],[80.159804,12.953413],[80.160159,12.954597],[80.160514,12.956373],[80.162527,12.956492],[80.163119,12.955071],[80.164185,12.953413],[80.16596,12.951992],[80.16821,12.950927],[80.17046,12.950572],[80.172117,12.95069],[80.173183,12.950809],[80.173419,12.952111],[80.174367,12.953176],[80.176379,12.95365],[80.179221,12.954005],[80.178037,12.951874],[80.176735,12.951164],[80.174722,12.95069],[80.174722,12.949388],[80.17484,12.947493],[80.17484,12.946546],[80.173301,12.946546],[80.173301,12.945125],[80.173656,12.943586],[80.172354,12.941692],[80.171525,12.939798],[80.171525,12.938022],[80.170696,12.937666],[80.169512,12.93814],[80.1675,12.937785],[80.165605,12.938495],[80.16454,12.939561],[80.161461,12.939798],[80.159685,12.939324]]]}]}},{"type":"Feature","properties":{"name":"1020.47905868138"},"geometry":{"type":"GeometryCollection","geometries":[{"type":"LineString","coordinates":[[80.17484,12.934943],[80.176261,12.935062],[80.177682,12.934943],[80.177682,12.934115],[80.177563,12.933049],[80.177208,12.93222],[80.176143,12.933049],[80.175551,12.934115],[80.17484,12.934943]]},{"type":"Polygon","coordinates":[[[80.17484,12.934943],[80.176261,12.935062],[80.177682,12.934943],[80.177682,12.934115],[80.177563,12.933049],[80.177208,12.93222],[80.176143,12.933049],[80.175551,12.934115],[80.17484,12.934943]]]}]}},{"type":"Feature","properties":{"name":"1908.586832918423"},"geometry":{"type":"GeometryCollection","geometries":[{"type":"LineString","coordinates":[[80.178155,12.929852],[80.180168,12.929971],[80.180168,12.92855],[80.180168,12.927366],[80.179576,12.926064],[80.177682,12.926419],[80.176143,12.926419],[80.176024,12.927248],[80.177445,12.927248],[80.178747,12.926892],[80.178866,12.928313],[80.1778,12.928432],[80.177445,12.92926],[80.178155,12.929852]]},{"type":"Polygon","coordinates":[[[80.178155,12.929852],[80.180168,12.929971],[80.180168,12.92855],[80.180168,12.927366],[80.179576,12.926064],[80.177682,12.926419],[80.176143,12.926419],[80.176024,12.927248],[80.177445,12.927248],[80.178747,12.926892],[80.178866,12.928313],[80.1778,12.928432],[80.177445,12.92926],[80.178155,12.929852]]]}]}},{"type":"Feature","properties":{"name":"2386.036166428714"},"geometry":{"type":"GeometryCollection","geometries":[{"type":"LineString","coordinates":[[80.187864,12.936483],[80.189403,12.935891],[80.189995,12.933996],[80.189995,12.932575],[80.19035,12.931747],[80.190942,12.931391],[80.191771,12.930563],[80.191416,12.929142],[80.190587,12.929142],[80.189758,12.92926],[80.188337,12.929379],[80.187035,12.929852],[80.18668,12.93151],[80.18668,12.932102],[80.186206,12.933286],[80.185851,12.933996],[80.186088,12.935654],[80.187864,12.936483]]},{"type":"Polygon","coordinates":[[[80.187864,12.936483],[80.189403,12.935891],[80.189995,12.933996],[80.189995,12.932575],[80.19035,12.931747],[80.190942,12.931391],[80.191771,12.930563],[80.191416,12.929142],[80.190587,12.929142],[80.189758,12.92926],[80.188337,12.929379],[80.187035,12.929852],[80.18668,12.93151],[80.18668,12.932102],[80.186206,12.933286],[80.185851,12.933996],[80.186088,12.935654],[80.187864,12.936483]]]}]}},{"type":"Feature","properties":{"name":"3039.82561778087"},"geometry":{"type":"GeometryCollection","geometries":[{"type":"LineString","coordinates":[[80.152818,12.920617],[80.153529,12.918841],[80.154121,12.918368],[80.155542,12.918486],[80.157554,12.918131],[80.159093,12.917657],[80.162409,12.917184],[80.159685,12.91671],[80.159212,12.91529],[80.156607,12.915763],[80.154239,12.916118],[80.151398,12.917421],[80.151043,12.919789],[80.152818,12.920617]]},{"type":"Polygon","coordinates":[[[80.152818,12.920617],[80.153529,12.918841],[80.154121,12.918368],[80.155542,12.918486],[80.157554,12.918131],[80.159093,12.917657],[80.162409,12.917184],[80.159685,12.91671],[80.159212,12.91529],[80.156607,12.915763],[80.154239,12.916118],[80.151398,12.917421],[80.151043,12.919789],[80.152818,12.920617]]]}]}},{"type":"Feature","properties":{"name":"10638.270758619377"},"geometry":{"type":"GeometryCollection","geometries":[{"type":"LineString","coordinates":[[80.168873,12.90255],[80.168305,12.903403],[80.168731,12.904184],[80.168731,12.905178],[80.168589,12.906528],[80.169583,12.907452],[80.170365,12.908375],[80.170507,12.909086],[80.171004,12.910577],[80.172212,12.910364],[80.173419,12.910222],[80.174769,12.910151],[80.175124,12.91079],[80.176261,12.91143],[80.176048,12.91214],[80.175835,12.91278],[80.176758,12.913206],[80.178392,12.913348],[80.179458,12.91214],[80.18031,12.911785],[80.180523,12.913561],[80.184857,12.913419],[80.185354,12.912424],[80.187556,12.912353],[80.189261,12.912069],[80.189474,12.911572],[80.188764,12.910506],[80.187201,12.909938],[80.185993,12.908659],[80.186135,12.906954],[80.187059,12.906173],[80.187343,12.904823],[80.186348,12.904752],[80.185993,12.905463],[80.185638,12.904681],[80.185567,12.90326],[80.184004,12.903403],[80.18166,12.905036],[80.180665,12.90667],[80.18031,12.908446],[80.180452,12.909299],[80.179813,12.909938],[80.178321,12.910364],[80.17754,12.910293],[80.177824,12.90873],[80.178818,12.907452],[80.179458,12.906599],[80.180452,12.905818],[80.181376,12.904681],[80.182725,12.903545],[80.183507,12.902337],[80.183081,12.900632],[80.181944,12.898856],[80.181092,12.897506],[80.180168,12.897506],[80.177753,12.897577],[80.17754,12.899069],[80.175693,12.898856],[80.174485,12.898288],[80.173704,12.898856],[80.17484,12.899851],[80.175124,12.900703],[80.175409,12.901484],[80.175764,12.902408],[80.175835,12.903189],[80.175693,12.903403],[80.174982,12.90255],[80.17413,12.902124],[80.173348,12.902692],[80.173348,12.903403],[80.172425,12.903545],[80.171359,12.902905],[80.170081,12.903189],[80.168873,12.90255]]},{"type":"Polygon","coordinates":[[[80.168873,12.90255],[80.168305,12.903403],[80.168731,12.904184],[80.168731,12.905178],[80.168589,12.906528],[80.169583,12.907452],[80.170365,12.908375],[80.170507,12.909086],[80.171004,12.910577],[80.172212,12.910364],[80.173419,12.910222],[80.174769,12.910151],[80.175124,12.91079],[80.176261,12.91143],[80.176048,12.91214],[80.175835,12.91278],[80.176758,12.913206],[80.178392,12.913348],[80.179458,12.91214],[80.18031,12.911785],[80.180523,12.913561],[80.184857,12.913419],[80.185354,12.912424],[80.187556,12.912353],[80.189261,12.912069],[80.189474,12.911572],[80.188764,12.910506],[80.187201,12.909938],[80.185993,12.908659],[80.186135,12.906954],[80.187059,12.906173],[80.187343,12.904823],[80.186348,12.904752],[80.185993,12.905463],[80.185638,12.904681],[80.185567,12.90326],[80.184004,12.903403],[80.18166,12.905036],[80.180665,12.90667],[80.18031,12.908446],[80.180452,12.909299],[80.179813,12.909938],[80.178321,12.910364],[80.17754,12.910293],[80.177824,12.90873],[80.178818,12.907452],[80.179458,12.906599],[80.180452,12.905818],[80.181376,12.904681],[80.182725,12.903545],[80.183507,12.902337],[80.183081,12.900632],[80.181944,12.898856],[80.181092,12.897506],[80.180168,12.897506],[80.177753,12.897577],[80.17754,12.899069],[80.175693,12.898856],[80.174485,12.898288],[80.173704,12.898856],[80.17484,12.899851],[80.175124,12.900703],[80.175409,12.901484],[80.175764,12.902408],[80.175835,12.903189],[80.175693,12.903403],[80.174982,12.90255],[80.17413,12.902124],[80.173348,12.902692],[80.173348,12.903403],[80.172425,12.903545],[80.171359,12.902905],[80.170081,12.903189],[80.168873,12.90255]]]}]}},{"type":"Feature","properties":{"name":"1715.9124223714855"},"geometry":{"type":"GeometryCollection","geometries":[{"type":"LineString","coordinates":[[80.168589,12.893599],[80.169868,12.893599],[80.17072,12.893457],[80.171288,12.894026],[80.172141,12.893386],[80.172141,12.892534],[80.172283,12.892107],[80.172496,12.891042],[80.172496,12.890545],[80.171359,12.890616],[80.17072,12.891397],[80.17001,12.891397],[80.169512,12.890261],[80.16866,12.890047],[80.168163,12.890616],[80.168376,12.891752],[80.168589,12.893599]]},{"type":"Polygon","coordinates":[[[80.168589,12.893599],[80.169868,12.893599],[80.17072,12.893457],[80.171288,12.894026],[80.172141,12.893386],[80.172141,12.892534],[80.172283,12.892107],[80.172496,12.891042],[80.172496,12.890545],[80.171359,12.890616],[80.17072,12.891397],[80.17001,12.891397],[80.169512,12.890261],[80.16866,12.890047],[80.168163,12.890616],[80.168376,12.891752],[80.168589,12.893599]]]}]}},{"type":"Feature","properties":{"name":"1209.108653493722"},"geometry":{"type":"GeometryCollection","geometries":[{"type":"LineString","coordinates":[[80.179813,12.89431],[80.180452,12.893528],[80.181589,12.893173],[80.181589,12.892036],[80.181589,12.891255],[80.180736,12.890687],[80.179671,12.89161],[80.178534,12.892321],[80.17825,12.893102],[80.178747,12.894239],[80.179813,12.89431]]},{"type":"Polygon","coordinates":[[[80.179813,12.89431],[80.180452,12.893528],[80.181589,12.893173],[80.181589,12.892036],[80.181589,12.891255],[80.180736,12.890687],[80.179671,12.89161],[80.178534,12.892321],[80.17825,12.893102],[80.178747,12.894239],[80.179813,12.89431]]]}]}},{"type":"Feature","properties":{"name":"945.71645251876066"},"geometry":{"type":"GeometryCollection","geometries":[{"type":"LineString","coordinates":[[80.182853,12.917403],[80.183899,12.917221],[80.184854,12.91713],[80.185354,12.916448],[80.185718,12.915993],[80.185308,12.91563],[80.184672,12.915357],[80.183854,12.914993],[80.183444,12.915448],[80.182853,12.915902],[80.182444,12.916721],[80.182853,12.917403]]},{"type":"Polygon","coordinates":[[[80.182853,12.917403],[80.183899,12.917221],[80.184854,12.91713],[80.185354,12.916448],[80.185718,12.915993],[80.185308,12.91563],[80.184672,12.915357],[80.183854,12.914993],[80.183444,12.915448],[80.182853,12.915902],[80.182444,12.916721],[80.182853,12.917403]]]}]}},{"type":"Feature","properties":{"name":"8084.444744230722"},"geometry":{"type":"GeometryCollection","geometries":[{"type":"LineString","coordinates":[[80.174529,12.880622],[80.176305,12.881621],[80.17797,12.882508],[80.179302,12.88384],[80.179524,12.884284],[80.179968,12.886837],[80.181633,12.887614],[80.181633,12.885949],[80.183853,12.885616],[80.184186,12.883285],[80.183964,12.881177],[80.185629,12.880622],[80.187183,12.879179],[80.188404,12.877958],[80.188071,12.875738],[80.186073,12.875405],[80.187405,12.874517],[80.187738,12.872963],[80.186184,12.872186],[80.185074,12.871853],[80.184741,12.873407],[80.184852,12.874184],[80.183631,12.874628],[80.182844,12.87499],[80.182029,12.875339],[80.182029,12.875921],[80.181069,12.875921],[80.179905,12.875921],[80.178742,12.875368],[80.178742,12.874612],[80.178742,12.873972],[80.178189,12.872866],[80.177839,12.872429],[80.176908,12.872488],[80.175308,12.873128],[80.174173,12.873884],[80.173562,12.874903],[80.174144,12.875223],[80.175133,12.875106],[80.175774,12.875019],[80.175832,12.875252],[80.175745,12.875979],[80.175366,12.876532],[80.175541,12.877318],[80.176006,12.877871],[80.176967,12.878162],[80.177636,12.877696],[80.177141,12.876881],[80.176676,12.876416],[80.177258,12.876212],[80.178334,12.876125],[80.17944,12.876183],[80.180284,12.876387],[80.180371,12.876765],[80.180458,12.877405],[80.180458,12.877783],[80.179702,12.878016],[80.178829,12.878511],[80.178014,12.878598],[80.177083,12.879005],[80.175745,12.879413],[80.174552,12.879995],[80.174529,12.880622]]},{"type":"Polygon","coordinates":[[[80.174529,12.880622],[80.176305,12.881621],[80.17797,12.882508],[80.179302,12.88384],[80.179524,12.884284],[80.179968,12.886837],[80.181633,12.887614],[80.181633,12.885949],[80.183853,12.885616],[80.184186,12.883285],[80.183964,12.881177],[80.185629,12.880622],[80.187183,12.879179],[80.188404,12.877958],[80.188071,12.875738],[80.186073,12.875405],[80.187405,12.874517],[80.187738,12.872963],[80.186184,12.872186],[80.185074,12.871853],[80.184741,12.873407],[80.184852,12.874184],[80.183631,12.874628],[80.182844,12.87499],[80.182029,12.875339],[80.182029,12.875921],[80.181069,12.875921],[80.179905,12.875921],[80.178742,12.875368],[80.178742,12.874612],[80.178742,12.873972],[80.178189,12.872866],[80.177839,12.872429],[80.176908,12.872488],[80.175308,12.873128],[80.174173,12.873884],[80.173562,12.874903],[80.174144,12.875223],[80.175133,12.875106],[80.175774,12.875019],[80.175832,12.875252],[80.175745,12.875979],[80.175366,12.876532],[80.175541,12.877318],[80.176006,12.877871],[80.176967,12.878162],[80.177636,12.877696],[80.177141,12.876881],[80.176676,12.876416],[80.177258,12.876212],[80.178334,12.876125],[80.17944,12.876183],[80.180284,12.876387],[80.180371,12.876765],[80.180458,12.877405],[80.180458,12.877783],[80.179702,12.878016],[80.178829,12.878511],[80.178014,12.878598],[80.177083,12.879005],[80.175745,12.879413],[80.174552,12.879995],[80.174529,12.880622]]]}]}},{"type":"Feature","properties":{"name":"20229.226677892846"},"geometry":{"type":"GeometryCollection","geometries":[{"type":"LineString","coordinates":[[80.19601,12.858933],[80.194944,12.859714],[80.193594,12.861632],[80.194376,12.861703],[80.195015,12.862485],[80.193665,12.863195],[80.192742,12.863266],[80.19196,12.863834],[80.190184,12.864332],[80.189687,12.865539],[80.188124,12.865326],[80.187911,12.864758],[80.186064,12.86419],[80.185993,12.863692],[80.183365,12.863266],[80.18443,12.864616],[80.184217,12.865397],[80.183578,12.86696],[80.183933,12.867955],[80.18443,12.869446],[80.184572,12.870725],[80.187272,12.870938],[80.188408,12.870086],[80.190966,12.869802],[80.193239,12.86902],[80.19402,12.869162],[80.194589,12.870938],[80.195654,12.871151],[80.195086,12.871933],[80.193736,12.87172],[80.193594,12.870086],[80.192458,12.87037],[80.191463,12.870938],[80.19054,12.871151],[80.18919,12.871151],[80.189332,12.873638],[80.190184,12.873851],[80.1899,12.8752],[80.188622,12.875982],[80.189048,12.876266],[80.190184,12.876621],[80.191108,12.876266],[80.192102,12.87584],[80.192884,12.87584],[80.193665,12.87655],[80.194518,12.877047],[80.196436,12.876976],[80.195512,12.875911],[80.19672,12.875129],[80.197785,12.874774],[80.199277,12.875058],[80.199988,12.875556],[80.19949,12.876692],[80.199632,12.877474],[80.201977,12.878326],[80.203753,12.878965],[80.204747,12.88131],[80.204889,12.884009],[80.204534,12.885927],[80.203397,12.888271],[80.202474,12.889266],[80.202261,12.888129],[80.201764,12.887277],[80.200769,12.887277],[80.199988,12.887419],[80.199419,12.889053],[80.198851,12.889763],[80.197928,12.890332],[80.19807,12.891681],[80.199775,12.891894],[80.198993,12.89296],[80.196862,12.89296],[80.193381,12.89225],[80.190895,12.892392],[80.191321,12.896796],[80.192671,12.89708],[80.19466,12.897364],[80.195512,12.897791],[80.195583,12.898785],[80.195583,12.899282],[80.196436,12.899709],[80.196649,12.900419],[80.195725,12.900774],[80.194944,12.900987],[80.195228,12.901982],[80.196578,12.902266],[80.19743,12.902337],[80.197999,12.90184],[80.198283,12.901129],[80.19807,12.900703],[80.196933,12.900632],[80.197572,12.89914],[80.199561,12.899424],[80.200201,12.898785],[80.201337,12.898572],[80.202403,12.898856],[80.203113,12.899566],[80.204108,12.899638],[80.205387,12.899638],[80.205955,12.899566],[80.20631,12.89914],[80.206523,12.897791],[80.206523,12.896157],[80.205955,12.893386],[80.205458,12.889195],[80.205884,12.88749],[80.206878,12.886282],[80.207305,12.884649],[80.206878,12.881665],[80.206878,12.880031],[80.205671,12.877829],[80.204179,12.876692],[80.2029,12.876408],[80.201266,12.875627],[80.201053,12.874632],[80.200564,12.873768],[80.199982,12.872691],[80.199517,12.871586],[80.198964,12.870596],[80.198178,12.869723],[80.197713,12.867454],[80.197596,12.865417],[80.197422,12.864224],[80.196665,12.863671],[80.196636,12.862711],[80.196462,12.861518],[80.196462,12.860616],[80.196433,12.859161],[80.19601,12.858933]]},{"type":"Polygon","coordinates":[[[80.19601,12.858933],[80.194944,12.859714],[80.193594,12.861632],[80.194376,12.861703],[80.195015,12.862485],[80.193665,12.863195],[80.192742,12.863266],[80.19196,12.863834],[80.190184,12.864332],[80.189687,12.865539],[80.188124,12.865326],[80.187911,12.864758],[80.186064,12.86419],[80.185993,12.863692],[80.183365,12.863266],[80.18443,12.864616],[80.184217,12.865397],[80.183578,12.86696],[80.183933,12.867955],[80.18443,12.869446],[80.184572,12.870725],[80.187272,12.870938],[80.188408,12.870086],[80.190966,12.869802],[80.193239,12.86902],[80.19402,12.869162],[80.194589,12.870938],[80.195654,12.871151],[80.195086,12.871933],[80.193736,12.87172],[80.193594,12.870086],[80.192458,12.87037],[80.191463,12.870938],[80.19054,12.871151],[80.18919,12.871151],[80.189332,12.873638],[80.190184,12.873851],[80.1899,12.8752],[80.188622,12.875982],[80.189048,12.876266],[80.190184,12.876621],[80.191108,12.876266],[80.192102,12.87584],[80.192884,12.87584],[80.193665,12.87655],[80.194518,12.877047],[80.196436,12.876976],[80.195512,12.875911],[80.19672,12.875129],[80.197785,12.874774],[80.199277,12.875058],[80.199988,12.875556],[80.19949,12.876692],[80.199632,12.877474],[80.201977,12.878326],[80.203753,12.878965],[80.204747,12.88131],[80.204889,12.884009],[80.204534,12.885927],[80.203397,12.888271],[80.202474,12.889266],[80.202261,12.888129],[80.201764,12.887277],[80.200769,12.887277],[80.199988,12.887419],[80.199419,12.889053],[80.198851,12.889763],[80.197928,12.890332],[80.19807,12.891681],[80.199775,12.891894],[80.198993,12.89296],[80.196862,12.89296],[80.193381,12.89225],[80.190895,12.892392],[80.191321,12.896796],[80.192671,12.89708],[80.19466,12.897364],[80.195512,12.897791],[80.195583,12.898785],[80.195583,12.899282],[80.196436,12.899709],[80.196649,12.900419],[80.195725,12.900774],[80.194944,12.900987],[80.195228,12.901982],[80.196578,12.902266],[80.19743,12.902337],[80.197999,12.90184],[80.198283,12.901129],[80.19807,12.900703],[80.196933,12.900632],[80.197572,12.89914],[80.199561,12.899424],[80.200201,12.898785],[80.201337,12.898572],[80.202403,12.898856],[80.203113,12.899566],[80.204108,12.899638],[80.205387,12.899638],[80.205955,12.899566],[80.20631,12.89914],[80.206523,12.897791],[80.206523,12.896157],[80.205955,12.893386],[80.205458,12.889195],[80.205884,12.88749],[80.206878,12.886282],[80.207305,12.884649],[80.206878,12.881665],[80.206878,12.880031],[80.205671,12.877829],[80.204179,12.876692],[80.2029,12.876408],[80.201266,12.875627],[80.201053,12.874632],[80.200564,12.873768],[80.199982,12.872691],[80.199517,12.871586],[80.198964,12.870596],[80.198178,12.869723],[80.197713,12.867454],[80.197596,12.865417],[80.197422,12.864224],[80.196665,12.863671],[80.196636,12.862711],[80.196462,12.861518],[80.196462,12.860616],[80.196433,12.859161],[80.19601,12.858933]]]}]}},{"type":"Feature","properties":{"name":"1378.35657640954"},"geometry":{"type":"GeometryCollection","geometries":[{"type":"LineString","coordinates":[[80.199604,12.902865],[80.200623,12.90304],[80.202427,12.902894],[80.203736,12.902894],[80.203736,12.901992],[80.20359,12.90109],[80.203329,12.900479],[80.202863,12.900304],[80.201757,12.900625],[80.201379,12.901759],[80.200332,12.901381],[80.199604,12.901614],[80.199604,12.902225],[80.199604,12.902865]]},{"type":"Polygon","coordinates":[[[80.199604,12.902865],[80.200623,12.90304],[80.202427,12.902894],[80.203736,12.902894],[80.203736,12.901992],[80.20359,12.90109],[80.203329,12.900479],[80.202863,12.900304],[80.201757,12.900625],[80.201379,12.901759],[80.200332,12.901381],[80.199604,12.901614],[80.199604,12.902225],[80.199604,12.902865]]]}]}},{"type":"Feature","properties":{"name":"6250.5694268704165"},"geometry":{"type":"GeometryCollection","geometries":[{"type":"LineString","coordinates":[[80.241238,12.927462],[80.239907,12.928128],[80.239796,12.929349],[80.238797,12.930348],[80.237354,12.931014],[80.236244,12.931458],[80.237021,12.93279],[80.23802,12.934566],[80.238797,12.93723],[80.239019,12.939006],[80.239907,12.940671],[80.240351,12.944667],[80.240906,12.947997],[80.241349,12.949662],[80.24368,12.950217],[80.245123,12.95177],[80.245789,12.952214],[80.245567,12.949107],[80.245123,12.944667],[80.24479,12.941115],[80.243569,12.938895],[80.24257,12.933789],[80.241238,12.927462]]},{"type":"Polygon","coordinates":[[[80.241238,12.927462],[80.239907,12.928128],[80.239796,12.929349],[80.238797,12.930348],[80.237354,12.931014],[80.236244,12.931458],[80.237021,12.93279],[80.23802,12.934566],[80.238797,12.93723],[80.239019,12.939006],[80.239907,12.940671],[80.240351,12.944667],[80.240906,12.947997],[80.241349,12.949662],[80.24368,12.950217],[80.245123,12.95177],[80.245789,12.952214],[80.245567,12.949107],[80.245123,12.944667],[80.24479,12.941115],[80.243569,12.938895],[80.24257,12.933789],[80.241238,12.927462]]]}]}},{"type":"Feature","properties":{"name":"15009.317432930087"},"geometry":{"type":"GeometryCollection","geometries":[{"type":"LineString","coordinates":[[80.223923,12.863972],[80.223812,12.86597],[80.223368,12.868412],[80.223035,12.870521],[80.22359,12.872408],[80.221148,12.873629],[80.221592,12.874517],[80.222924,12.874961],[80.222813,12.875627],[80.220149,12.876182],[80.216153,12.878291],[80.214599,12.880289],[80.213822,12.88273],[80.21249,12.885061],[80.210936,12.886948],[80.209826,12.888724],[80.208605,12.889834],[80.208272,12.891499],[80.210159,12.892498],[80.211491,12.892609],[80.212712,12.891832],[80.21249,12.88939],[80.213156,12.888169],[80.214377,12.888169],[80.21471,12.890278],[80.214599,12.892165],[80.213156,12.892942],[80.212046,12.893719],[80.211713,12.895162],[80.214932,12.89716],[80.217485,12.897271],[80.218151,12.896494],[80.217929,12.895051],[80.217485,12.89272],[80.216042,12.891721],[80.21582,12.889612],[80.216819,12.888835],[80.217707,12.890056],[80.218595,12.890944],[80.219039,12.891721],[80.219594,12.893275],[80.220815,12.89383],[80.22137,12.893497],[80.220926,12.892054],[80.221037,12.890833],[80.221925,12.889945],[80.221592,12.887725],[80.219039,12.887614],[80.217707,12.887725],[80.217485,12.885838],[80.216153,12.885616],[80.21582,12.884395],[80.21582,12.88273],[80.217374,12.882286],[80.218817,12.882286],[80.220482,12.882286],[80.221481,12.882064],[80.221925,12.8804],[80.22248,12.877514],[80.223479,12.876626],[80.224256,12.877625],[80.226365,12.876737],[80.227808,12.876626],[80.228252,12.876293],[80.228585,12.874628],[80.227919,12.874628],[80.227475,12.875405],[80.225921,12.875405],[80.225033,12.875516],[80.225144,12.874073],[80.22581,12.872408],[80.227142,12.87263],[80.227697,12.871631],[80.227697,12.871076],[80.226698,12.870632],[80.225366,12.869966],[80.225588,12.867857],[80.226143,12.866747],[80.226143,12.864305],[80.225255,12.862862],[80.223923,12.863972]]},{"type":"Polygon","coordinates":[[[80.223923,12.863972],[80.223812,12.86597],[80.223368,12.868412],[80.223035,12.870521],[80.22359,12.872408],[80.221148,12.873629],[80.221592,12.874517],[80.222924,12.874961],[80.222813,12.875627],[80.220149,12.876182],[80.216153,12.878291],[80.214599,12.880289],[80.213822,12.88273],[80.21249,12.885061],[80.210936,12.886948],[80.209826,12.888724],[80.208605,12.889834],[80.208272,12.891499],[80.210159,12.892498],[80.211491,12.892609],[80.212712,12.891832],[80.21249,12.88939],[80.213156,12.888169],[80.214377,12.888169],[80.21471,12.890278],[80.214599,12.892165],[80.213156,12.892942],[80.212046,12.893719],[80.211713,12.895162],[80.214932,12.89716],[80.217485,12.897271],[80.218151,12.896494],[80.217929,12.895051],[80.217485,12.89272],[80.216042,12.891721],[80.21582,12.889612],[80.216819,12.888835],[80.217707,12.890056],[80.218595,12.890944],[80.219039,12.891721],[80.219594,12.893275],[80.220815,12.89383],[80.22137,12.893497],[80.220926,12.892054],[80.221037,12.890833],[80.221925,12.889945],[80.221592,12.887725],[80.219039,12.887614],[80.217707,12.887725],[80.217485,12.885838],[80.216153,12.885616],[80.21582,12.884395],[80.21582,12.88273],[80.217374,12.882286],[80.218817,12.882286],[80.220482,12.882286],[80.221481,12.882064],[80.221925,12.8804],[80.22248,12.877514],[80.223479,12.876626],[80.224256,12.877625],[80.226365,12.876737],[80.227808,12.876626],[80.228252,12.876293],[80.228585,12.874628],[80.227919,12.874628],[80.227475,12.875405],[80.225921,12.875405],[80.225033,12.875516],[80.225144,12.874073],[80.22581,12.872408],[80.227142,12.87263],[80.227697,12.871631],[80.227697,12.871076],[80.226698,12.870632],[80.225366,12.869966],[80.225588,12.867857],[80.226143,12.866747],[80.226143,12.864305],[80.225255,12.862862],[80.223923,12.863972]]]}]}},{"type":"Feature","properties":{"name":"1506.103693432433"},"geometry":{"type":"GeometryCollection","geometries":[{"type":"LineString","coordinates":[[80.221703,12.904042],[80.222369,12.904042],[80.223701,12.903709],[80.224034,12.901933],[80.225033,12.900934],[80.2247,12.899269],[80.224256,12.900601],[80.222036,12.901045],[80.221592,12.902044],[80.221703,12.904042]]},{"type":"Polygon","coordinates":[[[80.221703,12.904042],[80.222369,12.904042],[80.223701,12.903709],[80.224034,12.901933],[80.225033,12.900934],[80.2247,12.899269],[80.224256,12.900601],[80.222036,12.901045],[80.221592,12.902044],[80.221703,12.904042]]]}]}},{"type":"Feature","properties":{"name":"4871.628113952107"},"geometry":{"type":"GeometryCollection","geometries":[{"type":"LineString","coordinates":[[80.205942,12.918915],[80.206496,12.921468],[80.207495,12.924909],[80.208827,12.925686],[80.21027,12.928017],[80.210936,12.929127],[80.210048,12.929904],[80.21027,12.931236],[80.211713,12.932013],[80.213933,12.932346],[80.215043,12.934233],[80.214488,12.935676],[80.216042,12.935676],[80.215154,12.932457],[80.214044,12.931014],[80.213822,12.929682],[80.213045,12.928461],[80.212268,12.926352],[80.210825,12.92502],[80.210714,12.923688],[80.210048,12.922134],[80.208827,12.919803],[80.207606,12.919248],[80.205942,12.918915]]},{"type":"Polygon","coordinates":[[[80.205942,12.918915],[80.206496,12.921468],[80.207495,12.924909],[80.208827,12.925686],[80.21027,12.928017],[80.210936,12.929127],[80.210048,12.929904],[80.21027,12.931236],[80.211713,12.932013],[80.213933,12.932346],[80.215043,12.934233],[80.214488,12.935676],[80.216042,12.935676],[80.215154,12.932457],[80.214044,12.931014],[80.213822,12.929682],[80.213045,12.928461],[80.212268,12.926352],[80.210825,12.92502],[80.210714,12.923688],[80.210048,12.922134],[80.208827,12.919803],[80.207606,12.919248],[80.205942,12.918915]]]}]}},{"type":"Feature","properties":{"name":"934.1157637968823"},"geometry":{"type":"GeometryCollection","geometries":[{"type":"LineString","coordinates":[[80.197839,12.918582],[80.199726,12.918027],[80.201169,12.917694],[80.200281,12.916474],[80.199171,12.916695],[80.198172,12.917361],[80.197839,12.918582]]},{"type":"Polygon","coordinates":[[[80.197839,12.918582],[80.199726,12.918027],[80.201169,12.917694],[80.200281,12.916474],[80.199171,12.916695],[80.198172,12.917361],[80.197839,12.918582]]]}]}},{"type":"Feature","properties":{"name":"1312.160390912105"},"geometry":{"type":"GeometryCollection","geometries":[{"type":"LineString","coordinates":[[80.209604,12.942003],[80.211491,12.941226],[80.212046,12.940449],[80.213045,12.939339],[80.213711,12.938562],[80.212712,12.938229],[80.211269,12.939339],[80.209604,12.940338],[80.209604,12.942003]]},{"type":"Polygon","coordinates":[[[80.209604,12.942003],[80.211491,12.941226],[80.212046,12.940449],[80.213045,12.939339],[80.213711,12.938562],[80.212712,12.938229],[80.211269,12.939339],[80.209604,12.940338],[80.209604,12.942003]]]}]}},{"type":"Feature","properties":{"name":"2997.310078498535"},"geometry":{"type":"GeometryCollection","geometries":[{"type":"LineString","coordinates":[[80.248009,12.856757],[80.246344,12.857978],[80.245678,12.858977],[80.24368,12.859865],[80.241571,12.860309],[80.240573,12.861419],[80.241127,12.862973],[80.241238,12.864416],[80.242348,12.865415],[80.243791,12.866081],[80.245012,12.866081],[80.246566,12.86486],[80.247565,12.863639],[80.248342,12.862973],[80.247898,12.86042],[80.248009,12.856757]]},{"type":"Polygon","coordinates":[[[80.248009,12.856757],[80.246344,12.857978],[80.245678,12.858977],[80.24368,12.859865],[80.241571,12.860309],[80.240573,12.861419],[80.241127,12.862973],[80.241238,12.864416],[80.242348,12.865415],[80.243791,12.866081],[80.245012,12.866081],[80.246566,12.86486],[80.247565,12.863639],[80.248342,12.862973],[80.247898,12.86042],[80.248009,12.856757]]]}]}},{"type":"Feature","properties":{"name":"15180.26581892974"},"geometry":{"type":"GeometryCollection","geometries":[{"type":"LineString","coordinates":[[80.230028,12.848987],[80.230028,12.853649],[80.229806,12.862862],[80.229917,12.866414],[80.229362,12.868634],[80.229473,12.871964],[80.231138,12.875405],[80.231804,12.87707],[80.233691,12.878069],[80.235356,12.878957],[80.235134,12.87707],[80.235245,12.874517],[80.236022,12.873074],[80.237132,12.872408],[80.237465,12.871409],[80.237576,12.87041],[80.235689,12.868745],[80.234579,12.867413],[80.233469,12.865082],[80.233358,12.863195],[80.233358,12.860975],[80.232803,12.8582],[80.232803,12.857423],[80.232914,12.856535],[80.234246,12.857312],[80.235356,12.858755],[80.235911,12.860309],[80.236022,12.863417],[80.237243,12.866858],[80.239352,12.868967],[80.240018,12.870965],[80.239241,12.874406],[80.239907,12.878291],[80.239574,12.880733],[80.23913,12.882619],[80.238575,12.884395],[80.238575,12.885283],[80.241127,12.885283],[80.242681,12.885061],[80.242792,12.884395],[80.241238,12.884062],[80.241238,12.882841],[80.242681,12.882397],[80.24257,12.879179],[80.241904,12.876293],[80.241127,12.872741],[80.240684,12.868634],[80.240684,12.866525],[80.240573,12.864416],[80.239796,12.862085],[80.23913,12.860309],[80.238353,12.85931],[80.236799,12.858311],[80.236688,12.856313],[80.235245,12.856202],[80.234468,12.854426],[80.233469,12.852872],[80.233469,12.851096],[80.232914,12.849098],[80.231471,12.848987],[80.230028,12.848987]]},{"type":"Polygon","coordinates":[[[80.230028,12.848987],[80.230028,12.853649],[80.229806,12.862862],[80.229917,12.866414],[80.229362,12.868634],[80.229473,12.871964],[80.231138,12.875405],[80.231804,12.87707],[80.233691,12.878069],[80.235356,12.878957],[80.235134,12.87707],[80.235245,12.874517],[80.236022,12.873074],[80.237132,12.872408],[80.237465,12.871409],[80.237576,12.87041],[80.235689,12.868745],[80.234579,12.867413],[80.233469,12.865082],[80.233358,12.863195],[80.233358,12.860975],[80.232803,12.8582],[80.232803,12.857423],[80.232914,12.856535],[80.234246,12.857312],[80.235356,12.858755],[80.235911,12.860309],[80.236022,12.863417],[80.237243,12.866858],[80.239352,12.868967],[80.240018,12.870965],[80.239241,12.874406],[80.239907,12.878291],[80.239574,12.880733],[80.23913,12.882619],[80.238575,12.884395],[80.238575,12.885283],[80.241127,12.885283],[80.242681,12.885061],[80.242792,12.884395],[80.241238,12.884062],[80.241238,12.882841],[80.242681,12.882397],[80.24257,12.879179],[80.241904,12.876293],[80.241127,12.872741],[80.240684,12.868634],[80.240684,12.866525],[80.240573,12.864416],[80.239796,12.862085],[80.23913,12.860309],[80.238353,12.85931],[80.236799,12.858311],[80.236688,12.856313],[80.235245,12.856202],[80.234468,12.854426],[80.233469,12.852872],[80.233469,12.851096],[80.232914,12.849098],[80.231471,12.848987],[80.230028,12.848987]]]}]}},{"type":"Feature","properties":{"name":"2015.684338737853"},"geometry":{"type":"GeometryCollection","geometries":[{"type":"LineString","coordinates":[[80.234135,12.887392],[80.234912,12.88606],[80.234801,12.885061],[80.235356,12.883285],[80.235467,12.881843],[80.23469,12.880733],[80.23247,12.880844],[80.231471,12.881732],[80.231249,12.883396],[80.232359,12.884395],[80.23247,12.886948],[80.232914,12.887392],[80.234135,12.887392]]},{"type":"Polygon","coordinates":[[[80.234135,12.887392],[80.234912,12.88606],[80.234801,12.885061],[80.235356,12.883285],[80.235467,12.881843],[80.23469,12.880733],[80.23247,12.880844],[80.231471,12.881732],[80.231249,12.883396],[80.232359,12.884395],[80.23247,12.886948],[80.232914,12.887392],[80.234135,12.887392]]]}]}},{"type":"Feature","properties":{"name":"2854.813649768653"},"geometry":{"type":"GeometryCollection","geometries":[{"type":"LineString","coordinates":[[80.252116,12.911146],[80.253448,12.911146],[80.253337,12.909259],[80.253337,12.906262],[80.253004,12.90382],[80.252893,12.901156],[80.252671,12.900157],[80.251006,12.900268],[80.25034,12.900934],[80.249896,12.903487],[80.249896,12.905374],[80.250895,12.907483],[80.250895,12.909703],[80.252116,12.911146]]},{"type":"Polygon","coordinates":[[[80.252116,12.911146],[80.253448,12.911146],[80.253337,12.909259],[80.253337,12.906262],[80.253004,12.90382],[80.252893,12.901156],[80.252671,12.900157],[80.251006,12.900268],[80.25034,12.900934],[80.249896,12.903487],[80.249896,12.905374],[80.250895,12.907483],[80.250895,12.909703],[80.252116,12.911146]]]}]}},{"type":"Feature","properties":{"name":"6375.542833830542"},"geometry":{"type":"GeometryCollection","geometries":[{"type":"LineString","coordinates":[[80.234357,12.893941],[80.233358,12.897049],[80.232581,12.902932],[80.232914,12.904819],[80.23358,12.907039],[80.23358,12.909592],[80.23358,12.911368],[80.23358,12.913033],[80.234357,12.915586],[80.235578,12.916363],[80.236688,12.917694],[80.237354,12.919137],[80.23802,12.920136],[80.238908,12.92058],[80.239907,12.92058],[80.23913,12.915253],[80.23802,12.911479],[80.237132,12.903709],[80.236244,12.89938],[80.235911,12.896161],[80.235578,12.894718],[80.234357,12.893941]]},{"type":"Polygon","coordinates":[[[80.234357,12.893941],[80.233358,12.897049],[80.232581,12.902932],[80.232914,12.904819],[80.23358,12.907039],[80.23358,12.909592],[80.23358,12.911368],[80.23358,12.913033],[80.234357,12.915586],[80.235578,12.916363],[80.236688,12.917694],[80.237354,12.919137],[80.23802,12.920136],[80.238908,12.92058],[80.239907,12.92058],[80.23913,12.915253],[80.23802,12.911479],[80.237132,12.903709],[80.236244,12.89938],[80.235911,12.896161],[80.235578,12.894718],[80.234357,12.893941]]]}]}},{"type":"Feature","properties":{"name":"17942.03457767416"},"geometry":{"type":"GeometryCollection","geometries":[{"type":"LineString","coordinates":[[80.243791,12.890167],[80.242459,12.889834],[80.241793,12.889501],[80.24146,12.887392],[80.24146,12.88606],[80.241571,12.885505],[80.23913,12.885505],[80.238797,12.887836],[80.237909,12.891832],[80.237909,12.896383],[80.238575,12.903487],[80.239241,12.906595],[80.240018,12.910813],[80.240906,12.914698],[80.241682,12.918693],[80.242903,12.922689],[80.244013,12.931347],[80.246455,12.945222],[80.247787,12.952769],[80.249119,12.954323],[80.248897,12.959873],[80.251561,12.961538],[80.254114,12.961649],[80.253004,12.951992],[80.249674,12.931458],[80.248564,12.921357],[80.245456,12.901489],[80.245012,12.894829],[80.243791,12.890167]]},{"type":"Polygon","coordinates":[[[80.243791,12.890167],[80.242459,12.889834],[80.241793,12.889501],[80.24146,12.887392],[80.24146,12.88606],[80.241571,12.885505],[80.23913,12.885505],[80.238797,12.887836],[80.237909,12.891832],[80.237909,12.896383],[80.238575,12.903487],[80.239241,12.906595],[80.240018,12.910813],[80.240906,12.914698],[80.241682,12.918693],[80.242903,12.922689],[80.244013,12.931347],[80.246455,12.945222],[80.247787,12.952769],[80.249119,12.954323],[80.248897,12.959873],[80.251561,12.961538],[80.254114,12.961649],[80.253004,12.951992],[80.249674,12.931458],[80.248564,12.921357],[80.245456,12.901489],[80.245012,12.894829],[80.243791,12.890167]]]}]}},{"type":"Feature","properties":{"name":"954.4671628666924"},"geometry":{"type":"GeometryCollection","geometries":[{"type":"LineString","coordinates":[[80.251228,12.932013],[80.252338,12.9339],[80.254114,12.934344],[80.253337,12.931902],[80.252449,12.931791],[80.251228,12.932013]]},{"type":"Polygon","coordinates":[[[80.251228,12.932013],[80.252338,12.9339],[80.254114,12.934344],[80.253337,12.931902],[80.252449,12.931791],[80.251228,12.932013]]]}]}},{"type":"Feature","properties":{"name":"1371.426115966237"},"geometry":{"type":"GeometryCollection","geometries":[{"type":"LineString","coordinates":[[80.259664,12.947775],[80.258332,12.948774],[80.256889,12.949995],[80.256778,12.951881],[80.258554,12.952214],[80.258887,12.950217],[80.260108,12.949551],[80.259664,12.947775]]},{"type":"Polygon","coordinates":[[[80.259664,12.947775],[80.258332,12.948774],[80.256889,12.949995],[80.256778,12.951881],[80.258554,12.952214],[80.258887,12.950217],[80.260108,12.949551],[80.259664,12.947775]]]}]}},{"type":"Feature","properties":{"name":"1335.417849819572"},"geometry":{"type":"GeometryCollection","geometries":[{"type":"LineString","coordinates":[[80.263438,12.965867],[80.263438,12.964646],[80.262772,12.963314],[80.260663,12.963314],[80.25922,12.964313],[80.259997,12.965423],[80.261107,12.964868],[80.262439,12.964535],[80.263438,12.965867]]},{"type":"Polygon","coordinates":[[[80.263438,12.965867],[80.263438,12.964646],[80.262772,12.963314],[80.260663,12.963314],[80.25922,12.964313],[80.259997,12.965423],[80.261107,12.964868],[80.262439,12.964535],[80.263438,12.965867]]]}]}},{"type":"Feature","properties":{"name":"5128.78720405077"},"geometry":{"type":"GeometryCollection","geometries":[{"type":"LineString","coordinates":[[80.232452,12.964921],[80.232452,12.963927],[80.233304,12.963643],[80.233233,12.962364],[80.232452,12.96208],[80.232168,12.961014],[80.232736,12.959949],[80.232523,12.95867],[80.231457,12.959736],[80.231102,12.961938],[80.231173,12.967266],[80.2316,12.969752],[80.233447,12.972665],[80.233944,12.974583],[80.23508,12.974583],[80.236004,12.973517],[80.237851,12.973162],[80.239414,12.973091],[80.24055,12.971741],[80.238419,12.972096],[80.235933,12.97238],[80.23437,12.972167],[80.233304,12.97096],[80.232239,12.969184],[80.231813,12.966981],[80.232452,12.964921]]},{"type":"Polygon","coordinates":[[[80.232452,12.964921],[80.232452,12.963927],[80.233304,12.963643],[80.233233,12.962364],[80.232452,12.96208],[80.232168,12.961014],[80.232736,12.959949],[80.232523,12.95867],[80.231457,12.959736],[80.231102,12.961938],[80.231173,12.967266],[80.2316,12.969752],[80.233447,12.972665],[80.233944,12.974583],[80.23508,12.974583],[80.236004,12.973517],[80.237851,12.973162],[80.239414,12.973091],[80.24055,12.971741],[80.238419,12.972096],[80.235933,12.97238],[80.23437,12.972167],[80.233304,12.97096],[80.232239,12.969184],[80.231813,12.966981],[80.232452,12.964921]]]}]}},{"type":"Feature","properties":{"name":"3776.366628418813"},"geometry":{"type":"GeometryCollection","geometries":[{"type":"LineString","coordinates":[[80.253408,12.964353],[80.251632,12.964495],[80.250567,12.96485],[80.250496,12.966981],[80.250638,12.968473],[80.251703,12.970746],[80.252343,12.972238],[80.25355,12.973375],[80.255113,12.974369],[80.256534,12.97373],[80.256889,12.97302],[80.256889,12.971812],[80.256463,12.97032],[80.256037,12.969113],[80.255823,12.96755],[80.256605,12.967337],[80.257528,12.967408],[80.257955,12.967053],[80.257884,12.966271],[80.257528,12.965987],[80.256605,12.9662],[80.255397,12.966484],[80.255113,12.965419],[80.254971,12.963927],[80.254474,12.962932],[80.254261,12.964779],[80.253408,12.964353]]},{"type":"Polygon","coordinates":[[[80.253408,12.964353],[80.251632,12.964495],[80.250567,12.96485],[80.250496,12.966981],[80.250638,12.968473],[80.251703,12.970746],[80.252343,12.972238],[80.25355,12.973375],[80.255113,12.974369],[80.256534,12.97373],[80.256889,12.97302],[80.256889,12.971812],[80.256463,12.97032],[80.256037,12.969113],[80.255823,12.96755],[80.256605,12.967337],[80.257528,12.967408],[80.257955,12.967053],[80.257884,12.966271],[80.257528,12.965987],[80.256605,12.9662],[80.255397,12.966484],[80.255113,12.965419],[80.254971,12.963927],[80.254474,12.962932],[80.254261,12.964779],[80.253408,12.964353]]]}]}},{"type":"Feature","properties":{"name":"1677.4640568226928"},"geometry":{"type":"GeometryCollection","geometries":[{"type":"LineString","coordinates":[[80.260938,12.972522],[80.261933,12.972807],[80.265058,12.972807],[80.264987,12.971457],[80.264703,12.969752],[80.263851,12.969681],[80.262785,12.9689],[80.261862,12.968118],[80.261435,12.969255],[80.260725,12.970533],[80.260938,12.972522]]},{"type":"Polygon","coordinates":[[[80.260938,12.972522],[80.261933,12.972807],[80.265058,12.972807],[80.264987,12.971457],[80.264703,12.969752],[80.263851,12.969681],[80.262785,12.9689],[80.261862,12.968118],[80.261435,12.969255],[80.260725,12.970533],[80.260938,12.972522]]]}]}},{"type":"Feature","properties":{"name":"22366.838641670478"},"geometry":{"type":"GeometryCollection","geometries":[{"type":"LineString","coordinates":[[80.202501,12.937674],[80.200503,12.936564],[80.199948,12.934566],[80.19795,12.934566],[80.193288,12.935787],[80.192067,12.937785],[80.194287,12.938118],[80.196507,12.93945],[80.197617,12.941004],[80.198616,12.941892],[80.200614,12.941559],[80.201946,12.938784],[80.20128,12.941892],[80.20128,12.943002],[80.201169,12.944223],[80.203167,12.942669],[80.204166,12.942225],[80.204499,12.94389],[80.204388,12.945],[80.204055,12.946443],[80.203278,12.948441],[80.201502,12.948774],[80.198616,12.948996],[80.195952,12.948996],[80.193843,12.948996],[80.191845,12.94833],[80.190846,12.946554],[80.188848,12.944556],[80.187183,12.943446],[80.185518,12.944001],[80.18463,12.945],[80.183409,12.945],[80.182965,12.944334],[80.1813,12.944334],[80.179746,12.944778],[80.180079,12.946665],[80.181744,12.946554],[80.183409,12.946665],[80.183964,12.947886],[80.184852,12.949107],[80.186739,12.949995],[80.190069,12.950106],[80.191512,12.950993],[80.193621,12.950993],[80.194842,12.951104],[80.197284,12.95177],[80.198061,12.951659],[80.199282,12.951659],[80.199726,12.951992],[80.200059,12.95288],[80.200392,12.954656],[80.200836,12.956099],[80.200059,12.955877],[80.199393,12.954101],[80.198949,12.953213],[80.197395,12.95288],[80.197284,12.953768],[80.197284,12.954878],[80.196174,12.955322],[80.197617,12.955766],[80.197617,12.957209],[80.195619,12.957431],[80.195619,12.955877],[80.19462,12.955877],[80.193399,12.957209],[80.192178,12.957764],[80.191512,12.958985],[80.192178,12.959762],[80.195508,12.959762],[80.196951,12.959762],[80.197728,12.958763],[80.198727,12.958097],[80.200836,12.957653],[80.202279,12.957653],[80.203167,12.959096],[80.2035,12.961205],[80.204277,12.964424],[80.206607,12.965534],[80.206718,12.968642],[80.205387,12.970196],[80.205498,12.972083],[80.20572,12.973526],[80.206164,12.973748],[80.206275,12.975746],[80.203611,12.976745],[80.204388,12.978299],[80.206275,12.97841],[80.207495,12.976856],[80.208716,12.97508],[80.209493,12.973415],[80.210936,12.971195],[80.212601,12.969419],[80.214932,12.967199],[80.215931,12.966422],[80.213045,12.960095],[80.210159,12.952103],[80.20805,12.947109],[80.206275,12.943113],[80.205165,12.940227],[80.202501,12.937674]]},{"type":"Polygon","coordinates":[[[80.202501,12.937674],[80.200503,12.936564],[80.199948,12.934566],[80.19795,12.934566],[80.193288,12.935787],[80.192067,12.937785],[80.194287,12.938118],[80.196507,12.93945],[80.197617,12.941004],[80.198616,12.941892],[80.200614,12.941559],[80.201946,12.938784],[80.20128,12.941892],[80.20128,12.943002],[80.201169,12.944223],[80.203167,12.942669],[80.204166,12.942225],[80.204499,12.94389],[80.204388,12.945],[80.204055,12.946443],[80.203278,12.948441],[80.201502,12.948774],[80.198616,12.948996],[80.195952,12.948996],[80.193843,12.948996],[80.191845,12.94833],[80.190846,12.946554],[80.188848,12.944556],[80.187183,12.943446],[80.185518,12.944001],[80.18463,12.945],[80.183409,12.945],[80.182965,12.944334],[80.1813,12.944334],[80.179746,12.944778],[80.180079,12.946665],[80.181744,12.946554],[80.183409,12.946665],[80.183964,12.947886],[80.184852,12.949107],[80.186739,12.949995],[80.190069,12.950106],[80.191512,12.950993],[80.193621,12.950993],[80.194842,12.951104],[80.197284,12.95177],[80.198061,12.951659],[80.199282,12.951659],[80.199726,12.951992],[80.200059,12.95288],[80.200392,12.954656],[80.200836,12.956099],[80.200059,12.955877],[80.199393,12.954101],[80.198949,12.953213],[80.197395,12.95288],[80.197284,12.953768],[80.197284,12.954878],[80.196174,12.955322],[80.197617,12.955766],[80.197617,12.957209],[80.195619,12.957431],[80.195619,12.955877],[80.19462,12.955877],[80.193399,12.957209],[80.192178,12.957764],[80.191512,12.958985],[80.192178,12.959762],[80.195508,12.959762],[80.196951,12.959762],[80.197728,12.958763],[80.198727,12.958097],[80.200836,12.957653],[80.202279,12.957653],[80.203167,12.959096],[80.2035,12.961205],[80.204277,12.964424],[80.206607,12.965534],[80.206718,12.968642],[80.205387,12.970196],[80.205498,12.972083],[80.20572,12.973526],[80.206164,12.973748],[80.206275,12.975746],[80.203611,12.976745],[80.204388,12.978299],[80.206275,12.97841],[80.207495,12.976856],[80.208716,12.97508],[80.209493,12.973415],[80.210936,12.971195],[80.212601,12.969419],[80.214932,12.967199],[80.215931,12.966422],[80.213045,12.960095],[80.210159,12.952103],[80.20805,12.947109],[80.206275,12.943113],[80.205165,12.940227],[80.202501,12.937674]]]}]}},{"type":"Feature","properties":{"name":"1119.968640083133"},"geometry":{"type":"GeometryCollection","geometries":[{"type":"LineString","coordinates":[[80.167981,12.970418],[80.169091,12.968198],[80.168203,12.967199],[80.166205,12.967199],[80.165983,12.96842],[80.167537,12.968975],[80.167981,12.970418]]},{"type":"Polygon","coordinates":[[[80.167981,12.970418],[80.169091,12.968198],[80.168203,12.967199],[80.166205,12.967199],[80.165983,12.96842],[80.167537,12.968975],[80.167981,12.970418]]]}]}},{"type":"Feature","properties":{"name":"2476.248470511461"},"geometry":{"type":"GeometryCollection","geometries":[{"type":"LineString","coordinates":[[80.168314,12.975302],[80.169202,12.974081],[80.169979,12.972749],[80.171422,12.972638],[80.172975,12.973526],[80.174085,12.972749],[80.175417,12.972194],[80.175417,12.970973],[80.174751,12.969863],[80.173863,12.97064],[80.172309,12.97175],[80.1712,12.971306],[80.169646,12.971084],[80.168647,12.97286],[80.167759,12.973193],[80.168314,12.975302]]},{"type":"Polygon","coordinates":[[[80.168314,12.975302],[80.169202,12.974081],[80.169979,12.972749],[80.171422,12.972638],[80.172975,12.973526],[80.174085,12.972749],[80.175417,12.972194],[80.175417,12.970973],[80.174751,12.969863],[80.173863,12.97064],[80.172309,12.97175],[80.1712,12.971306],[80.169646,12.971084],[80.168647,12.97286],[80.167759,12.973193],[80.168314,12.975302]]]}]}},{"type":"Feature","properties":{"name":"3260.5682348794867"},"geometry":{"type":"GeometryCollection","geometries":[{"type":"LineString","coordinates":[[80.216708,12.897382],[80.217374,12.898714],[80.220593,12.898603],[80.224145,12.898714],[80.226365,12.898159],[80.224145,12.897049],[80.222591,12.896161],[80.222591,12.895162],[80.221592,12.89494],[80.221037,12.895828],[80.219039,12.896161],[80.217707,12.892498],[80.217679,12.89367],[80.21827,12.896489],[80.217497,12.897353],[80.216708,12.897382]]},{"type":"Polygon","coordinates":[[[80.216708,12.897382],[80.217374,12.898714],[80.220593,12.898603],[80.224145,12.898714],[80.226365,12.898159],[80.224145,12.897049],[80.222591,12.896161],[80.222591,12.895162],[80.221592,12.89494],[80.221037,12.895828],[80.219039,12.896161],[80.217707,12.892498],[80.217679,12.89367],[80.21827,12.896489],[80.217497,12.897353],[80.216708,12.897382]]]}]}},{"type":"Feature","properties":{"name":"5672.972023281011"},"geometry":{"type":"GeometryCollection","geometries":[{"type":"LineString","coordinates":[[80.071691,13.034144],[80.073599,13.028941],[80.074813,13.029461],[80.077761,13.028768],[80.077934,13.027727],[80.078975,13.02634],[80.080016,13.024779],[80.078802,13.024432],[80.077934,13.023738],[80.078975,13.022177],[80.079669,13.021483],[80.079149,13.020616],[80.080189,13.019923],[80.082791,13.019576],[80.082617,13.019055],[80.081056,13.018362],[80.080883,13.016107],[80.077761,13.016107],[80.078108,13.018188],[80.076027,13.022524],[80.073425,13.028074],[80.071691,13.034144]]},{"type":"Polygon","coordinates":[[[80.071691,13.034144],[80.073599,13.028941],[80.074813,13.029461],[80.077761,13.028768],[80.077934,13.027727],[80.078975,13.02634],[80.080016,13.024779],[80.078802,13.024432],[80.077934,13.023738],[80.078975,13.022177],[80.079669,13.021483],[80.079149,13.020616],[80.080189,13.019923],[80.082791,13.019576],[80.082617,13.019055],[80.081056,13.018362],[80.080883,13.016107],[80.077761,13.016107],[80.078108,13.018188],[80.076027,13.022524],[80.073425,13.028074],[80.071691,13.034144]]]}]}},{"type":"Feature","properties":{"name":"1668.23415679647"},"geometry":{"type":"GeometryCollection","geometries":[{"type":"LineString","coordinates":[[80.12268,12.97986],[80.123721,12.979339],[80.124761,12.979513],[80.126669,12.97986],[80.12771,12.978646],[80.126669,12.977258],[80.125108,12.976564],[80.124068,12.975697],[80.12268,12.977258],[80.12268,12.97986]]},{"type":"Polygon","coordinates":[[[80.12268,12.97986],[80.123721,12.979339],[80.124761,12.979513],[80.126669,12.97986],[80.12771,12.978646],[80.126669,12.977258],[80.125108,12.976564],[80.124068,12.975697],[80.12268,12.977258],[80.12268,12.97986]]]}]}},{"type":"Feature","properties":{"name":"3005.387471966794"},"geometry":{"type":"GeometryCollection","geometries":[{"type":"LineString","coordinates":[[80.100134,12.973616],[80.097532,12.973443],[80.095104,12.975524],[80.095451,12.97986],[80.096318,12.984022],[80.098746,12.983849],[80.099614,12.982114],[80.099614,12.978299],[80.099614,12.976911],[80.100134,12.973616]]},{"type":"Polygon","coordinates":[[[80.100134,12.973616],[80.097532,12.973443],[80.095104,12.975524],[80.095451,12.97986],[80.096318,12.984022],[80.098746,12.983849],[80.099614,12.982114],[80.099614,12.978299],[80.099614,12.976911],[80.100134,12.973616]]]}]}},{"type":"Feature","properties":{"name":"1537.359769266173"},"geometry":{"type":"GeometryCollection","geometries":[{"type":"LineString","coordinates":[[80.099753,12.978134],[80.101742,12.978205],[80.102453,12.978134],[80.102737,12.976501],[80.102879,12.975293],[80.102808,12.974156],[80.101671,12.974085],[80.101884,12.975222],[80.101671,12.976785],[80.09954,12.976856],[80.099753,12.978134]]},{"type":"Polygon","coordinates":[[[80.099753,12.978134],[80.101742,12.978205],[80.102453,12.978134],[80.102737,12.976501],[80.102879,12.975293],[80.102808,12.974156],[80.101671,12.974085],[80.101884,12.975222],[80.101671,12.976785],[80.09954,12.976856],[80.099753,12.978134]]]}]}},{"type":"Feature","properties":{"name":"1668.876729831472"},"geometry":{"type":"GeometryCollection","geometries":[{"type":"LineString","coordinates":[[80.269321,13.020366],[80.270542,13.020144],[80.272096,13.019035],[80.271541,13.018147],[80.270653,13.01737],[80.270209,13.016149],[80.268988,13.016038],[80.266657,13.016926],[80.266546,13.018369],[80.267767,13.019368],[80.269321,13.020366]]},{"type":"Polygon","coordinates":[[[80.269321,13.020366],[80.270542,13.020144],[80.272096,13.019035],[80.271541,13.018147],[80.270653,13.01737],[80.270209,13.016149],[80.268988,13.016038],[80.266657,13.016926],[80.266546,13.018369],[80.267767,13.019368],[80.269321,13.020366]]]}]}},{"type":"Feature","properties":{"name":"1159.2654307643077"},"geometry":{"type":"GeometryCollection","geometries":[{"type":"LineString","coordinates":[[80.271097,13.023252],[80.271985,13.023363],[80.273317,13.023252],[80.273761,13.022253],[80.273983,13.020921],[80.274316,13.020033],[80.273206,13.020255],[80.271763,13.021365],[80.271319,13.022475],[80.271097,13.023252]]},{"type":"Polygon","coordinates":[[[80.271097,13.023252],[80.271985,13.023363],[80.273317,13.023252],[80.273761,13.022253],[80.273983,13.020921],[80.274316,13.020033],[80.273206,13.020255],[80.271763,13.021365],[80.271319,13.022475],[80.271097,13.023252]]]}]}},{"type":"Feature","properties":{"name":"1604.4426437996756"},"geometry":{"type":"GeometryCollection","geometries":[{"type":"LineString","coordinates":[[80.275758,13.031799],[80.276757,13.032798],[80.276757,13.031799],[80.277201,13.030134],[80.278422,13.02858],[80.277423,13.028136],[80.276202,13.028358],[80.27476,13.028691],[80.273872,13.028691],[80.273872,13.02969],[80.274982,13.0308],[80.275758,13.031799]]},{"type":"Polygon","coordinates":[[[80.275758,13.031799],[80.276757,13.032798],[80.276757,13.031799],[80.277201,13.030134],[80.278422,13.02858],[80.277423,13.028136],[80.276202,13.028358],[80.27476,13.028691],[80.273872,13.028691],[80.273872,13.02969],[80.274982,13.0308],[80.275758,13.031799]]]}]}},{"type":"Feature","properties":{"name":"9911.783101118495"},"geometry":{"type":"GeometryCollection","geometries":[{"type":"LineString","coordinates":[[80.112371,12.974636],[80.111039,12.975191],[80.110373,12.975635],[80.11004,12.976745],[80.109041,12.978188],[80.107376,12.978188],[80.10449,12.978077],[80.103269,12.979076],[80.103935,12.979964],[80.103935,12.981851],[80.102826,12.982184],[80.103047,12.984071],[80.101161,12.984182],[80.100384,12.985735],[80.097942,12.986512],[80.095833,12.986512],[80.0955,12.989176],[80.097498,12.98962],[80.099718,12.988954],[80.101605,12.988843],[80.101938,12.991396],[80.102382,12.992173],[80.103158,12.991951],[80.105267,12.991396],[80.10671,12.991507],[80.107598,12.994615],[80.109374,12.99517],[80.109929,12.996835],[80.11004,12.997612],[80.109707,12.999277],[80.110595,13.000165],[80.111594,13.000831],[80.112593,13.001053],[80.113037,13.000165],[80.113037,12.999055],[80.112815,12.997945],[80.111483,12.996946],[80.112149,12.995947],[80.11337,12.994948],[80.113703,12.993838],[80.113703,12.992395],[80.113259,12.99073],[80.112149,12.98962],[80.113259,12.988288],[80.115035,12.987955],[80.11559,12.987067],[80.115257,12.985846],[80.11226,12.984071],[80.112815,12.981962],[80.113592,12.980852],[80.114924,12.979187],[80.114924,12.977744],[80.114924,12.975968],[80.113814,12.974414],[80.112371,12.974636]]},{"type":"Polygon","coordinates":[[[80.112371,12.974636],[80.111039,12.975191],[80.110373,12.975635],[80.11004,12.976745],[80.109041,12.978188],[80.107376,12.978188],[80.10449,12.978077],[80.103269,12.979076],[80.103935,12.979964],[80.103935,12.981851],[80.102826,12.982184],[80.103047,12.984071],[80.101161,12.984182],[80.100384,12.985735],[80.097942,12.986512],[80.095833,12.986512],[80.0955,12.989176],[80.097498,12.98962],[80.099718,12.988954],[80.101605,12.988843],[80.101938,12.991396],[80.102382,12.992173],[80.103158,12.991951],[80.105267,12.991396],[80.10671,12.991507],[80.107598,12.994615],[80.109374,12.99517],[80.109929,12.996835],[80.11004,12.997612],[80.109707,12.999277],[80.110595,13.000165],[80.111594,13.000831],[80.112593,13.001053],[80.113037,13.000165],[80.113037,12.999055],[80.112815,12.997945],[80.111483,12.996946],[80.112149,12.995947],[80.11337,12.994948],[80.113703,12.993838],[80.113703,12.992395],[80.113259,12.99073],[80.112149,12.98962],[80.113259,12.988288],[80.115035,12.987955],[80.11559,12.987067],[80.115257,12.985846],[80.11226,12.984071],[80.112815,12.981962],[80.113592,12.980852],[80.114924,12.979187],[80.114924,12.977744],[80.114924,12.975968],[80.113814,12.974414],[80.112371,12.974636]]]}]}},{"type":"Feature","properties":{"name":"3281.003089709964"},"geometry":{"type":"GeometryCollection","geometries":[{"type":"LineString","coordinates":[[80.120585,12.985957],[80.120585,12.989065],[80.120696,12.99184],[80.12336,12.993505],[80.124581,12.992728],[80.125802,12.991618],[80.127689,12.991285],[80.131241,12.991285],[80.126135,12.989953],[80.125247,12.988288],[80.122694,12.987067],[80.121362,12.986068],[80.120585,12.985957]]},{"type":"Polygon","coordinates":[[[80.120585,12.985957],[80.120585,12.989065],[80.120696,12.99184],[80.12336,12.993505],[80.124581,12.992728],[80.125802,12.991618],[80.127689,12.991285],[80.131241,12.991285],[80.126135,12.989953],[80.125247,12.988288],[80.122694,12.987067],[80.121362,12.986068],[80.120585,12.985957]]]}]}},{"type":"Feature","properties":{"name":"5563.473085551249"},"geometry":{"type":"GeometryCollection","geometries":[{"type":"LineString","coordinates":[[80.127134,12.994726],[80.124359,12.996169],[80.122472,12.996835],[80.123915,12.999166],[80.125913,13.001275],[80.126357,13.00183],[80.127689,13.001941],[80.128355,13.002163],[80.12891,13.003162],[80.128244,13.003828],[80.128577,13.004827],[80.129243,13.005382],[80.129798,13.004605],[80.131241,13.003495],[80.13335,13.002829],[80.134571,13.001719],[80.135903,13.002385],[80.136791,13.003828],[80.138566,13.003273],[80.139454,13.002052],[80.1379,13.000276],[80.135237,12.998944],[80.135015,12.997057],[80.135015,12.99517],[80.135126,12.993505],[80.134127,12.993061],[80.133572,12.993838],[80.132684,12.99517],[80.131463,12.99517],[80.129798,12.994504],[80.128355,12.994504],[80.127134,12.994726]]},{"type":"Polygon","coordinates":[[[80.127134,12.994726],[80.124359,12.996169],[80.122472,12.996835],[80.123915,12.999166],[80.125913,13.001275],[80.126357,13.00183],[80.127689,13.001941],[80.128355,13.002163],[80.12891,13.003162],[80.128244,13.003828],[80.128577,13.004827],[80.129243,13.005382],[80.129798,13.004605],[80.131241,13.003495],[80.13335,13.002829],[80.134571,13.001719],[80.135903,13.002385],[80.136791,13.003828],[80.138566,13.003273],[80.139454,13.002052],[80.1379,13.000276],[80.135237,12.998944],[80.135015,12.997057],[80.135015,12.99517],[80.135126,12.993505],[80.134127,12.993061],[80.133572,12.993838],[80.132684,12.99517],[80.131463,12.99517],[80.129798,12.994504],[80.128355,12.994504],[80.127134,12.994726]]]}]}},{"type":"Feature","properties":{"name":"3496.296277091661"},"geometry":{"type":"GeometryCollection","geometries":[{"type":"LineString","coordinates":[[80.150665,12.991174],[80.152996,12.991951],[80.15455,12.992395],[80.154217,12.99073],[80.154439,12.989842],[80.157436,12.990508],[80.15899,12.991618],[80.159656,12.993727],[80.160544,12.992506],[80.160544,12.990952],[80.159767,12.990064],[80.157991,12.988843],[80.156215,12.988288],[80.153218,12.986734],[80.152774,12.987955],[80.153329,12.989953],[80.152663,12.99073],[80.150665,12.991174]]},{"type":"Polygon","coordinates":[[[80.150665,12.991174],[80.152996,12.991951],[80.15455,12.992395],[80.154217,12.99073],[80.154439,12.989842],[80.157436,12.990508],[80.15899,12.991618],[80.159656,12.993727],[80.160544,12.992506],[80.160544,12.990952],[80.159767,12.990064],[80.157991,12.988843],[80.156215,12.988288],[80.153218,12.986734],[80.152774,12.987955],[80.153329,12.989953],[80.152663,12.99073],[80.150665,12.991174]]]}]}},{"type":"Feature","properties":{"name":"1080.580539567468"},"geometry":{"type":"GeometryCollection","geometries":[{"type":"LineString","coordinates":[[80.225699,13.000845],[80.226566,12.998764],[80.226913,12.99755],[80.225872,12.996683],[80.224658,12.99755],[80.225699,13.000845]]},{"type":"Polygon","coordinates":[[[80.225699,13.000845],[80.226566,12.998764],[80.226913,12.99755],[80.225872,12.996683],[80.224658,12.99755],[80.225699,13.000845]]]}]}},{"type":"Feature","properties":{"name":"986.3349888343139"},"geometry":{"type":"GeometryCollection","geometries":[{"type":"LineString","coordinates":[[80.217548,12.99304],[80.218762,12.99148],[80.218068,12.990266],[80.217027,12.989919],[80.215987,12.990786],[80.215987,12.992173],[80.217548,12.99304]]},{"type":"Polygon","coordinates":[[[80.217548,12.99304],[80.218762,12.99148],[80.218068,12.990266],[80.217027,12.989919],[80.215987,12.990786],[80.215987,12.992173],[80.217548,12.99304]]]}]}},{"type":"Feature","properties":{"name":"3203.980629713653"},"geometry":{"type":"GeometryCollection","geometries":[{"type":"LineString","coordinates":[[80.135459,13.009933],[80.135681,13.008934],[80.135348,13.008379],[80.136236,13.008157],[80.138011,13.007935],[80.137457,13.009045],[80.136569,13.010155],[80.137124,13.011154],[80.137789,13.009711],[80.139232,13.009045],[80.140231,13.008823],[80.139898,13.008046],[80.141119,13.007158],[80.141452,13.005715],[80.139343,13.005715],[80.138122,13.005937],[80.137789,13.006936],[80.136458,13.007269],[80.136125,13.005937],[80.135237,13.006714],[80.134127,13.007824],[80.133905,13.009267],[80.135459,13.009933]]},{"type":"Polygon","coordinates":[[[80.135459,13.009933],[80.135681,13.008934],[80.135348,13.008379],[80.136236,13.008157],[80.138011,13.007935],[80.137457,13.009045],[80.136569,13.010155],[80.137124,13.011154],[80.137789,13.009711],[80.139232,13.009045],[80.140231,13.008823],[80.139898,13.008046],[80.141119,13.007158],[80.141452,13.005715],[80.139343,13.005715],[80.138122,13.005937],[80.137789,13.006936],[80.136458,13.007269],[80.136125,13.005937],[80.135237,13.006714],[80.134127,13.007824],[80.133905,13.009267],[80.135459,13.009933]]]}]}},{"type":"Feature","properties":{"name":"1906.021091961181"},"geometry":{"type":"GeometryCollection","geometries":[{"type":"LineString","coordinates":[[80.149666,13.005493],[80.150332,13.004716],[80.150443,13.003828],[80.151775,13.003495],[80.152552,13.004494],[80.153551,13.005493],[80.154439,13.00516],[80.154439,13.003939],[80.153995,13.002829],[80.152663,13.00183],[80.151997,13.002607],[80.151442,13.00294],[80.149888,13.003162],[80.148889,13.003717],[80.148889,13.004383],[80.149666,13.005493]]},{"type":"Polygon","coordinates":[[[80.149666,13.005493],[80.150332,13.004716],[80.150443,13.003828],[80.151775,13.003495],[80.152552,13.004494],[80.153551,13.005493],[80.154439,13.00516],[80.154439,13.003939],[80.153995,13.002829],[80.152663,13.00183],[80.151997,13.002607],[80.151442,13.00294],[80.149888,13.003162],[80.148889,13.003717],[80.148889,13.004383],[80.149666,13.005493]]]}]}},{"type":"Feature","properties":{"name":"896.807605536355"},"geometry":{"type":"GeometryCollection","geometries":[{"type":"LineString","coordinates":[[80.155771,13.005382],[80.157436,13.005826],[80.157769,13.004716],[80.158213,13.00405],[80.158213,13.003273],[80.157103,13.003162],[80.156326,13.004161],[80.155771,13.005382]]},{"type":"Polygon","coordinates":[[[80.155771,13.005382],[80.157436,13.005826],[80.157769,13.004716],[80.158213,13.00405],[80.158213,13.003273],[80.157103,13.003162],[80.156326,13.004161],[80.155771,13.005382]]]}]}},{"type":"Feature","properties":{"name":"6827.309831909617"},"geometry":{"type":"GeometryCollection","geometries":[{"type":"LineString","coordinates":[[80.152552,13.017148],[80.153773,13.017481],[80.155771,13.017037],[80.156215,13.018369],[80.157436,13.019368],[80.158768,13.020144],[80.159656,13.019368],[80.158324,13.017814],[80.158435,13.017037],[80.159767,13.016704],[80.162098,13.016371],[80.163874,13.016815],[80.165317,13.017592],[80.165983,13.018147],[80.168425,13.018258],[80.169313,13.018147],[80.169646,13.017037],[80.171422,13.016926],[80.171866,13.018369],[80.172087,13.019146],[80.172753,13.020477],[80.173752,13.019812],[80.17464,13.019257],[80.175528,13.018702],[80.175306,13.016704],[80.173863,13.015927],[80.172087,13.015927],[80.170534,13.016038],[80.169091,13.015483],[80.167537,13.014817],[80.165872,13.014151],[80.16454,13.013596],[80.163208,13.013263],[80.162542,13.013818],[80.161765,13.014484],[80.160433,13.014484],[80.159212,13.014817],[80.15788,13.014706],[80.156992,13.013596],[80.155771,13.013374],[80.154217,13.013374],[80.153218,13.014484],[80.152552,13.015261],[80.152552,13.017148]]},{"type":"Polygon","coordinates":[[[80.152552,13.017148],[80.153773,13.017481],[80.155771,13.017037],[80.156215,13.018369],[80.157436,13.019368],[80.158768,13.020144],[80.159656,13.019368],[80.158324,13.017814],[80.158435,13.017037],[80.159767,13.016704],[80.162098,13.016371],[80.163874,13.016815],[80.165317,13.017592],[80.165983,13.018147],[80.168425,13.018258],[80.169313,13.018147],[80.169646,13.017037],[80.171422,13.016926],[80.171866,13.018369],[80.172087,13.019146],[80.172753,13.020477],[80.173752,13.019812],[80.17464,13.019257],[80.175528,13.018702],[80.175306,13.016704],[80.173863,13.015927],[80.172087,13.015927],[80.170534,13.016038],[80.169091,13.015483],[80.167537,13.014817],[80.165872,13.014151],[80.16454,13.013596],[80.163208,13.013263],[80.162542,13.013818],[80.161765,13.014484],[80.160433,13.014484],[80.159212,13.014817],[80.15788,13.014706],[80.156992,13.013596],[80.155771,13.013374],[80.154217,13.013374],[80.153218,13.014484],[80.152552,13.015261],[80.152552,13.017148]]]}]}},{"type":"Feature","properties":{"name":"1129.1822243010276"},"geometry":{"type":"GeometryCollection","geometries":[{"type":"LineString","coordinates":[[80.115097,12.998735],[80.115666,12.998309],[80.115666,12.996817],[80.115666,12.995894],[80.115737,12.994544],[80.115026,12.995539],[80.113819,12.996036],[80.113748,12.996604],[80.114245,12.997102],[80.114387,12.998167],[80.115097,12.998735]]},{"type":"Polygon","coordinates":[[[80.115097,12.998735],[80.115666,12.998309],[80.115666,12.996817],[80.115666,12.995894],[80.115737,12.994544],[80.115026,12.995539],[80.113819,12.996036],[80.113748,12.996604],[80.114245,12.997102],[80.114387,12.998167],[80.115097,12.998735]]]}]}},{"type":"Feature","properties":{"name":"2130.951397919312"},"geometry":{"type":"GeometryCollection","geometries":[{"type":"LineString","coordinates":[[80.238353,13.02303],[80.239019,13.022808],[80.239019,13.020699],[80.239019,13.019368],[80.239907,13.019146],[80.241238,13.017925],[80.241127,13.015816],[80.239685,13.015594],[80.237687,13.016371],[80.237354,13.019035],[80.237687,13.020588],[80.238353,13.02303]]},{"type":"Polygon","coordinates":[[[80.238353,13.02303],[80.239019,13.022808],[80.239019,13.020699],[80.239019,13.019368],[80.239907,13.019146],[80.241238,13.017925],[80.241127,13.015816],[80.239685,13.015594],[80.237687,13.016371],[80.237354,13.019035],[80.237687,13.020588],[80.238353,13.02303]]]}]}},{"type":"Feature","properties":{"name":"1183.105471298071"},"geometry":{"type":"GeometryCollection","geometries":[{"type":"LineString","coordinates":[[80.231249,13.023807],[80.232803,13.023918],[80.235023,13.023474],[80.235467,13.022253],[80.233802,13.021254],[80.232026,13.022253],[80.231249,13.023807]]},{"type":"Polygon","coordinates":[[[80.231249,13.023807],[80.232803,13.023918],[80.235023,13.023474],[80.235467,13.022253],[80.233802,13.021254],[80.232026,13.022253],[80.231249,13.023807]]]}]}},{"type":"Feature","properties":{"name":"2008.5632065052166"},"geometry":{"type":"GeometryCollection","geometries":[{"type":"LineString","coordinates":[[80.250451,13.021698],[80.252227,13.020699],[80.25256,13.019035],[80.253004,13.017481],[80.252893,13.015816],[80.252338,13.013929],[80.251228,13.015927],[80.249674,13.017925],[80.248897,13.019479],[80.250451,13.021698]]},{"type":"Polygon","coordinates":[[[80.250451,13.021698],[80.252227,13.020699],[80.25256,13.019035],[80.253004,13.017481],[80.252893,13.015816],[80.252338,13.013929],[80.251228,13.015927],[80.249674,13.017925],[80.248897,13.019479],[80.250451,13.021698]]]}]}},{"type":"Feature","properties":{"name":"3401.8976626240765"},"geometry":{"type":"GeometryCollection","geometries":[{"type":"LineString","coordinates":[[80.12927,13.042989],[80.129444,13.045244],[80.131525,13.046631],[80.13482,13.046631],[80.137595,13.046111],[80.139503,13.04403],[80.139156,13.041255],[80.139156,13.038306],[80.138289,13.037959],[80.135861,13.038827],[80.133259,13.039867],[80.131005,13.040561],[80.12927,13.042989]]},{"type":"Polygon","coordinates":[[[80.12927,13.042989],[80.129444,13.045244],[80.131525,13.046631],[80.13482,13.046631],[80.137595,13.046111],[80.139503,13.04403],[80.139156,13.041255],[80.139156,13.038306],[80.138289,13.037959],[80.135861,13.038827],[80.133259,13.039867],[80.131005,13.040561],[80.12927,13.042989]]]}]}},{"type":"Feature","properties":{"name":"1803.481461083135"},"geometry":{"type":"GeometryCollection","geometries":[{"type":"LineString","coordinates":[[80.125972,13.012758],[80.12592,13.012241],[80.125869,13.011931],[80.124213,13.011931],[80.123024,13.011724],[80.122972,13.012396],[80.123593,13.012552],[80.123489,13.013327],[80.124886,13.013121],[80.124834,13.014207],[80.126127,13.014259],[80.126231,13.013534],[80.127214,13.013379],[80.127524,13.014259],[80.127938,13.014052],[80.127938,13.013224],[80.127834,13.012603],[80.12711,13.012293],[80.12649,13.012189],[80.126386,13.012655],[80.125972,13.012758]]},{"type":"Polygon","coordinates":[[[80.125972,13.012758],[80.12592,13.012241],[80.125869,13.011931],[80.124213,13.011931],[80.123024,13.011724],[80.122972,13.012396],[80.123593,13.012552],[80.123489,13.013327],[80.124886,13.013121],[80.124834,13.014207],[80.126127,13.014259],[80.126231,13.013534],[80.127214,13.013379],[80.127524,13.014259],[80.127938,13.014052],[80.127938,13.013224],[80.127834,13.012603],[80.12711,13.012293],[80.12649,13.012189],[80.126386,13.012655],[80.125972,13.012758]]]}]}},{"type":"Feature","properties":{"name":"8013.216189421572"},"geometry":{"type":"GeometryCollection","geometries":[{"type":"LineString","coordinates":[[80.119144,13.012552],[80.119092,13.013327],[80.118265,13.013327],[80.11842,13.015293],[80.117851,13.015293],[80.117747,13.015604],[80.116816,13.015914],[80.115937,13.016121],[80.11542,13.016379],[80.114954,13.016742],[80.114126,13.017104],[80.113868,13.017673],[80.11392,13.018759],[80.114747,13.01938],[80.115885,13.01938],[80.116661,13.018914],[80.117075,13.018293],[80.117489,13.017828],[80.117696,13.017828],[80.117903,13.018138],[80.118213,13.018293],[80.118523,13.018552],[80.119248,13.0185],[80.11961,13.017931],[80.119868,13.017517],[80.120179,13.016897],[80.120489,13.016431],[80.120955,13.016328],[80.12142,13.016586],[80.121575,13.016793],[80.122351,13.017311],[80.123334,13.017],[80.123903,13.016897],[80.124524,13.016793],[80.124938,13.016793],[80.124782,13.017311],[80.124213,13.017776],[80.124472,13.018138],[80.124834,13.019018],[80.124265,13.019328],[80.123593,13.01969],[80.123489,13.019173],[80.123075,13.018449],[80.121782,13.018293],[80.12111,13.0185],[80.12023,13.019069],[80.120179,13.02],[80.12023,13.020725],[80.120541,13.022018],[80.120955,13.022742],[80.121886,13.022742],[80.123075,13.022328],[80.123231,13.023156],[80.122662,13.024035],[80.123127,13.024346],[80.123541,13.024397],[80.124265,13.023932],[80.125093,13.023156],[80.126231,13.022483],[80.126334,13.02119],[80.126283,13.02],[80.126127,13.018966],[80.126127,13.017828],[80.126903,13.017621],[80.127783,13.018035],[80.127886,13.018604],[80.128145,13.019535],[80.128972,13.019845],[80.129593,13.019742],[80.129955,13.018966],[80.129335,13.017983],[80.129179,13.017362],[80.129697,13.016793],[80.1298,13.016276],[80.129541,13.015707],[80.128817,13.015759],[80.128507,13.016224],[80.127576,13.016224],[80.127317,13.01581],[80.127214,13.015448],[80.126179,13.015293],[80.124886,13.015293],[80.124782,13.014724],[80.124162,13.014207],[80.123489,13.014724],[80.123334,13.015397],[80.12261,13.015862],[80.121834,13.015759],[80.121161,13.015397],[80.120851,13.014569],[80.120592,13.013638],[80.120179,13.013017],[80.119144,13.012552]]},{"type":"Polygon","coordinates":[[[80.119144,13.012552],[80.119092,13.013327],[80.118265,13.013327],[80.11842,13.015293],[80.117851,13.015293],[80.117747,13.015604],[80.116816,13.015914],[80.115937,13.016121],[80.11542,13.016379],[80.114954,13.016742],[80.114126,13.017104],[80.113868,13.017673],[80.11392,13.018759],[80.114747,13.01938],[80.115885,13.01938],[80.116661,13.018914],[80.117075,13.018293],[80.117489,13.017828],[80.117696,13.017828],[80.117903,13.018138],[80.118213,13.018293],[80.118523,13.018552],[80.119248,13.0185],[80.11961,13.017931],[80.119868,13.017517],[80.120179,13.016897],[80.120489,13.016431],[80.120955,13.016328],[80.12142,13.016586],[80.121575,13.016793],[80.122351,13.017311],[80.123334,13.017],[80.123903,13.016897],[80.124524,13.016793],[80.124938,13.016793],[80.124782,13.017311],[80.124213,13.017776],[80.124472,13.018138],[80.124834,13.019018],[80.124265,13.019328],[80.123593,13.01969],[80.123489,13.019173],[80.123075,13.018449],[80.121782,13.018293],[80.12111,13.0185],[80.12023,13.019069],[80.120179,13.02],[80.12023,13.020725],[80.120541,13.022018],[80.120955,13.022742],[80.121886,13.022742],[80.123075,13.022328],[80.123231,13.023156],[80.122662,13.024035],[80.123127,13.024346],[80.123541,13.024397],[80.124265,13.023932],[80.125093,13.023156],[80.126231,13.022483],[80.126334,13.02119],[80.126283,13.02],[80.126127,13.018966],[80.126127,13.017828],[80.126903,13.017621],[80.127783,13.018035],[80.127886,13.018604],[80.128145,13.019535],[80.128972,13.019845],[80.129593,13.019742],[80.129955,13.018966],[80.129335,13.017983],[80.129179,13.017362],[80.129697,13.016793],[80.1298,13.016276],[80.129541,13.015707],[80.128817,13.015759],[80.128507,13.016224],[80.127576,13.016224],[80.127317,13.01581],[80.127214,13.015448],[80.126179,13.015293],[80.124886,13.015293],[80.124782,13.014724],[80.124162,13.014207],[80.123489,13.014724],[80.123334,13.015397],[80.12261,13.015862],[80.121834,13.015759],[80.121161,13.015397],[80.120851,13.014569],[80.120592,13.013638],[80.120179,13.013017],[80.119144,13.012552]]]}]}},{"type":"Feature","properties":{"name":"1467.632718908133"},"geometry":{"type":"GeometryCollection","geometries":[{"type":"LineString","coordinates":[[80.135384,13.019435],[80.136838,13.02],[80.138374,13.019839],[80.140556,13.019354],[80.140152,13.016929],[80.138132,13.017252],[80.136353,13.018141],[80.135384,13.019435]]},{"type":"Polygon","coordinates":[[[80.135384,13.019435],[80.136838,13.02],[80.138374,13.019839],[80.140556,13.019354],[80.140152,13.016929],[80.138132,13.017252],[80.136353,13.018141],[80.135384,13.019435]]]}]}},{"type":"Feature","properties":{"name":"8580.4443378517517"},"geometry":{"type":"GeometryCollection","geometries":[{"type":"LineString","coordinates":[[80.135469,13.026906],[80.135722,13.026527],[80.136985,13.026401],[80.136859,13.027411],[80.137237,13.028548],[80.137364,13.029053],[80.138248,13.029558],[80.138374,13.030442],[80.138374,13.030821],[80.139132,13.032084],[80.140016,13.032463],[80.1409,13.033094],[80.139132,13.03322],[80.13749,13.033852],[80.138627,13.034483],[80.140395,13.036125],[80.141658,13.036757],[80.144436,13.035872],[80.145573,13.035241],[80.145573,13.033473],[80.144183,13.033473],[80.142163,13.033347],[80.141531,13.032589],[80.141026,13.031326],[80.140016,13.030316],[80.140647,13.029432],[80.141531,13.030063],[80.142542,13.0312],[80.144562,13.0312],[80.145951,13.030316],[80.144941,13.029179],[80.143426,13.028548],[80.142036,13.028043],[80.139763,13.026906],[80.138753,13.025896],[80.138121,13.025012],[80.135722,13.024506],[80.132438,13.023622],[80.130797,13.024254],[80.129913,13.026274],[80.131428,13.026653],[80.131428,13.028169],[80.130292,13.028169],[80.130292,13.029432],[80.128902,13.030947],[80.130292,13.0312],[80.13206,13.030568],[80.132944,13.029305],[80.132438,13.028169],[80.132691,13.027159],[80.133828,13.027159],[80.134207,13.028421],[80.135343,13.028169],[80.135469,13.026906]]},{"type":"Polygon","coordinates":[[[80.135469,13.026906],[80.135722,13.026527],[80.136985,13.026401],[80.136859,13.027411],[80.137237,13.028548],[80.137364,13.029053],[80.138248,13.029558],[80.138374,13.030442],[80.138374,13.030821],[80.139132,13.032084],[80.140016,13.032463],[80.1409,13.033094],[80.139132,13.03322],[80.13749,13.033852],[80.138627,13.034483],[80.140395,13.036125],[80.141658,13.036757],[80.144436,13.035872],[80.145573,13.035241],[80.145573,13.033473],[80.144183,13.033473],[80.142163,13.033347],[80.141531,13.032589],[80.141026,13.031326],[80.140016,13.030316],[80.140647,13.029432],[80.141531,13.030063],[80.142542,13.0312],[80.144562,13.0312],[80.145951,13.030316],[80.144941,13.029179],[80.143426,13.028548],[80.142036,13.028043],[80.139763,13.026906],[80.138753,13.025896],[80.138121,13.025012],[80.135722,13.024506],[80.132438,13.023622],[80.130797,13.024254],[80.129913,13.026274],[80.131428,13.026653],[80.131428,13.028169],[80.130292,13.028169],[80.130292,13.029432],[80.128902,13.030947],[80.130292,13.0312],[80.13206,13.030568],[80.132944,13.029305],[80.132438,13.028169],[80.132691,13.027159],[80.133828,13.027159],[80.134207,13.028421],[80.135343,13.028169],[80.135469,13.026906]]]}]}},{"type":"Feature","properties":{"name":"2364.0794059910486"},"geometry":{"type":"GeometryCollection","geometries":[{"type":"LineString","coordinates":[[80.141405,13.046102],[80.142921,13.046228],[80.144815,13.046228],[80.145699,13.045849],[80.145951,13.045092],[80.145573,13.044334],[80.144815,13.043955],[80.144562,13.043197],[80.14532,13.043197],[80.146583,13.043324],[80.146709,13.04244],[80.146204,13.041556],[80.145573,13.041303],[80.144183,13.041682],[80.143299,13.041682],[80.142163,13.041934],[80.14191,13.043197],[80.142415,13.043829],[80.143173,13.044334],[80.142794,13.045092],[80.14191,13.045092],[80.141405,13.046102]]},{"type":"Polygon","coordinates":[[[80.141405,13.046102],[80.142921,13.046228],[80.144815,13.046228],[80.145699,13.045849],[80.145951,13.045092],[80.145573,13.044334],[80.144815,13.043955],[80.144562,13.043197],[80.14532,13.043197],[80.146583,13.043324],[80.146709,13.04244],[80.146204,13.041556],[80.145573,13.041303],[80.144183,13.041682],[80.143299,13.041682],[80.142163,13.041934],[80.14191,13.043197],[80.142415,13.043829],[80.143173,13.044334],[80.142794,13.045092],[80.14191,13.045092],[80.141405,13.046102]]]}]}},{"type":"Feature","properties":{"name":"12313.861107636625"},"geometry":{"type":"GeometryCollection","geometries":[{"type":"LineString","coordinates":[[80.069846,13.066571],[80.071062,13.066687],[80.072325,13.066435],[80.073966,13.065803],[80.073966,13.064161],[80.07384,13.063025],[80.071946,13.062898],[80.071567,13.065424],[80.069846,13.066571]]},{"type":"LineString","coordinates":[[80.069846,13.066571],[80.068759,13.066468],[80.069672,13.066687],[80.069846,13.066571]]},{"type":"LineString","coordinates":[[80.063484,13.070855],[80.065,13.070476],[80.066263,13.069087],[80.067147,13.068582],[80.066894,13.067319],[80.066894,13.066056],[80.06841,13.066435],[80.068759,13.066468],[80.066515,13.065929],[80.066263,13.064667],[80.065884,13.062267],[80.066642,13.060625],[80.070683,13.060625],[80.071567,13.061383],[80.071693,13.061888],[80.073209,13.060625],[80.073082,13.059489],[80.072072,13.058731],[80.072072,13.057215],[80.074977,13.057089],[80.074977,13.055574],[80.07624,13.055574],[80.078134,13.055574],[80.079776,13.054184],[80.081417,13.0533],[80.081291,13.052543],[80.079018,13.052543],[80.076871,13.052669],[80.075229,13.053553],[80.073209,13.054437],[80.07283,13.054058],[80.071819,13.053553],[80.07043,13.053427],[80.069294,13.052669],[80.067904,13.051406],[80.06702,13.052038],[80.066515,13.053174],[80.066515,13.05469],[80.065379,13.055826],[80.065252,13.056963],[80.066768,13.057215],[80.066894,13.057973],[80.066642,13.058478],[80.065126,13.058984],[80.064621,13.05911],[80.063863,13.059741],[80.063989,13.060499],[80.065126,13.060499],[80.066894,13.059489],[80.065884,13.060625],[80.065126,13.061762],[80.063737,13.060752],[80.063484,13.059615],[80.062727,13.059236],[80.061337,13.059236],[80.060327,13.061509],[80.060074,13.063025],[80.061716,13.063783],[80.063989,13.064035],[80.064368,13.065045],[80.065252,13.067066],[80.063484,13.067319],[80.063484,13.070855]]},{"type":"Polygon","coordinates":[[[80.069846,13.066571],[80.071062,13.066687],[80.072325,13.066435],[80.073966,13.065803],[80.073966,13.064161],[80.07384,13.063025],[80.071946,13.062898],[80.071567,13.065424],[80.069846,13.066571]]]},{"type":"Polygon","coordinates":[[[80.069846,13.066571],[80.068759,13.066468],[80.069672,13.066687],[80.069846,13.066571]]]},{"type":"Polygon","coordinates":[[[80.063484,13.070855],[80.065,13.070476],[80.066263,13.069087],[80.067147,13.068582],[80.066894,13.067319],[80.066894,13.066056],[80.06841,13.066435],[80.068759,13.066468],[80.066515,13.065929],[80.066263,13.064667],[80.065884,13.062267],[80.066642,13.060625],[80.070683,13.060625],[80.071567,13.061383],[80.071693,13.061888],[80.073209,13.060625],[80.073082,13.059489],[80.072072,13.058731],[80.072072,13.057215],[80.074977,13.057089],[80.074977,13.055574],[80.07624,13.055574],[80.078134,13.055574],[80.079776,13.054184],[80.081417,13.0533],[80.081291,13.052543],[80.079018,13.052543],[80.076871,13.052669],[80.075229,13.053553],[80.073209,13.054437],[80.07283,13.054058],[80.071819,13.053553],[80.07043,13.053427],[80.069294,13.052669],[80.067904,13.051406],[80.06702,13.052038],[80.066515,13.053174],[80.066515,13.05469],[80.065379,13.055826],[80.065252,13.056963],[80.066768,13.057215],[80.066894,13.057973],[80.066642,13.058478],[80.065126,13.058984],[80.064621,13.05911],[80.063863,13.059741],[80.063989,13.060499],[80.065126,13.060499],[80.066894,13.059489],[80.065884,13.060625],[80.065126,13.061762],[80.063737,13.060752],[80.063484,13.059615],[80.062727,13.059236],[80.061337,13.059236],[80.060327,13.061509],[80.060074,13.063025],[80.061716,13.063783],[80.063989,13.064035],[80.064368,13.065045],[80.065252,13.067066],[80.063484,13.067319],[80.063484,13.070855]]]}]}},{"type":"Feature","properties":{"name":"4832.165945724021"},"geometry":{"type":"GeometryCollection","geometries":[{"type":"LineString","coordinates":[[80.07043,13.086767],[80.071946,13.087904],[80.07283,13.088409],[80.073587,13.08904],[80.076113,13.089167],[80.076618,13.08803],[80.076618,13.087146],[80.076997,13.086641],[80.077755,13.086136],[80.079397,13.086262],[80.079144,13.087272],[80.079271,13.088283],[80.08066,13.087399],[80.081417,13.086515],[80.082554,13.085252],[80.083691,13.085378],[80.085332,13.086262],[80.085459,13.085125],[80.084701,13.084241],[80.083312,13.084241],[80.082049,13.083231],[80.080407,13.083484],[80.080533,13.081842],[80.079397,13.081968],[80.079397,13.083357],[80.077881,13.083484],[80.076871,13.083863],[80.076492,13.084494],[80.075861,13.085631],[80.075608,13.086388],[80.075103,13.086641],[80.074598,13.085757],[80.07384,13.085378],[80.072703,13.085631],[80.072325,13.086262],[80.07043,13.086767]]},{"type":"Polygon","coordinates":[[[80.07043,13.086767],[80.071946,13.087904],[80.07283,13.088409],[80.073587,13.08904],[80.076113,13.089167],[80.076618,13.08803],[80.076618,13.087146],[80.076997,13.086641],[80.077755,13.086136],[80.079397,13.086262],[80.079144,13.087272],[80.079271,13.088283],[80.08066,13.087399],[80.081417,13.086515],[80.082554,13.085252],[80.083691,13.085378],[80.085332,13.086262],[80.085459,13.085125],[80.084701,13.084241],[80.083312,13.084241],[80.082049,13.083231],[80.080407,13.083484],[80.080533,13.081842],[80.079397,13.081968],[80.079397,13.083357],[80.077881,13.083484],[80.076871,13.083863],[80.076492,13.084494],[80.075861,13.085631],[80.075608,13.086388],[80.075103,13.086641],[80.074598,13.085757],[80.07384,13.085378],[80.072703,13.085631],[80.072325,13.086262],[80.07043,13.086767]]]}]}},{"type":"Feature","properties":{"name":"11166.425520162367"},"geometry":{"type":"GeometryCollection","geometries":[{"type":"LineString","coordinates":[[80.086216,13.069339],[80.085711,13.07136],[80.08508,13.074896],[80.085711,13.076159],[80.088237,13.076285],[80.090005,13.077674],[80.091521,13.078937],[80.093162,13.078937],[80.094678,13.078432],[80.096193,13.078432],[80.098467,13.079064],[80.098972,13.080074],[80.099098,13.081842],[80.098719,13.082852],[80.09834,13.083863],[80.098088,13.086009],[80.097583,13.087399],[80.09632,13.088283],[80.097077,13.089546],[80.097456,13.090177],[80.098593,13.087146],[80.100108,13.085504],[80.101624,13.084241],[80.10276,13.08361],[80.104023,13.082347],[80.105034,13.080832],[80.105918,13.078811],[80.107938,13.076538],[80.10857,13.074391],[80.108822,13.072118],[80.109075,13.070223],[80.107307,13.069718],[80.105286,13.069213],[80.101876,13.069213],[80.10415,13.071234],[80.105665,13.072749],[80.105791,13.074391],[80.106423,13.076411],[80.105791,13.077548],[80.104781,13.076411],[80.103392,13.075906],[80.102003,13.075149],[80.099098,13.07477],[80.096951,13.07477],[80.095941,13.074643],[80.097204,13.073254],[80.096572,13.072875],[80.093794,13.072749],[80.091394,13.072496],[80.090005,13.072875],[80.090131,13.071234],[80.090131,13.070476],[80.08849,13.068834],[80.086216,13.069339]]},{"type":"Polygon","coordinates":[[[80.086216,13.069339],[80.085711,13.07136],[80.08508,13.074896],[80.085711,13.076159],[80.088237,13.076285],[80.090005,13.077674],[80.091521,13.078937],[80.093162,13.078937],[80.094678,13.078432],[80.096193,13.078432],[80.098467,13.079064],[80.098972,13.080074],[80.099098,13.081842],[80.098719,13.082852],[80.09834,13.083863],[80.098088,13.086009],[80.097583,13.087399],[80.09632,13.088283],[80.097077,13.089546],[80.097456,13.090177],[80.098593,13.087146],[80.100108,13.085504],[80.101624,13.084241],[80.10276,13.08361],[80.104023,13.082347],[80.105034,13.080832],[80.105918,13.078811],[80.107938,13.076538],[80.10857,13.074391],[80.108822,13.072118],[80.109075,13.070223],[80.107307,13.069718],[80.105286,13.069213],[80.101876,13.069213],[80.10415,13.071234],[80.105665,13.072749],[80.105791,13.074391],[80.106423,13.076411],[80.105791,13.077548],[80.104781,13.076411],[80.103392,13.075906],[80.102003,13.075149],[80.099098,13.07477],[80.096951,13.07477],[80.095941,13.074643],[80.097204,13.073254],[80.096572,13.072875],[80.093794,13.072749],[80.091394,13.072496],[80.090005,13.072875],[80.090131,13.071234],[80.090131,13.070476],[80.08849,13.068834],[80.086216,13.069339]]]}]}},{"type":"Feature","properties":{"name":"5549.844654750316"},"geometry":{"type":"GeometryCollection","geometries":[{"type":"LineString","coordinates":[[80.086974,13.05128],[80.086722,13.05229],[80.085838,13.053932],[80.085964,13.056584],[80.086848,13.056458],[80.088111,13.056584],[80.088742,13.057342],[80.089374,13.058478],[80.090258,13.05911],[80.090637,13.057721],[80.092152,13.057594],[80.093289,13.057594],[80.094046,13.058478],[80.094804,13.058731],[80.095309,13.059489],[80.094425,13.059994],[80.093668,13.061257],[80.094173,13.063025],[80.095309,13.063783],[80.096067,13.064161],[80.096951,13.064793],[80.098214,13.064919],[80.099098,13.066182],[80.099729,13.064919],[80.099224,13.062772],[80.098088,13.061257],[80.096698,13.059236],[80.095562,13.057594],[80.094678,13.056837],[80.09291,13.056079],[80.091142,13.056205],[80.089879,13.055321],[80.090131,13.053806],[80.08849,13.052543],[80.088363,13.051911],[80.086974,13.05128]]},{"type":"Polygon","coordinates":[[[80.086974,13.05128],[80.086722,13.05229],[80.085838,13.053932],[80.085964,13.056584],[80.086848,13.056458],[80.088111,13.056584],[80.088742,13.057342],[80.089374,13.058478],[80.090258,13.05911],[80.090637,13.057721],[80.092152,13.057594],[80.093289,13.057594],[80.094046,13.058478],[80.094804,13.058731],[80.095309,13.059489],[80.094425,13.059994],[80.093668,13.061257],[80.094173,13.063025],[80.095309,13.063783],[80.096067,13.064161],[80.096951,13.064793],[80.098214,13.064919],[80.099098,13.066182],[80.099729,13.064919],[80.099224,13.062772],[80.098088,13.061257],[80.096698,13.059236],[80.095562,13.057594],[80.094678,13.056837],[80.09291,13.056079],[80.091142,13.056205],[80.089879,13.055321],[80.090131,13.053806],[80.08849,13.052543],[80.088363,13.051911],[80.086974,13.05128]]]}]}},{"type":"Feature","properties":{"name":"1726.56803855497"},"geometry":{"type":"GeometryCollection","geometries":[{"type":"LineString","coordinates":[[80.100487,13.054311],[80.100108,13.055574],[80.099477,13.05671],[80.101245,13.056837],[80.102508,13.056837],[80.104276,13.056584],[80.105918,13.05671],[80.105791,13.055447],[80.104781,13.055069],[80.102382,13.054311],[80.100487,13.054311]]},{"type":"Polygon","coordinates":[[[80.100487,13.054311],[80.100108,13.055574],[80.099477,13.05671],[80.101245,13.056837],[80.102508,13.056837],[80.104276,13.056584],[80.105918,13.05671],[80.105791,13.055447],[80.104781,13.055069],[80.102382,13.054311],[80.100487,13.054311]]]}]}},{"type":"Feature","properties":{"name":"3964.8102166257077"},"geometry":{"type":"GeometryCollection","geometries":[{"type":"LineString","coordinates":[[80.110211,13.03221],[80.109327,13.035241],[80.111222,13.035872],[80.111853,13.036757],[80.110464,13.036883],[80.109706,13.037893],[80.110085,13.038651],[80.112232,13.038525],[80.113495,13.037767],[80.115895,13.037893],[80.117789,13.037388],[80.118925,13.035872],[80.119431,13.034231],[80.118799,13.033978],[80.117663,13.035367],[80.115895,13.035999],[80.114253,13.036125],[80.113369,13.034104],[80.113369,13.032336],[80.11198,13.032463],[80.110969,13.033852],[80.110211,13.03221]]},{"type":"Polygon","coordinates":[[[80.110211,13.03221],[80.109327,13.035241],[80.111222,13.035872],[80.111853,13.036757],[80.110464,13.036883],[80.109706,13.037893],[80.110085,13.038651],[80.112232,13.038525],[80.113495,13.037767],[80.115895,13.037893],[80.117789,13.037388],[80.118925,13.035872],[80.119431,13.034231],[80.118799,13.033978],[80.117663,13.035367],[80.115895,13.035999],[80.114253,13.036125],[80.113369,13.034104],[80.113369,13.032336],[80.11198,13.032463],[80.110969,13.033852],[80.110211,13.03221]]]}]}},{"type":"Feature","properties":{"name":"1794.821592868353"},"geometry":{"type":"GeometryCollection","geometries":[{"type":"LineString","coordinates":[[80.116021,13.041934],[80.114632,13.043197],[80.113621,13.045344],[80.114758,13.045344],[80.116526,13.045597],[80.116905,13.045976],[80.118673,13.045092],[80.119809,13.044586],[80.117157,13.043829],[80.117284,13.04244],[80.116021,13.041934]]},{"type":"Polygon","coordinates":[[[80.116021,13.041934],[80.114632,13.043197],[80.113621,13.045344],[80.114758,13.045344],[80.116526,13.045597],[80.116905,13.045976],[80.118673,13.045092],[80.119809,13.044586],[80.117157,13.043829],[80.117284,13.04244],[80.116021,13.041934]]]}]}},{"type":"Feature","properties":{"name":"1151.409677731492"},"geometry":{"type":"GeometryCollection","geometries":[{"type":"LineString","coordinates":[[80.141439,13.116991],[80.140456,13.117198],[80.139835,13.117612],[80.140094,13.118957],[80.140249,13.12025],[80.141491,13.120405],[80.142422,13.119991],[80.142577,13.119836],[80.142577,13.11875],[80.14237,13.118388],[80.141542,13.118232],[80.141439,13.116991]]},{"type":"Polygon","coordinates":[[[80.141439,13.116991],[80.140456,13.117198],[80.139835,13.117612],[80.140094,13.118957],[80.140249,13.12025],[80.141491,13.120405],[80.142422,13.119991],[80.142577,13.119836],[80.142577,13.11875],[80.14237,13.118388],[80.141542,13.118232],[80.141439,13.116991]]]}]}},{"type":"Feature","properties":{"name":"3419.962936697116"},"geometry":{"type":"GeometryCollection","geometries":[{"type":"LineString","coordinates":[[80.076137,13.201612],[80.079097,13.201612],[80.082254,13.202993],[80.082846,13.20398],[80.08403,13.20398],[80.084819,13.202401],[80.084622,13.201612],[80.083241,13.201809],[80.081859,13.201415],[80.082649,13.199441],[80.081859,13.199244],[80.080083,13.198257],[80.07811,13.196087],[80.075545,13.196284],[80.074361,13.199047],[80.07594,13.199639],[80.076137,13.201612]]},{"type":"Polygon","coordinates":[[[80.076137,13.201612],[80.079097,13.201612],[80.082254,13.202993],[80.082846,13.20398],[80.08403,13.20398],[80.084819,13.202401],[80.084622,13.201612],[80.083241,13.201809],[80.081859,13.201415],[80.082649,13.199441],[80.081859,13.199244],[80.080083,13.198257],[80.07811,13.196087],[80.075545,13.196284],[80.074361,13.199047],[80.07594,13.199639],[80.076137,13.201612]]]}]}},{"type":"Feature","properties":{"name":"1171.431891324955"},"geometry":{"type":"GeometryCollection","geometries":[{"type":"LineString","coordinates":[[80.084819,13.197468],[80.086201,13.196679],[80.085806,13.194113],[80.083241,13.194311],[80.083241,13.1951],[80.084425,13.195692],[80.084819,13.197468]]},{"type":"Polygon","coordinates":[[[80.084819,13.197468],[80.086201,13.196679],[80.085806,13.194113],[80.083241,13.194311],[80.083241,13.1951],[80.084425,13.195692],[80.084819,13.197468]]]}]}},{"type":"Feature","properties":{"name":"595.661897810487"},"geometry":{"type":"GeometryCollection","geometries":[{"type":"LineString","coordinates":[[80.080083,13.195889],[80.081267,13.195889],[80.081859,13.194311],[80.080675,13.194705],[80.080083,13.195889]]},{"type":"Polygon","coordinates":[[[80.080083,13.195889],[80.081267,13.195889],[80.081859,13.194311],[80.080675,13.194705],[80.080083,13.195889]]]}]}},{"type":"Feature","properties":{"name":"3054.856608675138"},"geometry":{"type":"GeometryCollection","geometries":[{"type":"LineString","coordinates":[[80.082649,13.116761],[80.083438,13.116958],[80.086398,13.117748],[80.08995,13.118537],[80.091528,13.11834],[80.09212,13.116366],[80.09212,13.114196],[80.09291,13.112617],[80.091331,13.112222],[80.090542,13.113012],[80.090345,13.114788],[80.08995,13.115577],[80.086398,13.115972],[80.084622,13.115972],[80.082649,13.116761]]},{"type":"Polygon","coordinates":[[[80.082649,13.116761],[80.083438,13.116958],[80.086398,13.117748],[80.08995,13.118537],[80.091528,13.11834],[80.09212,13.116366],[80.09212,13.114196],[80.09291,13.112617],[80.091331,13.112222],[80.090542,13.113012],[80.090345,13.114788],[80.08995,13.115577],[80.086398,13.115972],[80.084622,13.115972],[80.082649,13.116761]]]}]}},{"type":"Feature","properties":{"name":"4523.5617223816"},"geometry":{"type":"GeometryCollection","geometries":[{"type":"LineString","coordinates":[[80.08403,13.110447],[80.086595,13.109855],[80.088766,13.109263],[80.088766,13.107684],[80.088569,13.106303],[80.088963,13.104724],[80.090147,13.103145],[80.089161,13.103343],[80.087582,13.104527],[80.08699,13.106105],[80.086201,13.107092],[80.085411,13.106697],[80.085214,13.104527],[80.085017,13.103145],[80.084622,13.100777],[80.083635,13.100186],[80.081662,13.100777],[80.079294,13.101172],[80.080675,13.104527],[80.08403,13.106697],[80.084227,13.108473],[80.08403,13.110447]]},{"type":"Polygon","coordinates":[[[80.08403,13.110447],[80.086595,13.109855],[80.088766,13.109263],[80.088766,13.107684],[80.088569,13.106303],[80.088963,13.104724],[80.090147,13.103145],[80.089161,13.103343],[80.087582,13.104527],[80.08699,13.106105],[80.086201,13.107092],[80.085411,13.106697],[80.085214,13.104527],[80.085017,13.103145],[80.084622,13.100777],[80.083635,13.100186],[80.081662,13.100777],[80.079294,13.101172],[80.080675,13.104527],[80.08403,13.106697],[80.084227,13.108473],[80.08403,13.110447]]]}]}},{"type":"Feature","properties":{"name":"5294.4133589667836"},"geometry":{"type":"GeometryCollection","geometries":[{"type":"LineString","coordinates":[[80.099224,13.152083],[80.101592,13.151293],[80.103368,13.152675],[80.105933,13.153267],[80.108301,13.154056],[80.110669,13.153859],[80.113432,13.15228],[80.115997,13.15228],[80.116589,13.151096],[80.115997,13.149123],[80.113629,13.147939],[80.110669,13.147741],[80.109091,13.146163],[80.107907,13.145176],[80.106525,13.145176],[80.105341,13.145571],[80.104552,13.146557],[80.102776,13.145176],[80.100606,13.143992],[80.101987,13.146557],[80.100803,13.149517],[80.099224,13.152083]]},{"type":"Polygon","coordinates":[[[80.099224,13.152083],[80.101592,13.151293],[80.103368,13.152675],[80.105933,13.153267],[80.108301,13.154056],[80.110669,13.153859],[80.113432,13.15228],[80.115997,13.15228],[80.116589,13.151096],[80.115997,13.149123],[80.113629,13.147939],[80.110669,13.147741],[80.109091,13.146163],[80.107907,13.145176],[80.106525,13.145176],[80.105341,13.145571],[80.104552,13.146557],[80.102776,13.145176],[80.100606,13.143992],[80.101987,13.146557],[80.100803,13.149517],[80.099224,13.152083]]]}]}},{"type":"Feature","properties":{"name":"1257.6650598480037"},"geometry":{"type":"GeometryCollection","geometries":[{"type":"LineString","coordinates":[[80.275019,13.076285],[80.27704,13.076411],[80.277924,13.075654],[80.276788,13.07477],[80.275904,13.074012],[80.275019,13.073002],[80.274514,13.072623],[80.274641,13.074643],[80.275019,13.076285]]},{"type":"Polygon","coordinates":[[[80.275019,13.076285],[80.27704,13.076411],[80.277924,13.075654],[80.276788,13.07477],[80.275904,13.074012],[80.275019,13.073002],[80.274514,13.072623],[80.274641,13.074643],[80.275019,13.076285]]]}]}},{"type":"Feature","properties":{"name":"4889.380293230076"},"geometry":{"type":"GeometryCollection","geometries":[{"type":"LineString","coordinates":[[80.119154,13.14123],[80.120141,13.145571],[80.120536,13.146557],[80.124482,13.152083],[80.129613,13.152872],[80.132573,13.153069],[80.134743,13.153464],[80.134743,13.151885],[80.133362,13.150504],[80.131586,13.150307],[80.129415,13.149517],[80.127442,13.149123],[80.125469,13.147741],[80.124088,13.145571],[80.123496,13.14419],[80.121522,13.14123],[80.119154,13.14123]]},{"type":"Polygon","coordinates":[[[80.119154,13.14123],[80.120141,13.145571],[80.120536,13.146557],[80.124482,13.152083],[80.129613,13.152872],[80.132573,13.153069],[80.134743,13.153464],[80.134743,13.151885],[80.133362,13.150504],[80.131586,13.150307],[80.129415,13.149517],[80.127442,13.149123],[80.125469,13.147741],[80.124088,13.145571],[80.123496,13.14419],[80.121522,13.14123],[80.119154,13.14123]]]}]}},{"type":"Feature","properties":{"name":"2305.2425725618955"},"geometry":{"type":"GeometryCollection","geometries":[{"type":"LineString","coordinates":[[80.130205,13.134323],[80.132573,13.134126],[80.133362,13.130771],[80.134349,13.129785],[80.134349,13.128206],[80.134349,13.127022],[80.132178,13.126035],[80.130994,13.128798],[80.130402,13.131955],[80.130205,13.134323]]},{"type":"Polygon","coordinates":[[[80.130205,13.134323],[80.132573,13.134126],[80.133362,13.130771],[80.134349,13.129785],[80.134349,13.128206],[80.134349,13.127022],[80.132178,13.126035],[80.130994,13.128798],[80.130402,13.131955],[80.130205,13.134323]]]}]}},{"type":"Feature","properties":{"name":"8655.369800971737"},"geometry":{"type":"GeometryCollection","geometries":[{"type":"LineString","coordinates":[[80.187232,13.058352],[80.187232,13.063088],[80.18664,13.065061],[80.18664,13.068021],[80.186838,13.070784],[80.1896,13.072757],[80.19335,13.073744],[80.197493,13.073744],[80.200651,13.073546],[80.204203,13.072954],[80.206768,13.071376],[80.206373,13.069994],[80.202624,13.068218],[80.200651,13.067034],[80.201045,13.064075],[80.202427,13.062299],[80.201835,13.061509],[80.200059,13.061509],[80.197493,13.062101],[80.199072,13.06368],[80.199072,13.065851],[80.199072,13.069008],[80.194928,13.069797],[80.19256,13.069008],[80.190982,13.068021],[80.190982,13.066048],[80.189995,13.063088],[80.189008,13.060325],[80.187232,13.058352]]},{"type":"Polygon","coordinates":[[[80.187232,13.058352],[80.187232,13.063088],[80.18664,13.065061],[80.18664,13.068021],[80.186838,13.070784],[80.1896,13.072757],[80.19335,13.073744],[80.197493,13.073744],[80.200651,13.073546],[80.204203,13.072954],[80.206768,13.071376],[80.206373,13.069994],[80.202624,13.068218],[80.200651,13.067034],[80.201045,13.064075],[80.202427,13.062299],[80.201835,13.061509],[80.200059,13.061509],[80.197493,13.062101],[80.199072,13.06368],[80.199072,13.065851],[80.199072,13.069008],[80.194928,13.069797],[80.19256,13.069008],[80.190982,13.068021],[80.190982,13.066048],[80.189995,13.063088],[80.189008,13.060325],[80.187232,13.058352]]]}]}},{"type":"Feature","properties":{"name":"1614.341998941868"},"geometry":{"type":"GeometryCollection","geometries":[{"type":"LineString","coordinates":[[80.171841,13.060128],[80.171644,13.061904],[80.172827,13.06368],[80.173025,13.064864],[80.175195,13.065061],[80.175195,13.062693],[80.174603,13.060523],[80.171841,13.060128]]},{"type":"Polygon","coordinates":[[[80.171841,13.060128],[80.171644,13.061904],[80.172827,13.06368],[80.173025,13.064864],[80.175195,13.065061],[80.175195,13.062693],[80.174603,13.060523],[80.171841,13.060128]]]}]}},{"type":"Feature","properties":{"name":"490.57683484648868"},"geometry":{"type":"GeometryCollection","geometries":[{"type":"LineString","coordinates":[[80.177958,13.063285],[80.17855,13.061904],[80.177169,13.061904],[80.177958,13.063285]]},{"type":"Polygon","coordinates":[[[80.177958,13.063285],[80.17855,13.061904],[80.177169,13.061904],[80.177958,13.063285]]]}]}},{"type":"Feature","properties":{"name":"9192.2882394021635"},"geometry":{"type":"GeometryCollection","geometries":[{"type":"LineString","coordinates":[[80.179734,13.061312],[80.181707,13.060917],[80.180918,13.057365],[80.178945,13.056971],[80.177366,13.055589],[80.17559,13.054997],[80.174406,13.054208],[80.173814,13.051248],[80.172038,13.049275],[80.168684,13.049472],[80.166908,13.048288],[80.165921,13.049472],[80.163158,13.050459],[80.161382,13.050656],[80.157041,13.050656],[80.157633,13.052235],[80.160396,13.053222],[80.162566,13.052432],[80.164737,13.051051],[80.165921,13.051051],[80.164934,13.052827],[80.162369,13.053419],[80.159015,13.054603],[80.158225,13.055984],[80.160988,13.056773],[80.164342,13.056181],[80.164934,13.057168],[80.165724,13.059141],[80.165921,13.060917],[80.166513,13.059733],[80.168881,13.059141],[80.171446,13.059141],[80.173222,13.05776],[80.175393,13.058155],[80.178155,13.058352],[80.179931,13.059339],[80.179734,13.061312]]},{"type":"Polygon","coordinates":[[[80.179734,13.061312],[80.181707,13.060917],[80.180918,13.057365],[80.178945,13.056971],[80.177366,13.055589],[80.17559,13.054997],[80.174406,13.054208],[80.173814,13.051248],[80.172038,13.049275],[80.168684,13.049472],[80.166908,13.048288],[80.165921,13.049472],[80.163158,13.050459],[80.161382,13.050656],[80.157041,13.050656],[80.157633,13.052235],[80.160396,13.053222],[80.162566,13.052432],[80.164737,13.051051],[80.165921,13.051051],[80.164934,13.052827],[80.162369,13.053419],[80.159015,13.054603],[80.158225,13.055984],[80.160988,13.056773],[80.164342,13.056181],[80.164934,13.057168],[80.165724,13.059141],[80.165921,13.060917],[80.166513,13.059733],[80.168881,13.059141],[80.171446,13.059141],[80.173222,13.05776],[80.175393,13.058155],[80.178155,13.058352],[80.179931,13.059339],[80.179734,13.061312]]]}]}},{"type":"Feature","properties":{"name":"1723.9552101058578"},"geometry":{"type":"GeometryCollection","geometries":[{"type":"LineString","coordinates":[[80.192166,13.078874],[80.189995,13.079269],[80.189798,13.080847],[80.191179,13.082623],[80.19256,13.085386],[80.192166,13.078874]]},{"type":"Polygon","coordinates":[[[80.192166,13.078874],[80.189995,13.079269],[80.189798,13.080847],[80.191179,13.082623],[80.19256,13.085386],[80.192166,13.078874]]]}]}},{"type":"Feature","properties":{"name":"2150.8359641373218"},"geometry":{"type":"GeometryCollection","geometries":[{"type":"LineString","coordinates":[[80.180721,13.080058],[80.182891,13.080847],[80.18368,13.080847],[80.18447,13.077887],[80.184864,13.073744],[80.182102,13.073744],[80.181707,13.07473],[80.180721,13.080058]]},{"type":"Polygon","coordinates":[[[80.180721,13.080058],[80.182891,13.080847],[80.18368,13.080847],[80.18447,13.077887],[80.184864,13.073744],[80.182102,13.073744],[80.181707,13.07473],[80.180721,13.080058]]]}]}},{"type":"Feature","properties":{"name":"12242.87440488929"},"geometry":{"type":"GeometryCollection","geometries":[{"type":"LineString","coordinates":[[80.135596,13.051154],[80.136859,13.052543],[80.134838,13.052543],[80.133575,13.053679],[80.134712,13.055195],[80.136353,13.056458],[80.136985,13.057215],[80.13749,13.057973],[80.139511,13.058352],[80.139132,13.056963],[80.138627,13.055195],[80.138121,13.054184],[80.136353,13.053932],[80.138879,13.054058],[80.140521,13.054437],[80.141658,13.055321],[80.142036,13.057342],[80.14431,13.057847],[80.146709,13.057342],[80.146962,13.058984],[80.148477,13.058226],[80.150624,13.057847],[80.152519,13.058099],[80.155044,13.057721],[80.155297,13.056205],[80.155802,13.055195],[80.156812,13.054058],[80.155676,13.053174],[80.153908,13.052795],[80.153024,13.053427],[80.152519,13.054942],[80.151129,13.056205],[80.149866,13.0557],[80.151129,13.055069],[80.152266,13.053806],[80.152013,13.052416],[80.151508,13.051406],[80.150624,13.050775],[80.14873,13.049891],[80.146835,13.050522],[80.146835,13.053174],[80.148351,13.053048],[80.148477,13.051532],[80.149488,13.052038],[80.150372,13.053048],[80.150624,13.054311],[80.149235,13.054816],[80.146835,13.054437],[80.145573,13.054184],[80.144689,13.053679],[80.143931,13.053174],[80.143426,13.051532],[80.141405,13.051027],[80.140521,13.052669],[80.139763,13.051532],[80.139132,13.050396],[80.138121,13.049512],[80.13648,13.049512],[80.135975,13.048375],[80.135217,13.047491],[80.134585,13.048123],[80.133449,13.047491],[80.132944,13.047239],[80.131933,13.047617],[80.131681,13.048754],[80.130292,13.049259],[80.12966,13.050143],[80.130797,13.051154],[80.13206,13.050522],[80.132817,13.049764],[80.133828,13.049638],[80.135343,13.050017],[80.135596,13.051154]]},{"type":"Polygon","coordinates":[[[80.135596,13.051154],[80.136859,13.052543],[80.134838,13.052543],[80.133575,13.053679],[80.134712,13.055195],[80.136353,13.056458],[80.136985,13.057215],[80.13749,13.057973],[80.139511,13.058352],[80.139132,13.056963],[80.138627,13.055195],[80.138121,13.054184],[80.136353,13.053932],[80.138879,13.054058],[80.140521,13.054437],[80.141658,13.055321],[80.142036,13.057342],[80.14431,13.057847],[80.146709,13.057342],[80.146962,13.058984],[80.148477,13.058226],[80.150624,13.057847],[80.152519,13.058099],[80.155044,13.057721],[80.155297,13.056205],[80.155802,13.055195],[80.156812,13.054058],[80.155676,13.053174],[80.153908,13.052795],[80.153024,13.053427],[80.152519,13.054942],[80.151129,13.056205],[80.149866,13.0557],[80.151129,13.055069],[80.152266,13.053806],[80.152013,13.052416],[80.151508,13.051406],[80.150624,13.050775],[80.14873,13.049891],[80.146835,13.050522],[80.146835,13.053174],[80.148351,13.053048],[80.148477,13.051532],[80.149488,13.052038],[80.150372,13.053048],[80.150624,13.054311],[80.149235,13.054816],[80.146835,13.054437],[80.145573,13.054184],[80.144689,13.053679],[80.143931,13.053174],[80.143426,13.051532],[80.141405,13.051027],[80.140521,13.052669],[80.139763,13.051532],[80.139132,13.050396],[80.138121,13.049512],[80.13648,13.049512],[80.135975,13.048375],[80.135217,13.047491],[80.134585,13.048123],[80.133449,13.047491],[80.132944,13.047239],[80.131933,13.047617],[80.131681,13.048754],[80.130292,13.049259],[80.12966,13.050143],[80.130797,13.051154],[80.13206,13.050522],[80.132817,13.049764],[80.133828,13.049638],[80.135343,13.050017],[80.135596,13.051154]]]}]}},{"type":"Feature","properties":{"name":"5127.1163803501686"},"geometry":{"type":"GeometryCollection","geometries":[{"type":"LineString","coordinates":[[80.127134,13.058605],[80.126377,13.057215],[80.124987,13.056584],[80.123851,13.057089],[80.123346,13.058226],[80.120694,13.058605],[80.120694,13.060499],[80.122209,13.062267],[80.123346,13.062646],[80.12423,13.063025],[80.125745,13.062898],[80.127639,13.062646],[80.130544,13.063277],[80.13307,13.061762],[80.135091,13.06012],[80.136985,13.058226],[80.13648,13.056837],[80.134712,13.056584],[80.132565,13.056458],[80.132565,13.057721],[80.131681,13.057594],[80.131681,13.0557],[80.131933,13.055069],[80.131049,13.054942],[80.130039,13.055953],[80.129029,13.056458],[80.129029,13.058605],[80.127134,13.058605]]},{"type":"Polygon","coordinates":[[[80.127134,13.058605],[80.126377,13.057215],[80.124987,13.056584],[80.123851,13.057089],[80.123346,13.058226],[80.120694,13.058605],[80.120694,13.060499],[80.122209,13.062267],[80.123346,13.062646],[80.12423,13.063025],[80.125745,13.062898],[80.127639,13.062646],[80.130544,13.063277],[80.13307,13.061762],[80.135091,13.06012],[80.136985,13.058226],[80.13648,13.056837],[80.134712,13.056584],[80.132565,13.056458],[80.132565,13.057721],[80.131681,13.057594],[80.131681,13.0557],[80.131933,13.055069],[80.131049,13.054942],[80.130039,13.055953],[80.129029,13.056458],[80.129029,13.058605],[80.127134,13.058605]]]}]}},{"type":"Feature","properties":{"name":"3954.210046118837"},"geometry":{"type":"GeometryCollection","geometries":[{"type":"LineString","coordinates":[[80.123219,13.068455],[80.122335,13.069213],[80.121325,13.068834],[80.121072,13.067571],[80.119683,13.067697],[80.118925,13.068076],[80.118925,13.06896],[80.117915,13.070476],[80.118925,13.071612],[80.120315,13.072496],[80.121704,13.073254],[80.123093,13.074265],[80.123346,13.076411],[80.124103,13.077548],[80.124482,13.078558],[80.125493,13.078685],[80.125745,13.079695],[80.126377,13.079695],[80.126882,13.077422],[80.125998,13.076664],[80.125619,13.075149],[80.125493,13.073759],[80.125114,13.073128],[80.12423,13.072749],[80.124103,13.07237],[80.125366,13.070981],[80.124608,13.069592],[80.123219,13.068455]]},{"type":"Polygon","coordinates":[[[80.123219,13.068455],[80.122335,13.069213],[80.121325,13.068834],[80.121072,13.067571],[80.119683,13.067697],[80.118925,13.068076],[80.118925,13.06896],[80.117915,13.070476],[80.118925,13.071612],[80.120315,13.072496],[80.121704,13.073254],[80.123093,13.074265],[80.123346,13.076411],[80.124103,13.077548],[80.124482,13.078558],[80.125493,13.078685],[80.125745,13.079695],[80.126377,13.079695],[80.126882,13.077422],[80.125998,13.076664],[80.125619,13.075149],[80.125493,13.073759],[80.125114,13.073128],[80.12423,13.072749],[80.124103,13.07237],[80.125366,13.070981],[80.124608,13.069592],[80.123219,13.068455]]]}]}},{"type":"Feature","properties":{"name":"2358.670280292286"},"geometry":{"type":"GeometryCollection","geometries":[{"type":"LineString","coordinates":[[80.118294,13.079821],[80.117031,13.081968],[80.117536,13.083863],[80.118168,13.085757],[80.119052,13.08702],[80.119431,13.089419],[80.119936,13.087651],[80.120567,13.086262],[80.12082,13.085757],[80.120567,13.083989],[80.119052,13.083357],[80.118547,13.081463],[80.118294,13.079821]]},{"type":"Polygon","coordinates":[[[80.118294,13.079821],[80.117031,13.081968],[80.117536,13.083863],[80.118168,13.085757],[80.119052,13.08702],[80.119431,13.089419],[80.119936,13.087651],[80.120567,13.086262],[80.12082,13.085757],[80.120567,13.083989],[80.119052,13.083357],[80.118547,13.081463],[80.118294,13.079821]]]}]}},{"type":"Feature","properties":{"name":"2627.57353001324"},"geometry":{"type":"GeometryCollection","geometries":[{"type":"LineString","coordinates":[[80.13307,13.07919],[80.131681,13.07818],[80.130292,13.078306],[80.130039,13.079948],[80.131302,13.080074],[80.129029,13.080579],[80.128018,13.081463],[80.126629,13.082726],[80.127766,13.083736],[80.129155,13.082221],[80.130544,13.081716],[80.13206,13.080832],[80.134712,13.081589],[80.13307,13.07919]]},{"type":"Polygon","coordinates":[[[80.13307,13.07919],[80.131681,13.07818],[80.130292,13.078306],[80.130039,13.079948],[80.131302,13.080074],[80.129029,13.080579],[80.128018,13.081463],[80.126629,13.082726],[80.127766,13.083736],[80.129155,13.082221],[80.130544,13.081716],[80.13206,13.080832],[80.134712,13.081589],[80.13307,13.07919]]]}]}},{"type":"Feature","properties":{"name":"10899.54201376991"},"geometry":{"type":"GeometryCollection","geometries":[{"type":"LineString","coordinates":[[80.120062,13.090935],[80.118168,13.090935],[80.117915,13.090556],[80.116905,13.089293],[80.115768,13.088662],[80.115137,13.089419],[80.114505,13.089419],[80.112864,13.08904],[80.114379,13.089924],[80.114379,13.090556],[80.113495,13.091566],[80.112232,13.090177],[80.112106,13.08904],[80.111474,13.086767],[80.111096,13.086515],[80.110085,13.086515],[80.108696,13.087525],[80.107559,13.08803],[80.10617,13.08803],[80.104655,13.08904],[80.103897,13.089798],[80.107181,13.09043],[80.108443,13.090556],[80.109959,13.092324],[80.111853,13.093082],[80.113495,13.093966],[80.113748,13.095229],[80.114505,13.098386],[80.114505,13.101417],[80.114505,13.104195],[80.112358,13.104574],[80.10958,13.104448],[80.108317,13.104069],[80.107812,13.110383],[80.10857,13.11152],[80.10958,13.112151],[80.110338,13.110005],[80.112485,13.108868],[80.114,13.10811],[80.114758,13.107984],[80.115137,13.107984],[80.117284,13.109373],[80.118673,13.110383],[80.119936,13.110005],[80.120062,13.108742],[80.119809,13.106847],[80.121451,13.104827],[80.122209,13.10369],[80.122462,13.102427],[80.122462,13.101417],[80.122083,13.099396],[80.122462,13.09826],[80.12423,13.097754],[80.124735,13.096618],[80.124103,13.095481],[80.123724,13.094218],[80.122209,13.092955],[80.120567,13.090808],[80.120062,13.090935]]},{"type":"Polygon","coordinates":[[[80.120062,13.090935],[80.118168,13.090935],[80.117915,13.090556],[80.116905,13.089293],[80.115768,13.088662],[80.115137,13.089419],[80.114505,13.089419],[80.112864,13.08904],[80.114379,13.089924],[80.114379,13.090556],[80.113495,13.091566],[80.112232,13.090177],[80.112106,13.08904],[80.111474,13.086767],[80.111096,13.086515],[80.110085,13.086515],[80.108696,13.087525],[80.107559,13.08803],[80.10617,13.08803],[80.104655,13.08904],[80.103897,13.089798],[80.107181,13.09043],[80.108443,13.090556],[80.109959,13.092324],[80.111853,13.093082],[80.113495,13.093966],[80.113748,13.095229],[80.114505,13.098386],[80.114505,13.101417],[80.114505,13.104195],[80.112358,13.104574],[80.10958,13.104448],[80.108317,13.104069],[80.107812,13.110383],[80.10857,13.11152],[80.10958,13.112151],[80.110338,13.110005],[80.112485,13.108868],[80.114,13.10811],[80.114758,13.107984],[80.115137,13.107984],[80.117284,13.109373],[80.118673,13.110383],[80.119936,13.110005],[80.120062,13.108742],[80.119809,13.106847],[80.121451,13.104827],[80.122209,13.10369],[80.122462,13.102427],[80.122462,13.101417],[80.122083,13.099396],[80.122462,13.09826],[80.12423,13.097754],[80.124735,13.096618],[80.124103,13.095481],[80.123724,13.094218],[80.122209,13.092955],[80.120567,13.090808],[80.120062,13.090935]]]}]}},{"type":"Feature","properties":{"name":"3439.221064170451"},"geometry":{"type":"GeometryCollection","geometries":[{"type":"LineString","coordinates":[[80.128523,13.107226],[80.126882,13.109752],[80.128018,13.110636],[80.129408,13.111267],[80.129913,13.112151],[80.129913,13.114804],[80.130544,13.116572],[80.132691,13.116698],[80.133954,13.11594],[80.134964,13.114425],[80.135975,13.112657],[80.13648,13.112025],[80.135722,13.110889],[80.134838,13.110257],[80.132817,13.110257],[80.130418,13.110762],[80.130292,13.109247],[80.130039,13.107731],[80.128523,13.107226]]},{"type":"Polygon","coordinates":[[[80.128523,13.107226],[80.126882,13.109752],[80.128018,13.110636],[80.129408,13.111267],[80.129913,13.112151],[80.129913,13.114804],[80.130544,13.116572],[80.132691,13.116698],[80.133954,13.11594],[80.134964,13.114425],[80.135975,13.112657],[80.13648,13.112025],[80.135722,13.110889],[80.134838,13.110257],[80.132817,13.110257],[80.130418,13.110762],[80.130292,13.109247],[80.130039,13.107731],[80.128523,13.107226]]]}]}},{"type":"Feature","properties":{"name":"56536.5350769114"},"geometry":{"type":"GeometryCollection","geometries":[{"type":"LineString","coordinates":[[80.128271,13.095102],[80.130039,13.09586],[80.130923,13.094471],[80.130292,13.09245],[80.131807,13.091693],[80.132944,13.092071],[80.134585,13.092703],[80.135469,13.09245],[80.135469,13.091061],[80.135091,13.090556],[80.135091,13.089924],[80.136732,13.090682],[80.137616,13.091061],[80.138374,13.090556],[80.138753,13.089546],[80.140647,13.088662],[80.141026,13.088409],[80.141026,13.087525],[80.142163,13.086262],[80.140521,13.085757],[80.142415,13.084999],[80.143805,13.08361],[80.145825,13.0826],[80.147846,13.080326],[80.149235,13.079316],[80.152897,13.078558],[80.154034,13.077422],[80.155676,13.076285],[80.157696,13.076538],[80.157823,13.077927],[80.154539,13.079442],[80.151256,13.080326],[80.150245,13.081842],[80.150245,13.083357],[80.148477,13.084747],[80.145951,13.085757],[80.143047,13.086515],[80.141531,13.087651],[80.142163,13.08904],[80.142794,13.089167],[80.144562,13.089419],[80.146457,13.08904],[80.148098,13.088535],[80.149866,13.087525],[80.152013,13.085883],[80.153908,13.084999],[80.155549,13.085504],[80.156686,13.087778],[80.15757,13.090935],[80.15757,13.093082],[80.157191,13.094092],[80.154792,13.093713],[80.151129,13.092577],[80.149488,13.092829],[80.147972,13.094092],[80.147972,13.095481],[80.149361,13.095734],[80.151003,13.095229],[80.151887,13.096365],[80.150877,13.096744],[80.149614,13.097881],[80.148098,13.096365],[80.146962,13.095481],[80.145825,13.096239],[80.14633,13.097754],[80.146709,13.098638],[80.148604,13.098891],[80.149488,13.100154],[80.150372,13.101922],[80.150498,13.101417],[80.150498,13.099017],[80.151003,13.098007],[80.152645,13.097249],[80.153276,13.09826],[80.153655,13.099522],[80.15315,13.100407],[80.151634,13.100407],[80.151256,13.101417],[80.153655,13.101543],[80.155297,13.102048],[80.156686,13.102427],[80.157823,13.104574],[80.158833,13.106595],[80.158833,13.107352],[80.158833,13.109878],[80.159212,13.110762],[80.159591,13.112657],[80.160348,13.114046],[80.161864,13.114172],[80.163001,13.114425],[80.163001,13.113035],[80.163001,13.112025],[80.163253,13.110636],[80.164642,13.109752],[80.16641,13.110257],[80.166663,13.11152],[80.166284,13.113162],[80.163506,13.112278],[80.163127,13.113541],[80.163506,13.114677],[80.163885,13.116066],[80.163506,13.11695],[80.16439,13.118592],[80.1654,13.118087],[80.165526,13.116698],[80.166158,13.116193],[80.167294,13.116319],[80.167294,13.117203],[80.166663,13.11834],[80.165274,13.119097],[80.16641,13.12036],[80.167294,13.121623],[80.168305,13.122002],[80.169441,13.122002],[80.169441,13.121371],[80.168178,13.120487],[80.167926,13.119097],[80.169946,13.119097],[80.171462,13.119097],[80.17323,13.118719],[80.17323,13.117077],[80.172851,13.115056],[80.171715,13.114551],[80.170957,13.113667],[80.171083,13.112657],[80.171715,13.111267],[80.172472,13.110257],[80.172093,13.108489],[80.172093,13.107731],[80.171209,13.106974],[80.16982,13.10609],[80.16881,13.104953],[80.169694,13.102932],[80.171715,13.102048],[80.17424,13.10268],[80.173735,13.104321],[80.172599,13.104069],[80.170831,13.1047],[80.170957,13.106216],[80.173483,13.106595],[80.175882,13.105711],[80.176135,13.104321],[80.175503,13.101164],[80.173104,13.101291],[80.170831,13.101291],[80.169946,13.100912],[80.168557,13.101922],[80.1678,13.103943],[80.16641,13.103437],[80.166663,13.105584],[80.164137,13.1047],[80.162117,13.104321],[80.160475,13.103185],[80.159591,13.101669],[80.159591,13.100533],[80.159212,13.099649],[80.159212,13.09826],[80.159591,13.096618],[80.160222,13.09687],[80.160222,13.098007],[80.160727,13.099144],[80.162369,13.098891],[80.16439,13.099144],[80.164895,13.100407],[80.167294,13.100912],[80.16881,13.100785],[80.169062,13.09927],[80.168936,13.098386],[80.166789,13.097502],[80.164642,13.096997],[80.162495,13.095734],[80.161359,13.093713],[80.161359,13.091314],[80.161233,13.088156],[80.16098,13.083989],[80.159338,13.0826],[80.160601,13.082221],[80.163632,13.081337],[80.166284,13.080832],[80.167926,13.079316],[80.169946,13.078811],[80.173483,13.078811],[80.17563,13.077169],[80.176892,13.074391],[80.178787,13.073002],[80.180429,13.07237],[80.183081,13.071991],[80.181186,13.071865],[80.178408,13.071739],[80.175756,13.071865],[80.17323,13.073002],[80.171715,13.074896],[80.169946,13.076664],[80.168178,13.076159],[80.168305,13.073002],[80.169189,13.072244],[80.169946,13.070981],[80.170957,13.069592],[80.17222,13.068203],[80.17222,13.066813],[80.170957,13.065929],[80.168431,13.065929],[80.166663,13.065298],[80.165274,13.064793],[80.163127,13.064035],[80.160727,13.064035],[80.159212,13.064035],[80.158707,13.066561],[80.158202,13.069339],[80.156939,13.070476],[80.156181,13.071991],[80.156055,13.073886],[80.155423,13.074391],[80.154665,13.075401],[80.154413,13.074265],[80.153908,13.073381],[80.152771,13.072244],[80.152266,13.071234],[80.152645,13.069718],[80.154287,13.068455],[80.156181,13.068329],[80.15656,13.06694],[80.156307,13.065298],[80.155423,13.064414],[80.153781,13.063783],[80.151256,13.064161],[80.149993,13.064414],[80.150119,13.065677],[80.151256,13.066435],[80.151887,13.068203],[80.150624,13.068834],[80.149361,13.069718],[80.14873,13.070981],[80.147214,13.071991],[80.146204,13.071234],[80.146709,13.069592],[80.148098,13.067192],[80.148098,13.066056],[80.14772,13.063909],[80.147088,13.062898],[80.144815,13.062898],[80.144436,13.063656],[80.145573,13.065298],[80.146078,13.066308],[80.145951,13.067066],[80.144689,13.066435],[80.14431,13.065172],[80.142668,13.063909],[80.141152,13.063656],[80.140268,13.064793],[80.1409,13.065929],[80.142921,13.065677],[80.143173,13.067192],[80.142542,13.06795],[80.1409,13.067445],[80.13989,13.066561],[80.1385,13.067319],[80.140268,13.068834],[80.141784,13.069592],[80.143552,13.069718],[80.143299,13.071865],[80.142163,13.071865],[80.140142,13.071991],[80.138879,13.071234],[80.136859,13.071107],[80.136985,13.072496],[80.137111,13.075149],[80.136985,13.077169],[80.13749,13.079442],[80.137237,13.081084],[80.137237,13.082726],[80.136732,13.083989],[80.135722,13.085125],[80.136732,13.085757],[80.139132,13.086515],[80.1385,13.087272],[80.137616,13.086894],[80.137364,13.087146],[80.138121,13.088788],[80.136985,13.089924],[80.135848,13.089293],[80.135848,13.087904],[80.135343,13.086136],[80.132817,13.085757],[80.130797,13.085252],[80.130292,13.083989],[80.128523,13.084115],[80.128145,13.085252],[80.128018,13.085631],[80.127008,13.085631],[80.125871,13.086515],[80.126629,13.088283],[80.128145,13.087904],[80.128523,13.087904],[80.128523,13.089167],[80.127766,13.09043],[80.127639,13.092955],[80.128271,13.095102]]},{"type":"Polygon","coordinates":[[[80.128271,13.095102],[80.130039,13.09586],[80.130923,13.094471],[80.130292,13.09245],[80.131807,13.091693],[80.132944,13.092071],[80.134585,13.092703],[80.135469,13.09245],[80.135469,13.091061],[80.135091,13.090556],[80.135091,13.089924],[80.136732,13.090682],[80.137616,13.091061],[80.138374,13.090556],[80.138753,13.089546],[80.140647,13.088662],[80.141026,13.088409],[80.141026,13.087525],[80.142163,13.086262],[80.140521,13.085757],[80.142415,13.084999],[80.143805,13.08361],[80.145825,13.0826],[80.147846,13.080326],[80.149235,13.079316],[80.152897,13.078558],[80.154034,13.077422],[80.155676,13.076285],[80.157696,13.076538],[80.157823,13.077927],[80.154539,13.079442],[80.151256,13.080326],[80.150245,13.081842],[80.150245,13.083357],[80.148477,13.084747],[80.145951,13.085757],[80.143047,13.086515],[80.141531,13.087651],[80.142163,13.08904],[80.142794,13.089167],[80.144562,13.089419],[80.146457,13.08904],[80.148098,13.088535],[80.149866,13.087525],[80.152013,13.085883],[80.153908,13.084999],[80.155549,13.085504],[80.156686,13.087778],[80.15757,13.090935],[80.15757,13.093082],[80.157191,13.094092],[80.154792,13.093713],[80.151129,13.092577],[80.149488,13.092829],[80.147972,13.094092],[80.147972,13.095481],[80.149361,13.095734],[80.151003,13.095229],[80.151887,13.096365],[80.150877,13.096744],[80.149614,13.097881],[80.148098,13.096365],[80.146962,13.095481],[80.145825,13.096239],[80.14633,13.097754],[80.146709,13.098638],[80.148604,13.098891],[80.149488,13.100154],[80.150372,13.101922],[80.150498,13.101417],[80.150498,13.099017],[80.151003,13.098007],[80.152645,13.097249],[80.153276,13.09826],[80.153655,13.099522],[80.15315,13.100407],[80.151634,13.100407],[80.151256,13.101417],[80.153655,13.101543],[80.155297,13.102048],[80.156686,13.102427],[80.157823,13.104574],[80.158833,13.106595],[80.158833,13.107352],[80.158833,13.109878],[80.159212,13.110762],[80.159591,13.112657],[80.160348,13.114046],[80.161864,13.114172],[80.163001,13.114425],[80.163001,13.113035],[80.163001,13.112025],[80.163253,13.110636],[80.164642,13.109752],[80.16641,13.110257],[80.166663,13.11152],[80.166284,13.113162],[80.163506,13.112278],[80.163127,13.113541],[80.163506,13.114677],[80.163885,13.116066],[80.163506,13.11695],[80.16439,13.118592],[80.1654,13.118087],[80.165526,13.116698],[80.166158,13.116193],[80.167294,13.116319],[80.167294,13.117203],[80.166663,13.11834],[80.165274,13.119097],[80.16641,13.12036],[80.167294,13.121623],[80.168305,13.122002],[80.169441,13.122002],[80.169441,13.121371],[80.168178,13.120487],[80.167926,13.119097],[80.169946,13.119097],[80.171462,13.119097],[80.17323,13.118719],[80.17323,13.117077],[80.172851,13.115056],[80.171715,13.114551],[80.170957,13.113667],[80.171083,13.112657],[80.171715,13.111267],[80.172472,13.110257],[80.172093,13.108489],[80.172093,13.107731],[80.171209,13.106974],[80.16982,13.10609],[80.16881,13.104953],[80.169694,13.102932],[80.171715,13.102048],[80.17424,13.10268],[80.173735,13.104321],[80.172599,13.104069],[80.170831,13.1047],[80.170957,13.106216],[80.173483,13.106595],[80.175882,13.105711],[80.176135,13.104321],[80.175503,13.101164],[80.173104,13.101291],[80.170831,13.101291],[80.169946,13.100912],[80.168557,13.101922],[80.1678,13.103943],[80.16641,13.103437],[80.166663,13.105584],[80.164137,13.1047],[80.162117,13.104321],[80.160475,13.103185],[80.159591,13.101669],[80.159591,13.100533],[80.159212,13.099649],[80.159212,13.09826],[80.159591,13.096618],[80.160222,13.09687],[80.160222,13.098007],[80.160727,13.099144],[80.162369,13.098891],[80.16439,13.099144],[80.164895,13.100407],[80.167294,13.100912],[80.16881,13.100785],[80.169062,13.09927],[80.168936,13.098386],[80.166789,13.097502],[80.164642,13.096997],[80.162495,13.095734],[80.161359,13.093713],[80.161359,13.091314],[80.161233,13.088156],[80.16098,13.083989],[80.159338,13.0826],[80.160601,13.082221],[80.163632,13.081337],[80.166284,13.080832],[80.167926,13.079316],[80.169946,13.078811],[80.173483,13.078811],[80.17563,13.077169],[80.176892,13.074391],[80.178787,13.073002],[80.180429,13.07237],[80.183081,13.071991],[80.181186,13.071865],[80.178408,13.071739],[80.175756,13.071865],[80.17323,13.073002],[80.171715,13.074896],[80.169946,13.076664],[80.168178,13.076159],[80.168305,13.073002],[80.169189,13.072244],[80.169946,13.070981],[80.170957,13.069592],[80.17222,13.068203],[80.17222,13.066813],[80.170957,13.065929],[80.168431,13.065929],[80.166663,13.065298],[80.165274,13.064793],[80.163127,13.064035],[80.160727,13.064035],[80.159212,13.064035],[80.158707,13.066561],[80.158202,13.069339],[80.156939,13.070476],[80.156181,13.071991],[80.156055,13.073886],[80.155423,13.074391],[80.154665,13.075401],[80.154413,13.074265],[80.153908,13.073381],[80.152771,13.072244],[80.152266,13.071234],[80.152645,13.069718],[80.154287,13.068455],[80.156181,13.068329],[80.15656,13.06694],[80.156307,13.065298],[80.155423,13.064414],[80.153781,13.063783],[80.151256,13.064161],[80.149993,13.064414],[80.150119,13.065677],[80.151256,13.066435],[80.151887,13.068203],[80.150624,13.068834],[80.149361,13.069718],[80.14873,13.070981],[80.147214,13.071991],[80.146204,13.071234],[80.146709,13.069592],[80.148098,13.067192],[80.148098,13.066056],[80.14772,13.063909],[80.147088,13.062898],[80.144815,13.062898],[80.144436,13.063656],[80.145573,13.065298],[80.146078,13.066308],[80.145951,13.067066],[80.144689,13.066435],[80.14431,13.065172],[80.142668,13.063909],[80.141152,13.063656],[80.140268,13.064793],[80.1409,13.065929],[80.142921,13.065677],[80.143173,13.067192],[80.142542,13.06795],[80.1409,13.067445],[80.13989,13.066561],[80.1385,13.067319],[80.140268,13.068834],[80.141784,13.069592],[80.143552,13.069718],[80.143299,13.071865],[80.142163,13.071865],[80.140142,13.071991],[80.138879,13.071234],[80.136859,13.071107],[80.136985,13.072496],[80.137111,13.075149],[80.136985,13.077169],[80.13749,13.079442],[80.137237,13.081084],[80.137237,13.082726],[80.136732,13.083989],[80.135722,13.085125],[80.136732,13.085757],[80.139132,13.086515],[80.1385,13.087272],[80.137616,13.086894],[80.137364,13.087146],[80.138121,13.088788],[80.136985,13.089924],[80.135848,13.089293],[80.135848,13.087904],[80.135343,13.086136],[80.132817,13.085757],[80.130797,13.085252],[80.130292,13.083989],[80.128523,13.084115],[80.128145,13.085252],[80.128018,13.085631],[80.127008,13.085631],[80.125871,13.086515],[80.126629,13.088283],[80.128145,13.087904],[80.128523,13.087904],[80.128523,13.089167],[80.127766,13.09043],[80.127639,13.092955],[80.128271,13.095102]]]}]}},{"type":"Feature","properties":{"name":"3991.531222735734"},"geometry":{"type":"GeometryCollection","geometries":[{"type":"LineString","coordinates":[[80.135217,13.103943],[80.135848,13.102048],[80.13648,13.099901],[80.136227,13.09927],[80.136227,13.098638],[80.138121,13.097754],[80.140016,13.097628],[80.140016,13.09687],[80.139384,13.094976],[80.139637,13.093966],[80.141026,13.093461],[80.140647,13.092324],[80.139384,13.092071],[80.13749,13.091945],[80.137364,13.092577],[80.13648,13.094597],[80.136101,13.095986],[80.134585,13.096618],[80.133196,13.096744],[80.133196,13.097628],[80.133196,13.099144],[80.133196,13.100407],[80.13206,13.100785],[80.132691,13.101796],[80.134459,13.102048],[80.135217,13.103943]]},{"type":"Polygon","coordinates":[[[80.135217,13.103943],[80.135848,13.102048],[80.13648,13.099901],[80.136227,13.09927],[80.136227,13.098638],[80.138121,13.097754],[80.140016,13.097628],[80.140016,13.09687],[80.139384,13.094976],[80.139637,13.093966],[80.141026,13.093461],[80.140647,13.092324],[80.139384,13.092071],[80.13749,13.091945],[80.137364,13.092577],[80.13648,13.094597],[80.136101,13.095986],[80.134585,13.096618],[80.133196,13.096744],[80.133196,13.097628],[80.133196,13.099144],[80.133196,13.100407],[80.13206,13.100785],[80.132691,13.101796],[80.134459,13.102048],[80.135217,13.103943]]]}]}},{"type":"Feature","properties":{"name":"2587.748745429197"},"geometry":{"type":"GeometryCollection","geometries":[{"type":"LineString","coordinates":[[80.146204,13.112025],[80.14873,13.109878],[80.149235,13.108868],[80.149866,13.106974],[80.15214,13.105963],[80.152645,13.105079],[80.151634,13.103564],[80.149361,13.10369],[80.148098,13.104574],[80.147846,13.107352],[80.147846,13.108489],[80.14772,13.110131],[80.146204,13.112025]]},{"type":"Polygon","coordinates":[[[80.146204,13.112025],[80.14873,13.109878],[80.149235,13.108868],[80.149866,13.106974],[80.15214,13.105963],[80.152645,13.105079],[80.151634,13.103564],[80.149361,13.10369],[80.148098,13.104574],[80.147846,13.107352],[80.147846,13.108489],[80.14772,13.110131],[80.146204,13.112025]]]}]}},{"type":"Feature","properties":{"name":"1547.104491379395"},"geometry":{"type":"GeometryCollection","geometries":[{"type":"LineString","coordinates":[[80.159591,13.122633],[80.159464,13.12377],[80.158707,13.125538],[80.158833,13.126801],[80.161485,13.127054],[80.163001,13.126548],[80.161738,13.124654],[80.16098,13.123012],[80.159591,13.122633]]},{"type":"Polygon","coordinates":[[[80.159591,13.122633],[80.159464,13.12377],[80.158707,13.125538],[80.158833,13.126801],[80.161485,13.127054],[80.163001,13.126548],[80.161738,13.124654],[80.16098,13.123012],[80.159591,13.122633]]]}]}},{"type":"Feature","properties":{"name":"1551.810127902143"},"geometry":{"type":"GeometryCollection","geometries":[{"type":"LineString","coordinates":[[80.280197,13.076159],[80.281713,13.076538],[80.282723,13.076159],[80.283102,13.074265],[80.283481,13.072244],[80.282849,13.070855],[80.282218,13.071739],[80.280955,13.074138],[80.280197,13.076159]]},{"type":"Polygon","coordinates":[[[80.280197,13.076159],[80.281713,13.076538],[80.282723,13.076159],[80.283102,13.074265],[80.283481,13.072244],[80.282849,13.070855],[80.282218,13.071739],[80.280955,13.074138],[80.280197,13.076159]]]}]}},{"type":"Feature","properties":{"name":"1402.581268178725"},"geometry":{"type":"GeometryCollection","geometries":[{"type":"LineString","coordinates":[[80.27805,13.075022],[80.279061,13.075275],[80.279819,13.074391],[80.279692,13.072623],[80.279313,13.070855],[80.278556,13.069592],[80.278303,13.071234],[80.27805,13.073759],[80.27805,13.075022]]},{"type":"Polygon","coordinates":[[[80.27805,13.075022],[80.279061,13.075275],[80.279819,13.074391],[80.279692,13.072623],[80.279313,13.070855],[80.278556,13.069592],[80.278303,13.071234],[80.27805,13.073759],[80.27805,13.075022]]]}]}},{"type":"Feature","properties":{"name":"4769.254133598126"},"geometry":{"type":"GeometryCollection","geometries":[{"type":"LineString","coordinates":[[80.269463,13.109752],[80.272999,13.105332],[80.273504,13.101796],[80.27363,13.097754],[80.274262,13.093966],[80.273883,13.091693],[80.27262,13.090177],[80.270473,13.090682],[80.271736,13.095481],[80.271862,13.098133],[80.271862,13.101796],[80.270473,13.1047],[80.269463,13.109752]]},{"type":"Polygon","coordinates":[[[80.269463,13.109752],[80.272999,13.105332],[80.273504,13.101796],[80.27363,13.097754],[80.274262,13.093966],[80.273883,13.091693],[80.27262,13.090177],[80.270473,13.090682],[80.271736,13.095481],[80.271862,13.098133],[80.271862,13.101796],[80.270473,13.1047],[80.269463,13.109752]]]}]}},{"type":"Feature","properties":{"name":"3106.8790128728388"},"geometry":{"type":"GeometryCollection","geometries":[{"type":"LineString","coordinates":[[80.269589,13.113035],[80.269336,13.116824],[80.269968,13.119224],[80.270726,13.123391],[80.27161,13.125664],[80.272115,13.121749],[80.272115,13.118719],[80.271862,13.116066],[80.27161,13.11392],[80.269968,13.112151],[80.269589,13.113035]]},{"type":"Polygon","coordinates":[[[80.269589,13.113035],[80.269336,13.116824],[80.269968,13.119224],[80.270726,13.123391],[80.27161,13.125664],[80.272115,13.121749],[80.272115,13.118719],[80.271862,13.116066],[80.27161,13.11392],[80.269968,13.112151],[80.269589,13.113035]]]}]}},{"type":"Feature","properties":{"name":"3579.205449491903"},"geometry":{"type":"GeometryCollection","geometries":[{"type":"LineString","coordinates":[[80.274262,13.130337],[80.27363,13.131979],[80.275019,13.135136],[80.275272,13.138041],[80.276661,13.140567],[80.278429,13.144734],[80.278682,13.144482],[80.279061,13.139556],[80.275904,13.134505],[80.275904,13.130463],[80.274262,13.130337]]},{"type":"Polygon","coordinates":[[[80.274262,13.130337],[80.27363,13.131979],[80.275019,13.135136],[80.275272,13.138041],[80.276661,13.140567],[80.278429,13.144734],[80.278682,13.144482],[80.279061,13.139556],[80.275904,13.134505],[80.275904,13.130463],[80.274262,13.130337]]]}]}},{"type":"Feature","properties":{"name":"1981.7677995310646"},"geometry":{"type":"GeometryCollection","geometries":[{"type":"LineString","coordinates":[[80.281208,13.131979],[80.280703,13.134505],[80.280703,13.136525],[80.281587,13.138293],[80.282344,13.139556],[80.284239,13.139304],[80.28386,13.136778],[80.283228,13.135389],[80.281208,13.131979]]},{"type":"Polygon","coordinates":[[[80.281208,13.131979],[80.280703,13.134505],[80.280703,13.136525],[80.281587,13.138293],[80.282344,13.139556],[80.284239,13.139304],[80.28386,13.136778],[80.283228,13.135389],[80.281208,13.131979]]]}]}},{"type":"Feature","properties":{"name":"2483.888267997686"},"geometry":{"type":"GeometryCollection","geometries":[{"type":"LineString","coordinates":[[80.249888,13.108363],[80.258476,13.105584],[80.257718,13.104574],[80.256581,13.103564],[80.255192,13.102553],[80.254182,13.101922],[80.254055,13.103059],[80.253171,13.105206],[80.249888,13.108363]]},{"type":"Polygon","coordinates":[[[80.249888,13.108363],[80.258476,13.105584],[80.257718,13.104574],[80.256581,13.103564],[80.255192,13.102553],[80.254182,13.101922],[80.254055,13.103059],[80.253171,13.105206],[80.249888,13.108363]]]}]}},{"type":"Feature","properties":{"name":"1859.102319622991"},"geometry":{"type":"GeometryCollection","geometries":[{"type":"LineString","coordinates":[[80.256329,13.107352],[80.255697,13.106595],[80.250267,13.10811],[80.254308,13.108236],[80.25595,13.110131],[80.25696,13.110131],[80.256834,13.108994],[80.256329,13.107352]]},{"type":"Polygon","coordinates":[[[80.256329,13.107352],[80.255697,13.106595],[80.250267,13.10811],[80.254308,13.108236],[80.25595,13.110131],[80.25696,13.110131],[80.256834,13.108994],[80.256329,13.107352]]]}]}},{"type":"Feature","properties":{"name":"14527.01605754694"},"geometry":{"type":"GeometryCollection","geometries":[{"type":"LineString","coordinates":[[80.197478,13.116066],[80.196215,13.115814],[80.195331,13.113035],[80.193563,13.112151],[80.1899,13.112783],[80.185859,13.112783],[80.183081,13.112909],[80.181565,13.113288],[80.181944,13.113793],[80.182323,13.11493],[80.182323,13.116066],[80.185733,13.115814],[80.185733,13.116824],[80.185733,13.118719],[80.18649,13.12036],[80.186869,13.121623],[80.188764,13.121623],[80.18889,13.124023],[80.191416,13.124275],[80.191163,13.126548],[80.191163,13.128822],[80.191163,13.130211],[80.192552,13.130211],[80.192931,13.128064],[80.192931,13.126927],[80.192931,13.125033],[80.19432,13.125033],[80.194699,13.12617],[80.195331,13.127811],[80.195331,13.129074],[80.194952,13.129706],[80.193563,13.129958],[80.192552,13.131726],[80.192931,13.132484],[80.19432,13.13261],[80.194826,13.133242],[80.194826,13.133873],[80.193689,13.135262],[80.191668,13.137536],[80.191668,13.140693],[80.194068,13.141703],[80.195078,13.142461],[80.195078,13.144608],[80.195331,13.146502],[80.196594,13.148397],[80.197983,13.149154],[80.199751,13.149659],[80.201645,13.149912],[80.203918,13.148649],[80.204929,13.147386],[80.204802,13.145745],[80.20354,13.145366],[80.202403,13.145366],[80.20114,13.144987],[80.201393,13.143471],[80.202529,13.141324],[80.203034,13.140314],[80.204045,13.13943],[80.204676,13.137536],[80.204676,13.136904],[80.204424,13.13501],[80.202277,13.134126],[80.201266,13.132737],[80.201266,13.129958],[80.199498,13.127306],[80.199372,13.125791],[80.199751,13.123265],[80.200382,13.12276],[80.201014,13.121118],[80.201266,13.119603],[80.20114,13.118087],[80.200382,13.116066],[80.198741,13.11594],[80.197478,13.116066]]},{"type":"Polygon","coordinates":[[[80.197478,13.116066],[80.196215,13.115814],[80.195331,13.113035],[80.193563,13.112151],[80.1899,13.112783],[80.185859,13.112783],[80.183081,13.112909],[80.181565,13.113288],[80.181944,13.113793],[80.182323,13.11493],[80.182323,13.116066],[80.185733,13.115814],[80.185733,13.116824],[80.185733,13.118719],[80.18649,13.12036],[80.186869,13.121623],[80.188764,13.121623],[80.18889,13.124023],[80.191416,13.124275],[80.191163,13.126548],[80.191163,13.128822],[80.191163,13.130211],[80.192552,13.130211],[80.192931,13.128064],[80.192931,13.126927],[80.192931,13.125033],[80.19432,13.125033],[80.194699,13.12617],[80.195331,13.127811],[80.195331,13.129074],[80.194952,13.129706],[80.193563,13.129958],[80.192552,13.131726],[80.192931,13.132484],[80.19432,13.13261],[80.194826,13.133242],[80.194826,13.133873],[80.193689,13.135262],[80.191668,13.137536],[80.191668,13.140693],[80.194068,13.141703],[80.195078,13.142461],[80.195078,13.144608],[80.195331,13.146502],[80.196594,13.148397],[80.197983,13.149154],[80.199751,13.149659],[80.201645,13.149912],[80.203918,13.148649],[80.204929,13.147386],[80.204802,13.145745],[80.20354,13.145366],[80.202403,13.145366],[80.20114,13.144987],[80.201393,13.143471],[80.202529,13.141324],[80.203034,13.140314],[80.204045,13.13943],[80.204676,13.137536],[80.204676,13.136904],[80.204424,13.13501],[80.202277,13.134126],[80.201266,13.132737],[80.201266,13.129958],[80.199498,13.127306],[80.199372,13.125791],[80.199751,13.123265],[80.200382,13.12276],[80.201014,13.121118],[80.201266,13.119603],[80.20114,13.118087],[80.200382,13.116066],[80.198741,13.11594],[80.197478,13.116066]]]}]}},{"type":"Feature","properties":{"name":"1518.027302276958"},"geometry":{"type":"GeometryCollection","geometries":[{"type":"LineString","coordinates":[[80.202529,13.127938],[80.204676,13.12718],[80.206697,13.126927],[80.206949,13.125664],[80.206318,13.124907],[80.204171,13.124275],[80.202656,13.124402],[80.202529,13.126422],[80.202529,13.127938]]},{"type":"Polygon","coordinates":[[[80.202529,13.127938],[80.204676,13.12718],[80.206697,13.126927],[80.206949,13.125664],[80.206318,13.124907],[80.204171,13.124275],[80.202656,13.124402],[80.202529,13.126422],[80.202529,13.127938]]]}]}},{"type":"Feature","properties":{"name":"13785.0505086997"},"geometry":{"type":"GeometryCollection","geometries":[{"type":"LineString","coordinates":[[80.283355,13.145239],[80.281965,13.144103],[80.28146,13.145113],[80.281334,13.146123],[80.282976,13.146502],[80.282849,13.148144],[80.28146,13.148144],[80.284112,13.15168],[80.284996,13.154458],[80.286764,13.156858],[80.287775,13.159005],[80.287522,13.154837],[80.288154,13.153196],[80.289417,13.154332],[80.289795,13.158121],[80.289922,13.159636],[80.289922,13.160394],[80.289038,13.161404],[80.289417,13.163678],[80.289543,13.16734],[80.289669,13.169613],[80.289669,13.17176],[80.291563,13.174033],[80.292953,13.175423],[80.294216,13.177317],[80.295731,13.177948],[80.297246,13.177696],[80.298131,13.176812],[80.298509,13.175296],[80.298004,13.173907],[80.296994,13.173528],[80.29611,13.174539],[80.295226,13.175044],[80.294089,13.173276],[80.294216,13.170876],[80.294216,13.168477],[80.294594,13.165951],[80.294594,13.162288],[80.294216,13.160773],[80.29371,13.161531],[80.293079,13.162667],[80.292195,13.16292],[80.291311,13.160647],[80.291563,13.157616],[80.2927,13.157868],[80.294089,13.15951],[80.295857,13.160394],[80.295857,13.158879],[80.295731,13.156858],[80.294847,13.155216],[80.293837,13.15269],[80.291563,13.151049],[80.290048,13.150796],[80.290048,13.149786],[80.289795,13.148144],[80.286386,13.147765],[80.287017,13.149659],[80.287522,13.150922],[80.287522,13.151806],[80.286007,13.149912],[80.284491,13.148902],[80.283733,13.147639],[80.284239,13.145239],[80.283355,13.145239]]},{"type":"Polygon","coordinates":[[[80.283355,13.145239],[80.281965,13.144103],[80.28146,13.145113],[80.281334,13.146123],[80.282976,13.146502],[80.282849,13.148144],[80.28146,13.148144],[80.284112,13.15168],[80.284996,13.154458],[80.286764,13.156858],[80.287775,13.159005],[80.287522,13.154837],[80.288154,13.153196],[80.289417,13.154332],[80.289795,13.158121],[80.289922,13.159636],[80.289922,13.160394],[80.289038,13.161404],[80.289417,13.163678],[80.289543,13.16734],[80.289669,13.169613],[80.289669,13.17176],[80.291563,13.174033],[80.292953,13.175423],[80.294216,13.177317],[80.295731,13.177948],[80.297246,13.177696],[80.298131,13.176812],[80.298509,13.175296],[80.298004,13.173907],[80.296994,13.173528],[80.29611,13.174539],[80.295226,13.175044],[80.294089,13.173276],[80.294216,13.170876],[80.294216,13.168477],[80.294594,13.165951],[80.294594,13.162288],[80.294216,13.160773],[80.29371,13.161531],[80.293079,13.162667],[80.292195,13.16292],[80.291311,13.160647],[80.291563,13.157616],[80.2927,13.157868],[80.294089,13.15951],[80.295857,13.160394],[80.295857,13.158879],[80.295731,13.156858],[80.294847,13.155216],[80.293837,13.15269],[80.291563,13.151049],[80.290048,13.150796],[80.290048,13.149786],[80.289795,13.148144],[80.286386,13.147765],[80.287017,13.149659],[80.287522,13.150922],[80.287522,13.151806],[80.286007,13.149912],[80.284491,13.148902],[80.283733,13.147639],[80.284239,13.145239],[80.283355,13.145239]]]}]}},{"type":"Feature","properties":{"name":"2285.2132358219428"},"geometry":{"type":"GeometryCollection","geometries":[{"type":"LineString","coordinates":[[80.157696,13.174791],[80.159591,13.174539],[80.161485,13.173276],[80.163506,13.173655],[80.165147,13.173276],[80.164516,13.172013],[80.163885,13.171255],[80.163253,13.170876],[80.162748,13.171634],[80.162748,13.172139],[80.161864,13.172139],[80.160475,13.171508],[80.158707,13.171508],[80.157318,13.172013],[80.157696,13.174791]]},{"type":"Polygon","coordinates":[[[80.157696,13.174791],[80.159591,13.174539],[80.161485,13.173276],[80.163506,13.173655],[80.165147,13.173276],[80.164516,13.172013],[80.163885,13.171255],[80.163253,13.170876],[80.162748,13.171634],[80.162748,13.172139],[80.161864,13.172139],[80.160475,13.171508],[80.158707,13.171508],[80.157318,13.172013],[80.157696,13.174791]]]}]}},{"type":"Feature","properties":{"name":"1125.228613406297"},"geometry":{"type":"GeometryCollection","geometries":[{"type":"LineString","coordinates":[[80.151225,13.186177],[80.15171,13.183833],[80.150902,13.183025],[80.149528,13.183025],[80.148558,13.183672],[80.148477,13.184561],[80.149528,13.185692],[80.151225,13.186177]]},{"type":"Polygon","coordinates":[[[80.151225,13.186177],[80.15171,13.183833],[80.150902,13.183025],[80.149528,13.183025],[80.148558,13.183672],[80.148477,13.184561],[80.149528,13.185692],[80.151225,13.186177]]]}]}},{"type":"Feature","properties":{"name":"64574.78696363981"},"geometry":{"type":"GeometryCollection","geometries":[{"type":"LineString","coordinates":[[80.216451,13.131135],[80.214916,13.131135],[80.213138,13.131539],[80.212814,13.132671],[80.214431,13.134207],[80.214673,13.135581],[80.214916,13.138167],[80.215077,13.142774],[80.215158,13.145684],[80.215401,13.148109],[80.216613,13.149483],[80.217906,13.151018],[80.218876,13.151746],[80.218957,13.152716],[80.217825,13.154979],[80.21629,13.155383],[80.215805,13.157565],[80.214512,13.159101],[80.213703,13.158454],[80.213703,13.156838],[80.213703,13.155383],[80.21241,13.155706],[80.212491,13.157969],[80.211359,13.160232],[80.211279,13.162738],[80.212248,13.163546],[80.214269,13.163789],[80.214997,13.164355],[80.21532,13.165486],[80.215562,13.167507],[80.214997,13.169204],[80.213784,13.169689],[80.212168,13.170416],[80.21144,13.170093],[80.210551,13.169366],[80.210389,13.167022],[80.21047,13.165082],[80.210147,13.16395],[80.208692,13.164516],[80.206591,13.167345],[80.204651,13.169366],[80.203519,13.170659],[80.20263,13.171952],[80.200933,13.174054],[80.20061,13.174539],[80.200771,13.176398],[80.201014,13.177933],[80.200771,13.179469],[80.199882,13.180035],[80.200286,13.180843],[80.202954,13.180439],[80.203843,13.179065],[80.204732,13.177852],[80.206348,13.176882],[80.207399,13.176802],[80.209177,13.177772],[80.210066,13.178822],[80.211036,13.180035],[80.211764,13.180358],[80.213218,13.18149],[80.21435,13.181732],[80.21726,13.181651],[80.218149,13.182298],[80.218634,13.184561],[80.219119,13.18642],[80.219927,13.187551],[80.220573,13.188279],[80.222513,13.187713],[80.223968,13.187632],[80.22615,13.187471],[80.227767,13.187713],[80.228414,13.187956],[80.228575,13.188845],[80.228171,13.190219],[80.226878,13.190704],[80.225019,13.191674],[80.222837,13.192805],[80.221463,13.193694],[80.22025,13.194017],[80.218391,13.194422],[80.21734,13.19523],[80.217421,13.196361],[80.21629,13.196927],[80.215481,13.19725],[80.214997,13.198948],[80.216128,13.200564],[80.218149,13.201938],[80.219361,13.202827],[80.220654,13.200968],[80.220654,13.199756],[80.219523,13.199029],[80.21823,13.198786],[80.21823,13.197735],[80.218876,13.196685],[80.220331,13.196685],[80.220816,13.197735],[80.221786,13.198301],[80.221705,13.199352],[80.221543,13.200564],[80.223079,13.200645],[80.223645,13.200241],[80.224534,13.199433],[80.225423,13.199271],[80.226635,13.199029],[80.226635,13.199271],[80.226635,13.200564],[80.227201,13.200645],[80.22809,13.199433],[80.23003,13.199271],[80.230111,13.200888],[80.229141,13.202262],[80.227444,13.203393],[80.226797,13.203393],[80.225261,13.204444],[80.224615,13.20606],[80.22615,13.207354],[80.228494,13.208],[80.231162,13.207596],[80.234475,13.207919],[80.235203,13.20897],[80.235284,13.210021],[80.238598,13.210506],[80.23884,13.211314],[80.239729,13.212203],[80.241103,13.212042],[80.241265,13.210263],[80.241022,13.208647],[80.240699,13.207677],[80.239325,13.207111],[80.23884,13.207515],[80.23884,13.209698],[80.23787,13.210183],[80.2369,13.210183],[80.23787,13.209213],[80.237304,13.207434],[80.237143,13.206303],[80.235849,13.20606],[80.235041,13.205495],[80.23488,13.20404],[80.234152,13.203312],[80.233182,13.20404],[80.232778,13.204767],[80.232455,13.205576],[80.231404,13.206303],[80.230596,13.206384],[80.230757,13.204686],[80.231566,13.20404],[80.231889,13.202989],[80.232051,13.201453],[80.232697,13.200726],[80.233425,13.200403],[80.233748,13.198867],[80.233829,13.19814],[80.232536,13.19814],[80.231242,13.198625],[80.230677,13.197816],[80.230596,13.196281],[80.230596,13.194987],[80.231647,13.194341],[80.233021,13.194179],[80.233344,13.193452],[80.231808,13.192967],[80.231566,13.19135],[80.232536,13.190138],[80.233344,13.18933],[80.234314,13.188925],[80.23593,13.188602],[80.237628,13.188198],[80.239244,13.188198],[80.239729,13.18739],[80.239406,13.185773],[80.239083,13.184884],[80.238598,13.184318],[80.238436,13.181085],[80.237224,13.180762],[80.236981,13.181409],[80.2369,13.183591],[80.235041,13.184561],[80.234071,13.184965],[80.233586,13.182055],[80.233748,13.17955],[80.235122,13.179065],[80.236496,13.180116],[80.238193,13.180843],[80.239729,13.181409],[80.240457,13.181651],[80.242396,13.182379],[80.244094,13.182379],[80.245064,13.18149],[80.245064,13.180681],[80.242477,13.180035],[80.241426,13.179469],[80.240295,13.178176],[80.239163,13.17761],[80.2369,13.177044],[80.236577,13.175428],[80.234556,13.175347],[80.234556,13.1747],[80.23496,13.174215],[80.236496,13.174296],[80.237385,13.175428],[80.237547,13.176398],[80.239244,13.176398],[80.241184,13.176398],[80.24272,13.176721],[80.243851,13.17761],[80.245629,13.178822],[80.246842,13.178903],[80.248054,13.177691],[80.249105,13.178014],[80.249671,13.176398],[80.248135,13.175185],[80.248135,13.174377],[80.246114,13.173973],[80.244255,13.17373],[80.244417,13.172356],[80.245225,13.172033],[80.246357,13.170901],[80.245953,13.169042],[80.246195,13.167264],[80.247408,13.16686],[80.247488,13.165082],[80.246114,13.165082],[80.245144,13.164031],[80.244659,13.162657],[80.243366,13.161849],[80.240861,13.162415],[80.238274,13.163061],[80.239244,13.16387],[80.24078,13.164759],[80.240941,13.165809],[80.240457,13.166294],[80.239083,13.167749],[80.239002,13.169285],[80.237708,13.170174],[80.238032,13.172356],[80.235607,13.170901],[80.235526,13.168477],[80.233829,13.16686],[80.232859,13.165729],[80.231808,13.166456],[80.231485,13.167183],[80.229707,13.167426],[80.229707,13.168073],[80.230596,13.169285],[80.231566,13.169851],[80.232859,13.17074],[80.233425,13.171467],[80.232536,13.172356],[80.231485,13.17171],[80.230838,13.170901],[80.23003,13.170901],[80.22704,13.171063],[80.226474,13.17074],[80.227201,13.169204],[80.229383,13.168719],[80.229707,13.167264],[80.230515,13.165809],[80.229949,13.164031],[80.229383,13.162981],[80.228737,13.161768],[80.227767,13.161687],[80.227524,13.158373],[80.227605,13.156919],[80.227282,13.155221],[80.226474,13.154413],[80.224615,13.154171],[80.222594,13.152392],[80.221624,13.152635],[80.221391,13.153958],[80.222837,13.154898],[80.223483,13.156514],[80.223456,13.157107],[80.223564,13.158131],[80.224291,13.159101],[80.224453,13.160475],[80.224372,13.161526],[80.223968,13.162091],[80.222432,13.161041],[80.221624,13.159828],[80.219523,13.159182],[80.217502,13.158535],[80.217421,13.157323],[80.218068,13.156676],[80.218472,13.156595],[80.218795,13.157808],[80.219684,13.158293],[80.222352,13.158778],[80.223402,13.158293],[80.223456,13.157107],[80.223402,13.156595],[80.222837,13.15514],[80.221382,13.154009],[80.221391,13.153958],[80.22122,13.153847],[80.221463,13.152635],[80.222352,13.151988],[80.221786,13.150533],[80.221301,13.150372],[80.221058,13.149321],[80.21928,13.148513],[80.21734,13.148109],[80.216856,13.147947],[80.21629,13.146735],[80.21629,13.144876],[80.216613,13.144229],[80.217421,13.144067],[80.217987,13.144876],[80.219038,13.14625],[80.21928,13.147785],[80.220493,13.148917],[80.220735,13.148513],[80.220169,13.146492],[80.219846,13.145118],[80.219199,13.14431],[80.218876,13.143663],[80.21831,13.142936],[80.218391,13.141562],[80.220493,13.141562],[80.221948,13.141238],[80.223483,13.140834],[80.224453,13.140673],[80.224534,13.13938],[80.225181,13.138975],[80.225989,13.13938],[80.226474,13.140673],[80.224776,13.140834],[80.223887,13.141158],[80.223887,13.142532],[80.223887,13.143663],[80.224857,13.143987],[80.225019,13.145037],[80.225181,13.146007],[80.22615,13.146654],[80.227201,13.146088],[80.227444,13.14528],[80.228333,13.145199],[80.229383,13.146007],[80.229949,13.146492],[80.230596,13.147139],[80.231727,13.146896],[80.232051,13.145361],[80.232293,13.143987],[80.231485,13.143421],[80.229626,13.143017],[80.229949,13.142128],[80.231566,13.142128],[80.233182,13.140673],[80.234233,13.139218],[80.234475,13.137763],[80.235526,13.137278],[80.237547,13.138086],[80.237789,13.136308],[80.237789,13.134207],[80.237789,13.133398],[80.240376,13.133318],[80.242154,13.133479],[80.24369,13.13453],[80.24571,13.133803],[80.246114,13.131216],[80.243124,13.130812],[80.240618,13.131135],[80.238921,13.130085],[80.238517,13.12766],[80.237224,13.127498],[80.233425,13.129357],[80.231404,13.132267],[80.231404,13.133964],[80.231727,13.135823],[80.231081,13.13744],[80.23003,13.137925],[80.227444,13.138086],[80.227605,13.135338],[80.227524,13.133883],[80.22712,13.132671],[80.226312,13.132671],[80.224291,13.134692],[80.22122,13.135662],[80.220331,13.135662],[80.217825,13.13453],[80.217421,13.132752],[80.217421,13.131701],[80.216451,13.131135]]},{"type":"Polygon","coordinates":[[[80.216451,13.131135],[80.214916,13.131135],[80.213138,13.131539],[80.212814,13.132671],[80.214431,13.134207],[80.214673,13.135581],[80.214916,13.138167],[80.215077,13.142774],[80.215158,13.145684],[80.215401,13.148109],[80.216613,13.149483],[80.217906,13.151018],[80.218876,13.151746],[80.218957,13.152716],[80.217825,13.154979],[80.21629,13.155383],[80.215805,13.157565],[80.214512,13.159101],[80.213703,13.158454],[80.213703,13.156838],[80.213703,13.155383],[80.21241,13.155706],[80.212491,13.157969],[80.211359,13.160232],[80.211279,13.162738],[80.212248,13.163546],[80.214269,13.163789],[80.214997,13.164355],[80.21532,13.165486],[80.215562,13.167507],[80.214997,13.169204],[80.213784,13.169689],[80.212168,13.170416],[80.21144,13.170093],[80.210551,13.169366],[80.210389,13.167022],[80.21047,13.165082],[80.210147,13.16395],[80.208692,13.164516],[80.206591,13.167345],[80.204651,13.169366],[80.203519,13.170659],[80.20263,13.171952],[80.200933,13.174054],[80.20061,13.174539],[80.200771,13.176398],[80.201014,13.177933],[80.200771,13.179469],[80.199882,13.180035],[80.200286,13.180843],[80.202954,13.180439],[80.203843,13.179065],[80.204732,13.177852],[80.206348,13.176882],[80.207399,13.176802],[80.209177,13.177772],[80.210066,13.178822],[80.211036,13.180035],[80.211764,13.180358],[80.213218,13.18149],[80.21435,13.181732],[80.21726,13.181651],[80.218149,13.182298],[80.218634,13.184561],[80.219119,13.18642],[80.219927,13.187551],[80.220573,13.188279],[80.222513,13.187713],[80.223968,13.187632],[80.22615,13.187471],[80.227767,13.187713],[80.228414,13.187956],[80.228575,13.188845],[80.228171,13.190219],[80.226878,13.190704],[80.225019,13.191674],[80.222837,13.192805],[80.221463,13.193694],[80.22025,13.194017],[80.218391,13.194422],[80.21734,13.19523],[80.217421,13.196361],[80.21629,13.196927],[80.215481,13.19725],[80.214997,13.198948],[80.216128,13.200564],[80.218149,13.201938],[80.219361,13.202827],[80.220654,13.200968],[80.220654,13.199756],[80.219523,13.199029],[80.21823,13.198786],[80.21823,13.197735],[80.218876,13.196685],[80.220331,13.196685],[80.220816,13.197735],[80.221786,13.198301],[80.221705,13.199352],[80.221543,13.200564],[80.223079,13.200645],[80.223645,13.200241],[80.224534,13.199433],[80.225423,13.199271],[80.226635,13.199029],[80.226635,13.199271],[80.226635,13.200564],[80.227201,13.200645],[80.22809,13.199433],[80.23003,13.199271],[80.230111,13.200888],[80.229141,13.202262],[80.227444,13.203393],[80.226797,13.203393],[80.225261,13.204444],[80.224615,13.20606],[80.22615,13.207354],[80.228494,13.208],[80.231162,13.207596],[80.234475,13.207919],[80.235203,13.20897],[80.235284,13.210021],[80.238598,13.210506],[80.23884,13.211314],[80.239729,13.212203],[80.241103,13.212042],[80.241265,13.210263],[80.241022,13.208647],[80.240699,13.207677],[80.239325,13.207111],[80.23884,13.207515],[80.23884,13.209698],[80.23787,13.210183],[80.2369,13.210183],[80.23787,13.209213],[80.237304,13.207434],[80.237143,13.206303],[80.235849,13.20606],[80.235041,13.205495],[80.23488,13.20404],[80.234152,13.203312],[80.233182,13.20404],[80.232778,13.204767],[80.232455,13.205576],[80.231404,13.206303],[80.230596,13.206384],[80.230757,13.204686],[80.231566,13.20404],[80.231889,13.202989],[80.232051,13.201453],[80.232697,13.200726],[80.233425,13.200403],[80.233748,13.198867],[80.233829,13.19814],[80.232536,13.19814],[80.231242,13.198625],[80.230677,13.197816],[80.230596,13.196281],[80.230596,13.194987],[80.231647,13.194341],[80.233021,13.194179],[80.233344,13.193452],[80.231808,13.192967],[80.231566,13.19135],[80.232536,13.190138],[80.233344,13.18933],[80.234314,13.188925],[80.23593,13.188602],[80.237628,13.188198],[80.239244,13.188198],[80.239729,13.18739],[80.239406,13.185773],[80.239083,13.184884],[80.238598,13.184318],[80.238436,13.181085],[80.237224,13.180762],[80.236981,13.181409],[80.2369,13.183591],[80.235041,13.184561],[80.234071,13.184965],[80.233586,13.182055],[80.233748,13.17955],[80.235122,13.179065],[80.236496,13.180116],[80.238193,13.180843],[80.239729,13.181409],[80.240457,13.181651],[80.242396,13.182379],[80.244094,13.182379],[80.245064,13.18149],[80.245064,13.180681],[80.242477,13.180035],[80.241426,13.179469],[80.240295,13.178176],[80.239163,13.17761],[80.2369,13.177044],[80.236577,13.175428],[80.234556,13.175347],[80.234556,13.1747],[80.23496,13.174215],[80.236496,13.174296],[80.237385,13.175428],[80.237547,13.176398],[80.239244,13.176398],[80.241184,13.176398],[80.24272,13.176721],[80.243851,13.17761],[80.245629,13.178822],[80.246842,13.178903],[80.248054,13.177691],[80.249105,13.178014],[80.249671,13.176398],[80.248135,13.175185],[80.248135,13.174377],[80.246114,13.173973],[80.244255,13.17373],[80.244417,13.172356],[80.245225,13.172033],[80.246357,13.170901],[80.245953,13.169042],[80.246195,13.167264],[80.247408,13.16686],[80.247488,13.165082],[80.246114,13.165082],[80.245144,13.164031],[80.244659,13.162657],[80.243366,13.161849],[80.240861,13.162415],[80.238274,13.163061],[80.239244,13.16387],[80.24078,13.164759],[80.240941,13.165809],[80.240457,13.166294],[80.239083,13.167749],[80.239002,13.169285],[80.237708,13.170174],[80.238032,13.172356],[80.235607,13.170901],[80.235526,13.168477],[80.233829,13.16686],[80.232859,13.165729],[80.231808,13.166456],[80.231485,13.167183],[80.229707,13.167426],[80.229707,13.168073],[80.230596,13.169285],[80.231566,13.169851],[80.232859,13.17074],[80.233425,13.171467],[80.232536,13.172356],[80.231485,13.17171],[80.230838,13.170901],[80.23003,13.170901],[80.22704,13.171063],[80.226474,13.17074],[80.227201,13.169204],[80.229383,13.168719],[80.229707,13.167264],[80.230515,13.165809],[80.229949,13.164031],[80.229383,13.162981],[80.228737,13.161768],[80.227767,13.161687],[80.227524,13.158373],[80.227605,13.156919],[80.227282,13.155221],[80.226474,13.154413],[80.224615,13.154171],[80.222594,13.152392],[80.221624,13.152635],[80.221391,13.153958],[80.222837,13.154898],[80.223483,13.156514],[80.223456,13.157107],[80.223564,13.158131],[80.224291,13.159101],[80.224453,13.160475],[80.224372,13.161526],[80.223968,13.162091],[80.222432,13.161041],[80.221624,13.159828],[80.219523,13.159182],[80.217502,13.158535],[80.217421,13.157323],[80.218068,13.156676],[80.218472,13.156595],[80.218795,13.157808],[80.219684,13.158293],[80.222352,13.158778],[80.223402,13.158293],[80.223456,13.157107],[80.223402,13.156595],[80.222837,13.15514],[80.221382,13.154009],[80.221391,13.153958],[80.22122,13.153847],[80.221463,13.152635],[80.222352,13.151988],[80.221786,13.150533],[80.221301,13.150372],[80.221058,13.149321],[80.21928,13.148513],[80.21734,13.148109],[80.216856,13.147947],[80.21629,13.146735],[80.21629,13.144876],[80.216613,13.144229],[80.217421,13.144067],[80.217987,13.144876],[80.219038,13.14625],[80.21928,13.147785],[80.220493,13.148917],[80.220735,13.148513],[80.220169,13.146492],[80.219846,13.145118],[80.219199,13.14431],[80.218876,13.143663],[80.21831,13.142936],[80.218391,13.141562],[80.220493,13.141562],[80.221948,13.141238],[80.223483,13.140834],[80.224453,13.140673],[80.224534,13.13938],[80.225181,13.138975],[80.225989,13.13938],[80.226474,13.140673],[80.224776,13.140834],[80.223887,13.141158],[80.223887,13.142532],[80.223887,13.143663],[80.224857,13.143987],[80.225019,13.145037],[80.225181,13.146007],[80.22615,13.146654],[80.227201,13.146088],[80.227444,13.14528],[80.228333,13.145199],[80.229383,13.146007],[80.229949,13.146492],[80.230596,13.147139],[80.231727,13.146896],[80.232051,13.145361],[80.232293,13.143987],[80.231485,13.143421],[80.229626,13.143017],[80.229949,13.142128],[80.231566,13.142128],[80.233182,13.140673],[80.234233,13.139218],[80.234475,13.137763],[80.235526,13.137278],[80.237547,13.138086],[80.237789,13.136308],[80.237789,13.134207],[80.237789,13.133398],[80.240376,13.133318],[80.242154,13.133479],[80.24369,13.13453],[80.24571,13.133803],[80.246114,13.131216],[80.243124,13.130812],[80.240618,13.131135],[80.238921,13.130085],[80.238517,13.12766],[80.237224,13.127498],[80.233425,13.129357],[80.231404,13.132267],[80.231404,13.133964],[80.231727,13.135823],[80.231081,13.13744],[80.23003,13.137925],[80.227444,13.138086],[80.227605,13.135338],[80.227524,13.133883],[80.22712,13.132671],[80.226312,13.132671],[80.224291,13.134692],[80.22122,13.135662],[80.220331,13.135662],[80.217825,13.13453],[80.217421,13.132752],[80.217421,13.131701],[80.216451,13.131135]]]}]}},{"type":"Feature","properties":{"name":"2082.7778423516756"},"geometry":{"type":"GeometryCollection","geometries":[{"type":"LineString","coordinates":[[80.287775,13.140819],[80.287901,13.141072],[80.289038,13.141072],[80.289038,13.140188],[80.288027,13.137915],[80.289669,13.136525],[80.290932,13.135136],[80.290048,13.134],[80.288532,13.135515],[80.286638,13.136652],[80.286764,13.138293],[80.287775,13.140819]]},{"type":"Polygon","coordinates":[[[80.287775,13.140819],[80.287901,13.141072],[80.289038,13.141072],[80.289038,13.140188],[80.288027,13.137915],[80.289669,13.136525],[80.290932,13.135136],[80.290048,13.134],[80.288532,13.135515],[80.286638,13.136652],[80.286764,13.138293],[80.287775,13.140819]]]}]}},{"type":"Feature","properties":{"name":"1243.489846858818"},"geometry":{"type":"GeometryCollection","geometries":[{"type":"LineString","coordinates":[[80.292195,13.150922],[80.293458,13.150038],[80.2927,13.149154],[80.292826,13.147891],[80.293584,13.146502],[80.291311,13.148144],[80.292069,13.149659],[80.292195,13.150922]]},{"type":"Polygon","coordinates":[[[80.292195,13.150922],[80.293458,13.150038],[80.2927,13.149154],[80.292826,13.147891],[80.293584,13.146502],[80.291311,13.148144],[80.292069,13.149659],[80.292195,13.150922]]]}]}},{"type":"Feature","properties":{"name":"20151.26620445406"},"geometry":{"type":"GeometryCollection","geometries":[{"type":"LineString","coordinates":[[80.266053,13.137915],[80.2658,13.136525],[80.265043,13.134505],[80.265043,13.131979],[80.266179,13.130463],[80.26378,13.131853],[80.26138,13.134126],[80.258602,13.135641],[80.256707,13.136273],[80.256455,13.137662],[80.254687,13.13842],[80.252793,13.13943],[80.25153,13.140188],[80.25254,13.142966],[80.253929,13.144987],[80.253929,13.146123],[80.257465,13.146629],[80.258728,13.146376],[80.259991,13.143598],[80.260622,13.142587],[80.261128,13.143092],[80.26138,13.144482],[80.265169,13.144608],[80.267442,13.144734],[80.269463,13.14486],[80.27022,13.145113],[80.268831,13.147639],[80.2682,13.148397],[80.267821,13.153827],[80.268074,13.157489],[80.267442,13.159636],[80.2658,13.161152],[80.264285,13.162667],[80.264159,13.163804],[80.262643,13.164435],[80.262769,13.166582],[80.264032,13.166582],[80.264032,13.167845],[80.263148,13.168477],[80.263148,13.169992],[80.264285,13.170371],[80.265421,13.169234],[80.26719,13.168098],[80.269589,13.169361],[80.272367,13.171886],[80.274893,13.172265],[80.276661,13.172265],[80.276914,13.171381],[80.277166,13.168729],[80.277293,13.166709],[80.277419,13.164814],[80.274893,13.164814],[80.273251,13.165319],[80.272115,13.166203],[80.270852,13.164814],[80.268958,13.164309],[80.269589,13.162288],[80.270726,13.159889],[80.272367,13.159005],[80.274009,13.156858],[80.274767,13.153322],[80.273883,13.148775],[80.273378,13.145745],[80.272999,13.144355],[80.274388,13.144482],[80.276156,13.144734],[80.27704,13.145745],[80.277166,13.145113],[80.276788,13.14183],[80.271357,13.142587],[80.26921,13.142335],[80.265295,13.142714],[80.26378,13.141577],[80.264032,13.140693],[80.266053,13.140567],[80.268958,13.140567],[80.270473,13.140567],[80.270852,13.139556],[80.271989,13.138799],[80.274767,13.138799],[80.274388,13.136525],[80.273883,13.135389],[80.272494,13.136525],[80.272241,13.136904],[80.269968,13.137409],[80.26719,13.137283],[80.266053,13.137915]]},{"type":"Polygon","coordinates":[[[80.266053,13.137915],[80.2658,13.136525],[80.265043,13.134505],[80.265043,13.131979],[80.266179,13.130463],[80.26378,13.131853],[80.26138,13.134126],[80.258602,13.135641],[80.256707,13.136273],[80.256455,13.137662],[80.254687,13.13842],[80.252793,13.13943],[80.25153,13.140188],[80.25254,13.142966],[80.253929,13.144987],[80.253929,13.146123],[80.257465,13.146629],[80.258728,13.146376],[80.259991,13.143598],[80.260622,13.142587],[80.261128,13.143092],[80.26138,13.144482],[80.265169,13.144608],[80.267442,13.144734],[80.269463,13.14486],[80.27022,13.145113],[80.268831,13.147639],[80.2682,13.148397],[80.267821,13.153827],[80.268074,13.157489],[80.267442,13.159636],[80.2658,13.161152],[80.264285,13.162667],[80.264159,13.163804],[80.262643,13.164435],[80.262769,13.166582],[80.264032,13.166582],[80.264032,13.167845],[80.263148,13.168477],[80.263148,13.169992],[80.264285,13.170371],[80.265421,13.169234],[80.26719,13.168098],[80.269589,13.169361],[80.272367,13.171886],[80.274893,13.172265],[80.276661,13.172265],[80.276914,13.171381],[80.277166,13.168729],[80.277293,13.166709],[80.277419,13.164814],[80.274893,13.164814],[80.273251,13.165319],[80.272115,13.166203],[80.270852,13.164814],[80.268958,13.164309],[80.269589,13.162288],[80.270726,13.159889],[80.272367,13.159005],[80.274009,13.156858],[80.274767,13.153322],[80.273883,13.148775],[80.273378,13.145745],[80.272999,13.144355],[80.274388,13.144482],[80.276156,13.144734],[80.27704,13.145745],[80.277166,13.145113],[80.276788,13.14183],[80.271357,13.142587],[80.26921,13.142335],[80.265295,13.142714],[80.26378,13.141577],[80.264032,13.140693],[80.266053,13.140567],[80.268958,13.140567],[80.270473,13.140567],[80.270852,13.139556],[80.271989,13.138799],[80.274767,13.138799],[80.274388,13.136525],[80.273883,13.135389],[80.272494,13.136525],[80.272241,13.136904],[80.269968,13.137409],[80.26719,13.137283],[80.266053,13.137915]]]}]}},{"type":"Feature","properties":{"name":"3107.82711570274"},"geometry":{"type":"GeometryCollection","geometries":[{"type":"LineString","coordinates":[[80.145876,13.204211],[80.145891,13.204282],[80.145891,13.204121],[80.145876,13.204211]]},{"type":"LineString","coordinates":[[80.145163,13.204444],[80.14581,13.204606],[80.145876,13.204211],[80.145568,13.202747],[80.145972,13.202666],[80.147507,13.202666],[80.148154,13.202908],[80.149528,13.202827],[80.150417,13.204201],[80.150579,13.203393],[80.150417,13.202989],[80.150255,13.202181],[80.150175,13.201534],[80.14969,13.200726],[80.148558,13.199675],[80.147669,13.199675],[80.146699,13.200726],[80.145729,13.200241],[80.145487,13.199594],[80.144759,13.199029],[80.143951,13.199999],[80.144759,13.200888],[80.145244,13.201373],[80.144921,13.201858],[80.14387,13.201615],[80.142981,13.201938],[80.143062,13.203474],[80.144355,13.203959],[80.145163,13.204444]]},{"type":"Polygon","coordinates":[[[80.145876,13.204211],[80.145891,13.204282],[80.145891,13.204121],[80.145876,13.204211]]]},{"type":"Polygon","coordinates":[[[80.145163,13.204444],[80.14581,13.204606],[80.145876,13.204211],[80.145568,13.202747],[80.145972,13.202666],[80.147507,13.202666],[80.148154,13.202908],[80.149528,13.202827],[80.150417,13.204201],[80.150579,13.203393],[80.150417,13.202989],[80.150255,13.202181],[80.150175,13.201534],[80.14969,13.200726],[80.148558,13.199675],[80.147669,13.199675],[80.146699,13.200726],[80.145729,13.200241],[80.145487,13.199594],[80.144759,13.199029],[80.143951,13.199999],[80.144759,13.200888],[80.145244,13.201373],[80.144921,13.201858],[80.14387,13.201615],[80.142981,13.201938],[80.143062,13.203474],[80.144355,13.203959],[80.145163,13.204444]]]}]}},{"type":"Feature","properties":{"name":"2185.4457787747115"},"geometry":{"type":"GeometryCollection","geometries":[{"type":"LineString","coordinates":[[80.142092,13.206303],[80.143385,13.206384],[80.143143,13.208243],[80.14387,13.209455],[80.144355,13.210829],[80.144759,13.211799],[80.145325,13.212688],[80.145406,13.211637],[80.145163,13.209859],[80.145163,13.208324],[80.145163,13.20695],[80.145163,13.205656],[80.144032,13.205091],[80.143709,13.204929],[80.142496,13.205091],[80.142415,13.205576],[80.14185,13.205576],[80.142092,13.206303]]},{"type":"Polygon","coordinates":[[[80.142092,13.206303],[80.143385,13.206384],[80.143143,13.208243],[80.14387,13.209455],[80.144355,13.210829],[80.144759,13.211799],[80.145325,13.212688],[80.145406,13.211637],[80.145163,13.209859],[80.145163,13.208324],[80.145163,13.20695],[80.145163,13.205656],[80.144032,13.205091],[80.143709,13.204929],[80.142496,13.205091],[80.142415,13.205576],[80.14185,13.205576],[80.142092,13.206303]]]}]}},{"type":"Feature","properties":{"name":"1577.0611679483825"},"geometry":{"type":"GeometryCollection","geometries":[{"type":"LineString","coordinates":[[80.148477,13.206465],[80.146537,13.206465],[80.146457,13.207919],[80.147831,13.209213],[80.148477,13.210263],[80.149932,13.211718],[80.150013,13.210668],[80.14969,13.209293],[80.149609,13.207515],[80.148477,13.206465]]},{"type":"Polygon","coordinates":[[[80.148477,13.206465],[80.146537,13.206465],[80.146457,13.207919],[80.147831,13.209213],[80.148477,13.210263],[80.149932,13.211718],[80.150013,13.210668],[80.14969,13.209293],[80.149609,13.207515],[80.148477,13.206465]]]}]}},{"type":"Feature","properties":{"name":"1677.071959302487"},"geometry":{"type":"GeometryCollection","geometries":[{"type":"LineString","coordinates":[[80.151225,13.212122],[80.150498,13.212931],[80.150821,13.213173],[80.152034,13.21382],[80.152034,13.214709],[80.152034,13.216325],[80.152438,13.217053],[80.153973,13.216487],[80.15462,13.215517],[80.15462,13.214062],[80.153731,13.213254],[80.153731,13.212122],[80.152519,13.212042],[80.151225,13.212122]]},{"type":"Polygon","coordinates":[[[80.151225,13.212122],[80.150498,13.212931],[80.150821,13.213173],[80.152034,13.21382],[80.152034,13.214709],[80.152034,13.216325],[80.152438,13.217053],[80.153973,13.216487],[80.15462,13.215517],[80.15462,13.214062],[80.153731,13.213254],[80.153731,13.212122],[80.152519,13.212042],[80.151225,13.212122]]]}]}},{"type":"Feature","properties":{"name":"1249.4491516137855"},"geometry":{"type":"GeometryCollection","geometries":[{"type":"LineString","coordinates":[[80.195113,13.18545],[80.196488,13.185854],[80.196972,13.18448],[80.197619,13.183187],[80.198104,13.182702],[80.197296,13.181732],[80.196164,13.181732],[80.195194,13.18351],[80.195113,13.18545]]},{"type":"Polygon","coordinates":[[[80.195113,13.18545],[80.196488,13.185854],[80.196972,13.18448],[80.197619,13.183187],[80.198104,13.182702],[80.197296,13.181732],[80.196164,13.181732],[80.195194,13.18351],[80.195113,13.18545]]]}]}},{"type":"Feature","properties":{"name":"6279.9365801060676"},"geometry":{"type":"GeometryCollection","geometries":[{"type":"LineString","coordinates":[[80.154943,13.21382],[80.156802,13.212365],[80.157772,13.211395],[80.158176,13.210021],[80.158419,13.208889],[80.160116,13.208162],[80.160439,13.207596],[80.159793,13.207273],[80.158176,13.207273],[80.157934,13.204848],[80.15753,13.203959],[80.158176,13.20404],[80.159631,13.204848],[80.160844,13.206141],[80.161894,13.206626],[80.161733,13.205091],[80.162703,13.204848],[80.163187,13.205171],[80.165531,13.204201],[80.165612,13.202989],[80.16537,13.201534],[80.164481,13.200322],[80.163349,13.20016],[80.157934,13.20016],[80.156883,13.200888],[80.156964,13.202181],[80.156964,13.203636],[80.155752,13.204201],[80.154701,13.203393],[80.153408,13.203797],[80.152276,13.204929],[80.15365,13.205495],[80.155186,13.20703],[80.156317,13.207839],[80.156802,13.208728],[80.156317,13.210021],[80.15559,13.211476],[80.154943,13.21382]]},{"type":"Polygon","coordinates":[[[80.154943,13.21382],[80.156802,13.212365],[80.157772,13.211395],[80.158176,13.210021],[80.158419,13.208889],[80.160116,13.208162],[80.160439,13.207596],[80.159793,13.207273],[80.158176,13.207273],[80.157934,13.204848],[80.15753,13.203959],[80.158176,13.20404],[80.159631,13.204848],[80.160844,13.206141],[80.161894,13.206626],[80.161733,13.205091],[80.162703,13.204848],[80.163187,13.205171],[80.165531,13.204201],[80.165612,13.202989],[80.16537,13.201534],[80.164481,13.200322],[80.163349,13.20016],[80.157934,13.20016],[80.156883,13.200888],[80.156964,13.202181],[80.156964,13.203636],[80.155752,13.204201],[80.154701,13.203393],[80.153408,13.203797],[80.152276,13.204929],[80.15365,13.205495],[80.155186,13.20703],[80.156317,13.207839],[80.156802,13.208728],[80.156317,13.210021],[80.15559,13.211476],[80.154943,13.21382]]]}]}},{"type":"Feature","properties":{"name":"3936.93625975359"},"geometry":{"type":"GeometryCollection","geometries":[{"type":"LineString","coordinates":[[80.157045,13.252535],[80.15858,13.252293],[80.15947,13.251403],[80.160924,13.251403],[80.161571,13.252616],[80.163592,13.252373],[80.164319,13.25399],[80.164885,13.254394],[80.165451,13.256091],[80.166259,13.256819],[80.16634,13.255283],[80.165289,13.253505],[80.164562,13.251727],[80.163915,13.250514],[80.163753,13.24914],[80.16343,13.247766],[80.162298,13.247281],[80.161086,13.246877],[80.159874,13.245907],[80.1585,13.246231],[80.158338,13.247362],[80.158257,13.249221],[80.15753,13.250434],[80.156156,13.250919],[80.157045,13.252535]]},{"type":"Polygon","coordinates":[[[80.157045,13.252535],[80.15858,13.252293],[80.15947,13.251403],[80.160924,13.251403],[80.161571,13.252616],[80.163592,13.252373],[80.164319,13.25399],[80.164885,13.254394],[80.165451,13.256091],[80.166259,13.256819],[80.16634,13.255283],[80.165289,13.253505],[80.164562,13.251727],[80.163915,13.250514],[80.163753,13.24914],[80.16343,13.247766],[80.162298,13.247281],[80.161086,13.246877],[80.159874,13.245907],[80.1585,13.246231],[80.158338,13.247362],[80.158257,13.249221],[80.15753,13.250434],[80.156156,13.250919],[80.157045,13.252535]]]}]}},{"type":"Feature","properties":{"name":"1045.2560032330266"},"geometry":{"type":"GeometryCollection","geometries":[{"type":"LineString","coordinates":[[80.172563,13.245099],[80.172563,13.246069],[80.17321,13.246473],[80.173371,13.247362],[80.174503,13.247766],[80.174745,13.247443],[80.174907,13.246473],[80.175392,13.246311],[80.175392,13.245746],[80.175311,13.245261],[80.173695,13.245261],[80.172563,13.245099]]},{"type":"Polygon","coordinates":[[[80.172563,13.245099],[80.172563,13.246069],[80.17321,13.246473],[80.173371,13.247362],[80.174503,13.247766],[80.174745,13.247443],[80.174907,13.246473],[80.175392,13.246311],[80.175392,13.245746],[80.175311,13.245261],[80.173695,13.245261],[80.172563,13.245099]]]}]}},{"type":"Feature","properties":{"name":"1489.19206355555"},"geometry":{"type":"GeometryCollection","geometries":[{"type":"LineString","coordinates":[[80.18598,13.245422],[80.185819,13.244533],[80.186061,13.243887],[80.186708,13.243563],[80.187112,13.242674],[80.186788,13.241704],[80.186142,13.241381],[80.185576,13.240815],[80.184849,13.241704],[80.184283,13.242836],[80.18404,13.243483],[80.183636,13.245342],[80.184849,13.246069],[80.18598,13.245422]]},{"type":"Polygon","coordinates":[[[80.18598,13.245422],[80.185819,13.244533],[80.186061,13.243887],[80.186708,13.243563],[80.187112,13.242674],[80.186788,13.241704],[80.186142,13.241381],[80.185576,13.240815],[80.184849,13.241704],[80.184283,13.242836],[80.18404,13.243483],[80.183636,13.245342],[80.184849,13.246069],[80.18598,13.245422]]]}]}},{"type":"Feature","properties":{"name":"9978.6223927286737"},"geometry":{"type":"GeometryCollection","geometries":[{"type":"LineString","coordinates":[[80.188567,13.247039],[80.187435,13.247524],[80.186788,13.247524],[80.185495,13.247443],[80.184768,13.246877],[80.183151,13.246716],[80.182262,13.246069],[80.181535,13.246069],[80.181454,13.247039],[80.180727,13.247605],[80.180565,13.248494],[80.180484,13.24906],[80.179353,13.250029],[80.178544,13.250676],[80.177898,13.251323],[80.177332,13.251969],[80.17612,13.252454],[80.174665,13.251969],[80.174422,13.251161],[80.172887,13.250838],[80.172887,13.252293],[80.173452,13.252939],[80.173614,13.253909],[80.174099,13.254556],[80.176039,13.254313],[80.17717,13.253343],[80.179757,13.252939],[80.180484,13.251484],[80.181696,13.251161],[80.181858,13.252454],[80.182101,13.253262],[80.18202,13.254232],[80.179757,13.255283],[80.179514,13.256819],[80.179837,13.257708],[80.182262,13.258354],[80.182181,13.258839],[80.182101,13.260698],[80.183555,13.262477],[80.186384,13.264821],[80.188809,13.265548],[80.190668,13.264012],[80.190587,13.262719],[80.188486,13.260941],[80.18695,13.260456],[80.186384,13.260213],[80.184768,13.258839],[80.184121,13.257142],[80.183879,13.255445],[80.184525,13.254152],[80.185657,13.254152],[80.186384,13.254879],[80.186869,13.253343],[80.186627,13.251484],[80.185899,13.250434],[80.183879,13.250676],[80.182909,13.250353],[80.183879,13.249625],[80.18396,13.248332],[80.185899,13.248898],[80.186465,13.249949],[80.187435,13.249383],[80.188486,13.248413],[80.189213,13.248332],[80.188567,13.247039]]},{"type":"Polygon","coordinates":[[[80.188567,13.247039],[80.187435,13.247524],[80.186788,13.247524],[80.185495,13.247443],[80.184768,13.246877],[80.183151,13.246716],[80.182262,13.246069],[80.181535,13.246069],[80.181454,13.247039],[80.180727,13.247605],[80.180565,13.248494],[80.180484,13.24906],[80.179353,13.250029],[80.178544,13.250676],[80.177898,13.251323],[80.177332,13.251969],[80.17612,13.252454],[80.174665,13.251969],[80.174422,13.251161],[80.172887,13.250838],[80.172887,13.252293],[80.173452,13.252939],[80.173614,13.253909],[80.174099,13.254556],[80.176039,13.254313],[80.17717,13.253343],[80.179757,13.252939],[80.180484,13.251484],[80.181696,13.251161],[80.181858,13.252454],[80.182101,13.253262],[80.18202,13.254232],[80.179757,13.255283],[80.179514,13.256819],[80.179837,13.257708],[80.182262,13.258354],[80.182181,13.258839],[80.182101,13.260698],[80.183555,13.262477],[80.186384,13.264821],[80.188809,13.265548],[80.190668,13.264012],[80.190587,13.262719],[80.188486,13.260941],[80.18695,13.260456],[80.186384,13.260213],[80.184768,13.258839],[80.184121,13.257142],[80.183879,13.255445],[80.184525,13.254152],[80.185657,13.254152],[80.186384,13.254879],[80.186869,13.253343],[80.186627,13.251484],[80.185899,13.250434],[80.183879,13.250676],[80.182909,13.250353],[80.183879,13.249625],[80.18396,13.248332],[80.185899,13.248898],[80.186465,13.249949],[80.187435,13.249383],[80.188486,13.248413],[80.189213,13.248332],[80.188567,13.247039]]]}]}},{"type":"Feature","properties":{"name":"3042.6932429917028"},"geometry":{"type":"GeometryCollection","geometries":[{"type":"LineString","coordinates":[[80.215401,13.272014],[80.215966,13.272984],[80.217987,13.272418],[80.219199,13.270882],[80.219604,13.269751],[80.219442,13.268296],[80.220089,13.267407],[80.221705,13.266922],[80.22219,13.266033],[80.221705,13.265063],[80.221301,13.265144],[80.220654,13.265548],[80.22025,13.266679],[80.21928,13.266679],[80.217664,13.266195],[80.217017,13.266841],[80.218068,13.267488],[80.217583,13.268296],[80.216775,13.268377],[80.21532,13.268862],[80.214431,13.269104],[80.213865,13.269913],[80.213865,13.270397],[80.215401,13.272014]]},{"type":"Polygon","coordinates":[[[80.215401,13.272014],[80.215966,13.272984],[80.217987,13.272418],[80.219199,13.270882],[80.219604,13.269751],[80.219442,13.268296],[80.220089,13.267407],[80.221705,13.266922],[80.22219,13.266033],[80.221705,13.265063],[80.221301,13.265144],[80.220654,13.265548],[80.22025,13.266679],[80.21928,13.266679],[80.217664,13.266195],[80.217017,13.266841],[80.218068,13.267488],[80.217583,13.268296],[80.216775,13.268377],[80.21532,13.268862],[80.214431,13.269104],[80.213865,13.269913],[80.213865,13.270397],[80.215401,13.272014]]]}]}},{"type":"Feature","properties":{"name":"51656.09369727466"},"geometry":{"type":"GeometryCollection","geometries":[{"type":"LineString","coordinates":[[80.166016,13.203878],[80.163268,13.205171],[80.162864,13.206141],[80.162703,13.207111],[80.16149,13.208081],[80.161571,13.209536],[80.162137,13.210668],[80.163834,13.210587],[80.164966,13.210183],[80.165046,13.210748],[80.164723,13.211799],[80.163349,13.212526],[80.162783,13.213416],[80.162703,13.215355],[80.162703,13.217699],[80.162703,13.218588],[80.163753,13.219235],[80.164319,13.219801],[80.164481,13.219962],[80.1644,13.220609],[80.163268,13.221336],[80.161975,13.221256],[80.160197,13.221579],[80.159227,13.221983],[80.159146,13.222791],[80.158176,13.224004],[80.158095,13.228611],[80.159389,13.229742],[80.159227,13.233703],[80.157691,13.2354],[80.157126,13.238229],[80.157368,13.239199],[80.155752,13.240896],[80.153731,13.242594],[80.15268,13.243402],[80.150175,13.244048],[80.148396,13.24421],[80.146457,13.24324],[80.144355,13.242513],[80.142981,13.241624],[80.143789,13.240735],[80.142739,13.23831],[80.142658,13.237017],[80.141769,13.236451],[80.140314,13.23734],[80.13894,13.23831],[80.13894,13.239522],[80.140071,13.240492],[80.140718,13.241219],[80.140233,13.242028],[80.139182,13.242917],[80.138697,13.24421],[80.138697,13.245746],[80.139182,13.247524],[80.14088,13.247281],[80.142254,13.246554],[80.143789,13.246554],[80.144274,13.247039],[80.142415,13.247847],[80.14193,13.249625],[80.14193,13.25108],[80.144194,13.251888],[80.14484,13.249787],[80.146537,13.248655],[80.14872,13.248413],[80.149851,13.24817],[80.15074,13.24809],[80.151387,13.24914],[80.152357,13.249868],[80.153327,13.249868],[80.154054,13.248332],[80.156317,13.247281],[80.157611,13.246231],[80.160439,13.243321],[80.160924,13.241785],[80.159712,13.240977],[80.159793,13.239845],[80.161248,13.238956],[80.161409,13.236693],[80.161652,13.234511],[80.162218,13.233056],[80.163107,13.23047],[80.16343,13.228772],[80.164481,13.22756],[80.165774,13.227802],[80.166259,13.228611],[80.16731,13.228853],[80.168926,13.228207],[80.171755,13.229338],[80.173937,13.229096],[80.175554,13.228692],[80.176604,13.227641],[80.177494,13.227641],[80.177736,13.229419],[80.176766,13.230955],[80.175473,13.23152],[80.175473,13.232894],[80.174826,13.234673],[80.17321,13.235643],[80.171432,13.236774],[80.171351,13.237663],[80.171189,13.23928],[80.171028,13.239926],[80.169896,13.23831],[80.168764,13.237097],[80.168764,13.235804],[80.16731,13.234915],[80.165693,13.2354],[80.165612,13.236936],[80.167067,13.237906],[80.167552,13.238795],[80.166259,13.238876],[80.166097,13.239522],[80.167795,13.240088],[80.16731,13.240977],[80.166016,13.240735],[80.165127,13.239765],[80.163915,13.240007],[80.16343,13.241058],[80.16343,13.242028],[80.164319,13.242351],[80.165531,13.242351],[80.165855,13.242674],[80.165774,13.243725],[80.164562,13.244048],[80.163672,13.244453],[80.16343,13.245746],[80.164966,13.24615],[80.165774,13.247766],[80.166663,13.248575],[80.167714,13.248251],[80.166097,13.247524],[80.166259,13.245988],[80.166986,13.244776],[80.167552,13.24421],[80.168441,13.244372],[80.169169,13.244129],[80.170058,13.243078],[80.170543,13.241866],[80.171836,13.241624],[80.173048,13.242189],[80.173533,13.243078],[80.174988,13.243483],[80.176039,13.242917],[80.176039,13.241785],[80.175554,13.239926],[80.175311,13.238229],[80.175877,13.235885],[80.178221,13.235966],[80.180161,13.2354],[80.182101,13.235077],[80.183151,13.235077],[80.184525,13.2354],[80.184606,13.236693],[80.182666,13.237017],[80.180727,13.236774],[80.179433,13.236532],[80.177494,13.237097],[80.176766,13.237744],[80.176039,13.239199],[80.176928,13.240735],[80.178383,13.24227],[80.180322,13.243887],[80.181212,13.243725],[80.182262,13.243159],[80.181212,13.24227],[80.180727,13.241058],[80.181131,13.239926],[80.182343,13.239603],[80.182747,13.241058],[80.182909,13.241866],[80.18404,13.240977],[80.184687,13.240007],[80.185253,13.239037],[80.186061,13.237178],[80.186142,13.235966],[80.186061,13.234511],[80.184364,13.234107],[80.183313,13.23346],[80.182181,13.23346],[80.180727,13.232652],[80.180807,13.23152],[80.181454,13.228449],[80.18299,13.227722],[80.183232,13.227156],[80.183717,13.225378],[80.183394,13.224246],[80.182747,13.223761],[80.181858,13.222953],[80.181696,13.222064],[80.182586,13.221579],[80.183394,13.222064],[80.184525,13.222468],[80.184768,13.221336],[80.185414,13.219962],[80.185495,13.218508],[80.184445,13.21778],[80.18299,13.217134],[80.184687,13.216891],[80.186465,13.21681],[80.189294,13.216406],[80.190991,13.216002],[80.192527,13.215598],[80.193012,13.214305],[80.193659,13.214709],[80.194467,13.215679],[80.19479,13.216325],[80.197053,13.216487],[80.197457,13.217457],[80.197862,13.21875],[80.198993,13.217538],[80.200286,13.217214],[80.201418,13.217861],[80.201175,13.216649],[80.200205,13.215113],[80.197538,13.215517],[80.197377,13.214709],[80.198347,13.213981],[80.199397,13.213981],[80.200205,13.212769],[80.201418,13.212365],[80.202792,13.212446],[80.204004,13.212042],[80.206106,13.211476],[80.206752,13.211637],[80.208369,13.211799],[80.211117,13.212203],[80.212976,13.212042],[80.214512,13.211961],[80.214916,13.210102],[80.214916,13.209293],[80.212976,13.209374],[80.210632,13.209374],[80.209985,13.208243],[80.2095,13.208162],[80.207884,13.208647],[80.20651,13.210021],[80.205297,13.210102],[80.202873,13.208566],[80.200529,13.207839],[80.198347,13.207515],[80.1977,13.206545],[80.196488,13.205899],[80.195275,13.204767],[80.194144,13.204848],[80.194144,13.203232],[80.195194,13.202262],[80.195356,13.201858],[80.195679,13.199433],[80.197296,13.198382],[80.197538,13.196604],[80.197538,13.194664],[80.197457,13.192643],[80.1977,13.191835],[80.196892,13.188925],[80.194629,13.188441],[80.194386,13.186662],[80.193739,13.186339],[80.193174,13.186339],[80.192365,13.187794],[80.192123,13.189087],[80.190749,13.190138],[80.190102,13.192724],[80.190911,13.195876],[80.190991,13.197493],[80.190991,13.199514],[80.190587,13.200726],[80.189132,13.202827],[80.18695,13.203959],[80.183232,13.204444],[80.181131,13.204282],[80.179837,13.204444],[80.179999,13.205333],[80.180403,13.206303],[80.18202,13.206303],[80.182828,13.207192],[80.18396,13.208809],[80.183798,13.209293],[80.183555,13.210102],[80.183313,13.210829],[80.182181,13.210587],[80.182424,13.209536],[80.180969,13.20897],[80.179595,13.21091],[80.178787,13.212526],[80.177574,13.215113],[80.176039,13.215436],[80.174584,13.216972],[80.17418,13.218346],[80.172563,13.217538],[80.172078,13.215517],[80.170058,13.216164],[80.16933,13.215275],[80.168845,13.213658],[80.168845,13.21188],[80.167795,13.209778],[80.16836,13.208081],[80.169169,13.207111],[80.169169,13.20606],[80.167875,13.205171],[80.166016,13.203878]]},{"type":"Polygon","coordinates":[[[80.166016,13.203878],[80.163268,13.205171],[80.162864,13.206141],[80.162703,13.207111],[80.16149,13.208081],[80.161571,13.209536],[80.162137,13.210668],[80.163834,13.210587],[80.164966,13.210183],[80.165046,13.210748],[80.164723,13.211799],[80.163349,13.212526],[80.162783,13.213416],[80.162703,13.215355],[80.162703,13.217699],[80.162703,13.218588],[80.163753,13.219235],[80.164319,13.219801],[80.164481,13.219962],[80.1644,13.220609],[80.163268,13.221336],[80.161975,13.221256],[80.160197,13.221579],[80.159227,13.221983],[80.159146,13.222791],[80.158176,13.224004],[80.158095,13.228611],[80.159389,13.229742],[80.159227,13.233703],[80.157691,13.2354],[80.157126,13.238229],[80.157368,13.239199],[80.155752,13.240896],[80.153731,13.242594],[80.15268,13.243402],[80.150175,13.244048],[80.148396,13.24421],[80.146457,13.24324],[80.144355,13.242513],[80.142981,13.241624],[80.143789,13.240735],[80.142739,13.23831],[80.142658,13.237017],[80.141769,13.236451],[80.140314,13.23734],[80.13894,13.23831],[80.13894,13.239522],[80.140071,13.240492],[80.140718,13.241219],[80.140233,13.242028],[80.139182,13.242917],[80.138697,13.24421],[80.138697,13.245746],[80.139182,13.247524],[80.14088,13.247281],[80.142254,13.246554],[80.143789,13.246554],[80.144274,13.247039],[80.142415,13.247847],[80.14193,13.249625],[80.14193,13.25108],[80.144194,13.251888],[80.14484,13.249787],[80.146537,13.248655],[80.14872,13.248413],[80.149851,13.24817],[80.15074,13.24809],[80.151387,13.24914],[80.152357,13.249868],[80.153327,13.249868],[80.154054,13.248332],[80.156317,13.247281],[80.157611,13.246231],[80.160439,13.243321],[80.160924,13.241785],[80.159712,13.240977],[80.159793,13.239845],[80.161248,13.238956],[80.161409,13.236693],[80.161652,13.234511],[80.162218,13.233056],[80.163107,13.23047],[80.16343,13.228772],[80.164481,13.22756],[80.165774,13.227802],[80.166259,13.228611],[80.16731,13.228853],[80.168926,13.228207],[80.171755,13.229338],[80.173937,13.229096],[80.175554,13.228692],[80.176604,13.227641],[80.177494,13.227641],[80.177736,13.229419],[80.176766,13.230955],[80.175473,13.23152],[80.175473,13.232894],[80.174826,13.234673],[80.17321,13.235643],[80.171432,13.236774],[80.171351,13.237663],[80.171189,13.23928],[80.171028,13.239926],[80.169896,13.23831],[80.168764,13.237097],[80.168764,13.235804],[80.16731,13.234915],[80.165693,13.2354],[80.165612,13.236936],[80.167067,13.237906],[80.167552,13.238795],[80.166259,13.238876],[80.166097,13.239522],[80.167795,13.240088],[80.16731,13.240977],[80.166016,13.240735],[80.165127,13.239765],[80.163915,13.240007],[80.16343,13.241058],[80.16343,13.242028],[80.164319,13.242351],[80.165531,13.242351],[80.165855,13.242674],[80.165774,13.243725],[80.164562,13.244048],[80.163672,13.244453],[80.16343,13.245746],[80.164966,13.24615],[80.165774,13.247766],[80.166663,13.248575],[80.167714,13.248251],[80.166097,13.247524],[80.166259,13.245988],[80.166986,13.244776],[80.167552,13.24421],[80.168441,13.244372],[80.169169,13.244129],[80.170058,13.243078],[80.170543,13.241866],[80.171836,13.241624],[80.173048,13.242189],[80.173533,13.243078],[80.174988,13.243483],[80.176039,13.242917],[80.176039,13.241785],[80.175554,13.239926],[80.175311,13.238229],[80.175877,13.235885],[80.178221,13.235966],[80.180161,13.2354],[80.182101,13.235077],[80.183151,13.235077],[80.184525,13.2354],[80.184606,13.236693],[80.182666,13.237017],[80.180727,13.236774],[80.179433,13.236532],[80.177494,13.237097],[80.176766,13.237744],[80.176039,13.239199],[80.176928,13.240735],[80.178383,13.24227],[80.180322,13.243887],[80.181212,13.243725],[80.182262,13.243159],[80.181212,13.24227],[80.180727,13.241058],[80.181131,13.239926],[80.182343,13.239603],[80.182747,13.241058],[80.182909,13.241866],[80.18404,13.240977],[80.184687,13.240007],[80.185253,13.239037],[80.186061,13.237178],[80.186142,13.235966],[80.186061,13.234511],[80.184364,13.234107],[80.183313,13.23346],[80.182181,13.23346],[80.180727,13.232652],[80.180807,13.23152],[80.181454,13.228449],[80.18299,13.227722],[80.183232,13.227156],[80.183717,13.225378],[80.183394,13.224246],[80.182747,13.223761],[80.181858,13.222953],[80.181696,13.222064],[80.182586,13.221579],[80.183394,13.222064],[80.184525,13.222468],[80.184768,13.221336],[80.185414,13.219962],[80.185495,13.218508],[80.184445,13.21778],[80.18299,13.217134],[80.184687,13.216891],[80.186465,13.21681],[80.189294,13.216406],[80.190991,13.216002],[80.192527,13.215598],[80.193012,13.214305],[80.193659,13.214709],[80.194467,13.215679],[80.19479,13.216325],[80.197053,13.216487],[80.197457,13.217457],[80.197862,13.21875],[80.198993,13.217538],[80.200286,13.217214],[80.201418,13.217861],[80.201175,13.216649],[80.200205,13.215113],[80.197538,13.215517],[80.197377,13.214709],[80.198347,13.213981],[80.199397,13.213981],[80.200205,13.212769],[80.201418,13.212365],[80.202792,13.212446],[80.204004,13.212042],[80.206106,13.211476],[80.206752,13.211637],[80.208369,13.211799],[80.211117,13.212203],[80.212976,13.212042],[80.214512,13.211961],[80.214916,13.210102],[80.214916,13.209293],[80.212976,13.209374],[80.210632,13.209374],[80.209985,13.208243],[80.2095,13.208162],[80.207884,13.208647],[80.20651,13.210021],[80.205297,13.210102],[80.202873,13.208566],[80.200529,13.207839],[80.198347,13.207515],[80.1977,13.206545],[80.196488,13.205899],[80.195275,13.204767],[80.194144,13.204848],[80.194144,13.203232],[80.195194,13.202262],[80.195356,13.201858],[80.195679,13.199433],[80.197296,13.198382],[80.197538,13.196604],[80.197538,13.194664],[80.197457,13.192643],[80.1977,13.191835],[80.196892,13.188925],[80.194629,13.188441],[80.194386,13.186662],[80.193739,13.186339],[80.193174,13.186339],[80.192365,13.187794],[80.192123,13.189087],[80.190749,13.190138],[80.190102,13.192724],[80.190911,13.195876],[80.190991,13.197493],[80.190991,13.199514],[80.190587,13.200726],[80.189132,13.202827],[80.18695,13.203959],[80.183232,13.204444],[80.181131,13.204282],[80.179837,13.204444],[80.179999,13.205333],[80.180403,13.206303],[80.18202,13.206303],[80.182828,13.207192],[80.18396,13.208809],[80.183798,13.209293],[80.183555,13.210102],[80.183313,13.210829],[80.182181,13.210587],[80.182424,13.209536],[80.180969,13.20897],[80.179595,13.21091],[80.178787,13.212526],[80.177574,13.215113],[80.176039,13.215436],[80.174584,13.216972],[80.17418,13.218346],[80.172563,13.217538],[80.172078,13.215517],[80.170058,13.216164],[80.16933,13.215275],[80.168845,13.213658],[80.168845,13.21188],[80.167795,13.209778],[80.16836,13.208081],[80.169169,13.207111],[80.169169,13.20606],[80.167875,13.205171],[80.166016,13.203878]]]}]}},{"type":"Feature","properties":{"name":"1459.301305214965"},"geometry":{"type":"GeometryCollection","geometries":[{"type":"LineString","coordinates":[[80.208893,13.219051],[80.20822,13.21843],[80.206927,13.218016],[80.205789,13.218585],[80.205944,13.220344],[80.206668,13.22143],[80.207806,13.222361],[80.209462,13.222206],[80.209824,13.221172],[80.209927,13.220396],[80.208893,13.219051]]},{"type":"Polygon","coordinates":[[[80.208893,13.219051],[80.20822,13.21843],[80.206927,13.218016],[80.205789,13.218585],[80.205944,13.220344],[80.206668,13.22143],[80.207806,13.222361],[80.209462,13.222206],[80.209824,13.221172],[80.209927,13.220396],[80.208893,13.219051]]]}]}},{"type":"Feature","properties":{"name":"765.07885211162738"},"geometry":{"type":"GeometryCollection","geometries":[{"type":"LineString","coordinates":[[80.213962,13.224327],[80.213186,13.22443],[80.212151,13.22443],[80.211893,13.225206],[80.213238,13.225879],[80.214324,13.226034],[80.214272,13.225103],[80.213962,13.224327]]},{"type":"Polygon","coordinates":[[[80.213962,13.224327],[80.213186,13.22443],[80.212151,13.22443],[80.211893,13.225206],[80.213238,13.225879],[80.214324,13.226034],[80.214272,13.225103],[80.213962,13.224327]]]}]}},{"type":"Feature","properties":{"name":"1795.126176473827"},"geometry":{"type":"GeometryCollection","geometries":[{"type":"LineString","coordinates":[[80.113237,13.223761],[80.114046,13.222872],[80.113884,13.221417],[80.116309,13.221498],[80.116794,13.22069],[80.116713,13.219073],[80.116066,13.218265],[80.115177,13.218669],[80.113076,13.219316],[80.112833,13.220205],[80.113237,13.223761]]},{"type":"Polygon","coordinates":[[[80.113237,13.223761],[80.114046,13.222872],[80.113884,13.221417],[80.116309,13.221498],[80.116794,13.22069],[80.116713,13.219073],[80.116066,13.218265],[80.115177,13.218669],[80.113076,13.219316],[80.112833,13.220205],[80.113237,13.223761]]]}]}},{"type":"Feature","properties":{"name":"982.6555003677313"},"geometry":{"type":"GeometryCollection","geometries":[{"type":"LineString","coordinates":[[80.118572,13.224004],[80.119138,13.22465],[80.120269,13.224085],[80.119218,13.223519],[80.119865,13.222468],[80.118814,13.22166],[80.117844,13.222145],[80.118249,13.222791],[80.118572,13.224004]]},{"type":"Polygon","coordinates":[[[80.118572,13.224004],[80.119138,13.22465],[80.120269,13.224085],[80.119218,13.223519],[80.119865,13.222468],[80.118814,13.22166],[80.117844,13.222145],[80.118249,13.222791],[80.118572,13.224004]]]}]}},{"type":"Feature","properties":{"name":"3448.15168804115"},"geometry":{"type":"GeometryCollection","geometries":[{"type":"LineString","coordinates":[[80.126574,13.2295],[80.127301,13.230227],[80.12722,13.231601],[80.12722,13.232248],[80.128837,13.232652],[80.129726,13.232814],[80.129726,13.234107],[80.130938,13.234026],[80.131019,13.234753],[80.131504,13.236127],[80.132716,13.236127],[80.133605,13.235319],[80.133605,13.235804],[80.134575,13.236855],[80.135949,13.235643],[80.13506,13.233541],[80.13409,13.233056],[80.13401,13.231682],[80.133282,13.231278],[80.132635,13.230551],[80.131666,13.23047],[80.130372,13.230551],[80.130292,13.231925],[80.129079,13.231197],[80.128918,13.230631],[80.127301,13.229338],[80.126574,13.2295]]},{"type":"Polygon","coordinates":[[[80.126574,13.2295],[80.127301,13.230227],[80.12722,13.231601],[80.12722,13.232248],[80.128837,13.232652],[80.129726,13.232814],[80.129726,13.234107],[80.130938,13.234026],[80.131019,13.234753],[80.131504,13.236127],[80.132716,13.236127],[80.133605,13.235319],[80.133605,13.235804],[80.134575,13.236855],[80.135949,13.235643],[80.13506,13.233541],[80.13409,13.233056],[80.13401,13.231682],[80.133282,13.231278],[80.132635,13.230551],[80.131666,13.23047],[80.130372,13.230551],[80.130292,13.231925],[80.129079,13.231197],[80.128918,13.230631],[80.127301,13.229338],[80.126574,13.2295]]]}]}},{"type":"Feature","properties":{"name":"4047.8766353314027"},"geometry":{"type":"GeometryCollection","geometries":[{"type":"LineString","coordinates":[[80.129887,13.240573],[80.131181,13.241543],[80.132312,13.242917],[80.133525,13.244533],[80.133767,13.245827],[80.133363,13.247847],[80.132151,13.249302],[80.132635,13.249949],[80.133525,13.251646],[80.133363,13.253667],[80.132716,13.255283],[80.133605,13.254313],[80.134414,13.253101],[80.134494,13.251646],[80.13401,13.249949],[80.133929,13.248413],[80.134899,13.247443],[80.134818,13.245988],[80.134818,13.243968],[80.134414,13.242028],[80.133929,13.241058],[80.131908,13.24033],[80.129887,13.240573]]},{"type":"Polygon","coordinates":[[[80.129887,13.240573],[80.131181,13.241543],[80.132312,13.242917],[80.133525,13.244533],[80.133767,13.245827],[80.133363,13.247847],[80.132151,13.249302],[80.132635,13.249949],[80.133525,13.251646],[80.133363,13.253667],[80.132716,13.255283],[80.133605,13.254313],[80.134414,13.253101],[80.134494,13.251646],[80.13401,13.249949],[80.133929,13.248413],[80.134899,13.247443],[80.134818,13.245988],[80.134818,13.243968],[80.134414,13.242028],[80.133929,13.241058],[80.131908,13.24033],[80.129887,13.240573]]]}]}},{"type":"Feature","properties":{"name":"1287.3238914553417"},"geometry":{"type":"GeometryCollection","geometries":[{"type":"LineString","coordinates":[[80.137323,13.256253],[80.138697,13.256495],[80.139263,13.25593],[80.139344,13.25496],[80.139344,13.253182],[80.138212,13.252616],[80.136919,13.252939],[80.136515,13.253586],[80.137323,13.254152],[80.136758,13.254637],[80.137323,13.256253]]},{"type":"Polygon","coordinates":[[[80.137323,13.256253],[80.138697,13.256495],[80.139263,13.25593],[80.139344,13.25496],[80.139344,13.253182],[80.138212,13.252616],[80.136919,13.252939],[80.136515,13.253586],[80.137323,13.254152],[80.136758,13.254637],[80.137323,13.256253]]]}]}},{"type":"Feature","properties":{"name":"10470.0402865774"},"geometry":{"type":"GeometryCollection","geometries":[{"type":"LineString","coordinates":[[80.191557,13.248413],[80.192446,13.24817],[80.193093,13.247686],[80.19382,13.247362],[80.195113,13.247281],[80.194952,13.246635],[80.195033,13.244937],[80.195922,13.244937],[80.195841,13.245827],[80.195922,13.247039],[80.1977,13.247362],[80.198589,13.24817],[80.198831,13.24906],[80.199236,13.249464],[80.200044,13.248898],[80.20069,13.248413],[80.20069,13.247524],[80.199801,13.247281],[80.19964,13.246069],[80.200771,13.245827],[80.202145,13.245342],[80.202469,13.245099],[80.203277,13.245099],[80.203519,13.245907],[80.204893,13.245746],[80.20554,13.246554],[80.206833,13.247362],[80.207561,13.248655],[80.20845,13.24906],[80.209177,13.250434],[80.209096,13.251888],[80.211036,13.251888],[80.211036,13.251242],[80.210955,13.249464],[80.211844,13.248009],[80.211602,13.247039],[80.211521,13.245827],[80.209985,13.245422],[80.208611,13.246716],[80.207884,13.246392],[80.206591,13.24518],[80.205136,13.244857],[80.204085,13.244614],[80.203439,13.243159],[80.202711,13.242513],[80.201418,13.241139],[80.201095,13.239845],[80.200448,13.238391],[80.199236,13.237259],[80.199236,13.235885],[80.198589,13.236451],[80.198347,13.237502],[80.196326,13.237906],[80.194709,13.238229],[80.193659,13.239118],[80.194144,13.24033],[80.195275,13.241058],[80.196083,13.241058],[80.197215,13.239522],[80.198912,13.238876],[80.19964,13.239765],[80.199801,13.240896],[80.198185,13.241704],[80.196811,13.24227],[80.196568,13.243078],[80.195598,13.243968],[80.194063,13.244453],[80.19382,13.24518],[80.193255,13.245746],[80.191961,13.245018],[80.191234,13.245018],[80.190426,13.244695],[80.189779,13.243563],[80.189052,13.243806],[80.189456,13.245099],[80.190587,13.245907],[80.191315,13.24712],[80.191557,13.248413]]},{"type":"Polygon","coordinates":[[[80.191557,13.248413],[80.192446,13.24817],[80.193093,13.247686],[80.19382,13.247362],[80.195113,13.247281],[80.194952,13.246635],[80.195033,13.244937],[80.195922,13.244937],[80.195841,13.245827],[80.195922,13.247039],[80.1977,13.247362],[80.198589,13.24817],[80.198831,13.24906],[80.199236,13.249464],[80.200044,13.248898],[80.20069,13.248413],[80.20069,13.247524],[80.199801,13.247281],[80.19964,13.246069],[80.200771,13.245827],[80.202145,13.245342],[80.202469,13.245099],[80.203277,13.245099],[80.203519,13.245907],[80.204893,13.245746],[80.20554,13.246554],[80.206833,13.247362],[80.207561,13.248655],[80.20845,13.24906],[80.209177,13.250434],[80.209096,13.251888],[80.211036,13.251888],[80.211036,13.251242],[80.210955,13.249464],[80.211844,13.248009],[80.211602,13.247039],[80.211521,13.245827],[80.209985,13.245422],[80.208611,13.246716],[80.207884,13.246392],[80.206591,13.24518],[80.205136,13.244857],[80.204085,13.244614],[80.203439,13.243159],[80.202711,13.242513],[80.201418,13.241139],[80.201095,13.239845],[80.200448,13.238391],[80.199236,13.237259],[80.199236,13.235885],[80.198589,13.236451],[80.198347,13.237502],[80.196326,13.237906],[80.194709,13.238229],[80.193659,13.239118],[80.194144,13.24033],[80.195275,13.241058],[80.196083,13.241058],[80.197215,13.239522],[80.198912,13.238876],[80.19964,13.239765],[80.199801,13.240896],[80.198185,13.241704],[80.196811,13.24227],[80.196568,13.243078],[80.195598,13.243968],[80.194063,13.244453],[80.19382,13.24518],[80.193255,13.245746],[80.191961,13.245018],[80.191234,13.245018],[80.190426,13.244695],[80.189779,13.243563],[80.189052,13.243806],[80.189456,13.245099],[80.190587,13.245907],[80.191315,13.24712],[80.191557,13.248413]]]}]}},{"type":"Feature","properties":{"name":"4214.9099006288525"},"geometry":{"type":"GeometryCollection","geometries":[{"type":"LineString","coordinates":[[80.191153,13.257223],[80.192446,13.257304],[80.192931,13.256334],[80.193497,13.256334],[80.19479,13.256415],[80.195356,13.25698],[80.195437,13.258193],[80.194467,13.258597],[80.194224,13.259244],[80.193335,13.260618],[80.193093,13.261264],[80.194467,13.262881],[80.195113,13.263123],[80.195841,13.264093],[80.196892,13.26474],[80.197377,13.264174],[80.197377,13.262719],[80.197377,13.26183],[80.196407,13.261264],[80.196407,13.260698],[80.196407,13.260375],[80.196892,13.259729],[80.196811,13.258435],[80.197134,13.257627],[80.197781,13.257223],[80.198266,13.256495],[80.198023,13.255526],[80.197862,13.254798],[80.197215,13.253909],[80.195598,13.253828],[80.194871,13.252697],[80.193739,13.252697],[80.192365,13.252858],[80.191961,13.253505],[80.191557,13.254879],[80.190911,13.255526],[80.191153,13.257223]]},{"type":"Polygon","coordinates":[[[80.191153,13.257223],[80.192446,13.257304],[80.192931,13.256334],[80.193497,13.256334],[80.19479,13.256415],[80.195356,13.25698],[80.195437,13.258193],[80.194467,13.258597],[80.194224,13.259244],[80.193335,13.260618],[80.193093,13.261264],[80.194467,13.262881],[80.195113,13.263123],[80.195841,13.264093],[80.196892,13.26474],[80.197377,13.264174],[80.197377,13.262719],[80.197377,13.26183],[80.196407,13.261264],[80.196407,13.260698],[80.196407,13.260375],[80.196892,13.259729],[80.196811,13.258435],[80.197134,13.257627],[80.197781,13.257223],[80.198266,13.256495],[80.198023,13.255526],[80.197862,13.254798],[80.197215,13.253909],[80.195598,13.253828],[80.194871,13.252697],[80.193739,13.252697],[80.192365,13.252858],[80.191961,13.253505],[80.191557,13.254879],[80.190911,13.255526],[80.191153,13.257223]]]}]}},{"type":"Feature","properties":{"name":"5161.32762276955"},"geometry":{"type":"GeometryCollection","geometries":[{"type":"LineString","coordinates":[[80.207076,13.229985],[80.206995,13.228207],[80.207076,13.225944],[80.206995,13.225459],[80.205297,13.225459],[80.204166,13.226186],[80.204166,13.22756],[80.204166,13.228207],[80.204166,13.229015],[80.203358,13.229177],[80.203196,13.228368],[80.203196,13.227075],[80.202873,13.226186],[80.202145,13.225863],[80.201256,13.226024],[80.201175,13.227641],[80.201418,13.228853],[80.201741,13.230308],[80.20166,13.230631],[80.200771,13.231359],[80.199721,13.23144],[80.198831,13.232733],[80.198831,13.233541],[80.200852,13.233864],[80.202064,13.233299],[80.203439,13.233622],[80.204732,13.234592],[80.205378,13.235885],[80.206752,13.236289],[80.207076,13.235077],[80.206267,13.234349],[80.20554,13.233622],[80.207803,13.233703],[80.209339,13.233218],[80.210066,13.232248],[80.20942,13.230712],[80.208126,13.230308],[80.207076,13.229985]]},{"type":"Polygon","coordinates":[[[80.207076,13.229985],[80.206995,13.228207],[80.207076,13.225944],[80.206995,13.225459],[80.205297,13.225459],[80.204166,13.226186],[80.204166,13.22756],[80.204166,13.228207],[80.204166,13.229015],[80.203358,13.229177],[80.203196,13.228368],[80.203196,13.227075],[80.202873,13.226186],[80.202145,13.225863],[80.201256,13.226024],[80.201175,13.227641],[80.201418,13.228853],[80.201741,13.230308],[80.20166,13.230631],[80.200771,13.231359],[80.199721,13.23144],[80.198831,13.232733],[80.198831,13.233541],[80.200852,13.233864],[80.202064,13.233299],[80.203439,13.233622],[80.204732,13.234592],[80.205378,13.235885],[80.206752,13.236289],[80.207076,13.235077],[80.206267,13.234349],[80.20554,13.233622],[80.207803,13.233703],[80.209339,13.233218],[80.210066,13.232248],[80.20942,13.230712],[80.208126,13.230308],[80.207076,13.229985]]]}]}},{"type":"Feature","properties":{"name":"1501.28847447466"},"geometry":{"type":"GeometryCollection","geometries":[{"type":"LineString","coordinates":[[80.20942,13.239441],[80.208046,13.238876],[80.20748,13.240088],[80.207561,13.241704],[80.207884,13.242594],[80.209581,13.243483],[80.210713,13.243483],[80.211279,13.242432],[80.211117,13.24025],[80.20942,13.239441]]},{"type":"Polygon","coordinates":[[[80.20942,13.239441],[80.208046,13.238876],[80.20748,13.240088],[80.207561,13.241704],[80.207884,13.242594],[80.209581,13.243483],[80.210713,13.243483],[80.211279,13.242432],[80.211117,13.24025],[80.20942,13.239441]]]}]}},{"type":"Feature","properties":{"name":"1420.478310048023"},"geometry":{"type":"GeometryCollection","geometries":[{"type":"LineString","coordinates":[[80.212491,13.24033],[80.212491,13.241462],[80.212329,13.24518],[80.213784,13.245018],[80.214592,13.244372],[80.214673,13.242836],[80.214673,13.241704],[80.213865,13.240411],[80.212491,13.24033]]},{"type":"Polygon","coordinates":[[[80.212491,13.24033],[80.212491,13.241462],[80.212329,13.24518],[80.213784,13.245018],[80.214592,13.244372],[80.214673,13.242836],[80.214673,13.241704],[80.213865,13.240411],[80.212491,13.24033]]]}]}},{"type":"Feature","properties":{"name":"1189.66797086032"},"geometry":{"type":"GeometryCollection","geometries":[{"type":"LineString","coordinates":[[80.215537,13.208258],[80.216926,13.206869],[80.216926,13.204595],[80.216042,13.203838],[80.214527,13.204974],[80.214653,13.206742],[80.215537,13.208258]]},{"type":"Polygon","coordinates":[[[80.215537,13.208258],[80.216926,13.206869],[80.216926,13.204595],[80.216042,13.203838],[80.214527,13.204974],[80.214653,13.206742],[80.215537,13.208258]]]}]}},{"type":"Feature","properties":{"name":"2259.981588219755"},"geometry":{"type":"GeometryCollection","geometries":[{"type":"LineString","coordinates":[[80.217558,13.211163],[80.222104,13.211036],[80.222104,13.209647],[80.22223,13.208258],[80.223746,13.207753],[80.22362,13.207248],[80.221978,13.206616],[80.220462,13.205606],[80.220462,13.206364],[80.220083,13.20851],[80.219326,13.209268],[80.21781,13.209142],[80.217431,13.210152],[80.217558,13.211163]]},{"type":"Polygon","coordinates":[[[80.217558,13.211163],[80.222104,13.211036],[80.222104,13.209647],[80.22223,13.208258],[80.223746,13.207753],[80.22362,13.207248],[80.221978,13.206616],[80.220462,13.205606],[80.220462,13.206364],[80.220083,13.20851],[80.219326,13.209268],[80.21781,13.209142],[80.217431,13.210152],[80.217558,13.211163]]]}]}},{"type":"Feature","properties":{"name":"10224.47116586343"},"geometry":{"type":"GeometryCollection","geometries":[{"type":"LineString","coordinates":[[80.195275,13.20113],[80.1977,13.201938],[80.199236,13.201696],[80.200286,13.202423],[80.201256,13.203797],[80.202307,13.20501],[80.203034,13.205737],[80.204166,13.206545],[80.205055,13.207273],[80.205863,13.207677],[80.206591,13.208162],[80.208126,13.208728],[80.208854,13.208081],[80.209177,13.207596],[80.210794,13.20703],[80.211198,13.205576],[80.210551,13.204767],[80.209985,13.203878],[80.209905,13.2021],[80.2095,13.200888],[80.2095,13.199352],[80.208288,13.19919],[80.206995,13.199109],[80.205782,13.198625],[80.205459,13.19725],[80.206429,13.19717],[80.208126,13.197493],[80.208611,13.197978],[80.209662,13.199109],[80.210147,13.199514],[80.210794,13.199514],[80.211359,13.200726],[80.212248,13.200726],[80.213218,13.199675],[80.213946,13.199029],[80.215158,13.198301],[80.215643,13.197412],[80.215724,13.196119],[80.215481,13.195311],[80.214107,13.195149],[80.212491,13.195311],[80.211279,13.195311],[80.210389,13.195311],[80.211359,13.19426],[80.212814,13.193694],[80.214027,13.193128],[80.215239,13.191108],[80.215158,13.189006],[80.21338,13.187875],[80.213057,13.186501],[80.211844,13.185369],[80.210228,13.185773],[80.209339,13.187471],[80.208773,13.18933],[80.207237,13.190461],[80.205055,13.190946],[80.204166,13.190946],[80.202711,13.190623],[80.20061,13.19232],[80.199882,13.193694],[80.198912,13.194179],[80.197619,13.194179],[80.197538,13.195311],[80.197296,13.197089],[80.197296,13.198301],[80.196568,13.198867],[80.195598,13.199352],[80.195275,13.20113]]},{"type":"Polygon","coordinates":[[[80.195275,13.20113],[80.1977,13.201938],[80.199236,13.201696],[80.200286,13.202423],[80.201256,13.203797],[80.202307,13.20501],[80.203034,13.205737],[80.204166,13.206545],[80.205055,13.207273],[80.205863,13.207677],[80.206591,13.208162],[80.208126,13.208728],[80.208854,13.208081],[80.209177,13.207596],[80.210794,13.20703],[80.211198,13.205576],[80.210551,13.204767],[80.209985,13.203878],[80.209905,13.2021],[80.2095,13.200888],[80.2095,13.199352],[80.208288,13.19919],[80.206995,13.199109],[80.205782,13.198625],[80.205459,13.19725],[80.206429,13.19717],[80.208126,13.197493],[80.208611,13.197978],[80.209662,13.199109],[80.210147,13.199514],[80.210794,13.199514],[80.211359,13.200726],[80.212248,13.200726],[80.213218,13.199675],[80.213946,13.199029],[80.215158,13.198301],[80.215643,13.197412],[80.215724,13.196119],[80.215481,13.195311],[80.214107,13.195149],[80.212491,13.195311],[80.211279,13.195311],[80.210389,13.195311],[80.211359,13.19426],[80.212814,13.193694],[80.214027,13.193128],[80.215239,13.191108],[80.215158,13.189006],[80.21338,13.187875],[80.213057,13.186501],[80.211844,13.185369],[80.210228,13.185773],[80.209339,13.187471],[80.208773,13.18933],[80.207237,13.190461],[80.205055,13.190946],[80.204166,13.190946],[80.202711,13.190623],[80.20061,13.19232],[80.199882,13.193694],[80.198912,13.194179],[80.197619,13.194179],[80.197538,13.195311],[80.197296,13.197089],[80.197296,13.198301],[80.196568,13.198867],[80.195598,13.199352],[80.195275,13.20113]]]}]}},{"type":"Feature","properties":{"name":"2778.352883770752"},"geometry":{"type":"GeometryCollection","geometries":[{"type":"LineString","coordinates":[[80.205055,13.269508],[80.206025,13.270397],[80.207561,13.270882],[80.207884,13.269104],[80.207884,13.268054],[80.20845,13.267164],[80.2095,13.266275],[80.210228,13.26474],[80.210632,13.262719],[80.209581,13.261183],[80.208935,13.261183],[80.207965,13.261992],[80.20651,13.263527],[80.206267,13.264578],[80.206348,13.264982],[80.20651,13.26571],[80.20651,13.26676],[80.205863,13.267407],[80.205055,13.267649],[80.204408,13.268134],[80.204489,13.268862],[80.205055,13.269508]]},{"type":"Polygon","coordinates":[[[80.205055,13.269508],[80.206025,13.270397],[80.207561,13.270882],[80.207884,13.269104],[80.207884,13.268054],[80.20845,13.267164],[80.2095,13.266275],[80.210228,13.26474],[80.210632,13.262719],[80.209581,13.261183],[80.208935,13.261183],[80.207965,13.261992],[80.20651,13.263527],[80.206267,13.264578],[80.206348,13.264982],[80.20651,13.26571],[80.20651,13.26676],[80.205863,13.267407],[80.205055,13.267649],[80.204408,13.268134],[80.204489,13.268862],[80.205055,13.269508]]]}]}},{"type":"Feature","properties":{"name":"7846.122973847048"},"geometry":{"type":"GeometryCollection","geometries":[{"type":"LineString","coordinates":[[80.22607,13.257546],[80.226878,13.256738],[80.227282,13.255606],[80.22809,13.254637],[80.228818,13.253909],[80.229626,13.253828],[80.229949,13.254232],[80.229303,13.255041],[80.22809,13.256738],[80.22704,13.257304],[80.226635,13.258354],[80.226716,13.261183],[80.226474,13.262153],[80.225504,13.264497],[80.225504,13.265063],[80.225261,13.266195],[80.2251,13.267084],[80.224049,13.269266],[80.225181,13.26967],[80.226393,13.269266],[80.228494,13.26967],[80.229222,13.268458],[80.230111,13.267488],[80.231,13.267892],[80.232536,13.268296],[80.233101,13.267245],[80.233182,13.266195],[80.232616,13.265952],[80.231808,13.267084],[80.230919,13.266033],[80.230515,13.265225],[80.231162,13.263366],[80.231162,13.261749],[80.231162,13.259729],[80.231566,13.256819],[80.231889,13.254637],[80.231808,13.252858],[80.231162,13.251808],[80.230677,13.250757],[80.229383,13.250029],[80.229383,13.251484],[80.22906,13.253424],[80.228414,13.253667],[80.227201,13.253505],[80.226878,13.252535],[80.22607,13.250838],[80.2251,13.251484],[80.225504,13.252939],[80.225665,13.253828],[80.22615,13.254475],[80.22615,13.255283],[80.22607,13.256657],[80.22607,13.257546]]},{"type":"Polygon","coordinates":[[[80.22607,13.257546],[80.226878,13.256738],[80.227282,13.255606],[80.22809,13.254637],[80.228818,13.253909],[80.229626,13.253828],[80.229949,13.254232],[80.229303,13.255041],[80.22809,13.256738],[80.22704,13.257304],[80.226635,13.258354],[80.226716,13.261183],[80.226474,13.262153],[80.225504,13.264497],[80.225504,13.265063],[80.225261,13.266195],[80.2251,13.267084],[80.224049,13.269266],[80.225181,13.26967],[80.226393,13.269266],[80.228494,13.26967],[80.229222,13.268458],[80.230111,13.267488],[80.231,13.267892],[80.232536,13.268296],[80.233101,13.267245],[80.233182,13.266195],[80.232616,13.265952],[80.231808,13.267084],[80.230919,13.266033],[80.230515,13.265225],[80.231162,13.263366],[80.231162,13.261749],[80.231162,13.259729],[80.231566,13.256819],[80.231889,13.254637],[80.231808,13.252858],[80.231162,13.251808],[80.230677,13.250757],[80.229383,13.250029],[80.229383,13.251484],[80.22906,13.253424],[80.228414,13.253667],[80.227201,13.253505],[80.226878,13.252535],[80.22607,13.250838],[80.2251,13.251484],[80.225504,13.252939],[80.225665,13.253828],[80.22615,13.254475],[80.22615,13.255283],[80.22607,13.256657],[80.22607,13.257546]]]}]}},{"type":"Feature","properties":{"name":"3283.118183409848"},"geometry":{"type":"GeometryCollection","geometries":[{"type":"LineString","coordinates":[[80.223564,13.243321],[80.223968,13.240977],[80.223968,13.240169],[80.224615,13.240169],[80.225504,13.239522],[80.22607,13.239118],[80.228009,13.238633],[80.22906,13.237663],[80.229303,13.236127],[80.22906,13.234753],[80.228414,13.235238],[80.227605,13.236289],[80.225665,13.234834],[80.22413,13.235158],[80.223241,13.236127],[80.222432,13.237744],[80.221624,13.238471],[80.220493,13.240573],[80.220331,13.242028],[80.220816,13.242836],[80.221867,13.24324],[80.223564,13.243321]]},{"type":"Polygon","coordinates":[[[80.223564,13.243321],[80.223968,13.240977],[80.223968,13.240169],[80.224615,13.240169],[80.225504,13.239522],[80.22607,13.239118],[80.228009,13.238633],[80.22906,13.237663],[80.229303,13.236127],[80.22906,13.234753],[80.228414,13.235238],[80.227605,13.236289],[80.225665,13.234834],[80.22413,13.235158],[80.223241,13.236127],[80.222432,13.237744],[80.221624,13.238471],[80.220493,13.240573],[80.220331,13.242028],[80.220816,13.242836],[80.221867,13.24324],[80.223564,13.243321]]]}]}},{"type":"Feature","properties":{"name":"900.71372930197856"},"geometry":{"type":"GeometryCollection","geometries":[{"type":"LineString","coordinates":[[80.227524,13.230389],[80.227363,13.228449],[80.225989,13.228772],[80.224938,13.229742],[80.225342,13.230712],[80.226231,13.231035],[80.227524,13.230389]]},{"type":"Polygon","coordinates":[[[80.227524,13.230389],[80.227363,13.228449],[80.225989,13.228772],[80.224938,13.229742],[80.225342,13.230712],[80.226231,13.231035],[80.227524,13.230389]]]}]}},{"type":"Feature","properties":{"name":"691.0015336072057"},"geometry":{"type":"GeometryCollection","geometries":[{"type":"LineString","coordinates":[[80.228818,13.233945],[80.23003,13.233784],[80.230111,13.231925],[80.228818,13.232248],[80.228414,13.232894],[80.228818,13.233945]]},{"type":"Polygon","coordinates":[[[80.228818,13.233945],[80.23003,13.233784],[80.230111,13.231925],[80.228818,13.232248],[80.228414,13.232894],[80.228818,13.233945]]]}]}},{"type":"Feature","properties":{"name":"5004.825187774746"},"geometry":{"type":"GeometryCollection","geometries":[{"type":"LineString","coordinates":[[80.239891,13.223034],[80.240052,13.222064],[80.240376,13.22166],[80.241346,13.221902],[80.241265,13.220852],[80.240861,13.220852],[80.239487,13.220609],[80.239406,13.219801],[80.239891,13.218831],[80.240537,13.218265],[80.240133,13.21778],[80.238678,13.218265],[80.237547,13.218023],[80.237708,13.216729],[80.236819,13.216164],[80.23496,13.216164],[80.233101,13.216325],[80.230919,13.216002],[80.229222,13.215436],[80.228899,13.21584],[80.229788,13.216891],[80.230434,13.218184],[80.231323,13.218831],[80.232051,13.218912],[80.232455,13.220124],[80.232616,13.221256],[80.233425,13.220851],[80.234233,13.219882],[80.235526,13.219882],[80.236092,13.220205],[80.236739,13.220609],[80.236819,13.221417],[80.236173,13.221983],[80.235445,13.22263],[80.234556,13.223438],[80.233748,13.224569],[80.234233,13.224731],[80.235445,13.224246],[80.236658,13.223276],[80.238032,13.223034],[80.239891,13.223034]]},{"type":"Polygon","coordinates":[[[80.239891,13.223034],[80.240052,13.222064],[80.240376,13.22166],[80.241346,13.221902],[80.241265,13.220852],[80.240861,13.220852],[80.239487,13.220609],[80.239406,13.219801],[80.239891,13.218831],[80.240537,13.218265],[80.240133,13.21778],[80.238678,13.218265],[80.237547,13.218023],[80.237708,13.216729],[80.236819,13.216164],[80.23496,13.216164],[80.233101,13.216325],[80.230919,13.216002],[80.229222,13.215436],[80.228899,13.21584],[80.229788,13.216891],[80.230434,13.218184],[80.231323,13.218831],[80.232051,13.218912],[80.232455,13.220124],[80.232616,13.221256],[80.233425,13.220851],[80.234233,13.219882],[80.235526,13.219882],[80.236092,13.220205],[80.236739,13.220609],[80.236819,13.221417],[80.236173,13.221983],[80.235445,13.22263],[80.234556,13.223438],[80.233748,13.224569],[80.234233,13.224731],[80.235445,13.224246],[80.236658,13.223276],[80.238032,13.223034],[80.239891,13.223034]]]}]}},{"type":"Feature","properties":{"name":"7543.44759837065"},"geometry":{"type":"GeometryCollection","geometries":[{"type":"LineString","coordinates":[[80.240457,13.229096],[80.241669,13.229338],[80.242639,13.227641],[80.243285,13.227075],[80.243528,13.22562],[80.243447,13.224731],[80.243366,13.223519],[80.244417,13.223519],[80.244983,13.223923],[80.245629,13.224085],[80.246518,13.225297],[80.246923,13.224812],[80.247812,13.224246],[80.24862,13.224246],[80.24862,13.223357],[80.249186,13.223034],[80.250964,13.223115],[80.251449,13.223842],[80.251691,13.224489],[80.252742,13.224974],[80.253469,13.226105],[80.253793,13.227802],[80.254763,13.227883],[80.254601,13.226994],[80.254278,13.225782],[80.254278,13.223761],[80.253227,13.223195],[80.252176,13.221902],[80.250964,13.22166],[80.249751,13.221498],[80.247569,13.220851],[80.245468,13.220771],[80.245306,13.219558],[80.245306,13.21778],[80.245064,13.216729],[80.244013,13.216325],[80.243366,13.214951],[80.242639,13.21382],[80.241588,13.213981],[80.241911,13.215679],[80.242396,13.216406],[80.243124,13.217618],[80.244255,13.21778],[80.245064,13.218103],[80.244983,13.219316],[80.244902,13.22069],[80.245064,13.221417],[80.244821,13.222387],[80.243528,13.222064],[80.243043,13.223034],[80.243366,13.223761],[80.243366,13.224731],[80.243124,13.225539],[80.242558,13.226509],[80.241426,13.226913],[80.23981,13.226994],[80.239729,13.228126],[80.240457,13.229096]]},{"type":"Polygon","coordinates":[[[80.240457,13.229096],[80.241669,13.229338],[80.242639,13.227641],[80.243285,13.227075],[80.243528,13.22562],[80.243447,13.224731],[80.243366,13.223519],[80.244417,13.223519],[80.244983,13.223923],[80.245629,13.224085],[80.246518,13.225297],[80.246923,13.224812],[80.247812,13.224246],[80.24862,13.224246],[80.24862,13.223357],[80.249186,13.223034],[80.250964,13.223115],[80.251449,13.223842],[80.251691,13.224489],[80.252742,13.224974],[80.253469,13.226105],[80.253793,13.227802],[80.254763,13.227883],[80.254601,13.226994],[80.254278,13.225782],[80.254278,13.223761],[80.253227,13.223195],[80.252176,13.221902],[80.250964,13.22166],[80.249751,13.221498],[80.247569,13.220851],[80.245468,13.220771],[80.245306,13.219558],[80.245306,13.21778],[80.245064,13.216729],[80.244013,13.216325],[80.243366,13.214951],[80.242639,13.21382],[80.241588,13.213981],[80.241911,13.215679],[80.242396,13.216406],[80.243124,13.217618],[80.244255,13.21778],[80.245064,13.218103],[80.244983,13.219316],[80.244902,13.22069],[80.245064,13.221417],[80.244821,13.222387],[80.243528,13.222064],[80.243043,13.223034],[80.243366,13.223761],[80.243366,13.224731],[80.243124,13.225539],[80.242558,13.226509],[80.241426,13.226913],[80.23981,13.226994],[80.239729,13.228126],[80.240457,13.229096]]]}]}},{"type":"Feature","properties":{"name":"962.40351744070676"},"geometry":{"type":"GeometryCollection","geometries":[{"type":"LineString","coordinates":[[80.234239,13.257743],[80.235222,13.257226],[80.235636,13.255829],[80.235636,13.255209],[80.235377,13.254847],[80.235015,13.254226],[80.234602,13.253967],[80.234808,13.255209],[80.234808,13.256295],[80.234239,13.257743]]},{"type":"Polygon","coordinates":[[[80.234239,13.257743],[80.235222,13.257226],[80.235636,13.255829],[80.235636,13.255209],[80.235377,13.254847],[80.235015,13.254226],[80.234602,13.253967],[80.234808,13.255209],[80.234808,13.256295],[80.234239,13.257743]]]}]}},{"type":"Feature","properties":{"name":"3429.7963698040157"},"geometry":{"type":"GeometryCollection","geometries":[{"type":"LineString","coordinates":[[80.234912,13.252312],[80.236205,13.252829],[80.237136,13.252622],[80.237757,13.252984],[80.23786,13.254485],[80.238636,13.254485],[80.239826,13.254329],[80.239878,13.253657],[80.238533,13.253191],[80.23874,13.252312],[80.240395,13.251536],[80.241171,13.250605],[80.241688,13.249415],[80.24205,13.247708],[80.241688,13.246674],[80.240602,13.245329],[80.239567,13.24476],[80.238843,13.245277],[80.238998,13.246363],[80.23993,13.247708],[80.240085,13.248743],[80.240033,13.24957],[80.239309,13.250191],[80.238843,13.250864],[80.237705,13.250915],[80.236412,13.251019],[80.23574,13.251691],[80.234912,13.252312]]},{"type":"Polygon","coordinates":[[[80.234912,13.252312],[80.236205,13.252829],[80.237136,13.252622],[80.237757,13.252984],[80.23786,13.254485],[80.238636,13.254485],[80.239826,13.254329],[80.239878,13.253657],[80.238533,13.253191],[80.23874,13.252312],[80.240395,13.251536],[80.241171,13.250605],[80.241688,13.249415],[80.24205,13.247708],[80.241688,13.246674],[80.240602,13.245329],[80.239567,13.24476],[80.238843,13.245277],[80.238998,13.246363],[80.23993,13.247708],[80.240085,13.248743],[80.240033,13.24957],[80.239309,13.250191],[80.238843,13.250864],[80.237705,13.250915],[80.236412,13.251019],[80.23574,13.251691],[80.234912,13.252312]]]}]}},{"type":"Feature","properties":{"name":"3766.67401457724"},"geometry":{"type":"GeometryCollection","geometries":[{"type":"LineString","coordinates":[[80.24443,13.253036],[80.245464,13.252829],[80.245671,13.25226],[80.24624,13.251588],[80.24743,13.250967],[80.249241,13.250967],[80.249448,13.249984],[80.250223,13.248329],[80.250792,13.247656],[80.250275,13.247139],[80.248982,13.246829],[80.248516,13.245639],[80.247585,13.244604],[80.245982,13.244035],[80.245051,13.244915],[80.245154,13.246881],[80.246499,13.246932],[80.24712,13.248122],[80.247016,13.24926],[80.24593,13.249415],[80.245878,13.247915],[80.245464,13.247036],[80.244275,13.247087],[80.243292,13.248536],[80.243913,13.249157],[80.244637,13.250657],[80.244533,13.25226],[80.24443,13.253036]]},{"type":"Polygon","coordinates":[[[80.24443,13.253036],[80.245464,13.252829],[80.245671,13.25226],[80.24624,13.251588],[80.24743,13.250967],[80.249241,13.250967],[80.249448,13.249984],[80.250223,13.248329],[80.250792,13.247656],[80.250275,13.247139],[80.248982,13.246829],[80.248516,13.245639],[80.247585,13.244604],[80.245982,13.244035],[80.245051,13.244915],[80.245154,13.246881],[80.246499,13.246932],[80.24712,13.248122],[80.247016,13.24926],[80.24593,13.249415],[80.245878,13.247915],[80.245464,13.247036],[80.244275,13.247087],[80.243292,13.248536],[80.243913,13.249157],[80.244637,13.250657],[80.244533,13.25226],[80.24443,13.253036]]]}]}},{"type":"Feature","properties":{"name":"1047.860023250803"},"geometry":{"type":"GeometryCollection","geometries":[{"type":"LineString","coordinates":[[80.251413,13.244604],[80.251775,13.243829],[80.251155,13.243518],[80.250792,13.242691],[80.250275,13.242173],[80.249241,13.242225],[80.249189,13.24326],[80.248827,13.24476],[80.249758,13.245173],[80.250689,13.244811],[80.251413,13.244604]]},{"type":"Polygon","coordinates":[[[80.251413,13.244604],[80.251775,13.243829],[80.251155,13.243518],[80.250792,13.242691],[80.250275,13.242173],[80.249241,13.242225],[80.249189,13.24326],[80.248827,13.24476],[80.249758,13.245173],[80.250689,13.244811],[80.251413,13.244604]]]}]}},{"type":"Feature","properties":{"name":"1153.444226449552"},"geometry":{"type":"GeometryCollection","geometries":[{"type":"LineString","coordinates":[[80.267048,13.253586],[80.265917,13.252778],[80.264462,13.253262],[80.263573,13.25399],[80.264219,13.255364],[80.265674,13.256011],[80.266967,13.255526],[80.26721,13.254637],[80.267048,13.253586]]},{"type":"Polygon","coordinates":[[[80.267048,13.253586],[80.265917,13.252778],[80.264462,13.253262],[80.263573,13.25399],[80.264219,13.255364],[80.265674,13.256011],[80.266967,13.255526],[80.26721,13.254637],[80.267048,13.253586]]]}]}},{"type":"Feature","properties":{"name":"25277.345362939657"},"geometry":{"type":"GeometryCollection","geometries":[{"type":"LineString","coordinates":[[80.252035,13.282137],[80.252035,13.283274],[80.254182,13.284158],[80.254561,13.285168],[80.254939,13.288452],[80.256202,13.289336],[80.258728,13.290851],[80.262517,13.292114],[80.264664,13.292998],[80.266306,13.293882],[80.2682,13.291356],[80.270599,13.288831],[80.270852,13.285168],[80.275651,13.283653],[80.27944,13.282516],[80.281965,13.282137],[80.284365,13.281001],[80.284491,13.280369],[80.28828,13.279106],[80.291563,13.279233],[80.29371,13.276454],[80.295857,13.274686],[80.296741,13.273423],[80.295605,13.271403],[80.2927,13.268119],[80.292953,13.266225],[80.294594,13.266099],[80.294468,13.264583],[80.290301,13.264836],[80.290174,13.263573],[80.288532,13.263194],[80.284618,13.263068],[80.283102,13.261931],[80.281081,13.262562],[80.279945,13.265215],[80.280576,13.266604],[80.283481,13.264709],[80.284491,13.266983],[80.286386,13.265846],[80.287396,13.265846],[80.289669,13.265215],[80.290932,13.265215],[80.291437,13.266856],[80.29169,13.268119],[80.292069,13.269508],[80.291942,13.271908],[80.289669,13.272539],[80.286512,13.271529],[80.283228,13.270519],[80.281334,13.271782],[80.282976,13.272918],[80.283607,13.274307],[80.285754,13.273929],[80.287648,13.273676],[80.288532,13.274686],[80.28828,13.276454],[80.287648,13.277844],[80.285502,13.278475],[80.28386,13.278475],[80.281334,13.276833],[80.279819,13.276707],[80.282092,13.278222],[80.280955,13.279359],[80.27944,13.279233],[80.278934,13.277212],[80.276788,13.276328],[80.27704,13.274813],[80.278303,13.273171],[80.277924,13.268624],[80.274893,13.267993],[80.272999,13.26673],[80.271483,13.267867],[80.269463,13.270645],[80.268579,13.273171],[80.268452,13.276202],[80.267316,13.278601],[80.26719,13.280496],[80.267568,13.281506],[80.266179,13.282137],[80.264159,13.282264],[80.261507,13.282643],[80.260875,13.282643],[80.261128,13.280243],[80.263148,13.278601],[80.261507,13.277844],[80.259865,13.278601],[80.258349,13.280369],[80.257592,13.280243],[80.255192,13.279864],[80.257213,13.278349],[80.258728,13.276075],[80.260117,13.273929],[80.260622,13.27216],[80.259233,13.272034],[80.257465,13.272918],[80.256329,13.273423],[80.254182,13.273802],[80.254561,13.275823],[80.254939,13.276454],[80.254939,13.277844],[80.254182,13.27999],[80.253045,13.281506],[80.252035,13.282137]]},{"type":"Polygon","coordinates":[[[80.252035,13.282137],[80.252035,13.283274],[80.254182,13.284158],[80.254561,13.285168],[80.254939,13.288452],[80.256202,13.289336],[80.258728,13.290851],[80.262517,13.292114],[80.264664,13.292998],[80.266306,13.293882],[80.2682,13.291356],[80.270599,13.288831],[80.270852,13.285168],[80.275651,13.283653],[80.27944,13.282516],[80.281965,13.282137],[80.284365,13.281001],[80.284491,13.280369],[80.28828,13.279106],[80.291563,13.279233],[80.29371,13.276454],[80.295857,13.274686],[80.296741,13.273423],[80.295605,13.271403],[80.2927,13.268119],[80.292953,13.266225],[80.294594,13.266099],[80.294468,13.264583],[80.290301,13.264836],[80.290174,13.263573],[80.288532,13.263194],[80.284618,13.263068],[80.283102,13.261931],[80.281081,13.262562],[80.279945,13.265215],[80.280576,13.266604],[80.283481,13.264709],[80.284491,13.266983],[80.286386,13.265846],[80.287396,13.265846],[80.289669,13.265215],[80.290932,13.265215],[80.291437,13.266856],[80.29169,13.268119],[80.292069,13.269508],[80.291942,13.271908],[80.289669,13.272539],[80.286512,13.271529],[80.283228,13.270519],[80.281334,13.271782],[80.282976,13.272918],[80.283607,13.274307],[80.285754,13.273929],[80.287648,13.273676],[80.288532,13.274686],[80.28828,13.276454],[80.287648,13.277844],[80.285502,13.278475],[80.28386,13.278475],[80.281334,13.276833],[80.279819,13.276707],[80.282092,13.278222],[80.280955,13.279359],[80.27944,13.279233],[80.278934,13.277212],[80.276788,13.276328],[80.27704,13.274813],[80.278303,13.273171],[80.277924,13.268624],[80.274893,13.267993],[80.272999,13.26673],[80.271483,13.267867],[80.269463,13.270645],[80.268579,13.273171],[80.268452,13.276202],[80.267316,13.278601],[80.26719,13.280496],[80.267568,13.281506],[80.266179,13.282137],[80.264159,13.282264],[80.261507,13.282643],[80.260875,13.282643],[80.261128,13.280243],[80.263148,13.278601],[80.261507,13.277844],[80.259865,13.278601],[80.258349,13.280369],[80.257592,13.280243],[80.255192,13.279864],[80.257213,13.278349],[80.258728,13.276075],[80.260117,13.273929],[80.260622,13.27216],[80.259233,13.272034],[80.257465,13.272918],[80.256329,13.273423],[80.254182,13.273802],[80.254561,13.275823],[80.254939,13.276454],[80.254939,13.277844],[80.254182,13.27999],[80.253045,13.281506],[80.252035,13.282137]]]}]}},{"type":"Feature","properties":{"name":"919.3190290473577"},"geometry":{"type":"GeometryCollection","geometries":[{"type":"LineString","coordinates":[[80.225767,13.247408],[80.227535,13.247408],[80.227408,13.245513],[80.226777,13.245261],[80.22564,13.244756],[80.225261,13.245766],[80.225767,13.247408]]},{"type":"Polygon","coordinates":[[[80.225767,13.247408],[80.227535,13.247408],[80.227408,13.245513],[80.226777,13.245261],[80.22564,13.244756],[80.225261,13.245766],[80.225767,13.247408]]]}]}},{"type":"Feature","properties":{"name":"4197.3961949286768"},"geometry":{"type":"GeometryCollection","geometries":[{"type":"LineString","coordinates":[[80.324778,13.265593],[80.326419,13.264836],[80.325914,13.263068],[80.324525,13.261047],[80.324399,13.260037],[80.325662,13.260037],[80.327051,13.260794],[80.328819,13.260794],[80.329829,13.259405],[80.329071,13.258521],[80.326925,13.258521],[80.326798,13.257006],[80.325914,13.255617],[80.32503,13.255995],[80.324525,13.258016],[80.324146,13.25789],[80.323136,13.25789],[80.321242,13.2589],[80.319979,13.2589],[80.318716,13.259784],[80.320484,13.2613],[80.321494,13.262436],[80.322378,13.264078],[80.323136,13.265593],[80.324778,13.265593]]},{"type":"Polygon","coordinates":[[[80.324778,13.265593],[80.326419,13.264836],[80.325914,13.263068],[80.324525,13.261047],[80.324399,13.260037],[80.325662,13.260037],[80.327051,13.260794],[80.328819,13.260794],[80.329829,13.259405],[80.329071,13.258521],[80.326925,13.258521],[80.326798,13.257006],[80.325914,13.255617],[80.32503,13.255995],[80.324525,13.258016],[80.324146,13.25789],[80.323136,13.25789],[80.321242,13.2589],[80.319979,13.2589],[80.318716,13.259784],[80.320484,13.2613],[80.321494,13.262436],[80.322378,13.264078],[80.323136,13.265593],[80.324778,13.265593]]]}]}},{"type":"Feature","properties":{"name":"4537.848829988158"},"geometry":{"type":"GeometryCollection","geometries":[{"type":"LineString","coordinates":[[80.322631,13.252712],[80.324399,13.252586],[80.324399,13.251702],[80.323767,13.248923],[80.323641,13.246019],[80.323136,13.24425],[80.321494,13.241725],[80.322883,13.240083],[80.325662,13.240083],[80.326925,13.239578],[80.326167,13.238062],[80.323262,13.238315],[80.32061,13.240083],[80.320357,13.242104],[80.320863,13.243493],[80.320989,13.244756],[80.319726,13.245892],[80.320105,13.248039],[80.320863,13.249807],[80.321873,13.251196],[80.322631,13.252712]]},{"type":"Polygon","coordinates":[[[80.322631,13.252712],[80.324399,13.252586],[80.324399,13.251702],[80.323767,13.248923],[80.323641,13.246019],[80.323136,13.24425],[80.321494,13.241725],[80.322883,13.240083],[80.325662,13.240083],[80.326925,13.239578],[80.326167,13.238062],[80.323262,13.238315],[80.32061,13.240083],[80.320357,13.242104],[80.320863,13.243493],[80.320989,13.244756],[80.319726,13.245892],[80.320105,13.248039],[80.320863,13.249807],[80.321873,13.251196],[80.322631,13.252712]]]}]}},{"type":"Feature","properties":{"name":"10526.21249704706"},"geometry":{"type":"GeometryCollection","geometries":[{"type":"LineString","coordinates":[[80.315053,13.180474],[80.313664,13.178454],[80.313412,13.177317],[80.311644,13.177443],[80.309497,13.177948],[80.307981,13.178832],[80.307476,13.180095],[80.307476,13.183],[80.307602,13.185905],[80.307855,13.189441],[80.309749,13.190072],[80.310507,13.19184],[80.312401,13.194113],[80.313159,13.19765],[80.314043,13.200302],[80.316316,13.201059],[80.316695,13.199796],[80.315432,13.197144],[80.313917,13.193608],[80.31518,13.191335],[80.317074,13.192977],[80.317453,13.190198],[80.315811,13.189441],[80.313285,13.191335],[80.31177,13.189693],[80.311265,13.188178],[80.310507,13.186536],[80.310002,13.183505],[80.309497,13.179969],[80.309749,13.178832],[80.312401,13.180474],[80.312528,13.180979],[80.313664,13.182116],[80.31379,13.184389],[80.312401,13.185778],[80.311517,13.18742],[80.311896,13.188304],[80.313538,13.187546],[80.314422,13.187799],[80.31619,13.188052],[80.316316,13.187546],[80.31518,13.187294],[80.314674,13.185905],[80.314548,13.184389],[80.314296,13.18199],[80.315053,13.180474]]},{"type":"Polygon","coordinates":[[[80.315053,13.180474],[80.313664,13.178454],[80.313412,13.177317],[80.311644,13.177443],[80.309497,13.177948],[80.307981,13.178832],[80.307476,13.180095],[80.307476,13.183],[80.307602,13.185905],[80.307855,13.189441],[80.309749,13.190072],[80.310507,13.19184],[80.312401,13.194113],[80.313159,13.19765],[80.314043,13.200302],[80.316316,13.201059],[80.316695,13.199796],[80.315432,13.197144],[80.313917,13.193608],[80.31518,13.191335],[80.317074,13.192977],[80.317453,13.190198],[80.315811,13.189441],[80.313285,13.191335],[80.31177,13.189693],[80.311265,13.188178],[80.310507,13.186536],[80.310002,13.183505],[80.309497,13.179969],[80.309749,13.178832],[80.312401,13.180474],[80.312528,13.180979],[80.313664,13.182116],[80.31379,13.184389],[80.312401,13.185778],[80.311517,13.18742],[80.311896,13.188304],[80.313538,13.187546],[80.314422,13.187799],[80.31619,13.188052],[80.316316,13.187546],[80.31518,13.187294],[80.314674,13.185905],[80.314548,13.184389],[80.314296,13.18199],[80.315053,13.180474]]]}]}},{"type":"Feature","properties":{"name":"1186.21229135996"},"geometry":{"type":"GeometryCollection","geometries":[{"type":"LineString","coordinates":[[80.320357,13.199039],[80.319473,13.19967],[80.318716,13.201186],[80.3196,13.202322],[80.320989,13.20308],[80.321873,13.202701],[80.321747,13.201565],[80.320989,13.200554],[80.320357,13.199039]]},{"type":"Polygon","coordinates":[[[80.320357,13.199039],[80.319473,13.19967],[80.318716,13.201186],[80.3196,13.202322],[80.320989,13.20308],[80.321873,13.202701],[80.321747,13.201565],[80.320989,13.200554],[80.320357,13.199039]]]}]}},{"type":"Feature","properties":{"name":"8325.2424129830488"},"geometry":{"type":"GeometryCollection","geometries":[{"type":"LineString","coordinates":[[80.314422,13.200807],[80.314927,13.202701],[80.314801,13.20409],[80.314296,13.205606],[80.313159,13.207374],[80.31177,13.208384],[80.313033,13.210405],[80.314043,13.212678],[80.315306,13.214699],[80.317453,13.21634],[80.317705,13.215078],[80.317327,13.213562],[80.316948,13.21192],[80.316569,13.210279],[80.317832,13.210531],[80.318842,13.212425],[80.319979,13.213688],[80.321368,13.213057],[80.322252,13.215709],[80.321999,13.21634],[80.320357,13.217856],[80.320863,13.218866],[80.321242,13.219119],[80.321242,13.221139],[80.32402,13.221013],[80.325409,13.220255],[80.326546,13.219877],[80.326672,13.218235],[80.326041,13.215583],[80.324525,13.212552],[80.323515,13.211163],[80.322252,13.208889],[80.32162,13.20851],[80.320989,13.207121],[80.321368,13.204974],[80.319347,13.206111],[80.317579,13.205227],[80.317579,13.20308],[80.318337,13.202322],[80.317832,13.201059],[80.315053,13.201691],[80.314422,13.200807]]},{"type":"Polygon","coordinates":[[[80.314422,13.200807],[80.314927,13.202701],[80.314801,13.20409],[80.314296,13.205606],[80.313159,13.207374],[80.31177,13.208384],[80.313033,13.210405],[80.314043,13.212678],[80.315306,13.214699],[80.317453,13.21634],[80.317705,13.215078],[80.317327,13.213562],[80.316948,13.21192],[80.316569,13.210279],[80.317832,13.210531],[80.318842,13.212425],[80.319979,13.213688],[80.321368,13.213057],[80.322252,13.215709],[80.321999,13.21634],[80.320357,13.217856],[80.320863,13.218866],[80.321242,13.219119],[80.321242,13.221139],[80.32402,13.221013],[80.325409,13.220255],[80.326546,13.219877],[80.326672,13.218235],[80.326041,13.215583],[80.324525,13.212552],[80.323515,13.211163],[80.322252,13.208889],[80.32162,13.20851],[80.320989,13.207121],[80.321368,13.204974],[80.319347,13.206111],[80.317579,13.205227],[80.317579,13.20308],[80.318337,13.202322],[80.317832,13.201059],[80.315053,13.201691],[80.314422,13.200807]]]}]}},{"type":"Feature","properties":{"name":"6593.760114825738"},"geometry":{"type":"GeometryCollection","geometries":[{"type":"LineString","coordinates":[[80.300909,13.183884],[80.298888,13.185021],[80.298257,13.186157],[80.300151,13.18742],[80.301288,13.189062],[80.302298,13.191461],[80.302677,13.193482],[80.304066,13.195755],[80.30495,13.197523],[80.306339,13.200302],[80.307729,13.20207],[80.308613,13.203333],[80.310128,13.205606],[80.311644,13.207121],[80.312401,13.205985],[80.312149,13.204848],[80.313412,13.204595],[80.313917,13.201943],[80.313285,13.200049],[80.311896,13.198028],[80.311644,13.195882],[80.310633,13.193987],[80.309497,13.193229],[80.307729,13.192977],[80.306213,13.190704],[80.30495,13.188936],[80.305076,13.187168],[80.304066,13.185273],[80.303182,13.18401],[80.300909,13.183884]]},{"type":"Polygon","coordinates":[[[80.300909,13.183884],[80.298888,13.185021],[80.298257,13.186157],[80.300151,13.18742],[80.301288,13.189062],[80.302298,13.191461],[80.302677,13.193482],[80.304066,13.195755],[80.30495,13.197523],[80.306339,13.200302],[80.307729,13.20207],[80.308613,13.203333],[80.310128,13.205606],[80.311644,13.207121],[80.312401,13.205985],[80.312149,13.204848],[80.313412,13.204595],[80.313917,13.201943],[80.313285,13.200049],[80.311896,13.198028],[80.311644,13.195882],[80.310633,13.193987],[80.309497,13.193229],[80.307729,13.192977],[80.306213,13.190704],[80.30495,13.188936],[80.305076,13.187168],[80.304066,13.185273],[80.303182,13.18401],[80.300909,13.183884]]]}]}},{"type":"Feature","properties":{"name":"1006.3567129087317"},"geometry":{"type":"GeometryCollection","geometries":[{"type":"LineString","coordinates":[[80.302424,13.203711],[80.302298,13.202827],[80.301288,13.202701],[80.300404,13.202575],[80.299393,13.202701],[80.299267,13.203206],[80.299267,13.203711],[80.299772,13.204722],[80.300783,13.205101],[80.302424,13.203711]]},{"type":"Polygon","coordinates":[[[80.302424,13.203711],[80.302298,13.202827],[80.301288,13.202701],[80.300404,13.202575],[80.299393,13.202701],[80.299267,13.203206],[80.299267,13.203711],[80.299772,13.204722],[80.300783,13.205101],[80.302424,13.203711]]]}]}},{"type":"Feature","properties":{"name":"1032.4882785149048"},"geometry":{"type":"GeometryCollection","geometries":[{"type":"LineString","coordinates":[[80.303056,13.205227],[80.304445,13.20548],[80.305708,13.205101],[80.305834,13.203585],[80.30495,13.202954],[80.303435,13.202827],[80.30293,13.203459],[80.303056,13.205227]]},{"type":"Polygon","coordinates":[[[80.303056,13.205227],[80.304445,13.20548],[80.305708,13.205101],[80.305834,13.203585],[80.30495,13.202954],[80.303435,13.202827],[80.30293,13.203459],[80.303056,13.205227]]]}]}},{"type":"Feature","properties":{"name":"5040.3106469543845"},"geometry":{"type":"GeometryCollection","geometries":[{"type":"LineString","coordinates":[[80.2951,13.186283],[80.294342,13.18742],[80.294216,13.18982],[80.293205,13.191967],[80.291816,13.193861],[80.291058,13.194997],[80.290174,13.195629],[80.288911,13.195882],[80.289669,13.197271],[80.290301,13.198281],[80.292069,13.199923],[80.292826,13.200681],[80.294594,13.201312],[80.296741,13.201943],[80.298131,13.201817],[80.298888,13.200933],[80.30053,13.200302],[80.302298,13.199796],[80.301035,13.198407],[80.29952,13.198155],[80.299015,13.196766],[80.297752,13.194492],[80.297246,13.191714],[80.298257,13.190956],[80.297246,13.189567],[80.296362,13.188557],[80.2951,13.186283]]},{"type":"Polygon","coordinates":[[[80.2951,13.186283],[80.294342,13.18742],[80.294216,13.18982],[80.293205,13.191967],[80.291816,13.193861],[80.291058,13.194997],[80.290174,13.195629],[80.288911,13.195882],[80.289669,13.197271],[80.290301,13.198281],[80.292069,13.199923],[80.292826,13.200681],[80.294594,13.201312],[80.296741,13.201943],[80.298131,13.201817],[80.298888,13.200933],[80.30053,13.200302],[80.302298,13.199796],[80.301035,13.198407],[80.29952,13.198155],[80.299015,13.196766],[80.297752,13.194492],[80.297246,13.191714],[80.298257,13.190956],[80.297246,13.189567],[80.296362,13.188557],[80.2951,13.186283]]]}]}},{"type":"Feature","properties":{"name":"8322.756594485012"},"geometry":{"type":"GeometryCollection","geometries":[{"type":"LineString","coordinates":[[80.294973,13.21432],[80.294847,13.212931],[80.292321,13.212047],[80.2927,13.21091],[80.29371,13.208889],[80.293963,13.207879],[80.295984,13.206616],[80.297752,13.205606],[80.298762,13.205353],[80.295352,13.205101],[80.292069,13.204974],[80.289417,13.204722],[80.288659,13.206364],[80.287901,13.208005],[80.286386,13.208889],[80.285754,13.210784],[80.285502,13.212047],[80.283481,13.212931],[80.279819,13.213562],[80.277924,13.214825],[80.276282,13.217477],[80.275904,13.219498],[80.275651,13.221645],[80.27704,13.221897],[80.279566,13.220382],[80.280703,13.218108],[80.282849,13.216846],[80.285375,13.218487],[80.286512,13.220003],[80.287648,13.221645],[80.288785,13.222529],[80.292195,13.21874],[80.293332,13.217603],[80.294721,13.216719],[80.294973,13.21432]]},{"type":"Polygon","coordinates":[[[80.294973,13.21432],[80.294847,13.212931],[80.292321,13.212047],[80.2927,13.21091],[80.29371,13.208889],[80.293963,13.207879],[80.295984,13.206616],[80.297752,13.205606],[80.298762,13.205353],[80.295352,13.205101],[80.292069,13.204974],[80.289417,13.204722],[80.288659,13.206364],[80.287901,13.208005],[80.286386,13.208889],[80.285754,13.210784],[80.285502,13.212047],[80.283481,13.212931],[80.279819,13.213562],[80.277924,13.214825],[80.276282,13.217477],[80.275904,13.219498],[80.275651,13.221645],[80.27704,13.221897],[80.279566,13.220382],[80.280703,13.218108],[80.282849,13.216846],[80.285375,13.218487],[80.286512,13.220003],[80.287648,13.221645],[80.288785,13.222529],[80.292195,13.21874],[80.293332,13.217603],[80.294721,13.216719],[80.294973,13.21432]]]}]}},{"type":"Feature","properties":{"name":"19482.93313639698"},"geometry":{"type":"GeometryCollection","geometries":[{"type":"LineString","coordinates":[[80.294847,13.219877],[80.292195,13.219624],[80.290301,13.221013],[80.288659,13.222781],[80.287522,13.222907],[80.285628,13.224802],[80.284491,13.225686],[80.283607,13.227328],[80.28386,13.229727],[80.284239,13.232758],[80.284239,13.23541],[80.282976,13.235915],[80.281839,13.236547],[80.281081,13.238315],[80.280071,13.240462],[80.278177,13.243114],[80.275019,13.243872],[80.272746,13.244882],[80.270599,13.244882],[80.270473,13.243998],[80.269336,13.243745],[80.269463,13.245261],[80.270599,13.246524],[80.271862,13.248544],[80.272746,13.249428],[80.273125,13.250312],[80.27363,13.252838],[80.27363,13.255111],[80.27363,13.256879],[80.274893,13.258521],[80.275019,13.257385],[80.274388,13.25448],[80.275146,13.251702],[80.275904,13.250439],[80.277545,13.250691],[80.277545,13.252207],[80.279566,13.252207],[80.280324,13.252333],[80.282092,13.251449],[80.283102,13.250691],[80.28487,13.249555],[80.287648,13.249302],[80.288532,13.250818],[80.288785,13.253091],[80.288785,13.254606],[80.286638,13.255617],[80.284239,13.256501],[80.283481,13.257006],[80.281334,13.256879],[80.280829,13.258647],[80.282976,13.259279],[80.284239,13.260037],[80.28727,13.25991],[80.289543,13.25991],[80.291058,13.259153],[80.291311,13.258142],[80.291437,13.255111],[80.291311,13.252459],[80.290427,13.249933],[80.290553,13.248165],[80.291185,13.246271],[80.292447,13.246397],[80.294468,13.247408],[80.2951,13.248671],[80.294089,13.250439],[80.294089,13.251828],[80.29712,13.251196],[80.298636,13.250565],[80.299646,13.249933],[80.298509,13.248544],[80.29712,13.247155],[80.295731,13.245892],[80.293837,13.245008],[80.291311,13.243493],[80.290806,13.241598],[80.290679,13.238694],[80.290427,13.236168],[80.290932,13.231495],[80.292447,13.231369],[80.292574,13.23099],[80.290553,13.230232],[80.290679,13.228969],[80.291816,13.227959],[80.293079,13.226949],[80.293963,13.226444],[80.293079,13.225307],[80.291437,13.225054],[80.292321,13.224044],[80.293458,13.223792],[80.294342,13.223034],[80.294847,13.22215],[80.294847,13.219877]]},{"type":"Polygon","coordinates":[[[80.294847,13.219877],[80.292195,13.219624],[80.290301,13.221013],[80.288659,13.222781],[80.287522,13.222907],[80.285628,13.224802],[80.284491,13.225686],[80.283607,13.227328],[80.28386,13.229727],[80.284239,13.232758],[80.284239,13.23541],[80.282976,13.235915],[80.281839,13.236547],[80.281081,13.238315],[80.280071,13.240462],[80.278177,13.243114],[80.275019,13.243872],[80.272746,13.244882],[80.270599,13.244882],[80.270473,13.243998],[80.269336,13.243745],[80.269463,13.245261],[80.270599,13.246524],[80.271862,13.248544],[80.272746,13.249428],[80.273125,13.250312],[80.27363,13.252838],[80.27363,13.255111],[80.27363,13.256879],[80.274893,13.258521],[80.275019,13.257385],[80.274388,13.25448],[80.275146,13.251702],[80.275904,13.250439],[80.277545,13.250691],[80.277545,13.252207],[80.279566,13.252207],[80.280324,13.252333],[80.282092,13.251449],[80.283102,13.250691],[80.28487,13.249555],[80.287648,13.249302],[80.288532,13.250818],[80.288785,13.253091],[80.288785,13.254606],[80.286638,13.255617],[80.284239,13.256501],[80.283481,13.257006],[80.281334,13.256879],[80.280829,13.258647],[80.282976,13.259279],[80.284239,13.260037],[80.28727,13.25991],[80.289543,13.25991],[80.291058,13.259153],[80.291311,13.258142],[80.291437,13.255111],[80.291311,13.252459],[80.290427,13.249933],[80.290553,13.248165],[80.291185,13.246271],[80.292447,13.246397],[80.294468,13.247408],[80.2951,13.248671],[80.294089,13.250439],[80.294089,13.251828],[80.29712,13.251196],[80.298636,13.250565],[80.299646,13.249933],[80.298509,13.248544],[80.29712,13.247155],[80.295731,13.245892],[80.293837,13.245008],[80.291311,13.243493],[80.290806,13.241598],[80.290679,13.238694],[80.290427,13.236168],[80.290932,13.231495],[80.292447,13.231369],[80.292574,13.23099],[80.290553,13.230232],[80.290679,13.228969],[80.291816,13.227959],[80.293079,13.226949],[80.293963,13.226444],[80.293079,13.225307],[80.291437,13.225054],[80.292321,13.224044],[80.293458,13.223792],[80.294342,13.223034],[80.294847,13.22215],[80.294847,13.219877]]]}]}},{"type":"Feature","properties":{"name":"12190.291756314287"},"geometry":{"type":"GeometryCollection","geometries":[{"type":"LineString","coordinates":[[80.27602,13.225054],[80.275939,13.222791],[80.27505,13.222064],[80.273757,13.221417],[80.272463,13.220609],[80.271251,13.220528],[80.271089,13.221175],[80.272544,13.222387],[80.272463,13.222953],[80.270685,13.223842],[80.269069,13.223357],[80.268584,13.22271],[80.267129,13.221417],[80.266967,13.222791],[80.268341,13.224489],[80.268745,13.224974],[80.267856,13.225701],[80.267533,13.226994],[80.267614,13.22853],[80.266725,13.229096],[80.265189,13.230712],[80.265351,13.232086],[80.266725,13.232975],[80.267048,13.234107],[80.267776,13.235077],[80.266725,13.235723],[80.265351,13.234834],[80.264138,13.233703],[80.26333,13.233784],[80.262684,13.234511],[80.262522,13.2354],[80.263653,13.236208],[80.263896,13.237017],[80.263007,13.238391],[80.263249,13.23928],[80.265027,13.238876],[80.266078,13.238471],[80.267371,13.23831],[80.267937,13.238956],[80.269635,13.238148],[80.271009,13.237744],[80.271574,13.237663],[80.272302,13.236612],[80.272625,13.235238],[80.272383,13.233622],[80.272363,13.233104],[80.272221,13.233056],[80.272221,13.231925],[80.272059,13.230146],[80.272342,13.229895],[80.272383,13.228368],[80.271817,13.227237],[80.271332,13.226186],[80.27311,13.225863],[80.273272,13.226509],[80.273757,13.228045],[80.272787,13.2295],[80.272342,13.229895],[80.272302,13.23144],[80.272363,13.233104],[80.273676,13.233541],[80.273757,13.235077],[80.273433,13.236936],[80.272059,13.237986],[80.271413,13.238956],[80.271089,13.239926],[80.271089,13.241704],[80.271493,13.242513],[80.273514,13.242432],[80.275131,13.24227],[80.276424,13.242109],[80.276666,13.241058],[80.276747,13.239603],[80.276424,13.237825],[80.277151,13.23637],[80.276505,13.234915],[80.275777,13.233622],[80.275454,13.231359],[80.275373,13.230146],[80.27602,13.228126],[80.276181,13.22756],[80.27602,13.225054]]},{"type":"Polygon","coordinates":[[[80.27602,13.225054],[80.275939,13.222791],[80.27505,13.222064],[80.273757,13.221417],[80.272463,13.220609],[80.271251,13.220528],[80.271089,13.221175],[80.272544,13.222387],[80.272463,13.222953],[80.270685,13.223842],[80.269069,13.223357],[80.268584,13.22271],[80.267129,13.221417],[80.266967,13.222791],[80.268341,13.224489],[80.268745,13.224974],[80.267856,13.225701],[80.267533,13.226994],[80.267614,13.22853],[80.266725,13.229096],[80.265189,13.230712],[80.265351,13.232086],[80.266725,13.232975],[80.267048,13.234107],[80.267776,13.235077],[80.266725,13.235723],[80.265351,13.234834],[80.264138,13.233703],[80.26333,13.233784],[80.262684,13.234511],[80.262522,13.2354],[80.263653,13.236208],[80.263896,13.237017],[80.263007,13.238391],[80.263249,13.23928],[80.265027,13.238876],[80.266078,13.238471],[80.267371,13.23831],[80.267937,13.238956],[80.269635,13.238148],[80.271009,13.237744],[80.271574,13.237663],[80.272302,13.236612],[80.272625,13.235238],[80.272383,13.233622],[80.272363,13.233104],[80.272221,13.233056],[80.272221,13.231925],[80.272059,13.230146],[80.272342,13.229895],[80.272383,13.228368],[80.271817,13.227237],[80.271332,13.226186],[80.27311,13.225863],[80.273272,13.226509],[80.273757,13.228045],[80.272787,13.2295],[80.272342,13.229895],[80.272302,13.23144],[80.272363,13.233104],[80.273676,13.233541],[80.273757,13.235077],[80.273433,13.236936],[80.272059,13.237986],[80.271413,13.238956],[80.271089,13.239926],[80.271089,13.241704],[80.271493,13.242513],[80.273514,13.242432],[80.275131,13.24227],[80.276424,13.242109],[80.276666,13.241058],[80.276747,13.239603],[80.276424,13.237825],[80.277151,13.23637],[80.276505,13.234915],[80.275777,13.233622],[80.275454,13.231359],[80.275373,13.230146],[80.27602,13.228126],[80.276181,13.22756],[80.27602,13.225054]]]}]}},{"type":"Feature","properties":{"name":"41986.24333868899"},"geometry":{"type":"GeometryCollection","geometries":[{"type":"LineString","coordinates":[[80.245341,13.198281],[80.247867,13.198281],[80.247741,13.197018],[80.247488,13.19626],[80.247362,13.19525],[80.246857,13.194871],[80.247109,13.193735],[80.247867,13.193229],[80.247994,13.192851],[80.24913,13.192851],[80.249762,13.193229],[80.249762,13.193608],[80.249509,13.195124],[80.250393,13.195755],[80.251908,13.19626],[80.252666,13.19626],[80.252793,13.19525],[80.254055,13.194997],[80.254434,13.195755],[80.255571,13.195882],[80.255697,13.194619],[80.254687,13.19424],[80.254687,13.193356],[80.254687,13.19184],[80.255697,13.191335],[80.256834,13.190956],[80.257592,13.191209],[80.257592,13.191967],[80.257086,13.193356],[80.256329,13.194619],[80.25595,13.195376],[80.25595,13.196387],[80.254939,13.196766],[80.254182,13.196513],[80.253677,13.196008],[80.253298,13.197397],[80.253803,13.198534],[80.254308,13.199544],[80.255066,13.200175],[80.255318,13.200807],[80.256329,13.202701],[80.256329,13.201691],[80.256329,13.200302],[80.257339,13.200049],[80.257465,13.199039],[80.256834,13.198028],[80.257465,13.196387],[80.258602,13.195503],[80.259738,13.194997],[80.26037,13.19424],[80.260875,13.192598],[80.260749,13.191714],[80.260244,13.190198],[80.260117,13.189062],[80.259612,13.187546],[80.259233,13.186789],[80.258476,13.186157],[80.257592,13.185905],[80.25696,13.186536],[80.25595,13.187294],[80.255823,13.186283],[80.255823,13.185273],[80.256329,13.18401],[80.256834,13.18401],[80.257465,13.185021],[80.258349,13.184768],[80.258854,13.184137],[80.259107,13.182747],[80.259991,13.182495],[80.262012,13.182495],[80.262896,13.182495],[80.264664,13.181737],[80.264411,13.183126],[80.264411,13.184642],[80.264916,13.18742],[80.265169,13.189441],[80.265421,13.191082],[80.264159,13.191082],[80.262769,13.191082],[80.262012,13.191082],[80.262896,13.192851],[80.264032,13.192851],[80.265169,13.192598],[80.266558,13.19184],[80.266558,13.192724],[80.265043,13.194113],[80.264285,13.19525],[80.263275,13.196008],[80.263275,13.196639],[80.261254,13.19765],[80.260117,13.196892],[80.259107,13.196892],[80.258854,13.19866],[80.259991,13.200175],[80.261254,13.201059],[80.263022,13.201186],[80.262643,13.201691],[80.260117,13.201186],[80.258476,13.200933],[80.257213,13.201565],[80.25696,13.20308],[80.256581,13.204848],[80.255571,13.205227],[80.254434,13.203838],[80.253929,13.202827],[80.253171,13.204595],[80.251908,13.20409],[80.249762,13.203459],[80.250014,13.205732],[80.248751,13.205606],[80.246478,13.205606],[80.245215,13.205985],[80.2437,13.207879],[80.241932,13.211289],[80.241679,13.213183],[80.245215,13.212425],[80.248625,13.212047],[80.251151,13.211415],[80.254182,13.211668],[80.255445,13.213688],[80.256202,13.215078],[80.258097,13.217856],[80.25797,13.221266],[80.25797,13.222276],[80.259991,13.224044],[80.259612,13.226444],[80.258728,13.226696],[80.256707,13.22657],[80.256707,13.226065],[80.256581,13.224044],[80.255445,13.225812],[80.254687,13.227959],[80.254308,13.230359],[80.254687,13.232],[80.256076,13.232758],[80.257213,13.233768],[80.259612,13.2344],[80.261128,13.233642],[80.262517,13.232506],[80.264032,13.230359],[80.264032,13.227454],[80.264664,13.226191],[80.266306,13.224423],[80.268074,13.223665],[80.266811,13.222276],[80.266811,13.221266],[80.267316,13.220129],[80.267442,13.218614],[80.266306,13.216467],[80.266432,13.214572],[80.267442,13.214572],[80.268579,13.213183],[80.268958,13.212299],[80.270473,13.212299],[80.272115,13.208763],[80.274767,13.206237],[80.277293,13.20548],[80.27805,13.202954],[80.277166,13.202827],[80.276914,13.200933],[80.277166,13.199039],[80.279061,13.198786],[80.28045,13.198786],[80.281839,13.199544],[80.282597,13.198912],[80.283481,13.197144],[80.28588,13.195376],[80.287396,13.194366],[80.289669,13.193356],[80.291816,13.191967],[80.292953,13.189314],[80.294342,13.186157],[80.294594,13.184894],[80.293332,13.183126],[80.292069,13.182242],[80.291816,13.181232],[80.290806,13.17959],[80.288785,13.177948],[80.287522,13.176685],[80.284996,13.175675],[80.28487,13.176307],[80.283733,13.176938],[80.282092,13.177822],[80.280829,13.17959],[80.279061,13.178832],[80.277672,13.177948],[80.276409,13.177064],[80.275272,13.175801],[80.274262,13.175044],[80.272746,13.17517],[80.271862,13.175549],[80.271105,13.176559],[80.269336,13.176938],[80.267695,13.176938],[80.268326,13.174033],[80.269968,13.173276],[80.271862,13.172644],[80.27161,13.171129],[80.270094,13.16974],[80.26921,13.171381],[80.267821,13.171886],[80.265548,13.171886],[80.265169,13.171129],[80.263906,13.170624],[80.262138,13.171002],[80.260496,13.17075],[80.258097,13.171002],[80.257339,13.172139],[80.256707,13.173023],[80.255823,13.174917],[80.255318,13.176938],[80.253677,13.178201],[80.251656,13.179211],[80.250267,13.179843],[80.250393,13.180222],[80.251908,13.180095],[80.254055,13.179843],[80.255697,13.178959],[80.256834,13.180348],[80.255066,13.180727],[80.251782,13.181358],[80.251403,13.181863],[80.250646,13.183],[80.250898,13.185021],[80.252666,13.18641],[80.252919,13.188178],[80.252793,13.190704],[80.25014,13.190198],[80.248625,13.190198],[80.247615,13.190198],[80.245973,13.190956],[80.246099,13.192724],[80.246099,13.195376],[80.245594,13.197144],[80.245341,13.198281]]},{"type":"Polygon","coordinates":[[[80.245341,13.198281],[80.247867,13.198281],[80.247741,13.197018],[80.247488,13.19626],[80.247362,13.19525],[80.246857,13.194871],[80.247109,13.193735],[80.247867,13.193229],[80.247994,13.192851],[80.24913,13.192851],[80.249762,13.193229],[80.249762,13.193608],[80.249509,13.195124],[80.250393,13.195755],[80.251908,13.19626],[80.252666,13.19626],[80.252793,13.19525],[80.254055,13.194997],[80.254434,13.195755],[80.255571,13.195882],[80.255697,13.194619],[80.254687,13.19424],[80.254687,13.193356],[80.254687,13.19184],[80.255697,13.191335],[80.256834,13.190956],[80.257592,13.191209],[80.257592,13.191967],[80.257086,13.193356],[80.256329,13.194619],[80.25595,13.195376],[80.25595,13.196387],[80.254939,13.196766],[80.254182,13.196513],[80.253677,13.196008],[80.253298,13.197397],[80.253803,13.198534],[80.254308,13.199544],[80.255066,13.200175],[80.255318,13.200807],[80.256329,13.202701],[80.256329,13.201691],[80.256329,13.200302],[80.257339,13.200049],[80.257465,13.199039],[80.256834,13.198028],[80.257465,13.196387],[80.258602,13.195503],[80.259738,13.194997],[80.26037,13.19424],[80.260875,13.192598],[80.260749,13.191714],[80.260244,13.190198],[80.260117,13.189062],[80.259612,13.187546],[80.259233,13.186789],[80.258476,13.186157],[80.257592,13.185905],[80.25696,13.186536],[80.25595,13.187294],[80.255823,13.186283],[80.255823,13.185273],[80.256329,13.18401],[80.256834,13.18401],[80.257465,13.185021],[80.258349,13.184768],[80.258854,13.184137],[80.259107,13.182747],[80.259991,13.182495],[80.262012,13.182495],[80.262896,13.182495],[80.264664,13.181737],[80.264411,13.183126],[80.264411,13.184642],[80.264916,13.18742],[80.265169,13.189441],[80.265421,13.191082],[80.264159,13.191082],[80.262769,13.191082],[80.262012,13.191082],[80.262896,13.192851],[80.264032,13.192851],[80.265169,13.192598],[80.266558,13.19184],[80.266558,13.192724],[80.265043,13.194113],[80.264285,13.19525],[80.263275,13.196008],[80.263275,13.196639],[80.261254,13.19765],[80.260117,13.196892],[80.259107,13.196892],[80.258854,13.19866],[80.259991,13.200175],[80.261254,13.201059],[80.263022,13.201186],[80.262643,13.201691],[80.260117,13.201186],[80.258476,13.200933],[80.257213,13.201565],[80.25696,13.20308],[80.256581,13.204848],[80.255571,13.205227],[80.254434,13.203838],[80.253929,13.202827],[80.253171,13.204595],[80.251908,13.20409],[80.249762,13.203459],[80.250014,13.205732],[80.248751,13.205606],[80.246478,13.205606],[80.245215,13.205985],[80.2437,13.207879],[80.241932,13.211289],[80.241679,13.213183],[80.245215,13.212425],[80.248625,13.212047],[80.251151,13.211415],[80.254182,13.211668],[80.255445,13.213688],[80.256202,13.215078],[80.258097,13.217856],[80.25797,13.221266],[80.25797,13.222276],[80.259991,13.224044],[80.259612,13.226444],[80.258728,13.226696],[80.256707,13.22657],[80.256707,13.226065],[80.256581,13.224044],[80.255445,13.225812],[80.254687,13.227959],[80.254308,13.230359],[80.254687,13.232],[80.256076,13.232758],[80.257213,13.233768],[80.259612,13.2344],[80.261128,13.233642],[80.262517,13.232506],[80.264032,13.230359],[80.264032,13.227454],[80.264664,13.226191],[80.266306,13.224423],[80.268074,13.223665],[80.266811,13.222276],[80.266811,13.221266],[80.267316,13.220129],[80.267442,13.218614],[80.266306,13.216467],[80.266432,13.214572],[80.267442,13.214572],[80.268579,13.213183],[80.268958,13.212299],[80.270473,13.212299],[80.272115,13.208763],[80.274767,13.206237],[80.277293,13.20548],[80.27805,13.202954],[80.277166,13.202827],[80.276914,13.200933],[80.277166,13.199039],[80.279061,13.198786],[80.28045,13.198786],[80.281839,13.199544],[80.282597,13.198912],[80.283481,13.197144],[80.28588,13.195376],[80.287396,13.194366],[80.289669,13.193356],[80.291816,13.191967],[80.292953,13.189314],[80.294342,13.186157],[80.294594,13.184894],[80.293332,13.183126],[80.292069,13.182242],[80.291816,13.181232],[80.290806,13.17959],[80.288785,13.177948],[80.287522,13.176685],[80.284996,13.175675],[80.28487,13.176307],[80.283733,13.176938],[80.282092,13.177822],[80.280829,13.17959],[80.279061,13.178832],[80.277672,13.177948],[80.276409,13.177064],[80.275272,13.175801],[80.274262,13.175044],[80.272746,13.17517],[80.271862,13.175549],[80.271105,13.176559],[80.269336,13.176938],[80.267695,13.176938],[80.268326,13.174033],[80.269968,13.173276],[80.271862,13.172644],[80.27161,13.171129],[80.270094,13.16974],[80.26921,13.171381],[80.267821,13.171886],[80.265548,13.171886],[80.265169,13.171129],[80.263906,13.170624],[80.262138,13.171002],[80.260496,13.17075],[80.258097,13.171002],[80.257339,13.172139],[80.256707,13.173023],[80.255823,13.174917],[80.255318,13.176938],[80.253677,13.178201],[80.251656,13.179211],[80.250267,13.179843],[80.250393,13.180222],[80.251908,13.180095],[80.254055,13.179843],[80.255697,13.178959],[80.256834,13.180348],[80.255066,13.180727],[80.251782,13.181358],[80.251403,13.181863],[80.250646,13.183],[80.250898,13.185021],[80.252666,13.18641],[80.252919,13.188178],[80.252793,13.190704],[80.25014,13.190198],[80.248625,13.190198],[80.247615,13.190198],[80.245973,13.190956],[80.246099,13.192724],[80.246099,13.195376],[80.245594,13.197144],[80.245341,13.198281]]]}]}},{"type":"Feature","properties":{"name":"1443.6855828869368"},"geometry":{"type":"GeometryCollection","geometries":[{"type":"LineString","coordinates":[[80.285375,13.207753],[80.287648,13.207626],[80.287648,13.206111],[80.287775,13.205732],[80.288659,13.204848],[80.288659,13.203838],[80.288027,13.203459],[80.286512,13.203711],[80.286512,13.204595],[80.286133,13.206111],[80.286133,13.207121],[80.285375,13.207753]]},{"type":"Polygon","coordinates":[[[80.285375,13.207753],[80.287648,13.207626],[80.287648,13.206111],[80.287775,13.205732],[80.288659,13.204848],[80.288659,13.203838],[80.288027,13.203459],[80.286512,13.203711],[80.286512,13.204595],[80.286133,13.206111],[80.286133,13.207121],[80.285375,13.207753]]]}]}},{"type":"Feature","properties":{"name":"3271.291347077554"},"geometry":{"type":"GeometryCollection","geometries":[{"type":"LineString","coordinates":[[80.19773,13.114298],[80.198362,13.114677],[80.198741,13.114046],[80.198741,13.112909],[80.198741,13.111267],[80.198741,13.108489],[80.199498,13.107226],[80.200003,13.105458],[80.201266,13.1047],[80.202277,13.1047],[80.202403,13.103943],[80.201266,13.102932],[80.198235,13.102806],[80.198488,13.105079],[80.198488,13.107984],[80.197983,13.110005],[80.197857,13.111141],[80.19773,13.113793],[80.19773,13.114298]]},{"type":"Polygon","coordinates":[[[80.19773,13.114298],[80.198362,13.114677],[80.198741,13.114046],[80.198741,13.112909],[80.198741,13.111267],[80.198741,13.108489],[80.199498,13.107226],[80.200003,13.105458],[80.201266,13.1047],[80.202277,13.1047],[80.202403,13.103943],[80.201266,13.102932],[80.198235,13.102806],[80.198488,13.105079],[80.198488,13.107984],[80.197983,13.110005],[80.197857,13.111141],[80.19773,13.113793],[80.19773,13.114298]]]}]}},{"type":"Feature","properties":{"name":"1882.1041703516266"},"geometry":{"type":"GeometryCollection","geometries":[{"type":"LineString","coordinates":[[80.229429,13.156858],[80.230187,13.156984],[80.231071,13.156353],[80.231828,13.15509],[80.232081,13.15408],[80.231702,13.152312],[80.23145,13.150922],[80.231071,13.150038],[80.230187,13.150165],[80.228924,13.15067],[80.228797,13.152185],[80.228797,13.153322],[80.229429,13.15509],[80.229429,13.156858]]},{"type":"Polygon","coordinates":[[[80.229429,13.156858],[80.230187,13.156984],[80.231071,13.156353],[80.231828,13.15509],[80.232081,13.15408],[80.231702,13.152312],[80.23145,13.150922],[80.231071,13.150038],[80.230187,13.150165],[80.228924,13.15067],[80.228797,13.152185],[80.228797,13.153322],[80.229429,13.15509],[80.229429,13.156858]]]}]}},{"type":"Feature","properties":{"name":"755.3699538375937"},"geometry":{"type":"GeometryCollection","geometries":[{"type":"LineString","coordinates":[[80.245468,13.157237],[80.247362,13.157995],[80.247362,13.156605],[80.247109,13.155974],[80.246352,13.155595],[80.245973,13.155848],[80.245468,13.157237]]},{"type":"Polygon","coordinates":[[[80.245468,13.157237],[80.247362,13.157995],[80.247362,13.156605],[80.247109,13.155974],[80.246352,13.155595],[80.245973,13.155848],[80.245468,13.157237]]]}]}},{"type":"Feature","properties":{"name":"796.82763957574036"},"geometry":{"type":"GeometryCollection","geometries":[{"type":"LineString","coordinates":[[80.253677,13.160773],[80.254561,13.161152],[80.254813,13.162036],[80.255697,13.161657],[80.255697,13.160647],[80.255318,13.159763],[80.254687,13.159636],[80.253803,13.159889],[80.253677,13.160773]]},{"type":"Polygon","coordinates":[[[80.253677,13.160773],[80.254561,13.161152],[80.254813,13.162036],[80.255697,13.161657],[80.255697,13.160647],[80.255318,13.159763],[80.254687,13.159636],[80.253803,13.159889],[80.253677,13.160773]]]}]}},{"type":"Feature","properties":{"name":"2139.7155235457935"},"geometry":{"type":"GeometryCollection","geometries":[{"type":"LineString","coordinates":[[80.270397,13.104576],[80.271846,13.10199],[80.271898,13.098731],[80.271846,13.095575],[80.271432,13.095265],[80.27107,13.097334],[80.271018,13.097955],[80.270811,13.098938],[80.270656,13.099662],[80.270656,13.100645],[80.270656,13.101679],[80.270242,13.102662],[80.270242,13.10349],[80.270397,13.104576]]},{"type":"Polygon","coordinates":[[[80.270397,13.104576],[80.271846,13.10199],[80.271898,13.098731],[80.271846,13.095575],[80.271432,13.095265],[80.27107,13.097334],[80.271018,13.097955],[80.270811,13.098938],[80.270656,13.099662],[80.270656,13.100645],[80.270656,13.101679],[80.270242,13.102662],[80.270242,13.10349],[80.270397,13.104576]]]}]}},{"type":"Feature","properties":{"name":"912.55453164086248"},"geometry":{"type":"GeometryCollection","geometries":[{"type":"LineString","coordinates":[[80.271782,13.115602],[80.272609,13.115636],[80.273272,13.115636],[80.273404,13.115139],[80.273503,13.11451],[80.273437,13.113782],[80.273106,13.113451],[80.272643,13.11302],[80.27208,13.11302],[80.271947,13.113384],[80.271682,13.113517],[80.271318,13.113616],[80.271749,13.113881],[80.271782,13.115602]]},{"type":"Polygon","coordinates":[[[80.271782,13.115602],[80.272609,13.115636],[80.273272,13.115636],[80.273404,13.115139],[80.273503,13.11451],[80.273437,13.113782],[80.273106,13.113451],[80.272643,13.11302],[80.27208,13.11302],[80.271947,13.113384],[80.271682,13.113517],[80.271318,13.113616],[80.271749,13.113881],[80.271782,13.115602]]]}]}},{"type":"Feature","properties":{"name":"701.3495721978843"},"geometry":{"type":"GeometryCollection","geometries":[{"type":"LineString","coordinates":[[80.106691,12.882274],[80.106771,12.883163],[80.107418,12.882921],[80.107822,12.881951],[80.107822,12.881466],[80.107175,12.880657],[80.106529,12.880738],[80.106448,12.881304],[80.106691,12.882274]]},{"type":"Polygon","coordinates":[[[80.106691,12.882274],[80.106771,12.883163],[80.107418,12.882921],[80.107822,12.881951],[80.107822,12.881466],[80.107175,12.880657],[80.106529,12.880738],[80.106448,12.881304],[80.106691,12.882274]]]}]}},{"type":"Feature","properties":{"name":"418.691574553549"},"geometry":{"type":"GeometryCollection","geometries":[{"type":"LineString","coordinates":[[80.102568,12.875808],[80.102326,12.874919],[80.101841,12.874838],[80.101518,12.875323],[80.101518,12.875808],[80.101922,12.876212],[80.102568,12.875808]]},{"type":"Polygon","coordinates":[[[80.102568,12.875808],[80.102326,12.874919],[80.101841,12.874838],[80.101518,12.875323],[80.101518,12.875808],[80.101922,12.876212],[80.102568,12.875808]]]}]}},{"type":"Feature","properties":{"name":"530.99445772951037"},"geometry":{"type":"GeometryCollection","geometries":[{"type":"LineString","coordinates":[[80.104347,12.878313],[80.104993,12.878798],[80.105478,12.878313],[80.105559,12.877505],[80.105316,12.877101],[80.104508,12.877101],[80.104347,12.877424],[80.104347,12.878313]]},{"type":"Polygon","coordinates":[[[80.104347,12.878313],[80.104993,12.878798],[80.105478,12.878313],[80.105559,12.877505],[80.105316,12.877101],[80.104508,12.877101],[80.104347,12.877424],[80.104347,12.878313]]]}]}}]}