{"type":"FeatureCollection","crs":{"type":"name","properties":{"name":"urn:ogc:def:crs:OGC:1.3:CRS84"}},"features":[{"type":"Feature","properties":{},"geometry":{"type":"GeometryCollection","geometries":[{"type":"LineString","coordinates":[[80.209932,13.085379],[80.209915,13.084964],[80.207909,13.085028],[80.206424,13.085094],[80.203979,13.085169],[80.202935,13.085217],[80.201376,13.08527],[80.200012,13.085309],[80.198954,13.085347],[80.19894,13.085138],[80.198403,13.085144],[80.198655,13.091389],[80.199043,13.091384],[80.199054,13.092747],[80.198899,13.093063],[80.198954,13.094372],[80.198427,13.094363],[80.198509,13.097716],[80.198544,13.098754],[80.201643,13.098528],[80.205681,13.0988],[80.207081,13.100662],[80.211026,13.0988],[80.210713,13.092203],[80.210703,13.090863],[80.210684,13.088739],[80.210595,13.086827],[80.210232,13.086797],[80.210217,13.086436],[80.209951,13.086434],[80.209932,13.085379]]},{"type":"Polygon","coordinates":[[[80.209932,13.085379],[80.209915,13.084964],[80.207909,13.085028],[80.206424,13.085094],[80.203979,13.085169],[80.202935,13.085217],[80.201376,13.08527],[80.200012,13.085309],[80.198954,13.085347],[80.19894,13.085138],[80.198403,13.085144],[80.198655,13.091389],[80.199043,13.091384],[80.199054,13.092747],[80.198899,13.093063],[80.198954,13.094372],[80.198427,13.094363],[80.198509,13.097716],[80.198544,13.098754],[80.201643,13.098528],[80.205681,13.0988],[80.207081,13.100662],[80.211026,13.0988],[80.210713,13.092203],[80.210703,13.090863],[80.210684,13.088739],[80.210595,13.086827],[80.210232,13.086797],[80.210217,13.086436],[80.209951,13.086434],[80.209932,13.085379]]]}]}},{"type":"Feature","properties":{},"geometry":{"type":"GeometryCollection","geometries":[{"type":"LineString","coordinates":[[80.198416,13.106411],[80.198413,13.106585],[80.198443,13.107109],[80.198442,13.10735],[80.197926,13.107379],[80.195538,13.107085],[80.198294,13.111116],[80.201707,13.111112],[80.204647,13.110725],[80.204986,13.109802],[80.204932,13.109686],[80.205036,13.109211],[80.20513,13.108922],[80.205061,13.108811],[80.205057,13.108434],[80.205031,13.107997],[80.204959,13.107662],[80.20497,13.107525],[80.20474,13.106802],[80.204575,13.105853],[80.204518,13.105094],[80.204476,13.104744],[80.204428,13.104484],[80.203753,13.104304],[80.202644,13.104263],[80.202534,13.104393],[80.202273,13.104384],[80.202045,13.104174],[80.201059,13.103574],[80.201091,13.103127],[80.201007,13.103019],[80.199913,13.103061],[80.199326,13.102984],[80.199184,13.103003],[80.19879,13.102913],[80.198456,13.102685],[80.197354,13.102294],[80.195774,13.101723],[80.194863,13.101953],[80.194923,13.102726],[80.195195,13.106317],[80.198416,13.106411]]},{"type":"Polygon","coordinates":[[[80.198416,13.106411],[80.198413,13.106585],[80.198443,13.107109],[80.198442,13.10735],[80.197926,13.107379],[80.195538,13.107085],[80.198294,13.111116],[80.201707,13.111112],[80.204647,13.110725],[80.204986,13.109802],[80.204932,13.109686],[80.205036,13.109211],[80.20513,13.108922],[80.205061,13.108811],[80.205057,13.108434],[80.205031,13.107997],[80.204959,13.107662],[80.20497,13.107525],[80.20474,13.106802],[80.204575,13.105853],[80.204518,13.105094],[80.204476,13.104744],[80.204428,13.104484],[80.203753,13.104304],[80.202644,13.104263],[80.202534,13.104393],[80.202273,13.104384],[80.202045,13.104174],[80.201059,13.103574],[80.201091,13.103127],[80.201007,13.103019],[80.199913,13.103061],[80.199326,13.102984],[80.199184,13.103003],[80.19879,13.102913],[80.198456,13.102685],[80.197354,13.102294],[80.195774,13.101723],[80.194863,13.101953],[80.194923,13.102726],[80.195195,13.106317],[80.198416,13.106411]]]}]}},{"type":"Feature","properties":{},"geometry":{"type":"GeometryCollection","geometries":[{"type":"LineString","coordinates":[[80.195195,13.106317],[80.195538,13.107085],[80.197926,13.107379],[80.198442,13.10735],[80.198443,13.107109],[80.198413,13.106585],[80.198416,13.106411],[80.195195,13.106317]]},{"type":"Polygon","coordinates":[[[80.195195,13.106317],[80.195538,13.107085],[80.197926,13.107379],[80.198442,13.10735],[80.198443,13.107109],[80.198413,13.106585],[80.198416,13.106411],[80.195195,13.106317]]]}]}},{"type":"Feature","properties":{},"geometry":{"type":"GeometryCollection","geometries":[{"type":"LineString","coordinates":[[80.198903,13.117578],[80.200282,13.116864],[80.200714,13.116938],[80.200921,13.116436],[80.201169,13.11614],[80.20223,13.115836],[80.202337,13.115805],[80.203025,13.114654],[80.203136,13.113957],[80.203131,13.113724],[80.203526,13.113436],[80.20416,13.112536],[80.204528,13.112014],[80.204647,13.110725],[80.201707,13.111112],[80.198294,13.111116],[80.197195,13.111438],[80.197356,13.113017],[80.197582,13.115367],[80.197713,13.11667],[80.197833,13.117287],[80.198075,13.117957],[80.198189,13.118166],[80.198903,13.117578]]},{"type":"Polygon","coordinates":[[[80.198903,13.117578],[80.200282,13.116864],[80.200714,13.116938],[80.200921,13.116436],[80.201169,13.11614],[80.20223,13.115836],[80.202337,13.115805],[80.203025,13.114654],[80.203136,13.113957],[80.203131,13.113724],[80.203526,13.113436],[80.20416,13.112536],[80.204528,13.112014],[80.204647,13.110725],[80.201707,13.111112],[80.198294,13.111116],[80.197195,13.111438],[80.197356,13.113017],[80.197582,13.115367],[80.197713,13.11667],[80.197833,13.117287],[80.198075,13.117957],[80.198189,13.118166],[80.198903,13.117578]]]}]}},{"type":"Feature","properties":{},"geometry":{"type":"GeometryCollection","geometries":[{"type":"LineString","coordinates":[[80.227669,13.126201],[80.227573,13.126023],[80.227407,13.125541],[80.227323,13.124855],[80.227562,13.124686],[80.227481,13.124419],[80.22725,13.124242],[80.226965,13.12426],[80.226911,13.123839],[80.22671,13.123832],[80.22672,13.123996],[80.226538,13.124015],[80.226495,13.123854],[80.226365,13.123584],[80.225932,13.123621],[80.225876,13.123451],[80.225874,13.123235],[80.226121,13.12317],[80.226153,13.122705],[80.225907,13.122671],[80.225928,13.122357],[80.226779,13.122349],[80.226774,13.122115],[80.226627,13.122034],[80.226646,13.121754],[80.225607,13.121677],[80.225598,13.121581],[80.225586,13.121404],[80.226176,13.121298],[80.226089,13.121029],[80.225284,13.12098],[80.224772,13.120968],[80.224033,13.120897],[80.223822,13.120982],[80.22378,13.12129],[80.223683,13.1217],[80.223631,13.12188],[80.223354,13.121927],[80.223321,13.122015],[80.223433,13.122199],[80.223337,13.122442],[80.223172,13.12265],[80.22302,13.122672],[80.222758,13.122702],[80.222692,13.122809],[80.222711,13.122959],[80.222808,13.123129],[80.222786,13.123271],[80.222553,13.12346],[80.222327,13.123739],[80.222112,13.123939],[80.221904,13.123896],[80.221577,13.123924],[80.221508,13.124125],[80.221361,13.124196],[80.22122,13.124138],[80.221147,13.123879],[80.220962,13.123788],[80.220781,13.123845],[80.220386,13.123901],[80.220145,13.124494],[80.219445,13.124085],[80.218997,13.123988],[80.217928,13.123908],[80.217806,13.123824],[80.217773,13.123635],[80.217821,13.123185],[80.217611,13.122996],[80.217689,13.122302],[80.218368,13.122185],[80.218316,13.121591],[80.218467,13.121105],[80.218508,13.120429],[80.218784,13.119593],[80.218519,13.119092],[80.217983,13.119055],[80.21784,13.119207],[80.217728,13.119221],[80.217661,13.118958],[80.217671,13.118692],[80.217786,13.118602],[80.217307,13.118488],[80.216565,13.118344],[80.216363,13.118248],[80.216199,13.11825],[80.21596,13.118323],[80.215486,13.118294],[80.215298,13.118283],[80.214586,13.118245],[80.214271,13.118146],[80.213803,13.117886],[80.212868,13.117916],[80.212845,13.117567],[80.212183,13.117534],[80.212135,13.117314],[80.212341,13.117182],[80.212208,13.116974],[80.212054,13.116953],[80.2119,13.116932],[80.211378,13.117002],[80.210994,13.116999],[80.210758,13.116878],[80.210578,13.116727],[80.210157,13.116879],[80.210052,13.11679],[80.209961,13.116361],[80.209935,13.116048],[80.209288,13.116075],[80.20883,13.116182],[80.208741,13.116409],[80.208824,13.116557],[80.208745,13.116799],[80.208734,13.117066],[80.208743,13.11744],[80.208947,13.117809],[80.208482,13.118217],[80.208034,13.118198],[80.208044,13.117896],[80.20769,13.117889],[80.207642,13.118541],[80.207446,13.118538],[80.207445,13.118634],[80.206801,13.118639],[80.206416,13.118619],[80.206055,13.118395],[80.205095,13.118472],[80.203893,13.118228],[80.202923,13.118497],[80.202873,13.118721],[80.202853,13.119241],[80.202305,13.119557],[80.202219,13.119703],[80.202096,13.121165],[80.201839,13.122286],[80.20178,13.122462],[80.201708,13.123024],[80.20168,13.123378],[80.203013,13.124086],[80.205364,13.125335],[80.205337,13.127735],[80.207086,13.127661],[80.209954,13.128844],[80.212742,13.129994],[80.212852,13.131233],[80.215881,13.130896],[80.216024,13.130823],[80.216469,13.130848],[80.216962,13.130746],[80.217787,13.13035],[80.218543,13.130311],[80.220446,13.130371],[80.223059,13.129914],[80.224238,13.129492],[80.224726,13.129375],[80.22479,13.128039],[80.224969,13.126333],[80.225724,13.126222],[80.226017,13.12606],[80.22717,13.126123],[80.227669,13.126201]]},{"type":"Polygon","coordinates":[[[80.227669,13.126201],[80.227573,13.126023],[80.227407,13.125541],[80.227323,13.124855],[80.227562,13.124686],[80.227481,13.124419],[80.22725,13.124242],[80.226965,13.12426],[80.226911,13.123839],[80.22671,13.123832],[80.22672,13.123996],[80.226538,13.124015],[80.226495,13.123854],[80.226365,13.123584],[80.225932,13.123621],[80.225876,13.123451],[80.225874,13.123235],[80.226121,13.12317],[80.226153,13.122705],[80.225907,13.122671],[80.225928,13.122357],[80.226779,13.122349],[80.226774,13.122115],[80.226627,13.122034],[80.226646,13.121754],[80.225607,13.121677],[80.225598,13.121581],[80.225586,13.121404],[80.226176,13.121298],[80.226089,13.121029],[80.225284,13.12098],[80.224772,13.120968],[80.224033,13.120897],[80.223822,13.120982],[80.22378,13.12129],[80.223683,13.1217],[80.223631,13.12188],[80.223354,13.121927],[80.223321,13.122015],[80.223433,13.122199],[80.223337,13.122442],[80.223172,13.12265],[80.22302,13.122672],[80.222758,13.122702],[80.222692,13.122809],[80.222711,13.122959],[80.222808,13.123129],[80.222786,13.123271],[80.222553,13.12346],[80.222327,13.123739],[80.222112,13.123939],[80.221904,13.123896],[80.221577,13.123924],[80.221508,13.124125],[80.221361,13.124196],[80.22122,13.124138],[80.221147,13.123879],[80.220962,13.123788],[80.220781,13.123845],[80.220386,13.123901],[80.220145,13.124494],[80.219445,13.124085],[80.218997,13.123988],[80.217928,13.123908],[80.217806,13.123824],[80.217773,13.123635],[80.217821,13.123185],[80.217611,13.122996],[80.217689,13.122302],[80.218368,13.122185],[80.218316,13.121591],[80.218467,13.121105],[80.218508,13.120429],[80.218784,13.119593],[80.218519,13.119092],[80.217983,13.119055],[80.21784,13.119207],[80.217728,13.119221],[80.217661,13.118958],[80.217671,13.118692],[80.217786,13.118602],[80.217307,13.118488],[80.216565,13.118344],[80.216363,13.118248],[80.216199,13.11825],[80.21596,13.118323],[80.215486,13.118294],[80.215298,13.118283],[80.214586,13.118245],[80.214271,13.118146],[80.213803,13.117886],[80.212868,13.117916],[80.212845,13.117567],[80.212183,13.117534],[80.212135,13.117314],[80.212341,13.117182],[80.212208,13.116974],[80.212054,13.116953],[80.2119,13.116932],[80.211378,13.117002],[80.210994,13.116999],[80.210758,13.116878],[80.210578,13.116727],[80.210157,13.116879],[80.210052,13.11679],[80.209961,13.116361],[80.209935,13.116048],[80.209288,13.116075],[80.20883,13.116182],[80.208741,13.116409],[80.208824,13.116557],[80.208745,13.116799],[80.208734,13.117066],[80.208743,13.11744],[80.208947,13.117809],[80.208482,13.118217],[80.208034,13.118198],[80.208044,13.117896],[80.20769,13.117889],[80.207642,13.118541],[80.207446,13.118538],[80.207445,13.118634],[80.206801,13.118639],[80.206416,13.118619],[80.206055,13.118395],[80.205095,13.118472],[80.203893,13.118228],[80.202923,13.118497],[80.202873,13.118721],[80.202853,13.119241],[80.202305,13.119557],[80.202219,13.119703],[80.202096,13.121165],[80.201839,13.122286],[80.20178,13.122462],[80.201708,13.123024],[80.20168,13.123378],[80.203013,13.124086],[80.205364,13.125335],[80.205337,13.127735],[80.207086,13.127661],[80.209954,13.128844],[80.212742,13.129994],[80.212852,13.131233],[80.215881,13.130896],[80.216024,13.130823],[80.216469,13.130848],[80.216962,13.130746],[80.217787,13.13035],[80.218543,13.130311],[80.220446,13.130371],[80.223059,13.129914],[80.224238,13.129492],[80.224726,13.129375],[80.22479,13.128039],[80.224969,13.126333],[80.225724,13.126222],[80.226017,13.12606],[80.22717,13.126123],[80.227669,13.126201]]]}]}},{"type":"Feature","properties":{},"geometry":{"type":"GeometryCollection","geometries":[{"type":"LineString","coordinates":[[80.196263,13.101899],[80.196685,13.099877],[80.195194,13.099778],[80.194807,13.101948],[80.194863,13.101953],[80.195774,13.101723],[80.196263,13.101899]]},{"type":"Polygon","coordinates":[[[80.196263,13.101899],[80.196685,13.099877],[80.195194,13.099778],[80.194807,13.101948],[80.194863,13.101953],[80.195774,13.101723],[80.196263,13.101899]]]}]}},{"type":"Feature","properties":{},"geometry":{"type":"GeometryCollection","geometries":[{"type":"LineString","coordinates":[[80.195194,13.099778],[80.196685,13.099877],[80.196263,13.101899],[80.197354,13.102294],[80.198456,13.102685],[80.19879,13.102913],[80.199184,13.103003],[80.199326,13.102984],[80.199913,13.103061],[80.201007,13.103019],[80.201091,13.103127],[80.201059,13.103574],[80.202045,13.104174],[80.202273,13.104384],[80.202534,13.104393],[80.202644,13.104263],[80.203753,13.104304],[80.204428,13.104484],[80.204538,13.104068],[80.204582,13.103622],[80.204647,13.102891],[80.205298,13.102568],[80.207233,13.101678],[80.207204,13.101519],[80.207081,13.100662],[80.205681,13.0988],[80.201643,13.098528],[80.197951,13.098797],[80.196416,13.099126],[80.195194,13.099778]]},{"type":"Polygon","coordinates":[[[80.195194,13.099778],[80.196685,13.099877],[80.196263,13.101899],[80.197354,13.102294],[80.198456,13.102685],[80.19879,13.102913],[80.199184,13.103003],[80.199326,13.102984],[80.199913,13.103061],[80.201007,13.103019],[80.201091,13.103127],[80.201059,13.103574],[80.202045,13.104174],[80.202273,13.104384],[80.202534,13.104393],[80.202644,13.104263],[80.203753,13.104304],[80.204428,13.104484],[80.204538,13.104068],[80.204582,13.103622],[80.204647,13.102891],[80.205298,13.102568],[80.207233,13.101678],[80.207204,13.101519],[80.207081,13.100662],[80.205681,13.0988],[80.201643,13.098528],[80.197951,13.098797],[80.196416,13.099126],[80.195194,13.099778]]]}]}},{"type":"Feature","properties":{},"geometry":{"type":"GeometryCollection","geometries":[{"type":"LineString","coordinates":[[80.214987,13.099888],[80.214034,13.100244],[80.213041,13.097849],[80.207081,13.100662],[80.207204,13.101519],[80.207233,13.101678],[80.205298,13.102568],[80.204647,13.102891],[80.204582,13.103622],[80.204538,13.104068],[80.204428,13.104484],[80.204476,13.104744],[80.204518,13.105094],[80.204575,13.105853],[80.20474,13.106802],[80.20497,13.107525],[80.204959,13.107662],[80.205031,13.107997],[80.205057,13.108434],[80.205061,13.108811],[80.20513,13.108922],[80.205036,13.109211],[80.204932,13.109686],[80.204986,13.109802],[80.204647,13.110725],[80.206817,13.110607],[80.216986,13.109304],[80.214987,13.099888]]},{"type":"Polygon","coordinates":[[[80.214987,13.099888],[80.214034,13.100244],[80.213041,13.097849],[80.207081,13.100662],[80.207204,13.101519],[80.207233,13.101678],[80.205298,13.102568],[80.204647,13.102891],[80.204582,13.103622],[80.204538,13.104068],[80.204428,13.104484],[80.204476,13.104744],[80.204518,13.105094],[80.204575,13.105853],[80.20474,13.106802],[80.20497,13.107525],[80.204959,13.107662],[80.205031,13.107997],[80.205057,13.108434],[80.205061,13.108811],[80.20513,13.108922],[80.205036,13.109211],[80.204932,13.109686],[80.204986,13.109802],[80.204647,13.110725],[80.206817,13.110607],[80.216986,13.109304],[80.214987,13.099888]]]}]}},{"type":"Feature","properties":{},"geometry":{"type":"GeometryCollection","geometries":[{"type":"LineString","coordinates":[[80.213041,13.097849],[80.213368,13.098636],[80.218455,13.096546],[80.218243,13.09578],[80.213041,13.097849]]},{"type":"Polygon","coordinates":[[[80.213041,13.097849],[80.213368,13.098636],[80.218455,13.096546],[80.218243,13.09578],[80.213041,13.097849]]]}]}},{"type":"Feature","properties":{},"geometry":{"type":"GeometryCollection","geometries":[{"type":"LineString","coordinates":[[80.214987,13.099888],[80.221707,13.097625],[80.22171,13.09674],[80.221213,13.095542],[80.218989,13.096529],[80.218455,13.096546],[80.213368,13.098636],[80.214034,13.100244],[80.214987,13.099888]]},{"type":"Polygon","coordinates":[[[80.214987,13.099888],[80.221707,13.097625],[80.22171,13.09674],[80.221213,13.095542],[80.218989,13.096529],[80.218455,13.096546],[80.213368,13.098636],[80.214034,13.100244],[80.214987,13.099888]]]}]}},{"type":"Feature","properties":{},"geometry":{"type":"GeometryCollection","geometries":[{"type":"LineString","coordinates":[[80.239839,13.100819],[80.239627,13.100119],[80.239255,13.100207],[80.238959,13.099046],[80.237134,13.09931],[80.236918,13.098394],[80.236689,13.098427],[80.236628,13.09805],[80.236646,13.098008],[80.236726,13.097823],[80.236503,13.096643],[80.23673,13.096577],[80.237379,13.0965],[80.237607,13.096481],[80.237531,13.096237],[80.236967,13.096332],[80.236764,13.094812],[80.236446,13.094854],[80.23642,13.094648],[80.236467,13.09464],[80.236383,13.093946],[80.236279,13.093852],[80.236111,13.093896],[80.236136,13.094143],[80.235799,13.094201],[80.235782,13.094073],[80.235491,13.094111],[80.235448,13.093668],[80.234841,13.093732],[80.234849,13.093916],[80.234953,13.093938],[80.235053,13.094886],[80.234882,13.094934],[80.234863,13.095298],[80.234418,13.095347],[80.234355,13.094979],[80.23387,13.095004],[80.233608,13.095041],[80.233519,13.094285],[80.233652,13.094193],[80.233742,13.094201],[80.234063,13.09416],[80.234354,13.094044],[80.234347,13.09389],[80.233747,13.093884],[80.233335,13.093758],[80.233409,13.093275],[80.233001,13.093124],[80.233035,13.092785],[80.232256,13.092621],[80.232179,13.091081],[80.231883,13.090105],[80.231174,13.090265],[80.2312,13.090397],[80.230784,13.090502],[80.23056,13.090547],[80.230151,13.090626],[80.229858,13.090686],[80.229816,13.090461],[80.229281,13.090555],[80.228958,13.090602],[80.228972,13.090851],[80.228795,13.090904],[80.228759,13.090682],[80.228659,13.090538],[80.22794,13.09123],[80.22829,13.091428],[80.228565,13.09142],[80.228665,13.09163],[80.228704,13.091838],[80.228133,13.091941],[80.228238,13.092507],[80.228298,13.092778],[80.227912,13.092677],[80.227411,13.092789],[80.227516,13.093014],[80.227539,13.093779],[80.227603,13.094226],[80.2279,13.094162],[80.227864,13.093961],[80.228586,13.093895],[80.22864,13.094043],[80.228728,13.094148],[80.228941,13.094175],[80.229332,13.094123],[80.229497,13.094273],[80.229944,13.095722],[80.229997,13.096143],[80.22969,13.096234],[80.229556,13.096366],[80.229416,13.096331],[80.229226,13.096363],[80.229235,13.09683],[80.229299,13.097334],[80.228513,13.097432],[80.22821,13.097448],[80.228212,13.097658],[80.228235,13.098537],[80.22736,13.098498],[80.22618,13.098513],[80.226214,13.099075],[80.22685,13.09936],[80.227644,13.099369],[80.227658,13.099578],[80.227749,13.09987],[80.227843,13.099986],[80.227865,13.100017],[80.227893,13.100012],[80.227946,13.099893],[80.228077,13.099654],[80.228432,13.099654],[80.228534,13.100115],[80.228789,13.102005],[80.228984,13.107919],[80.230085,13.107803],[80.237315,13.107453],[80.237258,13.103967],[80.237216,13.101391],[80.239839,13.100819]]},{"type":"Polygon","coordinates":[[[80.239839,13.100819],[80.239627,13.100119],[80.239255,13.100207],[80.238959,13.099046],[80.237134,13.09931],[80.236918,13.098394],[80.236689,13.098427],[80.236628,13.09805],[80.236646,13.098008],[80.236726,13.097823],[80.236503,13.096643],[80.23673,13.096577],[80.237379,13.0965],[80.237607,13.096481],[80.237531,13.096237],[80.236967,13.096332],[80.236764,13.094812],[80.236446,13.094854],[80.23642,13.094648],[80.236467,13.09464],[80.236383,13.093946],[80.236279,13.093852],[80.236111,13.093896],[80.236136,13.094143],[80.235799,13.094201],[80.235782,13.094073],[80.235491,13.094111],[80.235448,13.093668],[80.234841,13.093732],[80.234849,13.093916],[80.234953,13.093938],[80.235053,13.094886],[80.234882,13.094934],[80.234863,13.095298],[80.234418,13.095347],[80.234355,13.094979],[80.23387,13.095004],[80.233608,13.095041],[80.233519,13.094285],[80.233652,13.094193],[80.233742,13.094201],[80.234063,13.09416],[80.234354,13.094044],[80.234347,13.09389],[80.233747,13.093884],[80.233335,13.093758],[80.233409,13.093275],[80.233001,13.093124],[80.233035,13.092785],[80.232256,13.092621],[80.232179,13.091081],[80.231883,13.090105],[80.231174,13.090265],[80.2312,13.090397],[80.230784,13.090502],[80.23056,13.090547],[80.230151,13.090626],[80.229858,13.090686],[80.229816,13.090461],[80.229281,13.090555],[80.228958,13.090602],[80.228972,13.090851],[80.228795,13.090904],[80.228759,13.090682],[80.228659,13.090538],[80.22794,13.09123],[80.22829,13.091428],[80.228565,13.09142],[80.228665,13.09163],[80.228704,13.091838],[80.228133,13.091941],[80.228238,13.092507],[80.228298,13.092778],[80.227912,13.092677],[80.227411,13.092789],[80.227516,13.093014],[80.227539,13.093779],[80.227603,13.094226],[80.2279,13.094162],[80.227864,13.093961],[80.228586,13.093895],[80.22864,13.094043],[80.228728,13.094148],[80.228941,13.094175],[80.229332,13.094123],[80.229497,13.094273],[80.229944,13.095722],[80.229997,13.096143],[80.22969,13.096234],[80.229556,13.096366],[80.229416,13.096331],[80.229226,13.096363],[80.229235,13.09683],[80.229299,13.097334],[80.228513,13.097432],[80.22821,13.097448],[80.228212,13.097658],[80.228235,13.098537],[80.22736,13.098498],[80.22618,13.098513],[80.226214,13.099075],[80.22685,13.09936],[80.227644,13.099369],[80.227658,13.099578],[80.227749,13.09987],[80.227843,13.099986],[80.227865,13.100017],[80.227893,13.100012],[80.227946,13.099893],[80.228077,13.099654],[80.228432,13.099654],[80.228534,13.100115],[80.228789,13.102005],[80.228984,13.107919],[80.230085,13.107803],[80.237315,13.107453],[80.237258,13.103967],[80.237216,13.101391],[80.239839,13.100819]]]}]}},{"type":"Feature","properties":{},"geometry":{"type":"GeometryCollection","geometries":[{"type":"LineString","coordinates":[[80.229938,13.095704],[80.229497,13.094273],[80.229332,13.094123],[80.228941,13.094175],[80.228728,13.094148],[80.228249,13.094211],[80.22827,13.094478],[80.228351,13.094962],[80.228427,13.09504],[80.228481,13.095402],[80.228519,13.095875],[80.228739,13.095822],[80.228706,13.095639],[80.229017,13.095592],[80.229095,13.096068],[80.229257,13.096039],[80.22961,13.095973],[80.22958,13.09574],[80.229938,13.095704]]},{"type":"Polygon","coordinates":[[[80.229938,13.095704],[80.229497,13.094273],[80.229332,13.094123],[80.228941,13.094175],[80.228728,13.094148],[80.228249,13.094211],[80.22827,13.094478],[80.228351,13.094962],[80.228427,13.09504],[80.228481,13.095402],[80.228519,13.095875],[80.228739,13.095822],[80.228706,13.095639],[80.229017,13.095592],[80.229095,13.096068],[80.229257,13.096039],[80.22961,13.095973],[80.22958,13.09574],[80.229938,13.095704]]]}]}},{"type":"Feature","properties":{},"geometry":{"type":"GeometryCollection","geometries":[{"type":"LineString","coordinates":[[80.22794,13.09123],[80.227779,13.091183],[80.226738,13.092245],[80.223985,13.094796],[80.222942,13.09529],[80.221213,13.095542],[80.22171,13.09674],[80.221707,13.097625],[80.214987,13.099888],[80.216986,13.109304],[80.219446,13.108986],[80.224184,13.108431],[80.228984,13.107919],[80.228789,13.102005],[80.228534,13.100115],[80.228432,13.099654],[80.228077,13.099654],[80.227946,13.099893],[80.227893,13.100012],[80.227865,13.100017],[80.227843,13.099986],[80.227749,13.09987],[80.227658,13.099578],[80.227644,13.099369],[80.22685,13.09936],[80.226214,13.099075],[80.22618,13.098513],[80.22736,13.098498],[80.228235,13.098537],[80.228212,13.097658],[80.22821,13.097448],[80.228513,13.097432],[80.229299,13.097334],[80.229235,13.09683],[80.229226,13.096363],[80.229416,13.096331],[80.229556,13.096366],[80.22969,13.096234],[80.229997,13.096143],[80.229944,13.095722],[80.229938,13.095704],[80.22958,13.09574],[80.22961,13.095973],[80.229257,13.096039],[80.229095,13.096068],[80.229017,13.095592],[80.228706,13.095639],[80.228739,13.095822],[80.228519,13.095875],[80.228481,13.095402],[80.228427,13.09504],[80.228351,13.094962],[80.22827,13.094478],[80.228249,13.094211],[80.228728,13.094148],[80.22864,13.094043],[80.228586,13.093895],[80.227864,13.093961],[80.2279,13.094162],[80.227603,13.094226],[80.227539,13.093779],[80.227516,13.093014],[80.227411,13.092789],[80.227912,13.092677],[80.228298,13.092778],[80.228238,13.092507],[80.228133,13.091941],[80.228704,13.091838],[80.228665,13.09163],[80.228565,13.09142],[80.22829,13.091428],[80.22794,13.09123]]},{"type":"Polygon","coordinates":[[[80.22794,13.09123],[80.227779,13.091183],[80.226738,13.092245],[80.223985,13.094796],[80.222942,13.09529],[80.221213,13.095542],[80.22171,13.09674],[80.221707,13.097625],[80.214987,13.099888],[80.216986,13.109304],[80.219446,13.108986],[80.224184,13.108431],[80.228984,13.107919],[80.228789,13.102005],[80.228534,13.100115],[80.228432,13.099654],[80.228077,13.099654],[80.227946,13.099893],[80.227893,13.100012],[80.227865,13.100017],[80.227843,13.099986],[80.227749,13.09987],[80.227658,13.099578],[80.227644,13.099369],[80.22685,13.09936],[80.226214,13.099075],[80.22618,13.098513],[80.22736,13.098498],[80.228235,13.098537],[80.228212,13.097658],[80.22821,13.097448],[80.228513,13.097432],[80.229299,13.097334],[80.229235,13.09683],[80.229226,13.096363],[80.229416,13.096331],[80.229556,13.096366],[80.22969,13.096234],[80.229997,13.096143],[80.229944,13.095722],[80.229938,13.095704],[80.22958,13.09574],[80.22961,13.095973],[80.229257,13.096039],[80.229095,13.096068],[80.229017,13.095592],[80.228706,13.095639],[80.228739,13.095822],[80.228519,13.095875],[80.228481,13.095402],[80.228427,13.09504],[80.228351,13.094962],[80.22827,13.094478],[80.228249,13.094211],[80.228728,13.094148],[80.22864,13.094043],[80.228586,13.093895],[80.227864,13.093961],[80.2279,13.094162],[80.227603,13.094226],[80.227539,13.093779],[80.227516,13.093014],[80.227411,13.092789],[80.227912,13.092677],[80.228298,13.092778],[80.228238,13.092507],[80.228133,13.091941],[80.228704,13.091838],[80.228665,13.09163],[80.228565,13.09142],[80.22829,13.091428],[80.22794,13.09123]]]}]}},{"type":"Feature","properties":{},"geometry":{"type":"GeometryCollection","geometries":[{"type":"LineString","coordinates":[[80.237531,13.096237],[80.238206,13.096194],[80.23855,13.096123],[80.238407,13.095088],[80.240141,13.09477],[80.239934,13.09329],[80.238999,13.093384],[80.238906,13.092855],[80.238828,13.09276],[80.238685,13.092776],[80.23861,13.09299],[80.237598,13.093037],[80.237192,13.093048],[80.237188,13.092887],[80.236965,13.092904],[80.23688,13.092938],[80.237029,13.093925],[80.23666,13.093951],[80.236764,13.094812],[80.236967,13.096332],[80.237531,13.096237]]},{"type":"Polygon","coordinates":[[[80.237531,13.096237],[80.238206,13.096194],[80.23855,13.096123],[80.238407,13.095088],[80.240141,13.09477],[80.239934,13.09329],[80.238999,13.093384],[80.238906,13.092855],[80.238828,13.09276],[80.238685,13.092776],[80.23861,13.09299],[80.237598,13.093037],[80.237192,13.093048],[80.237188,13.092887],[80.236965,13.092904],[80.23688,13.092938],[80.237029,13.093925],[80.23666,13.093951],[80.236764,13.094812],[80.236967,13.096332],[80.237531,13.096237]]]}]}},{"type":"Feature","properties":{},"geometry":{"type":"GeometryCollection","geometries":[{"type":"LineString","coordinates":[[80.242093,13.068266],[80.242098,13.068356],[80.242901,13.06862],[80.243,13.068739],[80.243367,13.068994],[80.243967,13.069409],[80.244019,13.069512],[80.244178,13.06959],[80.245343,13.06996],[80.246358,13.070465],[80.247224,13.07091],[80.248096,13.071248],[80.24845,13.07134],[80.249215,13.071479],[80.249554,13.071547],[80.249557,13.071074],[80.245996,13.069776],[80.245237,13.069371],[80.244976,13.069227],[80.244881,13.069174],[80.244271,13.068847],[80.243875,13.068674],[80.242093,13.068266]]},{"type":"Polygon","coordinates":[[[80.242093,13.068266],[80.242098,13.068356],[80.242901,13.06862],[80.243,13.068739],[80.243367,13.068994],[80.243967,13.069409],[80.244019,13.069512],[80.244178,13.06959],[80.245343,13.06996],[80.246358,13.070465],[80.247224,13.07091],[80.248096,13.071248],[80.24845,13.07134],[80.249215,13.071479],[80.249554,13.071547],[80.249557,13.071074],[80.245996,13.069776],[80.245237,13.069371],[80.244976,13.069227],[80.244881,13.069174],[80.244271,13.068847],[80.243875,13.068674],[80.242093,13.068266]]]}]}},{"type":"Feature","properties":{},"geometry":{"type":"GeometryCollection","geometries":[{"type":"LineString","coordinates":[[80.216893,13.065688],[80.217628,13.06549],[80.217605,13.065266],[80.216886,13.065417],[80.216893,13.065688]]},{"type":"Polygon","coordinates":[[[80.216893,13.065688],[80.217628,13.06549],[80.217605,13.065266],[80.216886,13.065417],[80.216893,13.065688]]]}]}},{"type":"Feature","properties":{},"geometry":{"type":"GeometryCollection","geometries":[{"type":"LineString","coordinates":[[80.2133,13.05812],[80.212698,13.058155],[80.211998,13.0584],[80.211687,13.058448],[80.211444,13.058612],[80.211152,13.05895],[80.210611,13.059818],[80.210491,13.060049],[80.210784,13.060205],[80.211269,13.06111],[80.213049,13.061781],[80.214018,13.061598],[80.2142,13.060731],[80.213801,13.060643],[80.212046,13.0599],[80.212091,13.059409],[80.212754,13.059127],[80.21275,13.058551],[80.213168,13.058371],[80.2133,13.05812]]},{"type":"Polygon","coordinates":[[[80.2133,13.05812],[80.212698,13.058155],[80.211998,13.0584],[80.211687,13.058448],[80.211444,13.058612],[80.211152,13.05895],[80.210611,13.059818],[80.210491,13.060049],[80.210784,13.060205],[80.211269,13.06111],[80.213049,13.061781],[80.214018,13.061598],[80.2142,13.060731],[80.213801,13.060643],[80.212046,13.0599],[80.212091,13.059409],[80.212754,13.059127],[80.21275,13.058551],[80.213168,13.058371],[80.2133,13.05812]]]}]}},{"type":"Feature","properties":{},"geometry":{"type":"GeometryCollection","geometries":[{"type":"LineString","coordinates":[[80.245339,13.103245],[80.246796,13.099408],[80.246896,13.097068],[80.243447,13.097407],[80.242313,13.097557],[80.242232,13.097248],[80.24291,13.097075],[80.242254,13.095195],[80.241522,13.095341],[80.241471,13.095025],[80.241681,13.094971],[80.241491,13.093967],[80.241434,13.093664],[80.241566,13.093474],[80.241608,13.093437],[80.241985,13.093437],[80.242532,13.093417],[80.242532,13.093284],[80.242992,13.093281],[80.243,13.093008],[80.242976,13.092976],[80.242965,13.092909],[80.242545,13.092903],[80.242532,13.092666],[80.242398,13.09266],[80.242445,13.092591],[80.242429,13.092419],[80.243117,13.092382],[80.243081,13.092008],[80.241785,13.092073],[80.241764,13.091845],[80.241691,13.091845],[80.241679,13.091737],[80.241746,13.091732],[80.241737,13.091627],[80.242149,13.091607],[80.242093,13.091158],[80.241861,13.091161],[80.24182,13.09038],[80.242534,13.090376],[80.242519,13.090218],[80.243672,13.090305],[80.243564,13.089814],[80.243799,13.089686],[80.243976,13.089848],[80.244676,13.090365],[80.245144,13.089899],[80.244855,13.089255],[80.247303,13.088335],[80.244806,13.086202],[80.244802,13.086198],[80.244781,13.086178],[80.24558,13.085444],[80.246367,13.084919],[80.248218,13.084336],[80.248146,13.083848],[80.248308,13.083536],[80.24828,13.083055],[80.248362,13.082732],[80.248188,13.082172],[80.247921,13.081843],[80.247745,13.081623],[80.24747,13.08166],[80.247265,13.08192],[80.246576,13.08193],[80.246422,13.081653],[80.245986,13.081681],[80.245985,13.081655],[80.245979,13.08144],[80.246236,13.080243],[80.246433,13.08],[80.246569,13.07929],[80.247948,13.079055],[80.248947,13.079596],[80.249286,13.07918],[80.249757,13.0792],[80.249989,13.078589],[80.249179,13.078413],[80.248267,13.078411],[80.247023,13.078178],[80.246932,13.077813],[80.246701,13.07726],[80.24513,13.0769],[80.244167,13.077515],[80.241639,13.077177],[80.240722,13.076911],[80.24056,13.076089],[80.238872,13.076153],[80.238643,13.076355],[80.238351,13.076401],[80.237278,13.076075],[80.237216,13.076505],[80.236098,13.07631],[80.235414,13.075762],[80.234614,13.075583],[80.234498,13.075861],[80.233036,13.075554],[80.232597,13.07745],[80.232503,13.078424],[80.232491,13.078608],[80.232645,13.078614],[80.23266,13.078719],[80.232369,13.078776],[80.232385,13.07934],[80.232527,13.079642],[80.232539,13.080256],[80.232662,13.080551],[80.232833,13.08118],[80.232818,13.082095],[80.232635,13.082137],[80.232492,13.081939],[80.231662,13.082154],[80.2306,13.082353],[80.23064,13.082652],[80.230566,13.082875],[80.229733,13.082895],[80.228691,13.082871],[80.228692,13.082533],[80.228717,13.082035],[80.22843,13.082034],[80.228402,13.083041],[80.228097,13.083045],[80.228103,13.083495],[80.229128,13.083503],[80.229117,13.085276],[80.229287,13.085502],[80.229456,13.085377],[80.229604,13.085312],[80.229775,13.085441],[80.229809,13.085599],[80.229759,13.086008],[80.22966,13.086419],[80.229289,13.086437],[80.229259,13.086614],[80.229668,13.086816],[80.229931,13.087214],[80.229451,13.08765],[80.228655,13.088605],[80.227374,13.088482],[80.226796,13.088965],[80.226604,13.089712],[80.226381,13.090925],[80.227116,13.09186],[80.227779,13.091183],[80.22794,13.09123],[80.228659,13.090538],[80.228759,13.090682],[80.228795,13.090904],[80.228972,13.090851],[80.228958,13.090602],[80.229281,13.090555],[80.229816,13.090461],[80.229858,13.090686],[80.230151,13.090626],[80.23056,13.090547],[80.230784,13.090502],[80.2312,13.090397],[80.231174,13.090265],[80.231883,13.090105],[80.232179,13.091081],[80.232256,13.092621],[80.233035,13.092785],[80.233001,13.093124],[80.233409,13.093275],[80.233335,13.093758],[80.233747,13.093884],[80.234347,13.09389],[80.234354,13.094044],[80.234063,13.09416],[80.233742,13.094201],[80.233652,13.094193],[80.233519,13.094285],[80.233608,13.095041],[80.23387,13.095004],[80.234355,13.094979],[80.234418,13.095347],[80.234863,13.095298],[80.234882,13.094934],[80.235053,13.094886],[80.234953,13.093938],[80.234849,13.093916],[80.234841,13.093732],[80.235448,13.093668],[80.235491,13.094111],[80.235782,13.094073],[80.235799,13.094201],[80.236136,13.094143],[80.236111,13.093896],[80.236279,13.093852],[80.236383,13.093946],[80.236467,13.09464],[80.23642,13.094648],[80.236446,13.094854],[80.236764,13.094812],[80.23666,13.093951],[80.237029,13.093925],[80.23688,13.092938],[80.236965,13.092904],[80.237188,13.092887],[80.237192,13.093048],[80.237598,13.093037],[80.23861,13.09299],[80.238685,13.092776],[80.238828,13.09276],[80.238906,13.092855],[80.238999,13.093384],[80.239934,13.09329],[80.240141,13.09477],[80.239926,13.09481],[80.238407,13.095088],[80.23855,13.096123],[80.238206,13.096194],[80.237531,13.096237],[80.237607,13.096481],[80.237379,13.0965],[80.23673,13.096577],[80.236503,13.096643],[80.236726,13.097823],[80.236628,13.09805],[80.236689,13.098427],[80.236918,13.098394],[80.237134,13.09931],[80.238959,13.099046],[80.239255,13.100207],[80.239627,13.100119],[80.239839,13.100819],[80.237216,13.101391],[80.237258,13.103967],[80.245339,13.103245]]},{"type":"Polygon","coordinates":[[[80.245339,13.103245],[80.246796,13.099408],[80.246896,13.097068],[80.243447,13.097407],[80.242313,13.097557],[80.242232,13.097248],[80.24291,13.097075],[80.242254,13.095195],[80.241522,13.095341],[80.241471,13.095025],[80.241681,13.094971],[80.241491,13.093967],[80.241434,13.093664],[80.241566,13.093474],[80.241608,13.093437],[80.241985,13.093437],[80.242532,13.093417],[80.242532,13.093284],[80.242992,13.093281],[80.243,13.093008],[80.242976,13.092976],[80.242965,13.092909],[80.242545,13.092903],[80.242532,13.092666],[80.242398,13.09266],[80.242445,13.092591],[80.242429,13.092419],[80.243117,13.092382],[80.243081,13.092008],[80.241785,13.092073],[80.241764,13.091845],[80.241691,13.091845],[80.241679,13.091737],[80.241746,13.091732],[80.241737,13.091627],[80.242149,13.091607],[80.242093,13.091158],[80.241861,13.091161],[80.24182,13.09038],[80.242534,13.090376],[80.242519,13.090218],[80.243672,13.090305],[80.243564,13.089814],[80.243799,13.089686],[80.243976,13.089848],[80.244676,13.090365],[80.245144,13.089899],[80.244855,13.089255],[80.247303,13.088335],[80.244806,13.086202],[80.244802,13.086198],[80.244781,13.086178],[80.24558,13.085444],[80.246367,13.084919],[80.248218,13.084336],[80.248146,13.083848],[80.248308,13.083536],[80.24828,13.083055],[80.248362,13.082732],[80.248188,13.082172],[80.247921,13.081843],[80.247745,13.081623],[80.24747,13.08166],[80.247265,13.08192],[80.246576,13.08193],[80.246422,13.081653],[80.245986,13.081681],[80.245985,13.081655],[80.245979,13.08144],[80.246236,13.080243],[80.246433,13.08],[80.246569,13.07929],[80.247948,13.079055],[80.248947,13.079596],[80.249286,13.07918],[80.249757,13.0792],[80.249989,13.078589],[80.249179,13.078413],[80.248267,13.078411],[80.247023,13.078178],[80.246932,13.077813],[80.246701,13.07726],[80.24513,13.0769],[80.244167,13.077515],[80.241639,13.077177],[80.240722,13.076911],[80.24056,13.076089],[80.238872,13.076153],[80.238643,13.076355],[80.238351,13.076401],[80.237278,13.076075],[80.237216,13.076505],[80.236098,13.07631],[80.235414,13.075762],[80.234614,13.075583],[80.234498,13.075861],[80.233036,13.075554],[80.232597,13.07745],[80.232503,13.078424],[80.232491,13.078608],[80.232645,13.078614],[80.23266,13.078719],[80.232369,13.078776],[80.232385,13.07934],[80.232527,13.079642],[80.232539,13.080256],[80.232662,13.080551],[80.232833,13.08118],[80.232818,13.082095],[80.232635,13.082137],[80.232492,13.081939],[80.231662,13.082154],[80.2306,13.082353],[80.23064,13.082652],[80.230566,13.082875],[80.229733,13.082895],[80.228691,13.082871],[80.228692,13.082533],[80.228717,13.082035],[80.22843,13.082034],[80.228402,13.083041],[80.228097,13.083045],[80.228103,13.083495],[80.229128,13.083503],[80.229117,13.085276],[80.229287,13.085502],[80.229456,13.085377],[80.229604,13.085312],[80.229775,13.085441],[80.229809,13.085599],[80.229759,13.086008],[80.22966,13.086419],[80.229289,13.086437],[80.229259,13.086614],[80.229668,13.086816],[80.229931,13.087214],[80.229451,13.08765],[80.228655,13.088605],[80.227374,13.088482],[80.226796,13.088965],[80.226604,13.089712],[80.226381,13.090925],[80.227116,13.09186],[80.227779,13.091183],[80.22794,13.09123],[80.228659,13.090538],[80.228759,13.090682],[80.228795,13.090904],[80.228972,13.090851],[80.228958,13.090602],[80.229281,13.090555],[80.229816,13.090461],[80.229858,13.090686],[80.230151,13.090626],[80.23056,13.090547],[80.230784,13.090502],[80.2312,13.090397],[80.231174,13.090265],[80.231883,13.090105],[80.232179,13.091081],[80.232256,13.092621],[80.233035,13.092785],[80.233001,13.093124],[80.233409,13.093275],[80.233335,13.093758],[80.233747,13.093884],[80.234347,13.09389],[80.234354,13.094044],[80.234063,13.09416],[80.233742,13.094201],[80.233652,13.094193],[80.233519,13.094285],[80.233608,13.095041],[80.23387,13.095004],[80.234355,13.094979],[80.234418,13.095347],[80.234863,13.095298],[80.234882,13.094934],[80.235053,13.094886],[80.234953,13.093938],[80.234849,13.093916],[80.234841,13.093732],[80.235448,13.093668],[80.235491,13.094111],[80.235782,13.094073],[80.235799,13.094201],[80.236136,13.094143],[80.236111,13.093896],[80.236279,13.093852],[80.236383,13.093946],[80.236467,13.09464],[80.23642,13.094648],[80.236446,13.094854],[80.236764,13.094812],[80.23666,13.093951],[80.237029,13.093925],[80.23688,13.092938],[80.236965,13.092904],[80.237188,13.092887],[80.237192,13.093048],[80.237598,13.093037],[80.23861,13.09299],[80.238685,13.092776],[80.238828,13.09276],[80.238906,13.092855],[80.238999,13.093384],[80.239934,13.09329],[80.240141,13.09477],[80.239926,13.09481],[80.238407,13.095088],[80.23855,13.096123],[80.238206,13.096194],[80.237531,13.096237],[80.237607,13.096481],[80.237379,13.0965],[80.23673,13.096577],[80.236503,13.096643],[80.236726,13.097823],[80.236628,13.09805],[80.236689,13.098427],[80.236918,13.098394],[80.237134,13.09931],[80.238959,13.099046],[80.239255,13.100207],[80.239627,13.100119],[80.239839,13.100819],[80.237216,13.101391],[80.237258,13.103967],[80.245339,13.103245]]]}]}},{"type":"Feature","properties":{},"geometry":{"type":"GeometryCollection","geometries":[{"type":"LineString","coordinates":[[80.228161,13.067277],[80.227365,13.067802],[80.226839,13.068031],[80.226583,13.068403],[80.226044,13.069014],[80.225308,13.070227],[80.224883,13.071891],[80.229577,13.072193],[80.229485,13.07078],[80.22864,13.069365],[80.228485,13.068198],[80.228454,13.068153],[80.228453,13.068152],[80.22839,13.067912],[80.228364,13.067849],[80.228335,13.067687],[80.228309,13.067536],[80.228296,13.067507],[80.22826,13.067426],[80.228161,13.067277]]},{"type":"Polygon","coordinates":[[[80.228161,13.067277],[80.227365,13.067802],[80.226839,13.068031],[80.226583,13.068403],[80.226044,13.069014],[80.225308,13.070227],[80.224883,13.071891],[80.229577,13.072193],[80.229485,13.07078],[80.22864,13.069365],[80.228485,13.068198],[80.228454,13.068153],[80.228453,13.068152],[80.22839,13.067912],[80.228364,13.067849],[80.228335,13.067687],[80.228309,13.067536],[80.228296,13.067507],[80.22826,13.067426],[80.228161,13.067277]]]}]}},{"type":"Feature","properties":{},"geometry":{"type":"GeometryCollection","geometries":[{"type":"LineString","coordinates":[[80.232539,13.080256],[80.23226,13.080358],[80.232193,13.080695],[80.232035,13.080892],[80.231818,13.081146],[80.231869,13.081322],[80.231875,13.081666],[80.231748,13.081749],[80.231764,13.081902],[80.231416,13.081922],[80.231246,13.081926],[80.23087,13.081969],[80.230651,13.081988],[80.230625,13.082001],[80.2306,13.082353],[80.231662,13.082154],[80.232492,13.081939],[80.232635,13.082137],[80.232818,13.082095],[80.232833,13.08118],[80.232662,13.080551],[80.232539,13.080256]]},{"type":"Polygon","coordinates":[[[80.232539,13.080256],[80.23226,13.080358],[80.232193,13.080695],[80.232035,13.080892],[80.231818,13.081146],[80.231869,13.081322],[80.231875,13.081666],[80.231748,13.081749],[80.231764,13.081902],[80.231416,13.081922],[80.231246,13.081926],[80.23087,13.081969],[80.230651,13.081988],[80.230625,13.082001],[80.2306,13.082353],[80.231662,13.082154],[80.232492,13.081939],[80.232635,13.082137],[80.232818,13.082095],[80.232833,13.08118],[80.232662,13.080551],[80.232539,13.080256]]]}]}},{"type":"Feature","properties":{},"geometry":{"type":"GeometryCollection","geometries":[{"type":"LineString","coordinates":[[80.2281,13.083287],[80.228097,13.083045],[80.228402,13.083041],[80.22843,13.082034],[80.228717,13.082035],[80.228692,13.082533],[80.228691,13.082871],[80.229733,13.082895],[80.230566,13.082875],[80.23064,13.082652],[80.2306,13.082353],[80.230625,13.082001],[80.230651,13.081988],[80.23087,13.081969],[80.231246,13.081926],[80.231416,13.081922],[80.231764,13.081902],[80.231748,13.081749],[80.231875,13.081666],[80.231869,13.081322],[80.231818,13.081146],[80.232035,13.080892],[80.232193,13.080695],[80.23226,13.080358],[80.232539,13.080256],[80.232527,13.079642],[80.232385,13.07934],[80.232369,13.078776],[80.23266,13.078719],[80.232645,13.078614],[80.232491,13.078608],[80.232503,13.078424],[80.232597,13.07745],[80.233036,13.075554],[80.231013,13.074855],[80.230541,13.074443],[80.230024,13.074302],[80.229916,13.073144],[80.229577,13.072193],[80.224883,13.071891],[80.222862,13.072268],[80.222261,13.073282],[80.222396,13.074421],[80.222379,13.075193],[80.223158,13.075417],[80.223098,13.075828],[80.223029,13.075943],[80.223063,13.076182],[80.223556,13.076251],[80.223577,13.077177],[80.223351,13.07731],[80.223376,13.077641],[80.223043,13.077692],[80.223033,13.078041],[80.222794,13.079417],[80.221956,13.079764],[80.22199,13.080416],[80.221147,13.080708],[80.220287,13.080655],[80.219605,13.080875],[80.219248,13.081312],[80.219116,13.081551],[80.219147,13.082003],[80.219615,13.082382],[80.220493,13.082428],[80.220543,13.083013],[80.221451,13.08298],[80.222045,13.082963],[80.222025,13.083489],[80.22285,13.083643],[80.223141,13.083594],[80.223248,13.082649],[80.22351,13.082662],[80.223532,13.083362],[80.224094,13.083357],[80.224878,13.083176],[80.225242,13.083044],[80.225488,13.083207],[80.226466,13.083144],[80.226639,13.083129],[80.226725,13.082941],[80.2269,13.083033],[80.227115,13.083022],[80.2281,13.083287]]},{"type":"Polygon","coordinates":[[[80.2281,13.083287],[80.228097,13.083045],[80.228402,13.083041],[80.22843,13.082034],[80.228717,13.082035],[80.228692,13.082533],[80.228691,13.082871],[80.229733,13.082895],[80.230566,13.082875],[80.23064,13.082652],[80.2306,13.082353],[80.230625,13.082001],[80.230651,13.081988],[80.23087,13.081969],[80.231246,13.081926],[80.231416,13.081922],[80.231764,13.081902],[80.231748,13.081749],[80.231875,13.081666],[80.231869,13.081322],[80.231818,13.081146],[80.232035,13.080892],[80.232193,13.080695],[80.23226,13.080358],[80.232539,13.080256],[80.232527,13.079642],[80.232385,13.07934],[80.232369,13.078776],[80.23266,13.078719],[80.232645,13.078614],[80.232491,13.078608],[80.232503,13.078424],[80.232597,13.07745],[80.233036,13.075554],[80.231013,13.074855],[80.230541,13.074443],[80.230024,13.074302],[80.229916,13.073144],[80.229577,13.072193],[80.224883,13.071891],[80.222862,13.072268],[80.222261,13.073282],[80.222396,13.074421],[80.222379,13.075193],[80.223158,13.075417],[80.223098,13.075828],[80.223029,13.075943],[80.223063,13.076182],[80.223556,13.076251],[80.223577,13.077177],[80.223351,13.07731],[80.223376,13.077641],[80.223043,13.077692],[80.223033,13.078041],[80.222794,13.079417],[80.221956,13.079764],[80.22199,13.080416],[80.221147,13.080708],[80.220287,13.080655],[80.219605,13.080875],[80.219248,13.081312],[80.219116,13.081551],[80.219147,13.082003],[80.219615,13.082382],[80.220493,13.082428],[80.220543,13.083013],[80.221451,13.08298],[80.222045,13.082963],[80.222025,13.083489],[80.22285,13.083643],[80.223141,13.083594],[80.223248,13.082649],[80.22351,13.082662],[80.223532,13.083362],[80.224094,13.083357],[80.224878,13.083176],[80.225242,13.083044],[80.225488,13.083207],[80.226466,13.083144],[80.226639,13.083129],[80.226725,13.082941],[80.2269,13.083033],[80.227115,13.083022],[80.2281,13.083287]]]}]}},{"type":"Feature","properties":{},"geometry":{"type":"GeometryCollection","geometries":[{"type":"LineString","coordinates":[[80.229117,13.085276],[80.228037,13.085864],[80.227699,13.086301],[80.227318,13.086415],[80.227354,13.086623],[80.227323,13.087175],[80.227379,13.087807],[80.227752,13.087973],[80.227374,13.088482],[80.228655,13.088605],[80.229451,13.08765],[80.229931,13.087214],[80.229668,13.086816],[80.229259,13.086614],[80.229289,13.086437],[80.22966,13.086419],[80.229759,13.086008],[80.229809,13.085599],[80.229775,13.085441],[80.229604,13.085312],[80.229456,13.085377],[80.229287,13.085502],[80.229117,13.085276]]},{"type":"Polygon","coordinates":[[[80.229117,13.085276],[80.228037,13.085864],[80.227699,13.086301],[80.227318,13.086415],[80.227354,13.086623],[80.227323,13.087175],[80.227379,13.087807],[80.227752,13.087973],[80.227374,13.088482],[80.228655,13.088605],[80.229451,13.08765],[80.229931,13.087214],[80.229668,13.086816],[80.229259,13.086614],[80.229289,13.086437],[80.22966,13.086419],[80.229759,13.086008],[80.229809,13.085599],[80.229775,13.085441],[80.229604,13.085312],[80.229456,13.085377],[80.229287,13.085502],[80.229117,13.085276]]]}]}},{"type":"Feature","properties":{},"geometry":{"type":"GeometryCollection","geometries":[{"type":"LineString","coordinates":[[80.227318,13.086415],[80.226557,13.086793],[80.226264,13.086953],[80.225567,13.087299],[80.225371,13.087435],[80.225103,13.087515],[80.225148,13.087773],[80.22532,13.088302],[80.225335,13.088659],[80.225701,13.088712],[80.226539,13.088527],[80.226796,13.088965],[80.227374,13.088482],[80.227752,13.087973],[80.227379,13.087807],[80.227323,13.087175],[80.227354,13.086623],[80.227318,13.086415]]},{"type":"Polygon","coordinates":[[[80.227318,13.086415],[80.226557,13.086793],[80.226264,13.086953],[80.225567,13.087299],[80.225371,13.087435],[80.225103,13.087515],[80.225148,13.087773],[80.22532,13.088302],[80.225335,13.088659],[80.225701,13.088712],[80.226539,13.088527],[80.226796,13.088965],[80.227374,13.088482],[80.227752,13.087973],[80.227379,13.087807],[80.227323,13.087175],[80.227354,13.086623],[80.227318,13.086415]]]}]}},{"type":"Feature","properties":{},"geometry":{"type":"GeometryCollection","geometries":[{"type":"LineString","coordinates":[[80.222942,13.09529],[80.222937,13.094703],[80.222653,13.094214],[80.222546,13.094075],[80.222417,13.093846],[80.222311,13.093802],[80.222184,13.093686],[80.220763,13.093876],[80.220782,13.094062],[80.220741,13.094236],[80.221001,13.094188],[80.221283,13.094123],[80.2213,13.094185],[80.221125,13.094261],[80.220928,13.094315],[80.220755,13.094365],[80.220761,13.094633],[80.220784,13.09479],[80.221213,13.095542],[80.222942,13.09529]]},{"type":"Polygon","coordinates":[[[80.222942,13.09529],[80.222937,13.094703],[80.222653,13.094214],[80.222546,13.094075],[80.222417,13.093846],[80.222311,13.093802],[80.222184,13.093686],[80.220763,13.093876],[80.220782,13.094062],[80.220741,13.094236],[80.221001,13.094188],[80.221283,13.094123],[80.2213,13.094185],[80.221125,13.094261],[80.220928,13.094315],[80.220755,13.094365],[80.220761,13.094633],[80.220784,13.09479],[80.221213,13.095542],[80.222942,13.09529]]]}]}},{"type":"Feature","properties":{},"geometry":{"type":"GeometryCollection","geometries":[{"type":"LineString","coordinates":[[80.219147,13.082003],[80.218874,13.081996],[80.218719,13.081015],[80.218401,13.081056],[80.217782,13.08118],[80.217824,13.082218],[80.217639,13.082221],[80.216643,13.082259],[80.21665,13.082574],[80.217517,13.082559],[80.217502,13.083459],[80.217517,13.084237],[80.215719,13.084267],[80.213547,13.08435],[80.213541,13.084847],[80.214125,13.084812],[80.21413,13.085178],[80.2131,13.085205],[80.209932,13.085379],[80.209951,13.086434],[80.210217,13.086436],[80.210232,13.086797],[80.210595,13.086827],[80.210684,13.088739],[80.210703,13.090863],[80.210713,13.092203],[80.211026,13.0988],[80.213041,13.097849],[80.218243,13.09578],[80.218455,13.096546],[80.218989,13.096529],[80.221213,13.095542],[80.220784,13.09479],[80.220761,13.094633],[80.220755,13.094365],[80.220928,13.094315],[80.221125,13.094261],[80.2213,13.094185],[80.221283,13.094123],[80.221001,13.094188],[80.220741,13.094236],[80.220782,13.094062],[80.220763,13.093876],[80.222184,13.093686],[80.222311,13.093802],[80.222417,13.093846],[80.222546,13.094075],[80.222653,13.094214],[80.222937,13.094703],[80.222942,13.09529],[80.223985,13.094796],[80.226738,13.092245],[80.227116,13.09186],[80.226381,13.090925],[80.226604,13.089712],[80.226796,13.088965],[80.226539,13.088527],[80.225701,13.088712],[80.225335,13.088659],[80.22532,13.088302],[80.225148,13.087773],[80.225103,13.087515],[80.225371,13.087435],[80.225567,13.087299],[80.226264,13.086953],[80.226557,13.086793],[80.227318,13.086415],[80.227699,13.086301],[80.228037,13.085864],[80.229117,13.085276],[80.229128,13.083503],[80.228103,13.083495],[80.2281,13.083287],[80.227115,13.083022],[80.2269,13.083033],[80.226725,13.082941],[80.226639,13.083129],[80.226466,13.083144],[80.225488,13.083207],[80.225242,13.083044],[80.224878,13.083176],[80.224094,13.083357],[80.223532,13.083362],[80.22351,13.082662],[80.223248,13.082649],[80.223141,13.083594],[80.22285,13.083643],[80.222025,13.083489],[80.222045,13.082963],[80.221451,13.08298],[80.220543,13.083013],[80.220493,13.082428],[80.219615,13.082382],[80.219147,13.082003]]},{"type":"Polygon","coordinates":[[[80.219147,13.082003],[80.218874,13.081996],[80.218719,13.081015],[80.218401,13.081056],[80.217782,13.08118],[80.217824,13.082218],[80.217639,13.082221],[80.216643,13.082259],[80.21665,13.082574],[80.217517,13.082559],[80.217502,13.083459],[80.217517,13.084237],[80.215719,13.084267],[80.213547,13.08435],[80.213541,13.084847],[80.214125,13.084812],[80.21413,13.085178],[80.2131,13.085205],[80.209932,13.085379],[80.209951,13.086434],[80.210217,13.086436],[80.210232,13.086797],[80.210595,13.086827],[80.210684,13.088739],[80.210703,13.090863],[80.210713,13.092203],[80.211026,13.0988],[80.213041,13.097849],[80.218243,13.09578],[80.218455,13.096546],[80.218989,13.096529],[80.221213,13.095542],[80.220784,13.09479],[80.220761,13.094633],[80.220755,13.094365],[80.220928,13.094315],[80.221125,13.094261],[80.2213,13.094185],[80.221283,13.094123],[80.221001,13.094188],[80.220741,13.094236],[80.220782,13.094062],[80.220763,13.093876],[80.222184,13.093686],[80.222311,13.093802],[80.222417,13.093846],[80.222546,13.094075],[80.222653,13.094214],[80.222937,13.094703],[80.222942,13.09529],[80.223985,13.094796],[80.226738,13.092245],[80.227116,13.09186],[80.226381,13.090925],[80.226604,13.089712],[80.226796,13.088965],[80.226539,13.088527],[80.225701,13.088712],[80.225335,13.088659],[80.22532,13.088302],[80.225148,13.087773],[80.225103,13.087515],[80.225371,13.087435],[80.225567,13.087299],[80.226264,13.086953],[80.226557,13.086793],[80.227318,13.086415],[80.227699,13.086301],[80.228037,13.085864],[80.229117,13.085276],[80.229128,13.083503],[80.228103,13.083495],[80.2281,13.083287],[80.227115,13.083022],[80.2269,13.083033],[80.226725,13.082941],[80.226639,13.083129],[80.226466,13.083144],[80.225488,13.083207],[80.225242,13.083044],[80.224878,13.083176],[80.224094,13.083357],[80.223532,13.083362],[80.22351,13.082662],[80.223248,13.082649],[80.223141,13.083594],[80.22285,13.083643],[80.222025,13.083489],[80.222045,13.082963],[80.221451,13.08298],[80.220543,13.083013],[80.220493,13.082428],[80.219615,13.082382],[80.219147,13.082003]]]}]}},{"type":"Feature","properties":{},"geometry":{"type":"GeometryCollection","geometries":[{"type":"LineString","coordinates":[[80.222379,13.075193],[80.222371,13.075623],[80.222874,13.075663],[80.222898,13.075663],[80.222893,13.075811],[80.22231,13.075842],[80.222235,13.07644],[80.222097,13.076577],[80.221999,13.076788],[80.221748,13.077083],[80.221646,13.077181],[80.22155,13.077421],[80.221385,13.077628],[80.221293,13.077721],[80.221228,13.077794],[80.221095,13.07806],[80.220976,13.078129],[80.220905,13.078318],[80.220621,13.078729],[80.220481,13.078776],[80.220468,13.078773],[80.220441,13.078826],[80.220294,13.079072],[80.220248,13.079231],[80.220195,13.079473],[80.220187,13.079636],[80.219768,13.079666],[80.219758,13.079674],[80.219641,13.0798],[80.219261,13.080106],[80.21916,13.080187],[80.218942,13.080449],[80.2187,13.08063],[80.218533,13.080744],[80.218256,13.080894],[80.218026,13.080943],[80.217773,13.080996],[80.217782,13.08118],[80.218401,13.081056],[80.218719,13.081015],[80.218874,13.081996],[80.219147,13.082003],[80.219116,13.081551],[80.219248,13.081312],[80.219605,13.080875],[80.220287,13.080655],[80.221147,13.080708],[80.22199,13.080416],[80.221956,13.079764],[80.222794,13.079417],[80.223033,13.078041],[80.223043,13.077692],[80.223376,13.077641],[80.223351,13.07731],[80.223577,13.077177],[80.223556,13.076251],[80.223063,13.076182],[80.223029,13.075943],[80.223098,13.075828],[80.223158,13.075417],[80.222379,13.075193]]},{"type":"Polygon","coordinates":[[[80.222379,13.075193],[80.222371,13.075623],[80.222874,13.075663],[80.222898,13.075663],[80.222893,13.075811],[80.22231,13.075842],[80.222235,13.07644],[80.222097,13.076577],[80.221999,13.076788],[80.221748,13.077083],[80.221646,13.077181],[80.22155,13.077421],[80.221385,13.077628],[80.221293,13.077721],[80.221228,13.077794],[80.221095,13.07806],[80.220976,13.078129],[80.220905,13.078318],[80.220621,13.078729],[80.220481,13.078776],[80.220468,13.078773],[80.220441,13.078826],[80.220294,13.079072],[80.220248,13.079231],[80.220195,13.079473],[80.220187,13.079636],[80.219768,13.079666],[80.219758,13.079674],[80.219641,13.0798],[80.219261,13.080106],[80.21916,13.080187],[80.218942,13.080449],[80.2187,13.08063],[80.218533,13.080744],[80.218256,13.080894],[80.218026,13.080943],[80.217773,13.080996],[80.217782,13.08118],[80.218401,13.081056],[80.218719,13.081015],[80.218874,13.081996],[80.219147,13.082003],[80.219116,13.081551],[80.219248,13.081312],[80.219605,13.080875],[80.220287,13.080655],[80.221147,13.080708],[80.22199,13.080416],[80.221956,13.079764],[80.222794,13.079417],[80.223033,13.078041],[80.223043,13.077692],[80.223376,13.077641],[80.223351,13.07731],[80.223577,13.077177],[80.223556,13.076251],[80.223063,13.076182],[80.223029,13.075943],[80.223098,13.075828],[80.223158,13.075417],[80.222379,13.075193]]]}]}},{"type":"Feature","properties":{},"geometry":{"type":"GeometryCollection","geometries":[{"type":"LineString","coordinates":[[80.222261,13.073282],[80.221717,13.073402],[80.221919,13.075113],[80.221879,13.076077],[80.221548,13.076698],[80.220258,13.07854],[80.218966,13.079941],[80.217762,13.08057],[80.217773,13.080996],[80.218026,13.080943],[80.218256,13.080894],[80.218533,13.080744],[80.2187,13.08063],[80.218942,13.080449],[80.21916,13.080187],[80.219261,13.080106],[80.219641,13.0798],[80.219758,13.079674],[80.219768,13.079666],[80.220187,13.079636],[80.220195,13.079473],[80.220248,13.079231],[80.220294,13.079072],[80.220441,13.078826],[80.220468,13.078773],[80.220481,13.078776],[80.220621,13.078729],[80.220905,13.078318],[80.220976,13.078129],[80.221095,13.07806],[80.221228,13.077794],[80.221293,13.077721],[80.221385,13.077628],[80.22155,13.077421],[80.221646,13.077181],[80.221748,13.077083],[80.221999,13.076788],[80.222097,13.076577],[80.222235,13.07644],[80.22231,13.075842],[80.222893,13.075811],[80.222898,13.075663],[80.222874,13.075663],[80.222371,13.075623],[80.222379,13.075193],[80.222396,13.074421],[80.222261,13.073282]]},{"type":"Polygon","coordinates":[[[80.222261,13.073282],[80.221717,13.073402],[80.221919,13.075113],[80.221879,13.076077],[80.221548,13.076698],[80.220258,13.07854],[80.218966,13.079941],[80.217762,13.08057],[80.217773,13.080996],[80.218026,13.080943],[80.218256,13.080894],[80.218533,13.080744],[80.2187,13.08063],[80.218942,13.080449],[80.21916,13.080187],[80.219261,13.080106],[80.219641,13.0798],[80.219758,13.079674],[80.219768,13.079666],[80.220187,13.079636],[80.220195,13.079473],[80.220248,13.079231],[80.220294,13.079072],[80.220441,13.078826],[80.220468,13.078773],[80.220481,13.078776],[80.220621,13.078729],[80.220905,13.078318],[80.220976,13.078129],[80.221095,13.07806],[80.221228,13.077794],[80.221293,13.077721],[80.221385,13.077628],[80.22155,13.077421],[80.221646,13.077181],[80.221748,13.077083],[80.221999,13.076788],[80.222097,13.076577],[80.222235,13.07644],[80.22231,13.075842],[80.222893,13.075811],[80.222898,13.075663],[80.222874,13.075663],[80.222371,13.075623],[80.222379,13.075193],[80.222396,13.074421],[80.222261,13.073282]]]}]}},{"type":"Feature","properties":{},"geometry":{"type":"GeometryCollection","geometries":[{"type":"LineString","coordinates":[[80.221848,13.074511],[80.220732,13.074669],[80.220357,13.074923],[80.219815,13.074983],[80.21952,13.074909],[80.218642,13.075055],[80.218119,13.075482],[80.217951,13.07779],[80.217798,13.079244],[80.217762,13.08057],[80.218966,13.079941],[80.220258,13.07854],[80.221548,13.076698],[80.221879,13.076077],[80.221919,13.075113],[80.221848,13.074511]]},{"type":"Polygon","coordinates":[[[80.221848,13.074511],[80.220732,13.074669],[80.220357,13.074923],[80.219815,13.074983],[80.21952,13.074909],[80.218642,13.075055],[80.218119,13.075482],[80.217951,13.07779],[80.217798,13.079244],[80.217762,13.08057],[80.218966,13.079941],[80.220258,13.07854],[80.221548,13.076698],[80.221879,13.076077],[80.221919,13.075113],[80.221848,13.074511]]]}]}},{"type":"Feature","properties":{},"geometry":{"type":"GeometryCollection","geometries":[{"type":"LineString","coordinates":[[80.218119,13.075482],[80.217911,13.075253],[80.216776,13.075077],[80.216199,13.075057],[80.215982,13.07543],[80.215114,13.075607],[80.214875,13.075824],[80.21497,13.076704],[80.215286,13.077063],[80.215503,13.078105],[80.215634,13.079026],[80.21613,13.080272],[80.217762,13.08057],[80.217798,13.079244],[80.217951,13.07779],[80.218119,13.075482]]},{"type":"Polygon","coordinates":[[[80.218119,13.075482],[80.217911,13.075253],[80.216776,13.075077],[80.216199,13.075057],[80.215982,13.07543],[80.215114,13.075607],[80.214875,13.075824],[80.21497,13.076704],[80.215286,13.077063],[80.215503,13.078105],[80.215634,13.079026],[80.21613,13.080272],[80.217762,13.08057],[80.217798,13.079244],[80.217951,13.07779],[80.218119,13.075482]]]}]}},{"type":"Feature","properties":{},"geometry":{"type":"GeometryCollection","geometries":[{"type":"LineString","coordinates":[[80.215869,13.058373],[80.215949,13.05855],[80.216016,13.059276],[80.2171,13.059267],[80.217719,13.059263],[80.217705,13.05894],[80.218893,13.059029],[80.218935,13.059464],[80.218252,13.059632],[80.217954,13.059705],[80.216923,13.059832],[80.216926,13.060483],[80.216926,13.060586],[80.217288,13.060458],[80.217506,13.060813],[80.217576,13.060952],[80.217582,13.061344],[80.217807,13.061354],[80.217855,13.061656],[80.217635,13.061832],[80.217827,13.062148],[80.217887,13.06242],[80.217266,13.062791],[80.217211,13.063155],[80.215988,13.063066],[80.215982,13.062861],[80.215944,13.062822],[80.215794,13.062833],[80.215466,13.06274],[80.215214,13.062735],[80.215052,13.062729],[80.21442,13.062725],[80.213888,13.062744],[80.213702,13.062762],[80.213536,13.062779],[80.213532,13.062965],[80.213209,13.063164],[80.213166,13.063081],[80.212947,13.063172],[80.212917,13.063179],[80.212781,13.063269],[80.212714,13.063302],[80.21272,13.063317],[80.212791,13.063282],[80.212873,13.063429],[80.212897,13.063483],[80.212691,13.063476],[80.212676,13.063476],[80.212664,13.063462],[80.212594,13.063409],[80.212322,13.063472],[80.212312,13.063476],[80.212112,13.063571],[80.211799,13.063715],[80.211758,13.063758],[80.21204,13.064047],[80.212464,13.063955],[80.212799,13.064019],[80.21278,13.064462],[80.21248,13.064465],[80.212459,13.065398],[80.212437,13.066348],[80.212666,13.066808],[80.212877,13.067284],[80.212652,13.068008],[80.21261,13.068502],[80.212601,13.068893],[80.212824,13.069109],[80.212911,13.069178],[80.213067,13.069187],[80.213036,13.069304],[80.212993,13.069556],[80.21313,13.069557],[80.213108,13.069187],[80.213168,13.069185],[80.213396,13.069171],[80.213429,13.068965],[80.213535,13.068946],[80.213605,13.069396],[80.214264,13.069344],[80.214835,13.069377],[80.215095,13.070453],[80.215508,13.071579],[80.215514,13.071805],[80.215534,13.072018],[80.215541,13.072094],[80.215461,13.072115],[80.215498,13.072189],[80.215539,13.072241],[80.215533,13.072294],[80.215468,13.072304],[80.215487,13.072417],[80.215571,13.072421],[80.215601,13.072825],[80.215058,13.072922],[80.215057,13.073372],[80.214683,13.073337],[80.21443,13.073391],[80.214278,13.072787],[80.213823,13.072915],[80.212134,13.073278],[80.213054,13.076927],[80.21497,13.076704],[80.214875,13.075824],[80.215114,13.075607],[80.215982,13.07543],[80.216199,13.075057],[80.216776,13.075077],[80.217911,13.075253],[80.218119,13.075482],[80.218642,13.075055],[80.21952,13.074909],[80.219815,13.074983],[80.220357,13.074923],[80.220732,13.074669],[80.221848,13.074511],[80.221717,13.073402],[80.222261,13.073282],[80.222862,13.072268],[80.224883,13.071891],[80.225308,13.070227],[80.226044,13.069014],[80.22619,13.068848],[80.226583,13.068403],[80.226731,13.068188],[80.226839,13.068031],[80.227365,13.067802],[80.227677,13.067596],[80.227355,13.067083],[80.226511,13.067219],[80.226413,13.066851],[80.227149,13.066614],[80.22707,13.06649],[80.226918,13.065725],[80.226069,13.065927],[80.225842,13.065975],[80.225655,13.065945],[80.225548,13.065924],[80.225482,13.065914],[80.225403,13.065925],[80.2253,13.065979],[80.224947,13.066221],[80.22444,13.066363],[80.22408,13.066315],[80.223083,13.066574],[80.222979,13.066558],[80.222914,13.066485],[80.222907,13.0664],[80.222937,13.066123],[80.222827,13.066014],[80.222697,13.065904],[80.222531,13.064854],[80.222695,13.064819],[80.222645,13.064531],[80.222409,13.06458],[80.22234,13.06414],[80.222408,13.064067],[80.223442,13.063761],[80.223349,13.063337],[80.224014,13.063125],[80.223943,13.062665],[80.223771,13.062144],[80.223136,13.062374],[80.222993,13.061983],[80.222342,13.062192],[80.222119,13.061573],[80.221877,13.061631],[80.221781,13.061342],[80.2216,13.060796],[80.222865,13.060342],[80.222762,13.05998],[80.222446,13.060075],[80.222203,13.059386],[80.221666,13.0595],[80.221322,13.058022],[80.220592,13.058167],[80.220493,13.057949],[80.22038,13.05791],[80.2198,13.057924],[80.219673,13.057261],[80.219471,13.057306],[80.219405,13.057002],[80.2195,13.056978],[80.219388,13.056432],[80.219096,13.056493],[80.219182,13.05711],[80.21868,13.057177],[80.218719,13.057604],[80.218433,13.057643],[80.218523,13.058314],[80.217075,13.058502],[80.216878,13.058396],[80.21602,13.058423],[80.215869,13.058373]]},{"type":"LineString","coordinates":[[80.216886,13.065417],[80.217605,13.065266],[80.217628,13.06549],[80.216893,13.065688],[80.216886,13.065417]]},{"type":"Polygon","coordinates":[[[80.215869,13.058373],[80.215949,13.05855],[80.216016,13.059276],[80.2171,13.059267],[80.217719,13.059263],[80.217705,13.05894],[80.218893,13.059029],[80.218935,13.059464],[80.218252,13.059632],[80.217954,13.059705],[80.216923,13.059832],[80.216926,13.060483],[80.216926,13.060586],[80.217288,13.060458],[80.217506,13.060813],[80.217576,13.060952],[80.217582,13.061344],[80.217807,13.061354],[80.217855,13.061656],[80.217635,13.061832],[80.217827,13.062148],[80.217887,13.06242],[80.217266,13.062791],[80.217211,13.063155],[80.215988,13.063066],[80.215982,13.062861],[80.215944,13.062822],[80.215794,13.062833],[80.215466,13.06274],[80.215214,13.062735],[80.215052,13.062729],[80.21442,13.062725],[80.213888,13.062744],[80.213702,13.062762],[80.213536,13.062779],[80.213532,13.062965],[80.213209,13.063164],[80.213166,13.063081],[80.212947,13.063172],[80.212917,13.063179],[80.212781,13.063269],[80.212714,13.063302],[80.21272,13.063317],[80.212791,13.063282],[80.212873,13.063429],[80.212897,13.063483],[80.212691,13.063476],[80.212676,13.063476],[80.212664,13.063462],[80.212594,13.063409],[80.212322,13.063472],[80.212312,13.063476],[80.212112,13.063571],[80.211799,13.063715],[80.211758,13.063758],[80.21204,13.064047],[80.212464,13.063955],[80.212799,13.064019],[80.21278,13.064462],[80.21248,13.064465],[80.212459,13.065398],[80.212437,13.066348],[80.212666,13.066808],[80.212877,13.067284],[80.212652,13.068008],[80.21261,13.068502],[80.212601,13.068893],[80.212824,13.069109],[80.212911,13.069178],[80.213067,13.069187],[80.213036,13.069304],[80.212993,13.069556],[80.21313,13.069557],[80.213108,13.069187],[80.213168,13.069185],[80.213396,13.069171],[80.213429,13.068965],[80.213535,13.068946],[80.213605,13.069396],[80.214264,13.069344],[80.214835,13.069377],[80.215095,13.070453],[80.215508,13.071579],[80.215514,13.071805],[80.215534,13.072018],[80.215541,13.072094],[80.215461,13.072115],[80.215498,13.072189],[80.215539,13.072241],[80.215533,13.072294],[80.215468,13.072304],[80.215487,13.072417],[80.215571,13.072421],[80.215601,13.072825],[80.215058,13.072922],[80.215057,13.073372],[80.214683,13.073337],[80.21443,13.073391],[80.214278,13.072787],[80.213823,13.072915],[80.212134,13.073278],[80.213054,13.076927],[80.21497,13.076704],[80.214875,13.075824],[80.215114,13.075607],[80.215982,13.07543],[80.216199,13.075057],[80.216776,13.075077],[80.217911,13.075253],[80.218119,13.075482],[80.218642,13.075055],[80.21952,13.074909],[80.219815,13.074983],[80.220357,13.074923],[80.220732,13.074669],[80.221848,13.074511],[80.221717,13.073402],[80.222261,13.073282],[80.222862,13.072268],[80.224883,13.071891],[80.225308,13.070227],[80.226044,13.069014],[80.22619,13.068848],[80.226583,13.068403],[80.226731,13.068188],[80.226839,13.068031],[80.227365,13.067802],[80.227677,13.067596],[80.227355,13.067083],[80.226511,13.067219],[80.226413,13.066851],[80.227149,13.066614],[80.22707,13.06649],[80.226918,13.065725],[80.226069,13.065927],[80.225842,13.065975],[80.225655,13.065945],[80.225548,13.065924],[80.225482,13.065914],[80.225403,13.065925],[80.2253,13.065979],[80.224947,13.066221],[80.22444,13.066363],[80.22408,13.066315],[80.223083,13.066574],[80.222979,13.066558],[80.222914,13.066485],[80.222907,13.0664],[80.222937,13.066123],[80.222827,13.066014],[80.222697,13.065904],[80.222531,13.064854],[80.222695,13.064819],[80.222645,13.064531],[80.222409,13.06458],[80.22234,13.06414],[80.222408,13.064067],[80.223442,13.063761],[80.223349,13.063337],[80.224014,13.063125],[80.223943,13.062665],[80.223771,13.062144],[80.223136,13.062374],[80.222993,13.061983],[80.222342,13.062192],[80.222119,13.061573],[80.221877,13.061631],[80.221781,13.061342],[80.2216,13.060796],[80.222865,13.060342],[80.222762,13.05998],[80.222446,13.060075],[80.222203,13.059386],[80.221666,13.0595],[80.221322,13.058022],[80.220592,13.058167],[80.220493,13.057949],[80.22038,13.05791],[80.2198,13.057924],[80.219673,13.057261],[80.219471,13.057306],[80.219405,13.057002],[80.2195,13.056978],[80.219388,13.056432],[80.219096,13.056493],[80.219182,13.05711],[80.21868,13.057177],[80.218719,13.057604],[80.218433,13.057643],[80.218523,13.058314],[80.217075,13.058502],[80.216878,13.058396],[80.21602,13.058423],[80.215869,13.058373]]]}]}},{"type":"Feature","properties":{},"geometry":{"type":"GeometryCollection","geometries":[{"type":"LineString","coordinates":[[80.212322,13.063472],[80.212594,13.063409],[80.212664,13.063462],[80.212676,13.063476],[80.212691,13.063476],[80.212897,13.063483],[80.212873,13.063429],[80.212791,13.063282],[80.21272,13.063317],[80.212714,13.063302],[80.212781,13.063269],[80.212917,13.063179],[80.212947,13.063172],[80.213166,13.063081],[80.213209,13.063164],[80.213532,13.062965],[80.213536,13.062779],[80.213702,13.062762],[80.213888,13.062744],[80.21442,13.062725],[80.215052,13.062729],[80.215214,13.062735],[80.215466,13.06274],[80.215794,13.062833],[80.215944,13.062822],[80.215982,13.062861],[80.215988,13.063066],[80.217211,13.063155],[80.217266,13.062791],[80.217887,13.06242],[80.217827,13.062148],[80.217635,13.061832],[80.217855,13.061656],[80.217807,13.061354],[80.217582,13.061344],[80.217576,13.060952],[80.217506,13.060813],[80.217288,13.060458],[80.216926,13.060586],[80.216926,13.060483],[80.216923,13.059832],[80.217954,13.059705],[80.218935,13.059464],[80.218893,13.059029],[80.217705,13.05894],[80.217719,13.059263],[80.216016,13.059276],[80.215984,13.058923],[80.215949,13.05855],[80.215869,13.058373],[80.21513,13.058392],[80.214462,13.058429],[80.213977,13.058407],[80.213624,13.058283],[80.2133,13.05812],[80.213168,13.058371],[80.21275,13.058551],[80.212754,13.059127],[80.212091,13.059409],[80.212046,13.0599],[80.213801,13.060643],[80.2142,13.060731],[80.214018,13.061598],[80.213049,13.061781],[80.211269,13.06111],[80.210829,13.061638],[80.211067,13.062722],[80.2116,13.062654],[80.211529,13.063648],[80.211561,13.063925],[80.211394,13.064592],[80.211081,13.065115],[80.210739,13.065664],[80.211029,13.065812],[80.211476,13.06544],[80.211884,13.064681],[80.21197,13.06436],[80.21167,13.064313],[80.211741,13.064071],[80.21204,13.064047],[80.211758,13.063758],[80.211799,13.063715],[80.212112,13.063571],[80.212312,13.063476],[80.212322,13.063472]]},{"type":"Polygon","coordinates":[[[80.212322,13.063472],[80.212594,13.063409],[80.212664,13.063462],[80.212676,13.063476],[80.212691,13.063476],[80.212897,13.063483],[80.212873,13.063429],[80.212791,13.063282],[80.21272,13.063317],[80.212714,13.063302],[80.212781,13.063269],[80.212917,13.063179],[80.212947,13.063172],[80.213166,13.063081],[80.213209,13.063164],[80.213532,13.062965],[80.213536,13.062779],[80.213702,13.062762],[80.213888,13.062744],[80.21442,13.062725],[80.215052,13.062729],[80.215214,13.062735],[80.215466,13.06274],[80.215794,13.062833],[80.215944,13.062822],[80.215982,13.062861],[80.215988,13.063066],[80.217211,13.063155],[80.217266,13.062791],[80.217887,13.06242],[80.217827,13.062148],[80.217635,13.061832],[80.217855,13.061656],[80.217807,13.061354],[80.217582,13.061344],[80.217576,13.060952],[80.217506,13.060813],[80.217288,13.060458],[80.216926,13.060586],[80.216926,13.060483],[80.216923,13.059832],[80.217954,13.059705],[80.218935,13.059464],[80.218893,13.059029],[80.217705,13.05894],[80.217719,13.059263],[80.216016,13.059276],[80.215984,13.058923],[80.215949,13.05855],[80.215869,13.058373],[80.21513,13.058392],[80.214462,13.058429],[80.213977,13.058407],[80.213624,13.058283],[80.2133,13.05812],[80.213168,13.058371],[80.21275,13.058551],[80.212754,13.059127],[80.212091,13.059409],[80.212046,13.0599],[80.213801,13.060643],[80.2142,13.060731],[80.214018,13.061598],[80.213049,13.061781],[80.211269,13.06111],[80.210829,13.061638],[80.211067,13.062722],[80.2116,13.062654],[80.211529,13.063648],[80.211561,13.063925],[80.211394,13.064592],[80.211081,13.065115],[80.210739,13.065664],[80.211029,13.065812],[80.211476,13.06544],[80.211884,13.064681],[80.21197,13.06436],[80.21167,13.064313],[80.211741,13.064071],[80.21204,13.064047],[80.211758,13.063758],[80.211799,13.063715],[80.212112,13.063571],[80.212312,13.063476],[80.212322,13.063472]]]}]}},{"type":"Feature","properties":{},"geometry":{"type":"GeometryCollection","geometries":[{"type":"LineString","coordinates":[[80.20265,13.077512],[80.206936,13.078116],[80.210763,13.077975],[80.213054,13.076927],[80.212134,13.073278],[80.213823,13.072915],[80.214278,13.072787],[80.21443,13.073391],[80.214683,13.073337],[80.215057,13.073372],[80.215058,13.072922],[80.215601,13.072825],[80.215571,13.072421],[80.215487,13.072417],[80.215468,13.072304],[80.215533,13.072294],[80.215539,13.072241],[80.215498,13.072189],[80.215461,13.072115],[80.215541,13.072094],[80.215534,13.072018],[80.215514,13.071805],[80.215508,13.071579],[80.215095,13.070453],[80.214835,13.069377],[80.214264,13.069344],[80.213605,13.069396],[80.213535,13.068946],[80.213429,13.068965],[80.213396,13.069171],[80.213168,13.069185],[80.213108,13.069187],[80.21313,13.069557],[80.212993,13.069556],[80.213036,13.069304],[80.213067,13.069187],[80.212911,13.069178],[80.212824,13.069109],[80.212601,13.068893],[80.21261,13.068502],[80.212652,13.068008],[80.212877,13.067284],[80.212666,13.066808],[80.212437,13.066348],[80.212459,13.065398],[80.21248,13.064465],[80.21278,13.064462],[80.212799,13.064019],[80.212464,13.063955],[80.21204,13.064047],[80.211741,13.064071],[80.21167,13.064313],[80.21197,13.06436],[80.211884,13.064681],[80.211476,13.06544],[80.211029,13.065812],[80.210739,13.065664],[80.211081,13.065115],[80.210739,13.064777],[80.209784,13.06512],[80.209121,13.065358],[80.209124,13.064994],[80.208946,13.065001],[80.20899,13.064707],[80.208954,13.063983],[80.208957,13.0639],[80.208734,13.062793],[80.207525,13.061631],[80.207476,13.061796],[80.207074,13.061978],[80.20704,13.061557],[80.206975,13.061494],[80.206906,13.061546],[80.206988,13.061934],[80.206927,13.062015],[80.205754,13.062495],[80.2041,13.06491],[80.201381,13.068084],[80.20059,13.069383],[80.199974,13.069409],[80.20035,13.071721],[80.200542,13.072523],[80.200698,13.072972],[80.200624,13.073212],[80.200678,13.073575],[80.200095,13.074074],[80.199672,13.074561],[80.199352,13.075219],[80.199133,13.076052],[80.198793,13.078469],[80.20265,13.077512]]},{"type":"Polygon","coordinates":[[[80.20265,13.077512],[80.206936,13.078116],[80.210763,13.077975],[80.213054,13.076927],[80.212134,13.073278],[80.213823,13.072915],[80.214278,13.072787],[80.21443,13.073391],[80.214683,13.073337],[80.215057,13.073372],[80.215058,13.072922],[80.215601,13.072825],[80.215571,13.072421],[80.215487,13.072417],[80.215468,13.072304],[80.215533,13.072294],[80.215539,13.072241],[80.215498,13.072189],[80.215461,13.072115],[80.215541,13.072094],[80.215534,13.072018],[80.215514,13.071805],[80.215508,13.071579],[80.215095,13.070453],[80.214835,13.069377],[80.214264,13.069344],[80.213605,13.069396],[80.213535,13.068946],[80.213429,13.068965],[80.213396,13.069171],[80.213168,13.069185],[80.213108,13.069187],[80.21313,13.069557],[80.212993,13.069556],[80.213036,13.069304],[80.213067,13.069187],[80.212911,13.069178],[80.212824,13.069109],[80.212601,13.068893],[80.21261,13.068502],[80.212652,13.068008],[80.212877,13.067284],[80.212666,13.066808],[80.212437,13.066348],[80.212459,13.065398],[80.21248,13.064465],[80.21278,13.064462],[80.212799,13.064019],[80.212464,13.063955],[80.21204,13.064047],[80.211741,13.064071],[80.21167,13.064313],[80.21197,13.06436],[80.211884,13.064681],[80.211476,13.06544],[80.211029,13.065812],[80.210739,13.065664],[80.211081,13.065115],[80.210739,13.064777],[80.209784,13.06512],[80.209121,13.065358],[80.209124,13.064994],[80.208946,13.065001],[80.20899,13.064707],[80.208954,13.063983],[80.208957,13.0639],[80.208734,13.062793],[80.207525,13.061631],[80.207476,13.061796],[80.207074,13.061978],[80.20704,13.061557],[80.206975,13.061494],[80.206906,13.061546],[80.206988,13.061934],[80.206927,13.062015],[80.205754,13.062495],[80.2041,13.06491],[80.201381,13.068084],[80.20059,13.069383],[80.199974,13.069409],[80.20035,13.071721],[80.200542,13.072523],[80.200698,13.072972],[80.200624,13.073212],[80.200678,13.073575],[80.200095,13.074074],[80.199672,13.074561],[80.199352,13.075219],[80.199133,13.076052],[80.198793,13.078469],[80.20265,13.077512]]]}]}},{"type":"Feature","properties":{},"geometry":{"type":"GeometryCollection","geometries":[{"type":"LineString","coordinates":[[80.215595,13.078752],[80.215503,13.078105],[80.215286,13.077063],[80.21497,13.076704],[80.213054,13.076927],[80.210763,13.077975],[80.210736,13.078708],[80.211111,13.078712],[80.211088,13.078524],[80.211465,13.078476],[80.211985,13.078353],[80.212198,13.078272],[80.21255,13.078083],[80.213084,13.077734],[80.213486,13.077421],[80.213698,13.077343],[80.214224,13.077241],[80.214276,13.077248],[80.214559,13.077229],[80.21482,13.077237],[80.214911,13.077226],[80.214964,13.077321],[80.215043,13.078518],[80.215097,13.078512],[80.215111,13.078796],[80.215595,13.078752]]},{"type":"Polygon","coordinates":[[[80.215595,13.078752],[80.215503,13.078105],[80.215286,13.077063],[80.21497,13.076704],[80.213054,13.076927],[80.210763,13.077975],[80.210736,13.078708],[80.211111,13.078712],[80.211088,13.078524],[80.211465,13.078476],[80.211985,13.078353],[80.212198,13.078272],[80.21255,13.078083],[80.213084,13.077734],[80.213486,13.077421],[80.213698,13.077343],[80.214224,13.077241],[80.214276,13.077248],[80.214559,13.077229],[80.21482,13.077237],[80.214911,13.077226],[80.214964,13.077321],[80.215043,13.078518],[80.215097,13.078512],[80.215111,13.078796],[80.215595,13.078752]]]}]}},{"type":"Feature","properties":{},"geometry":{"type":"GeometryCollection","geometries":[{"type":"LineString","coordinates":[[80.198544,13.098754],[80.19851,13.097716],[80.198427,13.094363],[80.198954,13.094372],[80.198899,13.093063],[80.199054,13.092747],[80.199044,13.091384],[80.198655,13.091389],[80.198433,13.085909],[80.197054,13.08601],[80.196867,13.083022],[80.195584,13.084234],[80.195201,13.08452],[80.195257,13.085202],[80.194094,13.085315],[80.194133,13.08559],[80.193376,13.085692],[80.193505,13.086363],[80.19338,13.086407],[80.193138,13.086502],[80.193202,13.087048],[80.192609,13.087082],[80.192685,13.089309],[80.192814,13.09485],[80.191549,13.094898],[80.191539,13.096382],[80.191124,13.096433],[80.191072,13.096055],[80.190559,13.096115],[80.190763,13.098078],[80.191959,13.098043],[80.191948,13.09823],[80.191558,13.098315],[80.191169,13.098407],[80.191151,13.099576],[80.192051,13.09973],[80.192113,13.101389],[80.19261,13.10142],[80.192638,13.101707],[80.194807,13.101948],[80.195194,13.099778],[80.195633,13.099543],[80.196416,13.099126],[80.197951,13.098797],[80.198544,13.098754]]},{"type":"Polygon","coordinates":[[[80.198544,13.098754],[80.19851,13.097716],[80.198427,13.094363],[80.198954,13.094372],[80.198899,13.093063],[80.199054,13.092747],[80.199044,13.091384],[80.198655,13.091389],[80.198433,13.085909],[80.197054,13.08601],[80.196867,13.083022],[80.195584,13.084234],[80.195201,13.08452],[80.195257,13.085202],[80.194094,13.085315],[80.194133,13.08559],[80.193376,13.085692],[80.193505,13.086363],[80.19338,13.086407],[80.193138,13.086502],[80.193202,13.087048],[80.192609,13.087082],[80.192685,13.089309],[80.192814,13.09485],[80.191549,13.094898],[80.191539,13.096382],[80.191124,13.096433],[80.191072,13.096055],[80.190559,13.096115],[80.190763,13.098078],[80.191959,13.098043],[80.191948,13.09823],[80.191558,13.098315],[80.191169,13.098407],[80.191151,13.099576],[80.192051,13.09973],[80.192113,13.101389],[80.19261,13.10142],[80.192638,13.101707],[80.194807,13.101948],[80.195194,13.099778],[80.195633,13.099543],[80.196416,13.099126],[80.197951,13.098797],[80.198544,13.098754]]]}]}},{"type":"Feature","properties":{},"geometry":{"type":"GeometryCollection","geometries":[{"type":"LineString","coordinates":[[80.197054,13.08601],[80.198433,13.085909],[80.198403,13.085144],[80.198941,13.085138],[80.198955,13.085347],[80.200012,13.085309],[80.201377,13.08527],[80.202936,13.085217],[80.203979,13.085169],[80.206424,13.085094],[80.207909,13.085028],[80.209916,13.084964],[80.209932,13.085379],[80.2131,13.085205],[80.21413,13.085178],[80.214125,13.084812],[80.213541,13.084847],[80.213547,13.08435],[80.215719,13.084267],[80.217517,13.084237],[80.217502,13.083459],[80.217517,13.082559],[80.21665,13.082574],[80.216643,13.082259],[80.217639,13.082221],[80.217824,13.082218],[80.217782,13.08118],[80.217773,13.080996],[80.217762,13.08057],[80.21613,13.080272],[80.215634,13.079026],[80.215595,13.078752],[80.215111,13.078796],[80.215097,13.078512],[80.215043,13.078518],[80.214964,13.077321],[80.214911,13.077226],[80.21482,13.077237],[80.214559,13.077229],[80.214276,13.077248],[80.214224,13.077241],[80.213698,13.077343],[80.213486,13.077421],[80.213084,13.077734],[80.21255,13.078083],[80.212198,13.078272],[80.211985,13.078353],[80.211465,13.078476],[80.211088,13.078524],[80.211111,13.078712],[80.210736,13.078708],[80.210763,13.077975],[80.206936,13.078116],[80.20265,13.077512],[80.198793,13.078469],[80.197842,13.078345],[80.196123,13.077699],[80.196867,13.083022],[80.197054,13.08601]]},{"type":"Polygon","coordinates":[[[80.197054,13.08601],[80.198433,13.085909],[80.198403,13.085144],[80.198941,13.085138],[80.198955,13.085347],[80.200012,13.085309],[80.201377,13.08527],[80.202936,13.085217],[80.203979,13.085169],[80.206424,13.085094],[80.207909,13.085028],[80.209916,13.084964],[80.209932,13.085379],[80.2131,13.085205],[80.21413,13.085178],[80.214125,13.084812],[80.213541,13.084847],[80.213547,13.08435],[80.215719,13.084267],[80.217517,13.084237],[80.217502,13.083459],[80.217517,13.082559],[80.21665,13.082574],[80.216643,13.082259],[80.217639,13.082221],[80.217824,13.082218],[80.217782,13.08118],[80.217773,13.080996],[80.217762,13.08057],[80.21613,13.080272],[80.215634,13.079026],[80.215595,13.078752],[80.215111,13.078796],[80.215097,13.078512],[80.215043,13.078518],[80.214964,13.077321],[80.214911,13.077226],[80.21482,13.077237],[80.214559,13.077229],[80.214276,13.077248],[80.214224,13.077241],[80.213698,13.077343],[80.213486,13.077421],[80.213084,13.077734],[80.21255,13.078083],[80.212198,13.078272],[80.211985,13.078353],[80.211465,13.078476],[80.211088,13.078524],[80.211111,13.078712],[80.210736,13.078708],[80.210763,13.077975],[80.206936,13.078116],[80.20265,13.077512],[80.198793,13.078469],[80.197842,13.078345],[80.196123,13.077699],[80.196867,13.083022],[80.197054,13.08601]]]}]}},{"type":"Feature","properties":{},"geometry":{"type":"GeometryCollection","geometries":[{"type":"LineString","coordinates":[[80.188671,13.042966],[80.188865,13.043402],[80.188619,13.044071],[80.188765,13.044115],[80.188563,13.044727],[80.188397,13.044664],[80.188284,13.044893],[80.188518,13.045033],[80.188815,13.045139],[80.188676,13.045904],[80.189431,13.046269],[80.190066,13.046267],[80.190183,13.044841],[80.191846,13.044942],[80.19189,13.044942],[80.191819,13.045775],[80.192331,13.045881],[80.19233,13.046389],[80.192659,13.046595],[80.19273,13.046452],[80.19317,13.046276],[80.193253,13.046179],[80.193298,13.045956],[80.194502,13.046413],[80.195687,13.04691],[80.196829,13.047264],[80.196779,13.04416],[80.197442,13.044105],[80.198481,13.04369],[80.199118,13.043614],[80.19974,13.04352],[80.200586,13.043417],[80.201499,13.043291],[80.202465,13.043114],[80.202742,13.042955],[80.204184,13.042773],[80.204378,13.040941],[80.204246,13.0404],[80.204214,13.040184],[80.204603,13.040075],[80.204423,13.038919],[80.20414,13.036131],[80.208082,13.035478],[80.209762,13.035238],[80.211172,13.035038],[80.211803,13.034951],[80.212114,13.034877],[80.212378,13.03484],[80.212521,13.034964],[80.213059,13.034947],[80.213518,13.034805],[80.213533,13.03464],[80.214061,13.034563],[80.214182,13.034538],[80.214266,13.035026],[80.214314,13.035474],[80.21438,13.036207],[80.214434,13.036853],[80.214504,13.037484],[80.214537,13.037919],[80.214587,13.038679],[80.214604,13.038981],[80.214619,13.03902],[80.214722,13.039019],[80.214707,13.03824],[80.214767,13.038238],[80.214762,13.037984],[80.2147,13.037983],[80.214575,13.03667],[80.214507,13.03667],[80.214405,13.0356],[80.214252,13.034523],[80.214246,13.034494],[80.214117,13.034513],[80.212969,13.034677],[80.212153,13.034781],[80.21201,13.034169],[80.209042,13.034557],[80.208244,13.034651],[80.208347,13.035339],[80.208047,13.035388],[80.207332,13.035496],[80.206666,13.035598],[80.205993,13.035709],[80.205384,13.035795],[80.205101,13.035845],[80.20493,13.035869],[80.204257,13.035957],[80.203911,13.035996],[80.203584,13.03528],[80.202961,13.033924],[80.202175,13.034022],[80.202119,13.033989],[80.202093,13.033983],[80.202039,13.033986],[80.202032,13.033933],[80.201173,13.033991],[80.201155,13.033618],[80.20188,13.03349],[80.201902,13.033247],[80.201803,13.033195],[80.201762,13.033034],[80.201295,13.033164],[80.200993,13.03319],[80.200853,13.032245],[80.200784,13.031716],[80.199877,13.031809],[80.19904,13.031838],[80.19848,13.031489],[80.198486,13.031435],[80.197728,13.031195],[80.196938,13.031068],[80.196332,13.031076],[80.19554,13.030992],[80.193233,13.030683],[80.192597,13.034898],[80.191518,13.034872],[80.191426,13.033859],[80.191161,13.032683],[80.190893,13.032686],[80.190845,13.032999],[80.190271,13.033098],[80.190237,13.033449],[80.190095,13.033465],[80.189042,13.033581],[80.18896,13.034045],[80.188724,13.034069],[80.188629,13.03475],[80.188587,13.0363],[80.187643,13.036365],[80.187595,13.037628],[80.187398,13.03763],[80.187331,13.038746],[80.188278,13.038754],[80.188262,13.03894],[80.188628,13.039023],[80.188608,13.039181],[80.188344,13.039333],[80.188401,13.039846],[80.188671,13.042966]]},{"type":"Polygon","coordinates":[[[80.188671,13.042966],[80.188865,13.043402],[80.188619,13.044071],[80.188765,13.044115],[80.188563,13.044727],[80.188397,13.044664],[80.188284,13.044893],[80.188518,13.045033],[80.188815,13.045139],[80.188676,13.045904],[80.189431,13.046269],[80.190066,13.046267],[80.190183,13.044841],[80.191846,13.044942],[80.19189,13.044942],[80.191819,13.045775],[80.192331,13.045881],[80.19233,13.046389],[80.192659,13.046595],[80.19273,13.046452],[80.19317,13.046276],[80.193253,13.046179],[80.193298,13.045956],[80.194502,13.046413],[80.195687,13.04691],[80.196829,13.047264],[80.196779,13.04416],[80.197442,13.044105],[80.198481,13.04369],[80.199118,13.043614],[80.19974,13.04352],[80.200586,13.043417],[80.201499,13.043291],[80.202465,13.043114],[80.202742,13.042955],[80.204184,13.042773],[80.204378,13.040941],[80.204246,13.0404],[80.204214,13.040184],[80.204603,13.040075],[80.204423,13.038919],[80.20414,13.036131],[80.208082,13.035478],[80.209762,13.035238],[80.211172,13.035038],[80.211803,13.034951],[80.212114,13.034877],[80.212378,13.03484],[80.212521,13.034964],[80.213059,13.034947],[80.213518,13.034805],[80.213533,13.03464],[80.214061,13.034563],[80.214182,13.034538],[80.214266,13.035026],[80.214314,13.035474],[80.21438,13.036207],[80.214434,13.036853],[80.214504,13.037484],[80.214537,13.037919],[80.214587,13.038679],[80.214604,13.038981],[80.214619,13.03902],[80.214722,13.039019],[80.214707,13.03824],[80.214767,13.038238],[80.214762,13.037984],[80.2147,13.037983],[80.214575,13.03667],[80.214507,13.03667],[80.214405,13.0356],[80.214252,13.034523],[80.214246,13.034494],[80.214117,13.034513],[80.212969,13.034677],[80.212153,13.034781],[80.21201,13.034169],[80.209042,13.034557],[80.208244,13.034651],[80.208347,13.035339],[80.208047,13.035388],[80.207332,13.035496],[80.206666,13.035598],[80.205993,13.035709],[80.205384,13.035795],[80.205101,13.035845],[80.20493,13.035869],[80.204257,13.035957],[80.203911,13.035996],[80.203584,13.03528],[80.202961,13.033924],[80.202175,13.034022],[80.202119,13.033989],[80.202093,13.033983],[80.202039,13.033986],[80.202032,13.033933],[80.201173,13.033991],[80.201155,13.033618],[80.20188,13.03349],[80.201902,13.033247],[80.201803,13.033195],[80.201762,13.033034],[80.201295,13.033164],[80.200993,13.03319],[80.200853,13.032245],[80.200784,13.031716],[80.199877,13.031809],[80.19904,13.031838],[80.19848,13.031489],[80.198486,13.031435],[80.197728,13.031195],[80.196938,13.031068],[80.196332,13.031076],[80.19554,13.030992],[80.193233,13.030683],[80.192597,13.034898],[80.191518,13.034872],[80.191426,13.033859],[80.191161,13.032683],[80.190893,13.032686],[80.190845,13.032999],[80.190271,13.033098],[80.190237,13.033449],[80.190095,13.033465],[80.189042,13.033581],[80.18896,13.034045],[80.188724,13.034069],[80.188629,13.03475],[80.188587,13.0363],[80.187643,13.036365],[80.187595,13.037628],[80.187398,13.03763],[80.187331,13.038746],[80.188278,13.038754],[80.188262,13.03894],[80.188628,13.039023],[80.188608,13.039181],[80.188344,13.039333],[80.188401,13.039846],[80.188671,13.042966]]]}]}},{"type":"Feature","properties":{},"geometry":{"type":"GeometryCollection","geometries":[{"type":"LineString","coordinates":[[80.198793,13.078469],[80.199133,13.076052],[80.199352,13.075219],[80.199672,13.074561],[80.200095,13.074074],[80.200678,13.073575],[80.200624,13.073212],[80.200698,13.072972],[80.200542,13.072523],[80.20035,13.071721],[80.198604,13.071752],[80.198449,13.069959],[80.19748,13.069653],[80.194856,13.069624],[80.189531,13.069639],[80.189829,13.073706],[80.192456,13.076319],[80.197842,13.078345],[80.198793,13.078469]]},{"type":"Polygon","coordinates":[[[80.198793,13.078469],[80.199133,13.076052],[80.199352,13.075219],[80.199672,13.074561],[80.200095,13.074074],[80.200678,13.073575],[80.200624,13.073212],[80.200698,13.072972],[80.200542,13.072523],[80.20035,13.071721],[80.198604,13.071752],[80.198449,13.069959],[80.19748,13.069653],[80.194856,13.069624],[80.189531,13.069639],[80.189829,13.073706],[80.192456,13.076319],[80.197842,13.078345],[80.198793,13.078469]]]}]}},{"type":"Feature","properties":{},"geometry":{"type":"GeometryCollection","geometries":[{"type":"LineString","coordinates":[[80.201129,13.068498],[80.190821,13.068501],[80.190866,13.069635],[80.194856,13.069624],[80.19748,13.069653],[80.198449,13.069959],[80.198604,13.071752],[80.20035,13.071721],[80.199974,13.069409],[80.20059,13.069383],[80.201129,13.068498]]},{"type":"Polygon","coordinates":[[[80.201129,13.068498],[80.190821,13.068501],[80.190866,13.069635],[80.194856,13.069624],[80.19748,13.069653],[80.198449,13.069959],[80.198604,13.071752],[80.20035,13.071721],[80.199974,13.069409],[80.20059,13.069383],[80.201129,13.068498]]]}]}},{"type":"Feature","properties":{},"geometry":{"type":"GeometryCollection","geometries":[{"type":"LineString","coordinates":[[80.205975,13.048578],[80.203888,13.047944],[80.201844,13.047394],[80.201222,13.047332],[80.199754,13.047373],[80.197474,13.047443],[80.196829,13.047264],[80.19614,13.04705],[80.196269,13.049202],[80.19755,13.049072],[80.197645,13.051178],[80.197297,13.051185],[80.197303,13.051258],[80.196877,13.051277],[80.196878,13.051324],[80.196583,13.051348],[80.196596,13.051561],[80.195156,13.05161],[80.195185,13.052183],[80.195185,13.052688],[80.194573,13.052701],[80.194516,13.052704],[80.194344,13.052835],[80.194392,13.053172],[80.194171,13.053207],[80.194004,13.053383],[80.193985,13.05465],[80.194089,13.054939],[80.194258,13.055266],[80.194254,13.055887],[80.194584,13.055938],[80.194675,13.056021],[80.194667,13.056185],[80.194699,13.056375],[80.194801,13.056727],[80.194917,13.05677],[80.195036,13.056776],[80.195207,13.056808],[80.19545,13.056917],[80.195579,13.056944],[80.195649,13.056878],[80.1959,13.057009],[80.196106,13.057003],[80.196136,13.056883],[80.196485,13.05709],[80.196659,13.057119],[80.196693,13.057238],[80.196504,13.057236],[80.196367,13.057354],[80.196623,13.057879],[80.196799,13.05835],[80.196847,13.05875],[80.196987,13.058771],[80.196998,13.059081],[80.197045,13.059416],[80.197237,13.059405],[80.19783,13.059276],[80.198562,13.05923],[80.19885,13.059083],[80.199378,13.059037],[80.200149,13.059029],[80.20014,13.059419],[80.20012,13.059524],[80.200248,13.059894],[80.200208,13.060231],[80.200131,13.060236],[80.19987,13.060142],[80.199621,13.060134],[80.199257,13.060212],[80.198991,13.06025],[80.198991,13.060493],[80.199011,13.06134],[80.199164,13.061448],[80.200577,13.061323],[80.200682,13.06155],[80.200574,13.061845],[80.200634,13.062133],[80.200879,13.062133],[80.201525,13.062141],[80.201995,13.062247],[80.202824,13.062298],[80.203935,13.0622],[80.205381,13.062235],[80.205754,13.062495],[80.206927,13.062015],[80.206988,13.061934],[80.206906,13.061546],[80.206975,13.061494],[80.20704,13.061557],[80.207074,13.061978],[80.207476,13.061796],[80.207525,13.061631],[80.208734,13.062793],[80.208957,13.0639],[80.208954,13.063983],[80.20899,13.064707],[80.208946,13.065001],[80.209124,13.064994],[80.209121,13.065358],[80.209784,13.06512],[80.210739,13.064777],[80.211081,13.065115],[80.211394,13.064592],[80.211561,13.063925],[80.211529,13.063648],[80.2116,13.062654],[80.211067,13.062722],[80.210829,13.061638],[80.211269,13.06111],[80.210784,13.060205],[80.210491,13.060049],[80.210611,13.059818],[80.211152,13.05895],[80.211444,13.058612],[80.211411,13.057616],[80.210812,13.057579],[80.210746,13.056545],[80.21139,13.056529],[80.211392,13.055829],[80.211397,13.054535],[80.211435,13.054256],[80.211538,13.053818],[80.211125,13.053813],[80.210286,13.053884],[80.210185,13.053775],[80.210205,13.053677],[80.210164,13.053501],[80.209349,13.053661],[80.209243,13.053504],[80.209789,13.053215],[80.209727,13.052751],[80.20945,13.052478],[80.208773,13.052473],[80.208773,13.052333],[80.20777,13.052381],[80.207609,13.048833],[80.207436,13.048786],[80.207402,13.049018],[80.205975,13.048578]]},{"type":"Polygon","coordinates":[[[80.205975,13.048578],[80.203888,13.047944],[80.201844,13.047394],[80.201222,13.047332],[80.199754,13.047373],[80.197474,13.047443],[80.196829,13.047264],[80.19614,13.04705],[80.196269,13.049202],[80.19755,13.049072],[80.197645,13.051178],[80.197297,13.051185],[80.197303,13.051258],[80.196877,13.051277],[80.196878,13.051324],[80.196583,13.051348],[80.196596,13.051561],[80.195156,13.05161],[80.195185,13.052183],[80.195185,13.052688],[80.194573,13.052701],[80.194516,13.052704],[80.194344,13.052835],[80.194392,13.053172],[80.194171,13.053207],[80.194004,13.053383],[80.193985,13.05465],[80.194089,13.054939],[80.194258,13.055266],[80.194254,13.055887],[80.194584,13.055938],[80.194675,13.056021],[80.194667,13.056185],[80.194699,13.056375],[80.194801,13.056727],[80.194917,13.05677],[80.195036,13.056776],[80.195207,13.056808],[80.19545,13.056917],[80.195579,13.056944],[80.195649,13.056878],[80.1959,13.057009],[80.196106,13.057003],[80.196136,13.056883],[80.196485,13.05709],[80.196659,13.057119],[80.196693,13.057238],[80.196504,13.057236],[80.196367,13.057354],[80.196623,13.057879],[80.196799,13.05835],[80.196847,13.05875],[80.196987,13.058771],[80.196998,13.059081],[80.197045,13.059416],[80.197237,13.059405],[80.19783,13.059276],[80.198562,13.05923],[80.19885,13.059083],[80.199378,13.059037],[80.200149,13.059029],[80.20014,13.059419],[80.20012,13.059524],[80.200248,13.059894],[80.200208,13.060231],[80.200131,13.060236],[80.19987,13.060142],[80.199621,13.060134],[80.199257,13.060212],[80.198991,13.06025],[80.198991,13.060493],[80.199011,13.06134],[80.199164,13.061448],[80.200577,13.061323],[80.200682,13.06155],[80.200574,13.061845],[80.200634,13.062133],[80.200879,13.062133],[80.201525,13.062141],[80.201995,13.062247],[80.202824,13.062298],[80.203935,13.0622],[80.205381,13.062235],[80.205754,13.062495],[80.206927,13.062015],[80.206988,13.061934],[80.206906,13.061546],[80.206975,13.061494],[80.20704,13.061557],[80.207074,13.061978],[80.207476,13.061796],[80.207525,13.061631],[80.208734,13.062793],[80.208957,13.0639],[80.208954,13.063983],[80.20899,13.064707],[80.208946,13.065001],[80.209124,13.064994],[80.209121,13.065358],[80.209784,13.06512],[80.210739,13.064777],[80.211081,13.065115],[80.211394,13.064592],[80.211561,13.063925],[80.211529,13.063648],[80.2116,13.062654],[80.211067,13.062722],[80.210829,13.061638],[80.211269,13.06111],[80.210784,13.060205],[80.210491,13.060049],[80.210611,13.059818],[80.211152,13.05895],[80.211444,13.058612],[80.211411,13.057616],[80.210812,13.057579],[80.210746,13.056545],[80.21139,13.056529],[80.211392,13.055829],[80.211397,13.054535],[80.211435,13.054256],[80.211538,13.053818],[80.211125,13.053813],[80.210286,13.053884],[80.210185,13.053775],[80.210205,13.053677],[80.210164,13.053501],[80.209349,13.053661],[80.209243,13.053504],[80.209789,13.053215],[80.209727,13.052751],[80.20945,13.052478],[80.208773,13.052473],[80.208773,13.052333],[80.20777,13.052381],[80.207609,13.048833],[80.207436,13.048786],[80.207402,13.049018],[80.205975,13.048578]]]}]}},{"type":"Feature","properties":{},"geometry":{"type":"GeometryCollection","geometries":[{"type":"LineString","coordinates":[[80.199011,13.06134],[80.198781,13.061459],[80.198385,13.061692],[80.198313,13.062147],[80.197573,13.062087],[80.197555,13.061709],[80.197553,13.060943],[80.197426,13.060761],[80.197046,13.060683],[80.195874,13.060692],[80.19542,13.060802],[80.19503,13.060859],[80.194937,13.060949],[80.194232,13.061621],[80.193798,13.061967],[80.19309,13.062066],[80.192839,13.06138],[80.192843,13.061081],[80.192471,13.060955],[80.190707,13.061606],[80.191,13.062579],[80.190392,13.063335],[80.190821,13.068501],[80.201129,13.068498],[80.201381,13.068084],[80.2041,13.06491],[80.205754,13.062495],[80.205381,13.062235],[80.203935,13.0622],[80.202824,13.062298],[80.201995,13.062247],[80.201525,13.062141],[80.200879,13.062133],[80.200634,13.062133],[80.200574,13.061845],[80.200682,13.06155],[80.200577,13.061323],[80.199164,13.061448],[80.199011,13.06134]]},{"type":"Polygon","coordinates":[[[80.199011,13.06134],[80.198781,13.061459],[80.198385,13.061692],[80.198313,13.062147],[80.197573,13.062087],[80.197555,13.061709],[80.197553,13.060943],[80.197426,13.060761],[80.197046,13.060683],[80.195874,13.060692],[80.19542,13.060802],[80.19503,13.060859],[80.194937,13.060949],[80.194232,13.061621],[80.193798,13.061967],[80.19309,13.062066],[80.192839,13.06138],[80.192843,13.061081],[80.192471,13.060955],[80.190707,13.061606],[80.191,13.062579],[80.190392,13.063335],[80.190821,13.068501],[80.201129,13.068498],[80.201381,13.068084],[80.2041,13.06491],[80.205754,13.062495],[80.205381,13.062235],[80.203935,13.0622],[80.202824,13.062298],[80.201995,13.062247],[80.201525,13.062141],[80.200879,13.062133],[80.200634,13.062133],[80.200574,13.061845],[80.200682,13.06155],[80.200577,13.061323],[80.199164,13.061448],[80.199011,13.06134]]]}]}},{"type":"Feature","properties":{},"geometry":{"type":"GeometryCollection","geometries":[{"type":"LineString","coordinates":[[80.214462,13.058429],[80.214446,13.058114],[80.214436,13.057748],[80.213876,13.057775],[80.213917,13.056304],[80.213998,13.056296],[80.21406,13.056243],[80.21406,13.056129],[80.213997,13.056128],[80.213999,13.055951],[80.213089,13.055981],[80.212999,13.055905],[80.213115,13.055806],[80.213129,13.055386],[80.213229,13.054702],[80.21359,13.054665],[80.213477,13.053535],[80.212032,13.053459],[80.211885,13.053902],[80.211865,13.054416],[80.21186,13.05583],[80.211392,13.055829],[80.21139,13.056529],[80.210746,13.056545],[80.210812,13.057579],[80.211411,13.057616],[80.211444,13.058612],[80.211687,13.058448],[80.211998,13.0584],[80.212698,13.058155],[80.2133,13.05812],[80.213624,13.058283],[80.213977,13.058407],[80.214462,13.058429]]},{"type":"Polygon","coordinates":[[[80.214462,13.058429],[80.214446,13.058114],[80.214436,13.057748],[80.213876,13.057775],[80.213917,13.056304],[80.213998,13.056296],[80.21406,13.056243],[80.21406,13.056129],[80.213997,13.056128],[80.213999,13.055951],[80.213089,13.055981],[80.212999,13.055905],[80.213115,13.055806],[80.213129,13.055386],[80.213229,13.054702],[80.21359,13.054665],[80.213477,13.053535],[80.212032,13.053459],[80.211885,13.053902],[80.211865,13.054416],[80.21186,13.05583],[80.211392,13.055829],[80.21139,13.056529],[80.210746,13.056545],[80.210812,13.057579],[80.211411,13.057616],[80.211444,13.058612],[80.211687,13.058448],[80.211998,13.0584],[80.212698,13.058155],[80.2133,13.05812],[80.213624,13.058283],[80.213977,13.058407],[80.214462,13.058429]]]}]}},{"type":"Feature","properties":{},"geometry":{"type":"GeometryCollection","geometries":[{"type":"LineString","coordinates":[[80.207436,13.048786],[80.207609,13.048833],[80.20777,13.052381],[80.208773,13.052333],[80.208773,13.052473],[80.20945,13.052478],[80.209727,13.052751],[80.209789,13.053215],[80.209243,13.053504],[80.209349,13.053661],[80.210164,13.053501],[80.210205,13.053677],[80.210185,13.053775],[80.210286,13.053884],[80.211125,13.053813],[80.211538,13.053818],[80.211435,13.054256],[80.211397,13.054535],[80.211392,13.055829],[80.21186,13.05583],[80.211865,13.054416],[80.211885,13.053902],[80.212032,13.053459],[80.213477,13.053535],[80.21359,13.054665],[80.213229,13.054702],[80.213129,13.055386],[80.213115,13.055806],[80.212999,13.055905],[80.213089,13.055981],[80.213999,13.055951],[80.213997,13.056128],[80.21406,13.056129],[80.21406,13.056243],[80.213998,13.056296],[80.213917,13.056304],[80.213876,13.057775],[80.214436,13.057748],[80.214446,13.058114],[80.214462,13.058429],[80.21513,13.058392],[80.215869,13.058373],[80.21602,13.058423],[80.216878,13.058396],[80.217075,13.058502],[80.217945,13.058389],[80.217831,13.0569],[80.217984,13.056893],[80.217993,13.056449],[80.218564,13.056365],[80.218529,13.055383],[80.218521,13.054497],[80.218328,13.05433],[80.2186,13.053545],[80.219146,13.053516],[80.218956,13.05272],[80.218076,13.052756],[80.218046,13.052647],[80.218038,13.052482],[80.219044,13.052139],[80.219197,13.051629],[80.219835,13.051755],[80.220477,13.051411],[80.220557,13.051491],[80.221488,13.051479],[80.221608,13.051009],[80.221458,13.049995],[80.221489,13.049507],[80.221369,13.048832],[80.220838,13.048875],[80.220732,13.048827],[80.220726,13.048728],[80.220659,13.048608],[80.220816,13.048223],[80.221671,13.048019],[80.221581,13.047535],[80.2229,13.04721],[80.222688,13.046058],[80.222659,13.045915],[80.222136,13.045963],[80.221923,13.044929],[80.221139,13.045031],[80.221096,13.044851],[80.220843,13.045009],[80.219946,13.045178],[80.220058,13.046273],[80.219594,13.046313],[80.219509,13.045443],[80.219149,13.045424],[80.219101,13.045095],[80.218409,13.045303],[80.218247,13.044994],[80.217786,13.045091],[80.217645,13.044567],[80.217263,13.044619],[80.216622,13.044716],[80.216351,13.044727],[80.216363,13.044542],[80.216151,13.044495],[80.215946,13.0445],[80.215508,13.044604],[80.215069,13.044694],[80.214986,13.045627],[80.214819,13.046338],[80.214688,13.046424],[80.2142,13.046356],[80.214108,13.046815],[80.213815,13.046773],[80.213782,13.046272],[80.212972,13.046217],[80.212895,13.046026],[80.212724,13.045902],[80.212789,13.045624],[80.212709,13.044724],[80.212269,13.04469],[80.212245,13.045489],[80.211428,13.045426],[80.211362,13.045741],[80.211381,13.046448],[80.210585,13.046425],[80.209346,13.046451],[80.208571,13.046498],[80.208493,13.046247],[80.208398,13.046233],[80.208196,13.046232],[80.207595,13.046203],[80.207625,13.046636],[80.207436,13.048786]]},{"type":"Polygon","coordinates":[[[80.207436,13.048786],[80.207609,13.048833],[80.20777,13.052381],[80.208773,13.052333],[80.208773,13.052473],[80.20945,13.052478],[80.209727,13.052751],[80.209789,13.053215],[80.209243,13.053504],[80.209349,13.053661],[80.210164,13.053501],[80.210205,13.053677],[80.210185,13.053775],[80.210286,13.053884],[80.211125,13.053813],[80.211538,13.053818],[80.211435,13.054256],[80.211397,13.054535],[80.211392,13.055829],[80.21186,13.05583],[80.211865,13.054416],[80.211885,13.053902],[80.212032,13.053459],[80.213477,13.053535],[80.21359,13.054665],[80.213229,13.054702],[80.213129,13.055386],[80.213115,13.055806],[80.212999,13.055905],[80.213089,13.055981],[80.213999,13.055951],[80.213997,13.056128],[80.21406,13.056129],[80.21406,13.056243],[80.213998,13.056296],[80.213917,13.056304],[80.213876,13.057775],[80.214436,13.057748],[80.214446,13.058114],[80.214462,13.058429],[80.21513,13.058392],[80.215869,13.058373],[80.21602,13.058423],[80.216878,13.058396],[80.217075,13.058502],[80.217945,13.058389],[80.217831,13.0569],[80.217984,13.056893],[80.217993,13.056449],[80.218564,13.056365],[80.218529,13.055383],[80.218521,13.054497],[80.218328,13.05433],[80.2186,13.053545],[80.219146,13.053516],[80.218956,13.05272],[80.218076,13.052756],[80.218046,13.052647],[80.218038,13.052482],[80.219044,13.052139],[80.219197,13.051629],[80.219835,13.051755],[80.220477,13.051411],[80.220557,13.051491],[80.221488,13.051479],[80.221608,13.051009],[80.221458,13.049995],[80.221489,13.049507],[80.221369,13.048832],[80.220838,13.048875],[80.220732,13.048827],[80.220726,13.048728],[80.220659,13.048608],[80.220816,13.048223],[80.221671,13.048019],[80.221581,13.047535],[80.2229,13.04721],[80.222688,13.046058],[80.222659,13.045915],[80.222136,13.045963],[80.221923,13.044929],[80.221139,13.045031],[80.221096,13.044851],[80.220843,13.045009],[80.219946,13.045178],[80.220058,13.046273],[80.219594,13.046313],[80.219509,13.045443],[80.219149,13.045424],[80.219101,13.045095],[80.218409,13.045303],[80.218247,13.044994],[80.217786,13.045091],[80.217645,13.044567],[80.217263,13.044619],[80.216622,13.044716],[80.216351,13.044727],[80.216363,13.044542],[80.216151,13.044495],[80.215946,13.0445],[80.215508,13.044604],[80.215069,13.044694],[80.214986,13.045627],[80.214819,13.046338],[80.214688,13.046424],[80.2142,13.046356],[80.214108,13.046815],[80.213815,13.046773],[80.213782,13.046272],[80.212972,13.046217],[80.212895,13.046026],[80.212724,13.045902],[80.212789,13.045624],[80.212709,13.044724],[80.212269,13.04469],[80.212245,13.045489],[80.211428,13.045426],[80.211362,13.045741],[80.211381,13.046448],[80.210585,13.046425],[80.209346,13.046451],[80.208571,13.046498],[80.208493,13.046247],[80.208398,13.046233],[80.208196,13.046232],[80.207595,13.046203],[80.207625,13.046636],[80.207436,13.048786]]]}]}},{"type":"Feature","properties":{},"geometry":{"type":"GeometryCollection","geometries":[{"type":"LineString","coordinates":[[80.212754,13.00631],[80.21269,13.005977],[80.211647,13.006288],[80.211605,13.0062],[80.211472,13.006232],[80.21139,13.006257],[80.21152,13.006632],[80.211135,13.006739],[80.211211,13.007066],[80.212615,13.008245],[80.213089,13.00794],[80.212914,13.007031],[80.212754,13.00631]]},{"type":"Polygon","coordinates":[[[80.212754,13.00631],[80.21269,13.005977],[80.211647,13.006288],[80.211605,13.0062],[80.211472,13.006232],[80.21139,13.006257],[80.21152,13.006632],[80.211135,13.006739],[80.211211,13.007066],[80.212615,13.008245],[80.213089,13.00794],[80.212914,13.007031],[80.212754,13.00631]]]}]}},{"type":"Feature","properties":{},"geometry":{"type":"GeometryCollection","geometries":[{"type":"LineString","coordinates":[[80.228645,13.066974],[80.228746,13.06687],[80.230082,13.066942],[80.23039,13.066862],[80.231711,13.066551],[80.232788,13.066168],[80.233363,13.067677],[80.235629,13.066127],[80.236117,13.064765],[80.234845,13.063914],[80.236466,13.061675],[80.236663,13.061854],[80.237609,13.060804],[80.237064,13.059292],[80.237062,13.057922],[80.237203,13.056011],[80.237179,13.055196],[80.23689,13.05521],[80.236657,13.053566],[80.234691,13.053829],[80.234683,13.053994],[80.234684,13.054805],[80.234728,13.05607],[80.234431,13.056084],[80.234239,13.053846],[80.232823,13.053966],[80.23115,13.054154],[80.229958,13.046414],[80.229839,13.04565],[80.229429,13.045737],[80.229384,13.045626],[80.228448,13.045932],[80.228506,13.046071],[80.228241,13.046124],[80.228182,13.04599],[80.227387,13.046256],[80.22609,13.046644],[80.225962,13.046589],[80.225445,13.046663],[80.224784,13.04688],[80.224673,13.04701],[80.224095,13.046975],[80.2229,13.04721],[80.221581,13.047535],[80.221671,13.048019],[80.220816,13.048223],[80.220659,13.048608],[80.220726,13.048728],[80.220732,13.048827],[80.220838,13.048875],[80.221369,13.048832],[80.221489,13.049507],[80.221458,13.049995],[80.221533,13.0505],[80.221608,13.051009],[80.221488,13.051479],[80.220557,13.051491],[80.220477,13.051411],[80.219835,13.051755],[80.219197,13.051629],[80.219044,13.052139],[80.218038,13.052482],[80.218046,13.052647],[80.218076,13.052756],[80.218956,13.05272],[80.219146,13.053516],[80.2186,13.053545],[80.218328,13.05433],[80.218521,13.054497],[80.218529,13.055383],[80.219166,13.055342],[80.2195,13.056978],[80.219405,13.057002],[80.219471,13.057306],[80.219673,13.057261],[80.2198,13.057924],[80.22038,13.05791],[80.220493,13.057949],[80.220592,13.058167],[80.221322,13.058022],[80.221666,13.0595],[80.222203,13.059386],[80.222446,13.060075],[80.222762,13.05998],[80.222865,13.060342],[80.2216,13.060796],[80.221877,13.061631],[80.222119,13.061573],[80.222342,13.062192],[80.222993,13.061983],[80.223136,13.062374],[80.223771,13.062144],[80.223943,13.062665],[80.224014,13.063125],[80.223349,13.063337],[80.223442,13.063761],[80.222408,13.064067],[80.22234,13.06414],[80.222409,13.06458],[80.222645,13.064531],[80.222695,13.064819],[80.222531,13.064854],[80.222697,13.065904],[80.222827,13.066014],[80.222937,13.066123],[80.222907,13.0664],[80.222914,13.066485],[80.222979,13.066558],[80.223083,13.066574],[80.22408,13.066315],[80.22444,13.066363],[80.224947,13.066221],[80.2253,13.065979],[80.225403,13.065925],[80.225482,13.065914],[80.225548,13.065924],[80.225655,13.065945],[80.225842,13.065975],[80.226069,13.065927],[80.226918,13.065725],[80.22707,13.06649],[80.227303,13.066853],[80.227355,13.067083],[80.227677,13.067596],[80.228161,13.067277],[80.22826,13.067426],[80.228309,13.067536],[80.228364,13.067849],[80.22839,13.067912],[80.228453,13.068152],[80.228485,13.068198],[80.228694,13.068045],[80.228729,13.068034],[80.22855,13.067264],[80.228645,13.066974]]},{"type":"Polygon","coordinates":[[[80.228645,13.066974],[80.228746,13.06687],[80.230082,13.066942],[80.23039,13.066862],[80.231711,13.066551],[80.232788,13.066168],[80.233363,13.067677],[80.235629,13.066127],[80.236117,13.064765],[80.234845,13.063914],[80.236466,13.061675],[80.236663,13.061854],[80.237609,13.060804],[80.237064,13.059292],[80.237062,13.057922],[80.237203,13.056011],[80.237179,13.055196],[80.23689,13.05521],[80.236657,13.053566],[80.234691,13.053829],[80.234683,13.053994],[80.234684,13.054805],[80.234728,13.05607],[80.234431,13.056084],[80.234239,13.053846],[80.232823,13.053966],[80.23115,13.054154],[80.229958,13.046414],[80.229839,13.04565],[80.229429,13.045737],[80.229384,13.045626],[80.228448,13.045932],[80.228506,13.046071],[80.228241,13.046124],[80.228182,13.04599],[80.227387,13.046256],[80.22609,13.046644],[80.225962,13.046589],[80.225445,13.046663],[80.224784,13.04688],[80.224673,13.04701],[80.224095,13.046975],[80.2229,13.04721],[80.221581,13.047535],[80.221671,13.048019],[80.220816,13.048223],[80.220659,13.048608],[80.220726,13.048728],[80.220732,13.048827],[80.220838,13.048875],[80.221369,13.048832],[80.221489,13.049507],[80.221458,13.049995],[80.221533,13.0505],[80.221608,13.051009],[80.221488,13.051479],[80.220557,13.051491],[80.220477,13.051411],[80.219835,13.051755],[80.219197,13.051629],[80.219044,13.052139],[80.218038,13.052482],[80.218046,13.052647],[80.218076,13.052756],[80.218956,13.05272],[80.219146,13.053516],[80.2186,13.053545],[80.218328,13.05433],[80.218521,13.054497],[80.218529,13.055383],[80.219166,13.055342],[80.2195,13.056978],[80.219405,13.057002],[80.219471,13.057306],[80.219673,13.057261],[80.2198,13.057924],[80.22038,13.05791],[80.220493,13.057949],[80.220592,13.058167],[80.221322,13.058022],[80.221666,13.0595],[80.222203,13.059386],[80.222446,13.060075],[80.222762,13.05998],[80.222865,13.060342],[80.2216,13.060796],[80.221877,13.061631],[80.222119,13.061573],[80.222342,13.062192],[80.222993,13.061983],[80.223136,13.062374],[80.223771,13.062144],[80.223943,13.062665],[80.224014,13.063125],[80.223349,13.063337],[80.223442,13.063761],[80.222408,13.064067],[80.22234,13.06414],[80.222409,13.06458],[80.222645,13.064531],[80.222695,13.064819],[80.222531,13.064854],[80.222697,13.065904],[80.222827,13.066014],[80.222937,13.066123],[80.222907,13.0664],[80.222914,13.066485],[80.222979,13.066558],[80.223083,13.066574],[80.22408,13.066315],[80.22444,13.066363],[80.224947,13.066221],[80.2253,13.065979],[80.225403,13.065925],[80.225482,13.065914],[80.225548,13.065924],[80.225655,13.065945],[80.225842,13.065975],[80.226069,13.065927],[80.226918,13.065725],[80.22707,13.06649],[80.227303,13.066853],[80.227355,13.067083],[80.227677,13.067596],[80.228161,13.067277],[80.22826,13.067426],[80.228309,13.067536],[80.228364,13.067849],[80.22839,13.067912],[80.228453,13.068152],[80.228485,13.068198],[80.228694,13.068045],[80.228729,13.068034],[80.22855,13.067264],[80.228645,13.066974]]]}]}},{"type":"Feature","properties":{},"geometry":{"type":"GeometryCollection","geometries":[{"type":"LineString","coordinates":[[80.229839,13.04565],[80.229371,13.043765],[80.229202,13.042999],[80.228821,13.041498],[80.228636,13.040772],[80.227487,13.037625],[80.22743,13.037429],[80.226683,13.037565],[80.226179,13.03787],[80.225972,13.03863],[80.226308,13.039393],[80.226344,13.039424],[80.226129,13.039628],[80.225418,13.039037],[80.225028,13.039207],[80.224873,13.038945],[80.224347,13.038189],[80.223937,13.038102],[80.223121,13.037066],[80.222831,13.037152],[80.222668,13.036984],[80.222302,13.036335],[80.222216,13.036047],[80.221234,13.036188],[80.220972,13.035793],[80.220672,13.035633],[80.219588,13.035637],[80.219577,13.035057],[80.218127,13.035128],[80.218185,13.035683],[80.217312,13.035741],[80.217508,13.036431],[80.217622,13.036662],[80.217792,13.036639],[80.218193,13.036596],[80.218661,13.036554],[80.218665,13.036695],[80.217624,13.036828],[80.217531,13.037225],[80.21778,13.037181],[80.218215,13.037131],[80.218561,13.037099],[80.218724,13.037093],[80.218749,13.037259],[80.217681,13.037426],[80.217437,13.037569],[80.216548,13.037727],[80.21668,13.038314],[80.216729,13.038774],[80.216699,13.038917],[80.216784,13.038997],[80.216892,13.039756],[80.218029,13.03964],[80.218049,13.039967],[80.218096,13.040063],[80.2181,13.040188],[80.218161,13.040634],[80.218015,13.040651],[80.218035,13.040888],[80.21823,13.041041],[80.21814,13.041646],[80.218319,13.042764],[80.21859,13.043847],[80.218681,13.044215],[80.218027,13.044393],[80.218112,13.044599],[80.218438,13.044694],[80.218453,13.044871],[80.218247,13.044994],[80.218409,13.045303],[80.219101,13.045095],[80.219149,13.045424],[80.219509,13.045443],[80.219594,13.046313],[80.220058,13.046273],[80.219946,13.045178],[80.220843,13.045009],[80.221096,13.044851],[80.221139,13.045031],[80.221923,13.044929],[80.222136,13.045963],[80.222659,13.045915],[80.222688,13.046058],[80.2229,13.04721],[80.224095,13.046975],[80.224673,13.04701],[80.224784,13.04688],[80.225445,13.046663],[80.225962,13.046589],[80.22609,13.046644],[80.227387,13.046256],[80.228182,13.04599],[80.228241,13.046124],[80.228506,13.046071],[80.228448,13.045932],[80.229384,13.045626],[80.229429,13.045737],[80.229839,13.04565]]},{"type":"Polygon","coordinates":[[[80.229839,13.04565],[80.229371,13.043765],[80.229202,13.042999],[80.228821,13.041498],[80.228636,13.040772],[80.227487,13.037625],[80.22743,13.037429],[80.226683,13.037565],[80.226179,13.03787],[80.225972,13.03863],[80.226308,13.039393],[80.226344,13.039424],[80.226129,13.039628],[80.225418,13.039037],[80.225028,13.039207],[80.224873,13.038945],[80.224347,13.038189],[80.223937,13.038102],[80.223121,13.037066],[80.222831,13.037152],[80.222668,13.036984],[80.222302,13.036335],[80.222216,13.036047],[80.221234,13.036188],[80.220972,13.035793],[80.220672,13.035633],[80.219588,13.035637],[80.219577,13.035057],[80.218127,13.035128],[80.218185,13.035683],[80.217312,13.035741],[80.217508,13.036431],[80.217622,13.036662],[80.217792,13.036639],[80.218193,13.036596],[80.218661,13.036554],[80.218665,13.036695],[80.217624,13.036828],[80.217531,13.037225],[80.21778,13.037181],[80.218215,13.037131],[80.218561,13.037099],[80.218724,13.037093],[80.218749,13.037259],[80.217681,13.037426],[80.217437,13.037569],[80.216548,13.037727],[80.21668,13.038314],[80.216729,13.038774],[80.216699,13.038917],[80.216784,13.038997],[80.216892,13.039756],[80.218029,13.03964],[80.218049,13.039967],[80.218096,13.040063],[80.2181,13.040188],[80.218161,13.040634],[80.218015,13.040651],[80.218035,13.040888],[80.21823,13.041041],[80.21814,13.041646],[80.218319,13.042764],[80.21859,13.043847],[80.218681,13.044215],[80.218027,13.044393],[80.218112,13.044599],[80.218438,13.044694],[80.218453,13.044871],[80.218247,13.044994],[80.218409,13.045303],[80.219101,13.045095],[80.219149,13.045424],[80.219509,13.045443],[80.219594,13.046313],[80.220058,13.046273],[80.219946,13.045178],[80.220843,13.045009],[80.221096,13.044851],[80.221139,13.045031],[80.221923,13.044929],[80.222136,13.045963],[80.222659,13.045915],[80.222688,13.046058],[80.2229,13.04721],[80.224095,13.046975],[80.224673,13.04701],[80.224784,13.04688],[80.225445,13.046663],[80.225962,13.046589],[80.22609,13.046644],[80.227387,13.046256],[80.228182,13.04599],[80.228241,13.046124],[80.228506,13.046071],[80.228448,13.045932],[80.229384,13.045626],[80.229429,13.045737],[80.229839,13.04565]]]}]}},{"type":"Feature","properties":{},"geometry":{"type":"GeometryCollection","geometries":[{"type":"LineString","coordinates":[[80.239448,13.031735],[80.239766,13.031715],[80.24151,13.032321],[80.241701,13.031958],[80.240683,13.03151],[80.243181,13.030068],[80.242851,13.029493],[80.242132,13.029763],[80.241356,13.029895],[80.240779,13.028707],[80.240127,13.027325],[80.239141,13.025238],[80.239667,13.024866],[80.239344,13.0246],[80.238977,13.0239],[80.234082,13.026263],[80.233275,13.026844],[80.230931,13.02615],[80.230802,13.026562],[80.230761,13.028808],[80.230644,13.030509],[80.231731,13.030744],[80.231728,13.030765],[80.23166,13.03115],[80.230956,13.030987],[80.230592,13.030982],[80.230589,13.030982],[80.230589,13.030983],[80.230502,13.031711],[80.230369,13.031917],[80.229446,13.031987],[80.228831,13.031911],[80.22697,13.032094],[80.226282,13.032207],[80.22697,13.035252],[80.22743,13.037429],[80.227487,13.037625],[80.228636,13.040772],[80.228821,13.041498],[80.229228,13.041429],[80.229583,13.042881],[80.229919,13.042831],[80.23002,13.042589],[80.232004,13.042371],[80.231843,13.041177],[80.232093,13.041139],[80.232819,13.041087],[80.234049,13.040765],[80.234283,13.040012],[80.234662,13.039714],[80.234835,13.039104],[80.23583,13.03885],[80.236483,13.038685],[80.236618,13.03841],[80.236916,13.036796],[80.237612,13.036714],[80.237668,13.036502],[80.23776,13.036159],[80.238126,13.035291],[80.239225,13.03566],[80.241305,13.035596],[80.24167,13.036491],[80.241833,13.037495],[80.243472,13.037324],[80.242992,13.035883],[80.242458,13.03508],[80.24197,13.034224],[80.241683,13.034181],[80.241202,13.033561],[80.24048,13.033059],[80.239661,13.03249],[80.239595,13.032444],[80.239042,13.032268],[80.239375,13.03174],[80.239448,13.031735]]},{"type":"Polygon","coordinates":[[[80.239448,13.031735],[80.239766,13.031715],[80.24151,13.032321],[80.241701,13.031958],[80.240683,13.03151],[80.243181,13.030068],[80.242851,13.029493],[80.242132,13.029763],[80.241356,13.029895],[80.240779,13.028707],[80.240127,13.027325],[80.239141,13.025238],[80.239667,13.024866],[80.239344,13.0246],[80.238977,13.0239],[80.234082,13.026263],[80.233275,13.026844],[80.230931,13.02615],[80.230802,13.026562],[80.230761,13.028808],[80.230644,13.030509],[80.231731,13.030744],[80.231728,13.030765],[80.23166,13.03115],[80.230956,13.030987],[80.230592,13.030982],[80.230589,13.030982],[80.230589,13.030983],[80.230502,13.031711],[80.230369,13.031917],[80.229446,13.031987],[80.228831,13.031911],[80.22697,13.032094],[80.226282,13.032207],[80.22697,13.035252],[80.22743,13.037429],[80.227487,13.037625],[80.228636,13.040772],[80.228821,13.041498],[80.229228,13.041429],[80.229583,13.042881],[80.229919,13.042831],[80.23002,13.042589],[80.232004,13.042371],[80.231843,13.041177],[80.232093,13.041139],[80.232819,13.041087],[80.234049,13.040765],[80.234283,13.040012],[80.234662,13.039714],[80.234835,13.039104],[80.23583,13.03885],[80.236483,13.038685],[80.236618,13.03841],[80.236916,13.036796],[80.237612,13.036714],[80.237668,13.036502],[80.23776,13.036159],[80.238126,13.035291],[80.239225,13.03566],[80.241305,13.035596],[80.24167,13.036491],[80.241833,13.037495],[80.243472,13.037324],[80.242992,13.035883],[80.242458,13.03508],[80.24197,13.034224],[80.241683,13.034181],[80.241202,13.033561],[80.24048,13.033059],[80.239661,13.03249],[80.239595,13.032444],[80.239042,13.032268],[80.239375,13.03174],[80.239448,13.031735]]]}]}},{"type":"Feature","properties":{},"geometry":{"type":"GeometryCollection","geometries":[{"type":"LineString","coordinates":[[80.22697,13.032094],[80.228831,13.031911],[80.229446,13.031987],[80.230369,13.031917],[80.230502,13.031711],[80.230589,13.030983],[80.230589,13.030982],[80.230592,13.030982],[80.230956,13.030987],[80.23166,13.03115],[80.231728,13.030765],[80.231731,13.030744],[80.230644,13.030509],[80.230761,13.028808],[80.230802,13.026562],[80.230931,13.02615],[80.233275,13.026844],[80.234082,13.026263],[80.232525,13.023805],[80.232016,13.022425],[80.229291,13.023364],[80.22757,13.019427],[80.226742,13.019718],[80.224589,13.019195],[80.221965,13.018908],[80.221988,13.018971],[80.222294,13.019809],[80.22256,13.020539],[80.222904,13.02107],[80.223256,13.021614],[80.223813,13.023531],[80.224004,13.024188],[80.224256,13.02508],[80.224559,13.026152],[80.22551,13.028808],[80.226201,13.031822],[80.226282,13.032207],[80.22697,13.032094]]},{"type":"Polygon","coordinates":[[[80.22697,13.032094],[80.228831,13.031911],[80.229446,13.031987],[80.230369,13.031917],[80.230502,13.031711],[80.230589,13.030983],[80.230589,13.030982],[80.230592,13.030982],[80.230956,13.030987],[80.23166,13.03115],[80.231728,13.030765],[80.231731,13.030744],[80.230644,13.030509],[80.230761,13.028808],[80.230802,13.026562],[80.230931,13.02615],[80.233275,13.026844],[80.234082,13.026263],[80.232525,13.023805],[80.232016,13.022425],[80.229291,13.023364],[80.22757,13.019427],[80.226742,13.019718],[80.224589,13.019195],[80.221965,13.018908],[80.221988,13.018971],[80.222294,13.019809],[80.22256,13.020539],[80.222904,13.02107],[80.223256,13.021614],[80.223813,13.023531],[80.224004,13.024188],[80.224256,13.02508],[80.224559,13.026152],[80.22551,13.028808],[80.226201,13.031822],[80.226282,13.032207],[80.22697,13.032094]]]}]}},{"type":"Feature","properties":{},"geometry":{"type":"GeometryCollection","geometries":[{"type":"LineString","coordinates":[[80.225972,13.03863],[80.226179,13.03787],[80.226683,13.037565],[80.22743,13.037429],[80.22697,13.035252],[80.226282,13.032207],[80.226201,13.031822],[80.22551,13.028808],[80.224559,13.026152],[80.224256,13.02508],[80.224004,13.024188],[80.223813,13.023531],[80.222988,13.023498],[80.22294,13.023496],[80.22293,13.023316],[80.222914,13.023059],[80.222848,13.023059],[80.222639,13.02306],[80.222633,13.023379],[80.222293,13.023387],[80.222048,13.023393],[80.222045,13.023238],[80.221769,13.023235],[80.221546,13.023235],[80.221524,13.023681],[80.220956,13.023654],[80.220972,13.023179],[80.220583,13.023144],[80.220547,13.023618],[80.220333,13.023597],[80.219763,13.023508],[80.219703,13.023092],[80.219384,13.023137],[80.219299,13.022617],[80.218424,13.022692],[80.217764,13.022749],[80.21778,13.022926],[80.217875,13.02396],[80.217594,13.023985],[80.217632,13.024406],[80.216851,13.024394],[80.216824,13.024998],[80.216744,13.026782],[80.216383,13.026766],[80.21569,13.026748],[80.215679,13.0271],[80.215311,13.027159],[80.215152,13.027169],[80.215144,13.027264],[80.214811,13.027303],[80.214534,13.02735],[80.214176,13.027426],[80.21425,13.027712],[80.214309,13.027928],[80.214345,13.028105],[80.214361,13.028207],[80.214377,13.028285],[80.214396,13.028381],[80.214424,13.028525],[80.21444,13.0286],[80.214471,13.028747],[80.214294,13.028967],[80.214308,13.029191],[80.214487,13.02953],[80.214438,13.029796],[80.214552,13.029993],[80.21483,13.030406],[80.215232,13.030404],[80.21549,13.030407],[80.215719,13.030418],[80.216041,13.03043],[80.216322,13.030448],[80.21659,13.030447],[80.21692,13.030436],[80.216993,13.030665],[80.217588,13.030653],[80.21765,13.031463],[80.218525,13.031562],[80.21883,13.031631],[80.218461,13.032318],[80.218625,13.032734],[80.218671,13.033644],[80.217417,13.034164],[80.217518,13.035728],[80.218185,13.035683],[80.218127,13.035128],[80.219577,13.035057],[80.219588,13.035637],[80.220672,13.035633],[80.220972,13.035793],[80.221234,13.036188],[80.222216,13.036047],[80.222302,13.036335],[80.222668,13.036984],[80.222831,13.037152],[80.223121,13.037066],[80.223937,13.038102],[80.224347,13.038189],[80.224873,13.038945],[80.225028,13.039207],[80.225418,13.039037],[80.226129,13.039628],[80.226321,13.039446],[80.226362,13.039498],[80.226399,13.039469],[80.226308,13.039393],[80.225972,13.03863]]},{"type":"Polygon","coordinates":[[[80.225972,13.03863],[80.226179,13.03787],[80.226683,13.037565],[80.22743,13.037429],[80.22697,13.035252],[80.226282,13.032207],[80.226201,13.031822],[80.22551,13.028808],[80.224559,13.026152],[80.224256,13.02508],[80.224004,13.024188],[80.223813,13.023531],[80.222988,13.023498],[80.22294,13.023496],[80.22293,13.023316],[80.222914,13.023059],[80.222848,13.023059],[80.222639,13.02306],[80.222633,13.023379],[80.222293,13.023387],[80.222048,13.023393],[80.222045,13.023238],[80.221769,13.023235],[80.221546,13.023235],[80.221524,13.023681],[80.220956,13.023654],[80.220972,13.023179],[80.220583,13.023144],[80.220547,13.023618],[80.220333,13.023597],[80.219763,13.023508],[80.219703,13.023092],[80.219384,13.023137],[80.219299,13.022617],[80.218424,13.022692],[80.217764,13.022749],[80.21778,13.022926],[80.217875,13.02396],[80.217594,13.023985],[80.217632,13.024406],[80.216851,13.024394],[80.216824,13.024998],[80.216744,13.026782],[80.216383,13.026766],[80.21569,13.026748],[80.215679,13.0271],[80.215311,13.027159],[80.215152,13.027169],[80.215144,13.027264],[80.214811,13.027303],[80.214534,13.02735],[80.214176,13.027426],[80.21425,13.027712],[80.214309,13.027928],[80.214345,13.028105],[80.214361,13.028207],[80.214377,13.028285],[80.214396,13.028381],[80.214424,13.028525],[80.21444,13.0286],[80.214471,13.028747],[80.214294,13.028967],[80.214308,13.029191],[80.214487,13.02953],[80.214438,13.029796],[80.214552,13.029993],[80.21483,13.030406],[80.215232,13.030404],[80.21549,13.030407],[80.215719,13.030418],[80.216041,13.03043],[80.216322,13.030448],[80.21659,13.030447],[80.21692,13.030436],[80.216993,13.030665],[80.217588,13.030653],[80.21765,13.031463],[80.218525,13.031562],[80.21883,13.031631],[80.218461,13.032318],[80.218625,13.032734],[80.218671,13.033644],[80.217417,13.034164],[80.217518,13.035728],[80.218185,13.035683],[80.218127,13.035128],[80.219577,13.035057],[80.219588,13.035637],[80.220672,13.035633],[80.220972,13.035793],[80.221234,13.036188],[80.222216,13.036047],[80.222302,13.036335],[80.222668,13.036984],[80.222831,13.037152],[80.223121,13.037066],[80.223937,13.038102],[80.224347,13.038189],[80.224873,13.038945],[80.225028,13.039207],[80.225418,13.039037],[80.226129,13.039628],[80.226321,13.039446],[80.226362,13.039498],[80.226399,13.039469],[80.226308,13.039393],[80.225972,13.03863]]]}]}},{"type":"Feature","properties":{},"geometry":{"type":"GeometryCollection","geometries":[{"type":"LineString","coordinates":[[80.214252,13.034523],[80.214405,13.0356],[80.214507,13.03667],[80.214575,13.03667],[80.2147,13.037983],[80.214762,13.037984],[80.214767,13.038238],[80.214707,13.03824],[80.214722,13.039019],[80.214619,13.03902],[80.214604,13.038981],[80.214587,13.038679],[80.214537,13.037919],[80.214504,13.037484],[80.214434,13.036853],[80.21438,13.036207],[80.214314,13.035474],[80.214266,13.035026],[80.214182,13.034538],[80.214061,13.034563],[80.213533,13.03464],[80.213518,13.034805],[80.213059,13.034947],[80.212521,13.034964],[80.212378,13.03484],[80.212114,13.034877],[80.211803,13.034951],[80.212139,13.036698],[80.212193,13.037033],[80.211827,13.037205],[80.211935,13.037675],[80.211416,13.037715],[80.21068,13.03792],[80.209991,13.038165],[80.208485,13.038379],[80.208556,13.039041],[80.208639,13.039645],[80.208732,13.040201],[80.208829,13.040912],[80.208906,13.041355],[80.208945,13.041529],[80.208963,13.041824],[80.209024,13.042161],[80.209076,13.042547],[80.209137,13.042947],[80.209187,13.043307],[80.209272,13.043853],[80.209409,13.043933],[80.210013,13.043944],[80.210153,13.043944],[80.210259,13.044124],[80.210704,13.044227],[80.211668,13.044272],[80.211811,13.04427],[80.211776,13.044662],[80.212269,13.04469],[80.212709,13.044724],[80.212789,13.045624],[80.212724,13.045902],[80.212895,13.046026],[80.212972,13.046217],[80.213782,13.046272],[80.213815,13.046773],[80.214108,13.046815],[80.2142,13.046356],[80.214688,13.046424],[80.214819,13.046338],[80.214986,13.045627],[80.215069,13.044694],[80.215508,13.044604],[80.215946,13.0445],[80.216151,13.044495],[80.216363,13.044542],[80.216351,13.044727],[80.216622,13.044716],[80.217263,13.044619],[80.217645,13.044567],[80.217786,13.045091],[80.218247,13.044994],[80.218453,13.044871],[80.218438,13.044694],[80.218112,13.044599],[80.218027,13.044393],[80.218681,13.044215],[80.21859,13.043847],[80.218319,13.042764],[80.21814,13.041646],[80.21823,13.041041],[80.218035,13.040888],[80.218015,13.040651],[80.218161,13.040634],[80.2181,13.040188],[80.218096,13.040063],[80.218049,13.039967],[80.218029,13.03964],[80.216892,13.039756],[80.216784,13.038997],[80.216699,13.038917],[80.216729,13.038774],[80.21668,13.038314],[80.216548,13.037727],[80.217437,13.037569],[80.217681,13.037426],[80.218749,13.037259],[80.218724,13.037093],[80.218561,13.037099],[80.218215,13.037131],[80.21778,13.037181],[80.217531,13.037225],[80.217624,13.036828],[80.218665,13.036695],[80.218661,13.036554],[80.218193,13.036596],[80.217792,13.036639],[80.217622,13.036662],[80.217508,13.036431],[80.217312,13.035741],[80.217518,13.035728],[80.217417,13.034164],[80.217197,13.034155],[80.216731,13.034186],[80.216469,13.034043],[80.216182,13.034255],[80.215014,13.034408],[80.214782,13.034458],[80.214252,13.034523]]},{"type":"Polygon","coordinates":[[[80.214252,13.034523],[80.214405,13.0356],[80.214507,13.03667],[80.214575,13.03667],[80.2147,13.037983],[80.214762,13.037984],[80.214767,13.038238],[80.214707,13.03824],[80.214722,13.039019],[80.214619,13.03902],[80.214604,13.038981],[80.214587,13.038679],[80.214537,13.037919],[80.214504,13.037484],[80.214434,13.036853],[80.21438,13.036207],[80.214314,13.035474],[80.214266,13.035026],[80.214182,13.034538],[80.214061,13.034563],[80.213533,13.03464],[80.213518,13.034805],[80.213059,13.034947],[80.212521,13.034964],[80.212378,13.03484],[80.212114,13.034877],[80.211803,13.034951],[80.212139,13.036698],[80.212193,13.037033],[80.211827,13.037205],[80.211935,13.037675],[80.211416,13.037715],[80.21068,13.03792],[80.209991,13.038165],[80.208485,13.038379],[80.208556,13.039041],[80.208639,13.039645],[80.208732,13.040201],[80.208829,13.040912],[80.208906,13.041355],[80.208945,13.041529],[80.208963,13.041824],[80.209024,13.042161],[80.209076,13.042547],[80.209137,13.042947],[80.209187,13.043307],[80.209272,13.043853],[80.209409,13.043933],[80.210013,13.043944],[80.210153,13.043944],[80.210259,13.044124],[80.210704,13.044227],[80.211668,13.044272],[80.211811,13.04427],[80.211776,13.044662],[80.212269,13.04469],[80.212709,13.044724],[80.212789,13.045624],[80.212724,13.045902],[80.212895,13.046026],[80.212972,13.046217],[80.213782,13.046272],[80.213815,13.046773],[80.214108,13.046815],[80.2142,13.046356],[80.214688,13.046424],[80.214819,13.046338],[80.214986,13.045627],[80.215069,13.044694],[80.215508,13.044604],[80.215946,13.0445],[80.216151,13.044495],[80.216363,13.044542],[80.216351,13.044727],[80.216622,13.044716],[80.217263,13.044619],[80.217645,13.044567],[80.217786,13.045091],[80.218247,13.044994],[80.218453,13.044871],[80.218438,13.044694],[80.218112,13.044599],[80.218027,13.044393],[80.218681,13.044215],[80.21859,13.043847],[80.218319,13.042764],[80.21814,13.041646],[80.21823,13.041041],[80.218035,13.040888],[80.218015,13.040651],[80.218161,13.040634],[80.2181,13.040188],[80.218096,13.040063],[80.218049,13.039967],[80.218029,13.03964],[80.216892,13.039756],[80.216784,13.038997],[80.216699,13.038917],[80.216729,13.038774],[80.21668,13.038314],[80.216548,13.037727],[80.217437,13.037569],[80.217681,13.037426],[80.218749,13.037259],[80.218724,13.037093],[80.218561,13.037099],[80.218215,13.037131],[80.21778,13.037181],[80.217531,13.037225],[80.217624,13.036828],[80.218665,13.036695],[80.218661,13.036554],[80.218193,13.036596],[80.217792,13.036639],[80.217622,13.036662],[80.217508,13.036431],[80.217312,13.035741],[80.217518,13.035728],[80.217417,13.034164],[80.217197,13.034155],[80.216731,13.034186],[80.216469,13.034043],[80.216182,13.034255],[80.215014,13.034408],[80.214782,13.034458],[80.214252,13.034523]]]}]}},{"type":"Feature","properties":{},"geometry":{"type":"GeometryCollection","geometries":[{"type":"LineString","coordinates":[[80.18916,13.051317],[80.189109,13.051255],[80.18865,13.05094],[80.188234,13.050939],[80.188236,13.051028],[80.188243,13.051281],[80.187805,13.051265],[80.187795,13.052093],[80.187305,13.052197],[80.187318,13.052421],[80.18728,13.052695],[80.187325,13.053024],[80.187322,13.053276],[80.187331,13.053486],[80.187146,13.053492],[80.187158,13.053569],[80.187001,13.053569],[80.187184,13.054024],[80.187367,13.054298],[80.187407,13.054535],[80.18758,13.054519],[80.187552,13.054323],[80.188938,13.054183],[80.188853,13.053894],[80.188642,13.053782],[80.188748,13.053095],[80.189225,13.053062],[80.18921,13.052228],[80.18916,13.051317]]},{"type":"Polygon","coordinates":[[[80.18916,13.051317],[80.189109,13.051255],[80.18865,13.05094],[80.188234,13.050939],[80.188236,13.051028],[80.188243,13.051281],[80.187805,13.051265],[80.187795,13.052093],[80.187305,13.052197],[80.187318,13.052421],[80.18728,13.052695],[80.187325,13.053024],[80.187322,13.053276],[80.187331,13.053486],[80.187146,13.053492],[80.187158,13.053569],[80.187001,13.053569],[80.187184,13.054024],[80.187367,13.054298],[80.187407,13.054535],[80.18758,13.054519],[80.187552,13.054323],[80.188938,13.054183],[80.188853,13.053894],[80.188642,13.053782],[80.188748,13.053095],[80.189225,13.053062],[80.18921,13.052228],[80.18916,13.051317]]]}]}},{"type":"Feature","properties":{},"geometry":{"type":"GeometryCollection","geometries":[{"type":"LineString","coordinates":[[80.18885,13.055132],[80.188895,13.056104],[80.189228,13.056099],[80.189296,13.056633],[80.18933,13.059074],[80.189439,13.059488],[80.189738,13.059519],[80.190058,13.060471],[80.190707,13.061606],[80.192471,13.060955],[80.192843,13.061081],[80.192839,13.06138],[80.19309,13.062066],[80.193798,13.061967],[80.194232,13.061621],[80.194937,13.060949],[80.19503,13.060859],[80.19542,13.060802],[80.195874,13.060692],[80.197046,13.060683],[80.197426,13.060761],[80.197553,13.060943],[80.197555,13.061709],[80.197573,13.062087],[80.198313,13.062147],[80.198385,13.061692],[80.198781,13.061459],[80.199011,13.06134],[80.198991,13.060493],[80.198991,13.06025],[80.199257,13.060212],[80.199621,13.060134],[80.19987,13.060142],[80.200131,13.060236],[80.200208,13.060231],[80.200249,13.059893],[80.20012,13.059524],[80.20014,13.059419],[80.200149,13.059029],[80.199378,13.059037],[80.19885,13.059083],[80.198562,13.05923],[80.19783,13.059276],[80.197237,13.059405],[80.197045,13.059416],[80.196998,13.059081],[80.196987,13.058771],[80.196847,13.05875],[80.196799,13.05835],[80.196623,13.057879],[80.196367,13.057354],[80.196504,13.057236],[80.196693,13.057238],[80.196659,13.057119],[80.196485,13.05709],[80.196136,13.056883],[80.196106,13.057003],[80.1959,13.057009],[80.195649,13.056878],[80.195579,13.056944],[80.19545,13.056917],[80.195207,13.056808],[80.195036,13.056776],[80.194917,13.05677],[80.194801,13.056727],[80.194699,13.056375],[80.194667,13.056185],[80.194675,13.056021],[80.194584,13.055938],[80.194254,13.055887],[80.194258,13.055266],[80.194089,13.054939],[80.193985,13.05465],[80.194004,13.053383],[80.194171,13.053207],[80.194392,13.053172],[80.194344,13.052835],[80.194516,13.052704],[80.194573,13.052701],[80.195185,13.052688],[80.195185,13.052183],[80.195156,13.05161],[80.196596,13.051561],[80.196583,13.051348],[80.196878,13.051324],[80.196877,13.051277],[80.197303,13.051258],[80.197297,13.051185],[80.197645,13.051178],[80.19755,13.049072],[80.196269,13.049202],[80.19614,13.04705],[80.195687,13.04691],[80.194502,13.046413],[80.193298,13.045956],[80.193253,13.046179],[80.19317,13.046276],[80.19273,13.046452],[80.192659,13.046595],[80.19233,13.046389],[80.192331,13.045881],[80.191819,13.045775],[80.19189,13.044942],[80.191846,13.044942],[80.190183,13.044841],[80.190066,13.046267],[80.189431,13.046269],[80.188676,13.045904],[80.188815,13.045139],[80.188518,13.045033],[80.188284,13.044893],[80.188397,13.044664],[80.188563,13.044727],[80.188765,13.044115],[80.188619,13.044071],[80.188865,13.043402],[80.187935,13.042994],[80.187325,13.043465],[80.18689,13.045775],[80.186608,13.047274],[80.186453,13.047292],[80.186419,13.047397],[80.185794,13.047386],[80.185764,13.047768],[80.18609,13.047844],[80.185928,13.049132],[80.185891,13.049311],[80.185842,13.049605],[80.185846,13.049861],[80.185868,13.051231],[80.185868,13.051237],[80.185873,13.051507],[80.18592,13.051637],[80.186116,13.053116],[80.185902,13.05314],[80.185917,13.05328],[80.186239,13.053257],[80.186265,13.053913],[80.186482,13.054764],[80.186635,13.054761],[80.186687,13.05476],[80.186748,13.054759],[80.186886,13.055273],[80.18885,13.055132]]},{"type":"LineString","coordinates":[[80.187795,13.052093],[80.187805,13.051265],[80.188243,13.051281],[80.188234,13.050939],[80.18865,13.05094],[80.189109,13.051255],[80.18916,13.051317],[80.18921,13.052228],[80.189225,13.053062],[80.188748,13.053095],[80.188642,13.053782],[80.188853,13.053894],[80.188938,13.054183],[80.187552,13.054323],[80.18758,13.054519],[80.187407,13.054535],[80.187367,13.054298],[80.187184,13.054024],[80.187001,13.053569],[80.187158,13.053569],[80.187146,13.053492],[80.187331,13.053486],[80.187322,13.053276],[80.187325,13.053024],[80.18728,13.052695],[80.187318,13.052421],[80.187305,13.052197],[80.187795,13.052093]]},{"type":"Polygon","coordinates":[[[80.18885,13.055132],[80.188895,13.056104],[80.189228,13.056099],[80.189296,13.056633],[80.18933,13.059074],[80.189439,13.059488],[80.189738,13.059519],[80.190058,13.060471],[80.190707,13.061606],[80.192471,13.060955],[80.192843,13.061081],[80.192839,13.06138],[80.19309,13.062066],[80.193798,13.061967],[80.194232,13.061621],[80.194937,13.060949],[80.19503,13.060859],[80.19542,13.060802],[80.195874,13.060692],[80.197046,13.060683],[80.197426,13.060761],[80.197553,13.060943],[80.197555,13.061709],[80.197573,13.062087],[80.198313,13.062147],[80.198385,13.061692],[80.198781,13.061459],[80.199011,13.06134],[80.198991,13.060493],[80.198991,13.06025],[80.199257,13.060212],[80.199621,13.060134],[80.19987,13.060142],[80.200131,13.060236],[80.200208,13.060231],[80.200249,13.059893],[80.20012,13.059524],[80.20014,13.059419],[80.200149,13.059029],[80.199378,13.059037],[80.19885,13.059083],[80.198562,13.05923],[80.19783,13.059276],[80.197237,13.059405],[80.197045,13.059416],[80.196998,13.059081],[80.196987,13.058771],[80.196847,13.05875],[80.196799,13.05835],[80.196623,13.057879],[80.196367,13.057354],[80.196504,13.057236],[80.196693,13.057238],[80.196659,13.057119],[80.196485,13.05709],[80.196136,13.056883],[80.196106,13.057003],[80.1959,13.057009],[80.195649,13.056878],[80.195579,13.056944],[80.19545,13.056917],[80.195207,13.056808],[80.195036,13.056776],[80.194917,13.05677],[80.194801,13.056727],[80.194699,13.056375],[80.194667,13.056185],[80.194675,13.056021],[80.194584,13.055938],[80.194254,13.055887],[80.194258,13.055266],[80.194089,13.054939],[80.193985,13.05465],[80.194004,13.053383],[80.194171,13.053207],[80.194392,13.053172],[80.194344,13.052835],[80.194516,13.052704],[80.194573,13.052701],[80.195185,13.052688],[80.195185,13.052183],[80.195156,13.05161],[80.196596,13.051561],[80.196583,13.051348],[80.196878,13.051324],[80.196877,13.051277],[80.197303,13.051258],[80.197297,13.051185],[80.197645,13.051178],[80.19755,13.049072],[80.196269,13.049202],[80.19614,13.04705],[80.195687,13.04691],[80.194502,13.046413],[80.193298,13.045956],[80.193253,13.046179],[80.19317,13.046276],[80.19273,13.046452],[80.192659,13.046595],[80.19233,13.046389],[80.192331,13.045881],[80.191819,13.045775],[80.19189,13.044942],[80.191846,13.044942],[80.190183,13.044841],[80.190066,13.046267],[80.189431,13.046269],[80.188676,13.045904],[80.188815,13.045139],[80.188518,13.045033],[80.188284,13.044893],[80.188397,13.044664],[80.188563,13.044727],[80.188765,13.044115],[80.188619,13.044071],[80.188865,13.043402],[80.187935,13.042994],[80.187325,13.043465],[80.18689,13.045775],[80.186608,13.047274],[80.186453,13.047292],[80.186419,13.047397],[80.185794,13.047386],[80.185764,13.047768],[80.18609,13.047844],[80.185928,13.049132],[80.185891,13.049311],[80.185842,13.049605],[80.185846,13.049861],[80.185868,13.051231],[80.185868,13.051237],[80.185873,13.051507],[80.18592,13.051637],[80.186116,13.053116],[80.185902,13.05314],[80.185917,13.05328],[80.186239,13.053257],[80.186265,13.053913],[80.186482,13.054764],[80.186635,13.054761],[80.186687,13.05476],[80.186748,13.054759],[80.186886,13.055273],[80.18885,13.055132]]]}]}},{"type":"Feature","properties":{},"geometry":{"type":"GeometryCollection","geometries":[{"type":"LineString","coordinates":[[80.221301,13.016239],[80.221354,13.017485],[80.221965,13.018908],[80.224589,13.019195],[80.226742,13.019718],[80.225898,13.017039],[80.221301,13.016239]]},{"type":"Polygon","coordinates":[[[80.221301,13.016239],[80.221354,13.017485],[80.221965,13.018908],[80.224589,13.019195],[80.226742,13.019718],[80.225898,13.017039],[80.221301,13.016239]]]}]}},{"type":"Feature","properties":{},"geometry":{"type":"GeometryCollection","geometries":[{"type":"LineString","coordinates":[[80.220373,13.017966],[80.220444,13.019493],[80.221374,13.019517],[80.221395,13.019222],[80.221988,13.018971],[80.221965,13.018908],[80.221354,13.017485],[80.221301,13.016239],[80.219019,13.016325],[80.219306,13.016824],[80.220326,13.016966],[80.220373,13.017966]]},{"type":"Polygon","coordinates":[[[80.220373,13.017966],[80.220444,13.019493],[80.221374,13.019517],[80.221395,13.019222],[80.221988,13.018971],[80.221965,13.018908],[80.221354,13.017485],[80.221301,13.016239],[80.219019,13.016325],[80.219306,13.016824],[80.220326,13.016966],[80.220373,13.017966]]]}]}},{"type":"Feature","properties":{},"geometry":{"type":"GeometryCollection","geometries":[{"type":"LineString","coordinates":[[80.219306,13.016824],[80.219324,13.017945],[80.219387,13.018519],[80.219724,13.018342],[80.219735,13.01927],[80.219985,13.019327],[80.220444,13.019493],[80.220326,13.016966],[80.219306,13.016824]]},{"type":"Polygon","coordinates":[[[80.219306,13.016824],[80.219324,13.017945],[80.219387,13.018519],[80.219724,13.018342],[80.219735,13.01927],[80.219985,13.019327],[80.220444,13.019493],[80.220326,13.016966],[80.219306,13.016824]]]}]}},{"type":"Feature","properties":{},"geometry":{"type":"GeometryCollection","geometries":[{"type":"LineString","coordinates":[[80.243268,13.050014],[80.242406,13.050243],[80.243021,13.052482],[80.244797,13.052246],[80.244821,13.051504],[80.248526,13.050951],[80.24685,13.049196],[80.246474,13.048872],[80.246247,13.049072],[80.245798,13.048645],[80.244938,13.04909],[80.245195,13.050326],[80.244843,13.050416],[80.244704,13.049722],[80.243268,13.050014]]},{"type":"Polygon","coordinates":[[[80.243268,13.050014],[80.242406,13.050243],[80.243021,13.052482],[80.244797,13.052246],[80.244821,13.051504],[80.248526,13.050951],[80.24685,13.049196],[80.246474,13.048872],[80.246247,13.049072],[80.245798,13.048645],[80.244938,13.04909],[80.245195,13.050326],[80.244843,13.050416],[80.244704,13.049722],[80.243268,13.050014]]]}]}},{"type":"Feature","properties":{},"geometry":{"type":"GeometryCollection","geometries":[{"type":"LineString","coordinates":[[80.214691,13.023681],[80.215254,13.0237],[80.215254,13.02384],[80.215253,13.02419],[80.214606,13.024162],[80.214572,13.024511],[80.215343,13.024582],[80.216824,13.024998],[80.216851,13.024394],[80.217632,13.024406],[80.217594,13.023985],[80.217875,13.02396],[80.217764,13.022749],[80.218424,13.022692],[80.219299,13.022617],[80.219384,13.023137],[80.219703,13.023092],[80.219763,13.023508],[80.220333,13.023597],[80.220547,13.023618],[80.220583,13.023144],[80.220972,13.023179],[80.220956,13.023654],[80.221524,13.023681],[80.221546,13.023235],[80.221769,13.023235],[80.222045,13.023238],[80.222048,13.023393],[80.222293,13.023387],[80.222633,13.023379],[80.222639,13.02306],[80.222848,13.023059],[80.222914,13.023059],[80.22293,13.023316],[80.22294,13.023496],[80.222988,13.023498],[80.223813,13.023531],[80.223256,13.021614],[80.222904,13.02107],[80.22256,13.020539],[80.222294,13.019809],[80.221988,13.018971],[80.221643,13.019117],[80.221395,13.019222],[80.221374,13.019517],[80.220444,13.019493],[80.220146,13.019385],[80.219985,13.019327],[80.219735,13.01927],[80.219724,13.018342],[80.218951,13.018748],[80.219196,13.019197],[80.219111,13.019212],[80.217764,13.019465],[80.217298,13.018365],[80.217168,13.018403],[80.216826,13.017512],[80.219019,13.016325],[80.217693,13.014915],[80.214216,13.017045],[80.214797,13.018048],[80.213687,13.018496],[80.214091,13.020586],[80.214447,13.020567],[80.21462,13.021016],[80.21478,13.021722],[80.21432,13.021764],[80.213222,13.021866],[80.213177,13.023332],[80.214515,13.023255],[80.214504,13.023675],[80.214691,13.023681]]},{"type":"Polygon","coordinates":[[[80.214691,13.023681],[80.215254,13.0237],[80.215254,13.02384],[80.215253,13.02419],[80.214606,13.024162],[80.214572,13.024511],[80.215343,13.024582],[80.216824,13.024998],[80.216851,13.024394],[80.217632,13.024406],[80.217594,13.023985],[80.217875,13.02396],[80.217764,13.022749],[80.218424,13.022692],[80.219299,13.022617],[80.219384,13.023137],[80.219703,13.023092],[80.219763,13.023508],[80.220333,13.023597],[80.220547,13.023618],[80.220583,13.023144],[80.220972,13.023179],[80.220956,13.023654],[80.221524,13.023681],[80.221546,13.023235],[80.221769,13.023235],[80.222045,13.023238],[80.222048,13.023393],[80.222293,13.023387],[80.222633,13.023379],[80.222639,13.02306],[80.222848,13.023059],[80.222914,13.023059],[80.22293,13.023316],[80.22294,13.023496],[80.222988,13.023498],[80.223813,13.023531],[80.223256,13.021614],[80.222904,13.02107],[80.22256,13.020539],[80.222294,13.019809],[80.221988,13.018971],[80.221643,13.019117],[80.221395,13.019222],[80.221374,13.019517],[80.220444,13.019493],[80.220146,13.019385],[80.219985,13.019327],[80.219735,13.01927],[80.219724,13.018342],[80.218951,13.018748],[80.219196,13.019197],[80.219111,13.019212],[80.217764,13.019465],[80.217298,13.018365],[80.217168,13.018403],[80.216826,13.017512],[80.219019,13.016325],[80.217693,13.014915],[80.214216,13.017045],[80.214797,13.018048],[80.213687,13.018496],[80.214091,13.020586],[80.214447,13.020567],[80.21462,13.021016],[80.21478,13.021722],[80.21432,13.021764],[80.213222,13.021866],[80.213177,13.023332],[80.214515,13.023255],[80.214504,13.023675],[80.214691,13.023681]]]}]}},{"type":"Feature","properties":{},"geometry":{"type":"GeometryCollection","geometries":[{"type":"LineString","coordinates":[[80.211934,13.019896],[80.211643,13.021548],[80.212156,13.021652],[80.213222,13.021866],[80.21478,13.021722],[80.21462,13.021016],[80.214447,13.020567],[80.214091,13.020586],[80.213687,13.018496],[80.211851,13.019238],[80.211934,13.019896]]},{"type":"Polygon","coordinates":[[[80.211934,13.019896],[80.211643,13.021548],[80.212156,13.021652],[80.213222,13.021866],[80.21478,13.021722],[80.21462,13.021016],[80.214447,13.020567],[80.214091,13.020586],[80.213687,13.018496],[80.211851,13.019238],[80.211934,13.019896]]]}]}},{"type":"Feature","properties":{},"geometry":{"type":"GeometryCollection","geometries":[{"type":"LineString","coordinates":[[80.209907,13.02584],[80.207754,13.026752],[80.208859,13.028774],[80.210608,13.028231],[80.210525,13.027823],[80.210671,13.027828],[80.210771,13.027813],[80.211042,13.028565],[80.211805,13.029142],[80.212375,13.029147],[80.212604,13.029211],[80.212818,13.029151],[80.212772,13.02901],[80.212538,13.02907],[80.212301,13.028257],[80.213182,13.028044],[80.213128,13.027834],[80.212958,13.027885],[80.21268,13.026624],[80.212976,13.026565],[80.213357,13.026574],[80.213405,13.026691],[80.213461,13.026858],[80.213506,13.027055],[80.213573,13.027278],[80.213606,13.027398],[80.213623,13.02745],[80.213641,13.027447],[80.21391,13.027371],[80.213965,13.025355],[80.214201,13.024151],[80.213789,13.024138],[80.213076,13.023972],[80.213177,13.023332],[80.213222,13.021866],[80.212128,13.021646],[80.211079,13.023699],[80.209907,13.02584]]},{"type":"Polygon","coordinates":[[[80.209907,13.02584],[80.207754,13.026752],[80.208859,13.028774],[80.210608,13.028231],[80.210525,13.027823],[80.210671,13.027828],[80.210771,13.027813],[80.211042,13.028565],[80.211805,13.029142],[80.212375,13.029147],[80.212604,13.029211],[80.212818,13.029151],[80.212772,13.02901],[80.212538,13.02907],[80.212301,13.028257],[80.213182,13.028044],[80.213128,13.027834],[80.212958,13.027885],[80.21268,13.026624],[80.212976,13.026565],[80.213357,13.026574],[80.213405,13.026691],[80.213461,13.026858],[80.213506,13.027055],[80.213573,13.027278],[80.213606,13.027398],[80.213623,13.02745],[80.213641,13.027447],[80.21391,13.027371],[80.213965,13.025355],[80.214201,13.024151],[80.213789,13.024138],[80.213076,13.023972],[80.213177,13.023332],[80.213222,13.021866],[80.212128,13.021646],[80.211079,13.023699],[80.209907,13.02584]]]}]}},{"type":"Feature","properties":{},"geometry":{"type":"GeometryCollection","geometries":[{"type":"LineString","coordinates":[[80.208859,13.028774],[80.207754,13.026752],[80.202086,13.028265],[80.201686,13.028376],[80.201973,13.029508],[80.202124,13.030234],[80.201961,13.030279],[80.202018,13.03054],[80.203246,13.030352],[80.203289,13.030771],[80.203506,13.030786],[80.204028,13.030759],[80.204255,13.031251],[80.204416,13.031295],[80.204213,13.030304],[80.204486,13.030248],[80.204951,13.030027],[80.2055,13.029933],[80.205663,13.03041],[80.206086,13.030354],[80.20616,13.030712],[80.206474,13.030638],[80.20759,13.030488],[80.208385,13.030271],[80.208466,13.030141],[80.209009,13.030028],[80.208859,13.028774]]},{"type":"Polygon","coordinates":[[[80.208859,13.028774],[80.207754,13.026752],[80.202086,13.028265],[80.201686,13.028376],[80.201973,13.029508],[80.202124,13.030234],[80.201961,13.030279],[80.202018,13.03054],[80.203246,13.030352],[80.203289,13.030771],[80.203506,13.030786],[80.204028,13.030759],[80.204255,13.031251],[80.204416,13.031295],[80.204213,13.030304],[80.204486,13.030248],[80.204951,13.030027],[80.2055,13.029933],[80.205663,13.03041],[80.206086,13.030354],[80.20616,13.030712],[80.206474,13.030638],[80.20759,13.030488],[80.208385,13.030271],[80.208466,13.030141],[80.209009,13.030028],[80.208859,13.028774]]]}]}},{"type":"Feature","properties":{},"geometry":{"type":"GeometryCollection","geometries":[{"type":"LineString","coordinates":[[80.202018,13.03054],[80.201961,13.030279],[80.202124,13.030234],[80.201973,13.029508],[80.201686,13.028376],[80.200377,13.028739],[80.199738,13.028784],[80.1996,13.029432],[80.199352,13.029615],[80.199738,13.031524],[80.199487,13.031559],[80.199485,13.031501],[80.198953,13.031439],[80.198845,13.031369],[80.198626,13.031069],[80.198524,13.031019],[80.198509,13.03122],[80.19848,13.031489],[80.19904,13.031838],[80.199877,13.031809],[80.201939,13.031598],[80.202155,13.031354],[80.202018,13.03054]]},{"type":"Polygon","coordinates":[[[80.202018,13.03054],[80.201961,13.030279],[80.202124,13.030234],[80.201973,13.029508],[80.201686,13.028376],[80.200377,13.028739],[80.199738,13.028784],[80.1996,13.029432],[80.199352,13.029615],[80.199738,13.031524],[80.199487,13.031559],[80.199485,13.031501],[80.198953,13.031439],[80.198845,13.031369],[80.198626,13.031069],[80.198524,13.031019],[80.198509,13.03122],[80.19848,13.031489],[80.19904,13.031838],[80.199877,13.031809],[80.201939,13.031598],[80.202155,13.031354],[80.202018,13.03054]]]}]}},{"type":"Feature","properties":{},"geometry":{"type":"GeometryCollection","geometries":[{"type":"LineString","coordinates":[[80.195401,13.028696],[80.19554,13.030992],[80.196332,13.031076],[80.196938,13.031068],[80.197728,13.031195],[80.198486,13.031435],[80.198509,13.03122],[80.198524,13.031019],[80.198626,13.031069],[80.198845,13.031369],[80.198953,13.031439],[80.199485,13.031501],[80.199487,13.031559],[80.199738,13.031524],[80.199352,13.029615],[80.1996,13.029432],[80.199738,13.028784],[80.19779,13.028922],[80.196667,13.028919],[80.195911,13.028868],[80.195401,13.028696]]},{"type":"Polygon","coordinates":[[[80.195401,13.028696],[80.19554,13.030992],[80.196332,13.031076],[80.196938,13.031068],[80.197728,13.031195],[80.198486,13.031435],[80.198509,13.03122],[80.198524,13.031019],[80.198626,13.031069],[80.198845,13.031369],[80.198953,13.031439],[80.199485,13.031501],[80.199487,13.031559],[80.199738,13.031524],[80.199352,13.029615],[80.1996,13.029432],[80.199738,13.028784],[80.19779,13.028922],[80.196667,13.028919],[80.195911,13.028868],[80.195401,13.028696]]]}]}},{"type":"Feature","properties":{},"geometry":{"type":"GeometryCollection","geometries":[{"type":"LineString","coordinates":[[80.188691,13.031466],[80.189158,13.031244],[80.189015,13.030394],[80.189302,13.030066],[80.189226,13.029324],[80.18864,13.029317],[80.188824,13.028568],[80.189669,13.028442],[80.189655,13.028228],[80.190388,13.028144],[80.190405,13.027588],[80.190917,13.027518],[80.190868,13.026674],[80.191247,13.025645],[80.190775,13.02524],[80.189875,13.024304],[80.189339,13.024087],[80.188241,13.02406],[80.186685,13.024061],[80.181277,13.024194],[80.18152,13.026483],[80.182135,13.026428],[80.182201,13.026897],[80.183046,13.026794],[80.18318,13.027574],[80.182692,13.027649],[80.183032,13.029512],[80.183486,13.029451],[80.183563,13.030177],[80.183728,13.031738],[80.186061,13.031631],[80.185942,13.030612],[80.186581,13.030528],[80.186666,13.031557],[80.188691,13.031466]]},{"type":"Polygon","coordinates":[[[80.188691,13.031466],[80.189158,13.031244],[80.189015,13.030394],[80.189302,13.030066],[80.189226,13.029324],[80.18864,13.029317],[80.188824,13.028568],[80.189669,13.028442],[80.189655,13.028228],[80.190388,13.028144],[80.190405,13.027588],[80.190917,13.027518],[80.190868,13.026674],[80.191247,13.025645],[80.190775,13.02524],[80.189875,13.024304],[80.189339,13.024087],[80.188241,13.02406],[80.186685,13.024061],[80.181277,13.024194],[80.18152,13.026483],[80.182135,13.026428],[80.182201,13.026897],[80.183046,13.026794],[80.18318,13.027574],[80.182692,13.027649],[80.183032,13.029512],[80.183486,13.029451],[80.183563,13.030177],[80.183728,13.031738],[80.186061,13.031631],[80.185942,13.030612],[80.186581,13.030528],[80.186666,13.031557],[80.188691,13.031466]]]}]}},{"type":"Feature","properties":{},"geometry":{"type":"GeometryCollection","geometries":[{"type":"LineString","coordinates":[[80.201862,13.031606],[80.200784,13.031716],[80.200853,13.032245],[80.200993,13.03319],[80.201295,13.033164],[80.201762,13.033034],[80.201803,13.033195],[80.201902,13.033247],[80.20188,13.03349],[80.201155,13.033618],[80.201173,13.033991],[80.202032,13.033933],[80.202039,13.033986],[80.202093,13.033983],[80.202119,13.033989],[80.202175,13.034022],[80.202961,13.033924],[80.202624,13.032531],[80.202283,13.032336],[80.201908,13.032096],[80.201862,13.031606]]},{"type":"Polygon","coordinates":[[[80.201862,13.031606],[80.200784,13.031716],[80.200853,13.032245],[80.200993,13.03319],[80.201295,13.033164],[80.201762,13.033034],[80.201803,13.033195],[80.201902,13.033247],[80.20188,13.03349],[80.201155,13.033618],[80.201173,13.033991],[80.202032,13.033933],[80.202039,13.033986],[80.202093,13.033983],[80.202119,13.033989],[80.202175,13.034022],[80.202961,13.033924],[80.202624,13.032531],[80.202283,13.032336],[80.201908,13.032096],[80.201862,13.031606]]]}]}},{"type":"Feature","properties":{},"geometry":{"type":"GeometryCollection","geometries":[{"type":"LineString","coordinates":[[80.211803,13.034951],[80.211172,13.035038],[80.209762,13.035238],[80.208082,13.035478],[80.20414,13.036131],[80.204423,13.038919],[80.204603,13.040075],[80.204214,13.040184],[80.204246,13.0404],[80.204378,13.040941],[80.204184,13.042773],[80.202742,13.042955],[80.202465,13.043114],[80.201499,13.043291],[80.200586,13.043417],[80.19974,13.04352],[80.199118,13.043614],[80.198481,13.04369],[80.197442,13.044105],[80.196779,13.04416],[80.196829,13.047264],[80.197474,13.047443],[80.199754,13.047373],[80.201222,13.047332],[80.201844,13.047394],[80.203888,13.047944],[80.205975,13.048578],[80.207402,13.049018],[80.207436,13.048786],[80.207625,13.046636],[80.207595,13.046203],[80.208196,13.046232],[80.208398,13.046233],[80.208493,13.046247],[80.208571,13.046498],[80.209346,13.046451],[80.210585,13.046425],[80.211381,13.046448],[80.211362,13.045741],[80.211428,13.045426],[80.212245,13.045489],[80.212269,13.04469],[80.211776,13.044662],[80.211811,13.04427],[80.211668,13.044272],[80.210704,13.044227],[80.210259,13.044124],[80.210153,13.043944],[80.210013,13.043944],[80.209409,13.043933],[80.209272,13.043853],[80.209187,13.043307],[80.209137,13.042947],[80.209076,13.042547],[80.209024,13.042161],[80.208963,13.041824],[80.208945,13.041529],[80.208906,13.041355],[80.208829,13.040912],[80.208732,13.040201],[80.208639,13.039645],[80.208556,13.039041],[80.208485,13.038379],[80.209991,13.038165],[80.21068,13.03792],[80.211416,13.037715],[80.211935,13.037675],[80.211827,13.037205],[80.212193,13.037033],[80.212139,13.036698],[80.211803,13.034951]]},{"type":"Polygon","coordinates":[[[80.211803,13.034951],[80.211172,13.035038],[80.209762,13.035238],[80.208082,13.035478],[80.20414,13.036131],[80.204423,13.038919],[80.204603,13.040075],[80.204214,13.040184],[80.204246,13.0404],[80.204378,13.040941],[80.204184,13.042773],[80.202742,13.042955],[80.202465,13.043114],[80.201499,13.043291],[80.200586,13.043417],[80.19974,13.04352],[80.199118,13.043614],[80.198481,13.04369],[80.197442,13.044105],[80.196779,13.04416],[80.196829,13.047264],[80.197474,13.047443],[80.199754,13.047373],[80.201222,13.047332],[80.201844,13.047394],[80.203888,13.047944],[80.205975,13.048578],[80.207402,13.049018],[80.207436,13.048786],[80.207625,13.046636],[80.207595,13.046203],[80.208196,13.046232],[80.208398,13.046233],[80.208493,13.046247],[80.208571,13.046498],[80.209346,13.046451],[80.210585,13.046425],[80.211381,13.046448],[80.211362,13.045741],[80.211428,13.045426],[80.212245,13.045489],[80.212269,13.04469],[80.211776,13.044662],[80.211811,13.04427],[80.211668,13.044272],[80.210704,13.044227],[80.210259,13.044124],[80.210153,13.043944],[80.210013,13.043944],[80.209409,13.043933],[80.209272,13.043853],[80.209187,13.043307],[80.209137,13.042947],[80.209076,13.042547],[80.209024,13.042161],[80.208963,13.041824],[80.208945,13.041529],[80.208906,13.041355],[80.208829,13.040912],[80.208732,13.040201],[80.208639,13.039645],[80.208556,13.039041],[80.208485,13.038379],[80.209991,13.038165],[80.21068,13.03792],[80.211416,13.037715],[80.211935,13.037675],[80.211827,13.037205],[80.212193,13.037033],[80.212139,13.036698],[80.211803,13.034951]]]}]}},{"type":"Feature","properties":{},"geometry":{"type":"GeometryCollection","geometries":[{"type":"LineString","coordinates":[[80.214252,13.034523],[80.214782,13.034458],[80.215014,13.034408],[80.216182,13.034255],[80.216469,13.034043],[80.216731,13.034186],[80.217197,13.034155],[80.217417,13.034164],[80.218671,13.033644],[80.218625,13.032734],[80.218461,13.032318],[80.21883,13.031631],[80.218525,13.031562],[80.21765,13.031463],[80.217588,13.030653],[80.216993,13.030665],[80.21692,13.030436],[80.21659,13.030447],[80.216322,13.030448],[80.216041,13.03043],[80.215719,13.030418],[80.21549,13.030407],[80.215232,13.030404],[80.21483,13.030406],[80.214552,13.029993],[80.214438,13.029796],[80.214487,13.02953],[80.214308,13.029191],[80.214294,13.028967],[80.214471,13.028747],[80.21444,13.0286],[80.214424,13.028525],[80.214396,13.028381],[80.214377,13.028285],[80.214361,13.028207],[80.214345,13.028105],[80.214309,13.027928],[80.21425,13.027712],[80.214176,13.027426],[80.214534,13.02735],[80.214811,13.027303],[80.215144,13.027264],[80.215152,13.027169],[80.215311,13.027159],[80.215679,13.0271],[80.21569,13.026748],[80.216383,13.026766],[80.216744,13.026782],[80.216824,13.024998],[80.215343,13.024582],[80.214572,13.024511],[80.214606,13.024162],[80.215253,13.02419],[80.215254,13.0237],[80.214504,13.023675],[80.214515,13.023255],[80.213177,13.023332],[80.213076,13.023972],[80.213789,13.024138],[80.214201,13.024151],[80.213965,13.025355],[80.21391,13.027371],[80.213641,13.027447],[80.213623,13.02745],[80.213606,13.027398],[80.213573,13.027278],[80.213506,13.027055],[80.213461,13.026858],[80.213405,13.026691],[80.213357,13.026574],[80.212976,13.026565],[80.21268,13.026624],[80.212958,13.027885],[80.213128,13.027834],[80.213182,13.028044],[80.212301,13.028257],[80.212538,13.02907],[80.212772,13.02901],[80.212818,13.029151],[80.212604,13.029211],[80.212375,13.029147],[80.211805,13.029142],[80.211042,13.028565],[80.210771,13.027813],[80.210671,13.027828],[80.210525,13.027823],[80.210608,13.028231],[80.208859,13.028774],[80.209009,13.030028],[80.21019,13.029624],[80.210263,13.0298],[80.210001,13.029926],[80.210256,13.030855],[80.210026,13.030906],[80.210041,13.031017],[80.210065,13.031143],[80.211001,13.031011],[80.211117,13.031525],[80.209534,13.031735],[80.209601,13.032228],[80.208751,13.032388],[80.209042,13.034557],[80.21201,13.034169],[80.212153,13.034781],[80.212969,13.034677],[80.214117,13.034513],[80.214246,13.034494],[80.214252,13.034523]]},{"type":"Polygon","coordinates":[[[80.214252,13.034523],[80.214782,13.034458],[80.215014,13.034408],[80.216182,13.034255],[80.216469,13.034043],[80.216731,13.034186],[80.217197,13.034155],[80.217417,13.034164],[80.218671,13.033644],[80.218625,13.032734],[80.218461,13.032318],[80.21883,13.031631],[80.218525,13.031562],[80.21765,13.031463],[80.217588,13.030653],[80.216993,13.030665],[80.21692,13.030436],[80.21659,13.030447],[80.216322,13.030448],[80.216041,13.03043],[80.215719,13.030418],[80.21549,13.030407],[80.215232,13.030404],[80.21483,13.030406],[80.214552,13.029993],[80.214438,13.029796],[80.214487,13.02953],[80.214308,13.029191],[80.214294,13.028967],[80.214471,13.028747],[80.21444,13.0286],[80.214424,13.028525],[80.214396,13.028381],[80.214377,13.028285],[80.214361,13.028207],[80.214345,13.028105],[80.214309,13.027928],[80.21425,13.027712],[80.214176,13.027426],[80.214534,13.02735],[80.214811,13.027303],[80.215144,13.027264],[80.215152,13.027169],[80.215311,13.027159],[80.215679,13.0271],[80.21569,13.026748],[80.216383,13.026766],[80.216744,13.026782],[80.216824,13.024998],[80.215343,13.024582],[80.214572,13.024511],[80.214606,13.024162],[80.215253,13.02419],[80.215254,13.0237],[80.214504,13.023675],[80.214515,13.023255],[80.213177,13.023332],[80.213076,13.023972],[80.213789,13.024138],[80.214201,13.024151],[80.213965,13.025355],[80.21391,13.027371],[80.213641,13.027447],[80.213623,13.02745],[80.213606,13.027398],[80.213573,13.027278],[80.213506,13.027055],[80.213461,13.026858],[80.213405,13.026691],[80.213357,13.026574],[80.212976,13.026565],[80.21268,13.026624],[80.212958,13.027885],[80.213128,13.027834],[80.213182,13.028044],[80.212301,13.028257],[80.212538,13.02907],[80.212772,13.02901],[80.212818,13.029151],[80.212604,13.029211],[80.212375,13.029147],[80.211805,13.029142],[80.211042,13.028565],[80.210771,13.027813],[80.210671,13.027828],[80.210525,13.027823],[80.210608,13.028231],[80.208859,13.028774],[80.209009,13.030028],[80.21019,13.029624],[80.210263,13.0298],[80.210001,13.029926],[80.210256,13.030855],[80.210026,13.030906],[80.210041,13.031017],[80.210065,13.031143],[80.211001,13.031011],[80.211117,13.031525],[80.209534,13.031735],[80.209601,13.032228],[80.208751,13.032388],[80.209042,13.034557],[80.21201,13.034169],[80.212153,13.034781],[80.212969,13.034677],[80.214117,13.034513],[80.214246,13.034494],[80.214252,13.034523]]]}]}},{"type":"Feature","properties":{},"geometry":{"type":"GeometryCollection","geometries":[{"type":"LineString","coordinates":[[80.209042,13.034557],[80.208751,13.032388],[80.209601,13.032228],[80.209534,13.031735],[80.211117,13.031525],[80.211001,13.031011],[80.210065,13.031143],[80.210041,13.031017],[80.210026,13.030906],[80.210256,13.030855],[80.210001,13.029926],[80.210263,13.0298],[80.21019,13.029624],[80.209009,13.030028],[80.208466,13.030141],[80.208385,13.030271],[80.20759,13.030488],[80.206474,13.030638],[80.20616,13.030712],[80.206086,13.030354],[80.205663,13.03041],[80.2055,13.029933],[80.204951,13.030027],[80.204486,13.030248],[80.204213,13.030304],[80.204416,13.031295],[80.204255,13.031251],[80.204028,13.030759],[80.203506,13.030786],[80.203289,13.030771],[80.203246,13.030352],[80.202018,13.03054],[80.202155,13.031354],[80.201939,13.031598],[80.201862,13.031606],[80.201908,13.032096],[80.202283,13.032336],[80.202624,13.032531],[80.202961,13.033924],[80.203584,13.03528],[80.203911,13.035996],[80.204257,13.035957],[80.20493,13.035869],[80.205101,13.035845],[80.205384,13.035795],[80.205993,13.035709],[80.206666,13.035598],[80.207332,13.035496],[80.208047,13.035388],[80.208347,13.035339],[80.208244,13.034651],[80.209042,13.034557]]},{"type":"Polygon","coordinates":[[[80.209042,13.034557],[80.208751,13.032388],[80.209601,13.032228],[80.209534,13.031735],[80.211117,13.031525],[80.211001,13.031011],[80.210065,13.031143],[80.210041,13.031017],[80.210026,13.030906],[80.210256,13.030855],[80.210001,13.029926],[80.210263,13.0298],[80.21019,13.029624],[80.209009,13.030028],[80.208466,13.030141],[80.208385,13.030271],[80.20759,13.030488],[80.206474,13.030638],[80.20616,13.030712],[80.206086,13.030354],[80.205663,13.03041],[80.2055,13.029933],[80.204951,13.030027],[80.204486,13.030248],[80.204213,13.030304],[80.204416,13.031295],[80.204255,13.031251],[80.204028,13.030759],[80.203506,13.030786],[80.203289,13.030771],[80.203246,13.030352],[80.202018,13.03054],[80.202155,13.031354],[80.201939,13.031598],[80.201862,13.031606],[80.201908,13.032096],[80.202283,13.032336],[80.202624,13.032531],[80.202961,13.033924],[80.203584,13.03528],[80.203911,13.035996],[80.204257,13.035957],[80.20493,13.035869],[80.205101,13.035845],[80.205384,13.035795],[80.205993,13.035709],[80.206666,13.035598],[80.207332,13.035496],[80.208047,13.035388],[80.208347,13.035339],[80.208244,13.034651],[80.209042,13.034557]]]}]}},{"type":"Feature","properties":{},"geometry":{"type":"GeometryCollection","geometries":[{"type":"LineString","coordinates":[[80.244029,13.025425],[80.245069,13.027385],[80.245629,13.027779],[80.245879,13.028995],[80.245961,13.02944],[80.245975,13.02978],[80.245651,13.030119],[80.245212,13.030266],[80.244514,13.03035],[80.244499,13.030527],[80.244345,13.030538],[80.244271,13.02977],[80.24373,13.029833],[80.243733,13.030317],[80.243181,13.030068],[80.240683,13.03151],[80.241701,13.031958],[80.242952,13.032517],[80.244724,13.032753],[80.245017,13.032701],[80.245298,13.032588],[80.245529,13.032858],[80.24634,13.032824],[80.248318,13.032393],[80.2501,13.032285],[80.250656,13.032047],[80.251058,13.031976],[80.251131,13.032198],[80.250923,13.032269],[80.250971,13.032514],[80.250818,13.032909],[80.251128,13.033068],[80.251466,13.033311],[80.251561,13.03335],[80.251686,13.033324],[80.251808,13.033205],[80.251863,13.033136],[80.251958,13.033082],[80.252098,13.03308],[80.252202,13.033107],[80.252467,13.033087],[80.253014,13.032831],[80.253724,13.033902],[80.25501,13.033776],[80.255015,13.033813],[80.255175,13.033802],[80.255171,13.03376],[80.255951,13.033684],[80.256048,13.034616],[80.256761,13.034549],[80.256789,13.034834],[80.257199,13.034797],[80.257275,13.034221],[80.257904,13.034187],[80.257992,13.033377],[80.258453,13.033377],[80.258454,13.033177],[80.259197,13.033161],[80.25919,13.033086],[80.260196,13.033013],[80.260303,13.03382],[80.261343,13.033591],[80.261331,13.033504],[80.262027,13.033421],[80.262054,13.03362],[80.263572,13.033405],[80.263992,13.033282],[80.26504,13.03384],[80.266497,13.034342],[80.267398,13.035196],[80.267367,13.035863],[80.267374,13.036029],[80.26849,13.036158],[80.268647,13.036733],[80.270711,13.035895],[80.270437,13.035071],[80.270808,13.034948],[80.270762,13.034797],[80.272958,13.03421],[80.272929,13.033069],[80.27339,13.033053],[80.273356,13.032225],[80.272238,13.032217],[80.272231,13.031356],[80.272726,13.031314],[80.272627,13.030369],[80.27208,13.030403],[80.271944,13.029245],[80.272176,13.029215],[80.272162,13.029117],[80.272006,13.029073],[80.270434,13.029119],[80.270332,13.027391],[80.270957,13.027384],[80.270763,13.026775],[80.270473,13.026777],[80.270477,13.026083],[80.270902,13.026065],[80.270881,13.025699],[80.270149,13.025728],[80.270133,13.025305],[80.270543,13.025246],[80.27053,13.02501],[80.270506,13.024522],[80.268837,13.024693],[80.267787,13.023755],[80.267072,13.023083],[80.266411,13.023696],[80.265947,13.024004],[80.265906,13.02393],[80.266013,13.023838],[80.266121,13.023747],[80.265916,13.02351],[80.265193,13.023767],[80.264528,13.022762],[80.263006,13.023335],[80.262827,13.022781],[80.26221,13.022967],[80.262243,13.023105],[80.262333,13.023327],[80.262001,13.023446],[80.262242,13.024167],[80.262082,13.024214],[80.261018,13.024525],[80.261406,13.025317],[80.259553,13.025834],[80.259025,13.02523],[80.258849,13.024687],[80.258144,13.024503],[80.2577,13.024312],[80.257293,13.024136],[80.253624,13.022553],[80.253524,13.022384],[80.253082,13.022309],[80.252636,13.022264],[80.251837,13.022442],[80.251358,13.021747],[80.248807,13.022218],[80.24849,13.023192],[80.244029,13.025425]]},{"type":"Polygon","coordinates":[[[80.244029,13.025425],[80.245069,13.027385],[80.245629,13.027779],[80.245879,13.028995],[80.245961,13.02944],[80.245975,13.02978],[80.245651,13.030119],[80.245212,13.030266],[80.244514,13.03035],[80.244499,13.030527],[80.244345,13.030538],[80.244271,13.02977],[80.24373,13.029833],[80.243733,13.030317],[80.243181,13.030068],[80.240683,13.03151],[80.241701,13.031958],[80.242952,13.032517],[80.244724,13.032753],[80.245017,13.032701],[80.245298,13.032588],[80.245529,13.032858],[80.24634,13.032824],[80.248318,13.032393],[80.2501,13.032285],[80.250656,13.032047],[80.251058,13.031976],[80.251131,13.032198],[80.250923,13.032269],[80.250971,13.032514],[80.250818,13.032909],[80.251128,13.033068],[80.251466,13.033311],[80.251561,13.03335],[80.251686,13.033324],[80.251808,13.033205],[80.251863,13.033136],[80.251958,13.033082],[80.252098,13.03308],[80.252202,13.033107],[80.252467,13.033087],[80.253014,13.032831],[80.253724,13.033902],[80.25501,13.033776],[80.255015,13.033813],[80.255175,13.033802],[80.255171,13.03376],[80.255951,13.033684],[80.256048,13.034616],[80.256761,13.034549],[80.256789,13.034834],[80.257199,13.034797],[80.257275,13.034221],[80.257904,13.034187],[80.257992,13.033377],[80.258453,13.033377],[80.258454,13.033177],[80.259197,13.033161],[80.25919,13.033086],[80.260196,13.033013],[80.260303,13.03382],[80.261343,13.033591],[80.261331,13.033504],[80.262027,13.033421],[80.262054,13.03362],[80.263572,13.033405],[80.263992,13.033282],[80.26504,13.03384],[80.266497,13.034342],[80.267398,13.035196],[80.267367,13.035863],[80.267374,13.036029],[80.26849,13.036158],[80.268647,13.036733],[80.270711,13.035895],[80.270437,13.035071],[80.270808,13.034948],[80.270762,13.034797],[80.272958,13.03421],[80.272929,13.033069],[80.27339,13.033053],[80.273356,13.032225],[80.272238,13.032217],[80.272231,13.031356],[80.272726,13.031314],[80.272627,13.030369],[80.27208,13.030403],[80.271944,13.029245],[80.272176,13.029215],[80.272162,13.029117],[80.272006,13.029073],[80.270434,13.029119],[80.270332,13.027391],[80.270957,13.027384],[80.270763,13.026775],[80.270473,13.026777],[80.270477,13.026083],[80.270902,13.026065],[80.270881,13.025699],[80.270149,13.025728],[80.270133,13.025305],[80.270543,13.025246],[80.27053,13.02501],[80.270506,13.024522],[80.268837,13.024693],[80.267787,13.023755],[80.267072,13.023083],[80.266411,13.023696],[80.265947,13.024004],[80.265906,13.02393],[80.266013,13.023838],[80.266121,13.023747],[80.265916,13.02351],[80.265193,13.023767],[80.264528,13.022762],[80.263006,13.023335],[80.262827,13.022781],[80.26221,13.022967],[80.262243,13.023105],[80.262333,13.023327],[80.262001,13.023446],[80.262242,13.024167],[80.262082,13.024214],[80.261018,13.024525],[80.261406,13.025317],[80.259553,13.025834],[80.259025,13.02523],[80.258849,13.024687],[80.258144,13.024503],[80.2577,13.024312],[80.257293,13.024136],[80.253624,13.022553],[80.253524,13.022384],[80.253082,13.022309],[80.252636,13.022264],[80.251837,13.022442],[80.251358,13.021747],[80.248807,13.022218],[80.24849,13.023192],[80.244029,13.025425]]]}]}},{"type":"Feature","properties":{},"geometry":{"type":"GeometryCollection","geometries":[{"type":"LineString","coordinates":[[80.28021,13.032697],[80.279748,13.025766],[80.277471,13.025877],[80.277454,13.025685],[80.275808,13.026425],[80.275105,13.024565],[80.27053,13.02501],[80.270543,13.025246],[80.270133,13.025305],[80.270149,13.025728],[80.270881,13.025699],[80.270902,13.026065],[80.270477,13.026083],[80.270473,13.026777],[80.270763,13.026775],[80.270957,13.027384],[80.270332,13.027391],[80.270434,13.029119],[80.272006,13.029073],[80.272162,13.029117],[80.272176,13.029215],[80.271944,13.029245],[80.27208,13.030403],[80.272627,13.030369],[80.272726,13.031314],[80.272231,13.031356],[80.272238,13.032217],[80.273356,13.032225],[80.27339,13.033053],[80.272929,13.033069],[80.272958,13.03421],[80.273916,13.034096],[80.276342,13.033537],[80.277648,13.03327],[80.28021,13.032697]]},{"type":"Polygon","coordinates":[[[80.28021,13.032697],[80.279748,13.025766],[80.277471,13.025877],[80.277454,13.025685],[80.275808,13.026425],[80.275105,13.024565],[80.27053,13.02501],[80.270543,13.025246],[80.270133,13.025305],[80.270149,13.025728],[80.270881,13.025699],[80.270902,13.026065],[80.270477,13.026083],[80.270473,13.026777],[80.270763,13.026775],[80.270957,13.027384],[80.270332,13.027391],[80.270434,13.029119],[80.272006,13.029073],[80.272162,13.029117],[80.272176,13.029215],[80.271944,13.029245],[80.27208,13.030403],[80.272627,13.030369],[80.272726,13.031314],[80.272231,13.031356],[80.272238,13.032217],[80.273356,13.032225],[80.27339,13.033053],[80.272929,13.033069],[80.272958,13.03421],[80.273916,13.034096],[80.276342,13.033537],[80.277648,13.03327],[80.28021,13.032697]]]}]}},{"type":"Feature","properties":{},"geometry":{"type":"GeometryCollection","geometries":[{"type":"LineString","coordinates":[[80.243125,13.052936],[80.242113,13.052858],[80.24194,13.05707],[80.243087,13.057243],[80.242985,13.057946],[80.243784,13.057999],[80.243784,13.058131],[80.244104,13.058198],[80.244138,13.058018],[80.244681,13.057981],[80.244677,13.057374],[80.247308,13.057606],[80.24741,13.056213],[80.24703,13.056176],[80.247034,13.055739],[80.247185,13.055742],[80.247271,13.055065],[80.247569,13.055067],[80.247735,13.055073],[80.247802,13.053897],[80.246433,13.053742],[80.245895,13.053823],[80.244957,13.054065],[80.244977,13.053433],[80.24478,13.053436],[80.244757,13.053266],[80.244772,13.052984],[80.244555,13.052983],[80.244565,13.052775],[80.243125,13.052936]]},{"type":"Polygon","coordinates":[[[80.243125,13.052936],[80.242113,13.052858],[80.24194,13.05707],[80.243087,13.057243],[80.242985,13.057946],[80.243784,13.057999],[80.243784,13.058131],[80.244104,13.058198],[80.244138,13.058018],[80.244681,13.057981],[80.244677,13.057374],[80.247308,13.057606],[80.24741,13.056213],[80.24703,13.056176],[80.247034,13.055739],[80.247185,13.055742],[80.247271,13.055065],[80.247569,13.055067],[80.247735,13.055073],[80.247802,13.053897],[80.246433,13.053742],[80.245895,13.053823],[80.244957,13.054065],[80.244977,13.053433],[80.24478,13.053436],[80.244757,13.053266],[80.244772,13.052984],[80.244555,13.052983],[80.244565,13.052775],[80.243125,13.052936]]]}]}},{"type":"Feature","properties":{},"geometry":{"type":"GeometryCollection","geometries":[{"type":"LineString","coordinates":[[80.247858,13.011436],[80.247846,13.011046],[80.247004,13.011034],[80.247,13.011331],[80.245835,13.011298],[80.245805,13.011855],[80.2464,13.011895],[80.24633,13.01278],[80.247047,13.01283],[80.246986,13.013631],[80.24734,13.013629],[80.247584,13.013561],[80.247498,13.011722],[80.247858,13.011436]]},{"type":"Polygon","coordinates":[[[80.247858,13.011436],[80.247846,13.011046],[80.247004,13.011034],[80.247,13.011331],[80.245835,13.011298],[80.245805,13.011855],[80.2464,13.011895],[80.24633,13.01278],[80.247047,13.01283],[80.246986,13.013631],[80.24734,13.013629],[80.247584,13.013561],[80.247498,13.011722],[80.247858,13.011436]]]}]}},{"type":"Feature","properties":{},"geometry":{"type":"GeometryCollection","geometries":[{"type":"LineString","coordinates":[[80.272958,13.03421],[80.270762,13.034797],[80.270808,13.034948],[80.270437,13.035071],[80.270711,13.035895],[80.268647,13.036733],[80.26849,13.036158],[80.267374,13.036029],[80.267367,13.035863],[80.26672,13.035782],[80.266706,13.035517],[80.266428,13.035523],[80.266507,13.03604],[80.264313,13.036522],[80.264008,13.034565],[80.263041,13.03463],[80.263206,13.035955],[80.262381,13.036029],[80.262054,13.03362],[80.262027,13.033421],[80.261331,13.033504],[80.261343,13.033591],[80.260303,13.03382],[80.260196,13.033013],[80.25919,13.033086],[80.259197,13.033161],[80.258454,13.033177],[80.258453,13.033377],[80.257992,13.033377],[80.257904,13.034187],[80.257275,13.034221],[80.257199,13.034797],[80.256789,13.034834],[80.256761,13.034549],[80.256048,13.034616],[80.255951,13.033684],[80.255171,13.03376],[80.255175,13.033802],[80.255015,13.033813],[80.25501,13.033776],[80.253724,13.033902],[80.253678,13.033907],[80.253516,13.033972],[80.254057,13.035243],[80.253547,13.035301],[80.253539,13.035239],[80.253451,13.035252],[80.253461,13.035311],[80.251724,13.035511],[80.251864,13.036723],[80.251559,13.036773],[80.2516,13.03704],[80.250652,13.037166],[80.250636,13.037063],[80.250194,13.037134],[80.250211,13.037232],[80.246784,13.037368],[80.246743,13.0382],[80.246786,13.038523],[80.247122,13.039567],[80.247556,13.039829],[80.248725,13.039784],[80.24877,13.040405],[80.248868,13.040407],[80.248901,13.041491],[80.250321,13.04149],[80.250333,13.04249],[80.251748,13.042509],[80.251521,13.044963],[80.252087,13.044979],[80.252115,13.045476],[80.251354,13.045527],[80.251409,13.046337],[80.25148,13.047379],[80.251594,13.048217],[80.252234,13.048822],[80.253966,13.048612],[80.254081,13.048131],[80.254343,13.047546],[80.254334,13.047426],[80.254485,13.047248],[80.25513,13.046915],[80.257304,13.046116],[80.257331,13.046995],[80.257532,13.046999],[80.257544,13.046811],[80.258197,13.046825],[80.258137,13.046986],[80.258247,13.04739],[80.257987,13.047484],[80.258029,13.047586],[80.258445,13.047414],[80.258597,13.04775],[80.260057,13.047395],[80.260502,13.048353],[80.259113,13.048825],[80.259333,13.049612],[80.259922,13.049476],[80.260031,13.049853],[80.26057,13.049739],[80.261704,13.049499],[80.261446,13.048387],[80.261648,13.048345],[80.261628,13.048244],[80.262425,13.048137],[80.262461,13.048292],[80.263396,13.048187],[80.263496,13.049097],[80.26322,13.049142],[80.263258,13.049527],[80.265008,13.049348],[80.265137,13.050372],[80.266089,13.050322],[80.266162,13.051195],[80.266572,13.051175],[80.266539,13.05073],[80.267788,13.050666],[80.267759,13.049717],[80.268104,13.049686],[80.267859,13.048939],[80.268243,13.048912],[80.268225,13.048322],[80.266508,13.048425],[80.266438,13.047276],[80.2681,13.04717],[80.268077,13.046316],[80.270146,13.046031],[80.270118,13.045374],[80.270741,13.045325],[80.270749,13.046337],[80.270921,13.046327],[80.270959,13.047171],[80.27209,13.047073],[80.272026,13.04632],[80.272239,13.046295],[80.272179,13.045319],[80.274073,13.044951],[80.273991,13.044179],[80.275119,13.04396],[80.275069,13.043486],[80.276297,13.043404],[80.27611,13.042451],[80.27609,13.040955],[80.274493,13.041609],[80.274468,13.041483],[80.274504,13.04087],[80.274345,13.039342],[80.275078,13.039148],[80.275479,13.038178],[80.277841,13.037649],[80.278249,13.039345],[80.279645,13.039061],[80.279508,13.038832],[80.279444,13.038827],[80.279281,13.038857],[80.279215,13.038869],[80.279178,13.038857],[80.279173,13.038771],[80.279265,13.038231],[80.279529,13.038037],[80.279408,13.036824],[80.280471,13.03662],[80.28021,13.032697],[80.277648,13.03327],[80.276342,13.033537],[80.273916,13.034096],[80.272958,13.03421]]},{"type":"Polygon","coordinates":[[[80.272958,13.03421],[80.270762,13.034797],[80.270808,13.034948],[80.270437,13.035071],[80.270711,13.035895],[80.268647,13.036733],[80.26849,13.036158],[80.267374,13.036029],[80.267367,13.035863],[80.26672,13.035782],[80.266706,13.035517],[80.266428,13.035523],[80.266507,13.03604],[80.264313,13.036522],[80.264008,13.034565],[80.263041,13.03463],[80.263206,13.035955],[80.262381,13.036029],[80.262054,13.03362],[80.262027,13.033421],[80.261331,13.033504],[80.261343,13.033591],[80.260303,13.03382],[80.260196,13.033013],[80.25919,13.033086],[80.259197,13.033161],[80.258454,13.033177],[80.258453,13.033377],[80.257992,13.033377],[80.257904,13.034187],[80.257275,13.034221],[80.257199,13.034797],[80.256789,13.034834],[80.256761,13.034549],[80.256048,13.034616],[80.255951,13.033684],[80.255171,13.03376],[80.255175,13.033802],[80.255015,13.033813],[80.25501,13.033776],[80.253724,13.033902],[80.253678,13.033907],[80.253516,13.033972],[80.254057,13.035243],[80.253547,13.035301],[80.253539,13.035239],[80.253451,13.035252],[80.253461,13.035311],[80.251724,13.035511],[80.251864,13.036723],[80.251559,13.036773],[80.2516,13.03704],[80.250652,13.037166],[80.250636,13.037063],[80.250194,13.037134],[80.250211,13.037232],[80.246784,13.037368],[80.246743,13.0382],[80.246786,13.038523],[80.247122,13.039567],[80.247556,13.039829],[80.248725,13.039784],[80.24877,13.040405],[80.248868,13.040407],[80.248901,13.041491],[80.250321,13.04149],[80.250333,13.04249],[80.251748,13.042509],[80.251521,13.044963],[80.252087,13.044979],[80.252115,13.045476],[80.251354,13.045527],[80.251409,13.046337],[80.25148,13.047379],[80.251594,13.048217],[80.252234,13.048822],[80.253966,13.048612],[80.254081,13.048131],[80.254343,13.047546],[80.254334,13.047426],[80.254485,13.047248],[80.25513,13.046915],[80.257304,13.046116],[80.257331,13.046995],[80.257532,13.046999],[80.257544,13.046811],[80.258197,13.046825],[80.258137,13.046986],[80.258247,13.04739],[80.257987,13.047484],[80.258029,13.047586],[80.258445,13.047414],[80.258597,13.04775],[80.260057,13.047395],[80.260502,13.048353],[80.259113,13.048825],[80.259333,13.049612],[80.259922,13.049476],[80.260031,13.049853],[80.26057,13.049739],[80.261704,13.049499],[80.261446,13.048387],[80.261648,13.048345],[80.261628,13.048244],[80.262425,13.048137],[80.262461,13.048292],[80.263396,13.048187],[80.263496,13.049097],[80.26322,13.049142],[80.263258,13.049527],[80.265008,13.049348],[80.265137,13.050372],[80.266089,13.050322],[80.266162,13.051195],[80.266572,13.051175],[80.266539,13.05073],[80.267788,13.050666],[80.267759,13.049717],[80.268104,13.049686],[80.267859,13.048939],[80.268243,13.048912],[80.268225,13.048322],[80.266508,13.048425],[80.266438,13.047276],[80.2681,13.04717],[80.268077,13.046316],[80.270146,13.046031],[80.270118,13.045374],[80.270741,13.045325],[80.270749,13.046337],[80.270921,13.046327],[80.270959,13.047171],[80.27209,13.047073],[80.272026,13.04632],[80.272239,13.046295],[80.272179,13.045319],[80.274073,13.044951],[80.273991,13.044179],[80.275119,13.04396],[80.275069,13.043486],[80.276297,13.043404],[80.27611,13.042451],[80.27609,13.040955],[80.274493,13.041609],[80.274468,13.041483],[80.274504,13.04087],[80.274345,13.039342],[80.275078,13.039148],[80.275479,13.038178],[80.277841,13.037649],[80.278249,13.039345],[80.279645,13.039061],[80.279508,13.038832],[80.279444,13.038827],[80.279281,13.038857],[80.279215,13.038869],[80.279178,13.038857],[80.279173,13.038771],[80.279265,13.038231],[80.279529,13.038037],[80.279408,13.036824],[80.280471,13.03662],[80.28021,13.032697],[80.277648,13.03327],[80.276342,13.033537],[80.273916,13.034096],[80.272958,13.03421]]]}]}},{"type":"Feature","properties":{},"geometry":{"type":"GeometryCollection","geometries":[{"type":"LineString","coordinates":[[80.28062,13.038862],[80.278249,13.039345],[80.277841,13.037649],[80.275479,13.038178],[80.275078,13.039148],[80.274345,13.039342],[80.274504,13.04087],[80.274468,13.041483],[80.274493,13.041609],[80.27609,13.040955],[80.27611,13.042451],[80.276297,13.043404],[80.276511,13.043389],[80.279216,13.043276],[80.27873,13.040569],[80.280731,13.040527],[80.28062,13.038862]]},{"type":"Polygon","coordinates":[[[80.28062,13.038862],[80.278249,13.039345],[80.277841,13.037649],[80.275479,13.038178],[80.275078,13.039148],[80.274345,13.039342],[80.274504,13.04087],[80.274468,13.041483],[80.274493,13.041609],[80.27609,13.040955],[80.27611,13.042451],[80.276297,13.043404],[80.276511,13.043389],[80.279216,13.043276],[80.27873,13.040569],[80.280731,13.040527],[80.28062,13.038862]]]}]}},{"type":"Feature","properties":{},"geometry":{"type":"GeometryCollection","geometries":[{"type":"LineString","coordinates":[[80.273434,13.050449],[80.273455,13.048461],[80.274696,13.048352],[80.275378,13.048042],[80.27617,13.047309],[80.277177,13.04665],[80.278075,13.049426],[80.278499,13.049316],[80.278363,13.048879],[80.28014,13.048416],[80.279705,13.045997],[80.279216,13.043276],[80.276511,13.043389],[80.275069,13.043486],[80.275119,13.04396],[80.273991,13.044179],[80.274073,13.044951],[80.272179,13.045319],[80.272239,13.046295],[80.272026,13.04632],[80.27209,13.047073],[80.270959,13.047171],[80.270921,13.046327],[80.270749,13.046337],[80.270741,13.045325],[80.270118,13.045374],[80.270146,13.046031],[80.268077,13.046316],[80.2681,13.04717],[80.266438,13.047276],[80.266508,13.048425],[80.268225,13.048322],[80.268243,13.048912],[80.268592,13.049248],[80.269104,13.049152],[80.269202,13.049504],[80.269978,13.049431],[80.270114,13.050587],[80.273434,13.050449]]},{"type":"Polygon","coordinates":[[[80.273434,13.050449],[80.273455,13.048461],[80.274696,13.048352],[80.275378,13.048042],[80.27617,13.047309],[80.277177,13.04665],[80.278075,13.049426],[80.278499,13.049316],[80.278363,13.048879],[80.28014,13.048416],[80.279705,13.045997],[80.279216,13.043276],[80.276511,13.043389],[80.275069,13.043486],[80.275119,13.04396],[80.273991,13.044179],[80.274073,13.044951],[80.272179,13.045319],[80.272239,13.046295],[80.272026,13.04632],[80.27209,13.047073],[80.270959,13.047171],[80.270921,13.046327],[80.270749,13.046337],[80.270741,13.045325],[80.270118,13.045374],[80.270146,13.046031],[80.268077,13.046316],[80.2681,13.04717],[80.266438,13.047276],[80.266508,13.048425],[80.268225,13.048322],[80.268243,13.048912],[80.268592,13.049248],[80.269104,13.049152],[80.269202,13.049504],[80.269978,13.049431],[80.270114,13.050587],[80.273434,13.050449]]]}]}},{"type":"Feature","properties":{},"geometry":{"type":"GeometryCollection","geometries":[{"type":"LineString","coordinates":[[80.280695,13.051505],[80.28014,13.048416],[80.278363,13.048879],[80.278499,13.049316],[80.278075,13.049426],[80.279351,13.051771],[80.280695,13.051505]]},{"type":"Polygon","coordinates":[[[80.280695,13.051505],[80.28014,13.048416],[80.278363,13.048879],[80.278499,13.049316],[80.278075,13.049426],[80.279351,13.051771],[80.280695,13.051505]]]}]}},{"type":"Feature","properties":{},"geometry":{"type":"GeometryCollection","geometries":[{"type":"LineString","coordinates":[[80.27617,13.047309],[80.275378,13.048042],[80.274696,13.048352],[80.273455,13.048461],[80.273434,13.050449],[80.271042,13.050549],[80.271089,13.051461],[80.272454,13.051326],[80.272464,13.051414],[80.273085,13.051367],[80.273105,13.051529],[80.273827,13.051458],[80.273834,13.051534],[80.273888,13.051534],[80.273887,13.051451],[80.274025,13.051437],[80.274026,13.051394],[80.274465,13.051378],[80.274534,13.05079],[80.274989,13.050726],[80.275059,13.050949],[80.275359,13.050897],[80.275402,13.051093],[80.275678,13.051039],[80.275777,13.051374],[80.275352,13.051495],[80.275487,13.052048],[80.276356,13.051345],[80.276156,13.051136],[80.276071,13.050224],[80.276493,13.05012],[80.276788,13.048883],[80.27617,13.047309]]},{"type":"Polygon","coordinates":[[[80.27617,13.047309],[80.275378,13.048042],[80.274696,13.048352],[80.273455,13.048461],[80.273434,13.050449],[80.271042,13.050549],[80.271089,13.051461],[80.272454,13.051326],[80.272464,13.051414],[80.273085,13.051367],[80.273105,13.051529],[80.273827,13.051458],[80.273834,13.051534],[80.273888,13.051534],[80.273887,13.051451],[80.274025,13.051437],[80.274026,13.051394],[80.274465,13.051378],[80.274534,13.05079],[80.274989,13.050726],[80.275059,13.050949],[80.275359,13.050897],[80.275402,13.051093],[80.275678,13.051039],[80.275777,13.051374],[80.275352,13.051495],[80.275487,13.052048],[80.276356,13.051345],[80.276156,13.051136],[80.276071,13.050224],[80.276493,13.05012],[80.276788,13.048883],[80.27617,13.047309]]]}]}},{"type":"Feature","properties":{},"geometry":{"type":"GeometryCollection","geometries":[{"type":"LineString","coordinates":[[80.276304,13.065364],[80.27722,13.065149],[80.277261,13.065329],[80.277637,13.065195],[80.277495,13.064628],[80.277235,13.064642],[80.277196,13.064232],[80.277462,13.064212],[80.277496,13.063674],[80.277511,13.063048],[80.277562,13.063042],[80.277528,13.062701],[80.277322,13.062711],[80.277329,13.063043],[80.277378,13.063135],[80.277396,13.06319],[80.277319,13.063284],[80.277033,13.063292],[80.276881,13.063136],[80.276557,13.063126],[80.276558,13.062812],[80.275887,13.062798],[80.275898,13.063325],[80.274967,13.063307],[80.274886,13.063071],[80.274434,13.063102],[80.273821,13.063035],[80.273812,13.063181],[80.273995,13.063218],[80.273911,13.063698],[80.274082,13.063712],[80.274012,13.064204],[80.273987,13.064319],[80.273977,13.064524],[80.273946,13.064712],[80.273917,13.064874],[80.273881,13.06515],[80.273851,13.065388],[80.273847,13.06551],[80.273951,13.065514],[80.273965,13.065288],[80.274115,13.065304],[80.274114,13.065236],[80.273987,13.065226],[80.273967,13.064853],[80.274021,13.06448],[80.274047,13.064372],[80.2741,13.064216],[80.274147,13.064222],[80.274475,13.064225],[80.274479,13.064323],[80.274914,13.064315],[80.274928,13.064549],[80.275469,13.0645],[80.275875,13.064463],[80.276049,13.065756],[80.27635,13.065647],[80.276304,13.065364]]},{"type":"Polygon","coordinates":[[[80.276304,13.065364],[80.27722,13.065149],[80.277261,13.065329],[80.277637,13.065195],[80.277495,13.064628],[80.277235,13.064642],[80.277196,13.064232],[80.277462,13.064212],[80.277496,13.063674],[80.277511,13.063048],[80.277562,13.063042],[80.277528,13.062701],[80.277322,13.062711],[80.277329,13.063043],[80.277378,13.063135],[80.277396,13.06319],[80.277319,13.063284],[80.277033,13.063292],[80.276881,13.063136],[80.276557,13.063126],[80.276558,13.062812],[80.275887,13.062798],[80.275898,13.063325],[80.274967,13.063307],[80.274886,13.063071],[80.274434,13.063102],[80.273821,13.063035],[80.273812,13.063181],[80.273995,13.063218],[80.273911,13.063698],[80.274082,13.063712],[80.274012,13.064204],[80.273987,13.064319],[80.273977,13.064524],[80.273946,13.064712],[80.273917,13.064874],[80.273881,13.06515],[80.273851,13.065388],[80.273847,13.06551],[80.273951,13.065514],[80.273965,13.065288],[80.274115,13.065304],[80.274114,13.065236],[80.273987,13.065226],[80.273967,13.064853],[80.274021,13.06448],[80.274047,13.064372],[80.2741,13.064216],[80.274147,13.064222],[80.274475,13.064225],[80.274479,13.064323],[80.274914,13.064315],[80.274928,13.064549],[80.275469,13.0645],[80.275875,13.064463],[80.276049,13.065756],[80.27635,13.065647],[80.276304,13.065364]]]}]}},{"type":"Feature","properties":{},"geometry":{"type":"GeometryCollection","geometries":[{"type":"LineString","coordinates":[[80.274852,13.060106],[80.274459,13.060581],[80.274474,13.060763],[80.274559,13.060976],[80.274554,13.061457],[80.274396,13.061448],[80.27438,13.06169],[80.274492,13.061699],[80.274414,13.062444],[80.275042,13.062499],[80.274999,13.06281],[80.274886,13.063071],[80.274967,13.063307],[80.275898,13.063325],[80.275887,13.062798],[80.276558,13.062812],[80.276557,13.063126],[80.276881,13.063136],[80.277033,13.063292],[80.277319,13.063284],[80.277396,13.06319],[80.277378,13.063135],[80.277329,13.063043],[80.277322,13.062711],[80.277528,13.062701],[80.277562,13.063042],[80.278092,13.062972],[80.277983,13.062405],[80.277836,13.062438],[80.277794,13.062255],[80.277946,13.062226],[80.277893,13.061868],[80.277838,13.061537],[80.277751,13.061054],[80.277618,13.061048],[80.277447,13.059886],[80.276312,13.059933],[80.276332,13.060648],[80.276095,13.060662],[80.276055,13.058774],[80.275814,13.058794],[80.275745,13.058773],[80.275596,13.058816],[80.275295,13.05893],[80.275346,13.060054],[80.274852,13.060106]]},{"type":"Polygon","coordinates":[[[80.274852,13.060106],[80.274459,13.060581],[80.274474,13.060763],[80.274559,13.060976],[80.274554,13.061457],[80.274396,13.061448],[80.27438,13.06169],[80.274492,13.061699],[80.274414,13.062444],[80.275042,13.062499],[80.274999,13.06281],[80.274886,13.063071],[80.274967,13.063307],[80.275898,13.063325],[80.275887,13.062798],[80.276558,13.062812],[80.276557,13.063126],[80.276881,13.063136],[80.277033,13.063292],[80.277319,13.063284],[80.277396,13.06319],[80.277378,13.063135],[80.277329,13.063043],[80.277322,13.062711],[80.277528,13.062701],[80.277562,13.063042],[80.278092,13.062972],[80.277983,13.062405],[80.277836,13.062438],[80.277794,13.062255],[80.277946,13.062226],[80.277893,13.061868],[80.277838,13.061537],[80.277751,13.061054],[80.277618,13.061048],[80.277447,13.059886],[80.276312,13.059933],[80.276332,13.060648],[80.276095,13.060662],[80.276055,13.058774],[80.275814,13.058794],[80.275745,13.058773],[80.275596,13.058816],[80.275295,13.05893],[80.275346,13.060054],[80.274852,13.060106]]]}]}},{"type":"Feature","properties":{},"geometry":{"type":"GeometryCollection","geometries":[{"type":"LineString","coordinates":[[80.273821,13.063035],[80.274434,13.063102],[80.274886,13.063071],[80.274999,13.06281],[80.275042,13.062499],[80.274414,13.062444],[80.274492,13.061699],[80.27438,13.06169],[80.274396,13.061448],[80.274554,13.061457],[80.274559,13.060976],[80.274474,13.060763],[80.274459,13.060581],[80.274852,13.060106],[80.274743,13.059077],[80.273615,13.059222],[80.27365,13.059476],[80.273781,13.060264],[80.273344,13.060279],[80.27301,13.060303],[80.272746,13.060354],[80.27272,13.060757],[80.272515,13.060744],[80.272503,13.061121],[80.272499,13.061225],[80.27278,13.061233],[80.272775,13.061412],[80.272865,13.061417],[80.27282,13.062573],[80.271523,13.062617],[80.271527,13.062803],[80.272365,13.062758],[80.272381,13.063208],[80.272624,13.0632],[80.272637,13.062796],[80.273821,13.063035]]},{"type":"Polygon","coordinates":[[[80.273821,13.063035],[80.274434,13.063102],[80.274886,13.063071],[80.274999,13.06281],[80.275042,13.062499],[80.274414,13.062444],[80.274492,13.061699],[80.27438,13.06169],[80.274396,13.061448],[80.274554,13.061457],[80.274559,13.060976],[80.274474,13.060763],[80.274459,13.060581],[80.274852,13.060106],[80.274743,13.059077],[80.273615,13.059222],[80.27365,13.059476],[80.273781,13.060264],[80.273344,13.060279],[80.27301,13.060303],[80.272746,13.060354],[80.27272,13.060757],[80.272515,13.060744],[80.272503,13.061121],[80.272499,13.061225],[80.27278,13.061233],[80.272775,13.061412],[80.272865,13.061417],[80.27282,13.062573],[80.271523,13.062617],[80.271527,13.062803],[80.272365,13.062758],[80.272381,13.063208],[80.272624,13.0632],[80.272637,13.062796],[80.273821,13.063035]]]}]}},{"type":"Feature","properties":{},"geometry":{"type":"GeometryCollection","geometries":[{"type":"LineString","coordinates":[[80.270448,13.057671],[80.270424,13.057519],[80.269926,13.057591],[80.269623,13.055282],[80.26947,13.055137],[80.26903,13.053174],[80.265924,13.053356],[80.265772,13.051233],[80.266162,13.051195],[80.266089,13.050322],[80.265137,13.050372],[80.265008,13.049348],[80.263258,13.049527],[80.26322,13.049142],[80.263496,13.049097],[80.263396,13.048187],[80.262461,13.048292],[80.262425,13.048137],[80.261628,13.048244],[80.261648,13.048345],[80.261446,13.048387],[80.261704,13.049499],[80.26057,13.049739],[80.260814,13.051091],[80.261393,13.051087],[80.261484,13.051332],[80.262018,13.051289],[80.261935,13.052437],[80.260765,13.052551],[80.260962,13.053671],[80.258258,13.053962],[80.258381,13.054935],[80.259909,13.056001],[80.260173,13.056012],[80.260376,13.05626],[80.264417,13.056899],[80.265075,13.05822],[80.266338,13.058023],[80.266186,13.056796],[80.26878,13.056373],[80.268908,13.056967],[80.269261,13.058604],[80.269983,13.058454],[80.269847,13.057783],[80.270448,13.057671]]},{"type":"Polygon","coordinates":[[[80.270448,13.057671],[80.270424,13.057519],[80.269926,13.057591],[80.269623,13.055282],[80.26947,13.055137],[80.26903,13.053174],[80.265924,13.053356],[80.265772,13.051233],[80.266162,13.051195],[80.266089,13.050322],[80.265137,13.050372],[80.265008,13.049348],[80.263258,13.049527],[80.26322,13.049142],[80.263496,13.049097],[80.263396,13.048187],[80.262461,13.048292],[80.262425,13.048137],[80.261628,13.048244],[80.261648,13.048345],[80.261446,13.048387],[80.261704,13.049499],[80.26057,13.049739],[80.260814,13.051091],[80.261393,13.051087],[80.261484,13.051332],[80.262018,13.051289],[80.261935,13.052437],[80.260765,13.052551],[80.260962,13.053671],[80.258258,13.053962],[80.258381,13.054935],[80.259909,13.056001],[80.260173,13.056012],[80.260376,13.05626],[80.264417,13.056899],[80.265075,13.05822],[80.266338,13.058023],[80.266186,13.056796],[80.26878,13.056373],[80.268908,13.056967],[80.269261,13.058604],[80.269983,13.058454],[80.269847,13.057783],[80.270448,13.057671]]]}]}},{"type":"Feature","properties":{},"geometry":{"type":"GeometryCollection","geometries":[{"type":"LineString","coordinates":[[80.256241,13.063224],[80.257002,13.062006],[80.257784,13.061554],[80.259178,13.061274],[80.25995,13.063079],[80.260308,13.063916],[80.261921,13.063476],[80.263009,13.062255],[80.262974,13.062571],[80.264154,13.062875],[80.264255,13.062561],[80.265112,13.063224],[80.266004,13.062202],[80.265024,13.061375],[80.264929,13.061294],[80.264848,13.061226],[80.264583,13.061002],[80.264572,13.060992],[80.264481,13.060847],[80.265075,13.05822],[80.264417,13.056899],[80.260376,13.05626],[80.260173,13.056012],[80.259909,13.056001],[80.258381,13.054935],[80.258258,13.053962],[80.260962,13.053671],[80.260765,13.052551],[80.261935,13.052437],[80.262018,13.051289],[80.261484,13.051332],[80.261393,13.051087],[80.260814,13.051091],[80.26057,13.049739],[80.260031,13.049853],[80.259922,13.049476],[80.259333,13.049612],[80.259113,13.048825],[80.260502,13.048353],[80.260057,13.047395],[80.258597,13.04775],[80.258445,13.047414],[80.258029,13.047586],[80.257987,13.047484],[80.258247,13.04739],[80.258137,13.046986],[80.258197,13.046825],[80.257544,13.046811],[80.257532,13.046999],[80.257331,13.046995],[80.257304,13.046116],[80.25513,13.046915],[80.254485,13.047248],[80.254334,13.047426],[80.254343,13.047546],[80.254081,13.048131],[80.253966,13.048612],[80.252234,13.048822],[80.251594,13.048217],[80.25148,13.047379],[80.251409,13.046337],[80.251033,13.04638],[80.250972,13.04756],[80.25041,13.047598],[80.250273,13.047089],[80.249993,13.047166],[80.25007,13.047524],[80.249248,13.047864],[80.249278,13.047901],[80.249295,13.047898],[80.249381,13.047924],[80.249577,13.048062],[80.249643,13.048217],[80.249574,13.048229],[80.247924,13.0482],[80.246113,13.048169],[80.245924,13.048165],[80.245435,13.048365],[80.243012,13.049071],[80.243268,13.050014],[80.244704,13.049722],[80.244843,13.050416],[80.245195,13.050326],[80.244938,13.04909],[80.245798,13.048645],[80.246247,13.049072],[80.246474,13.048872],[80.24685,13.049196],[80.248526,13.050951],[80.244821,13.051504],[80.244797,13.052246],[80.243021,13.052482],[80.243125,13.052936],[80.244565,13.052775],[80.244555,13.052983],[80.244772,13.052984],[80.244757,13.053266],[80.24478,13.053436],[80.244977,13.053433],[80.244957,13.054065],[80.245895,13.053823],[80.246433,13.053742],[80.247802,13.053897],[80.247735,13.055073],[80.247569,13.055067],[80.247271,13.055065],[80.247185,13.055742],[80.247034,13.055739],[80.24703,13.056176],[80.24741,13.056213],[80.247308,13.057606],[80.244677,13.057374],[80.244681,13.057981],[80.244138,13.058018],[80.244104,13.058198],[80.243784,13.058131],[80.243784,13.057999],[80.242985,13.057946],[80.243087,13.057243],[80.24194,13.05707],[80.241758,13.057042],[80.241504,13.058187],[80.240738,13.058059],[80.2404,13.058477],[80.240233,13.058784],[80.240095,13.058923],[80.240001,13.058833],[80.239927,13.058912],[80.239696,13.059245],[80.239263,13.05948],[80.238999,13.059544],[80.238482,13.059916],[80.238174,13.060177],[80.237609,13.060804],[80.236663,13.061854],[80.236308,13.062249],[80.236209,13.062447],[80.236492,13.062666],[80.237107,13.061945],[80.238133,13.062099],[80.238622,13.060504],[80.238772,13.060665],[80.239943,13.060973],[80.241437,13.060872],[80.242902,13.060584],[80.244445,13.060354],[80.244459,13.060517],[80.244893,13.060475],[80.244945,13.061328],[80.245117,13.061332],[80.245126,13.061744],[80.24479,13.062244],[80.244731,13.062365],[80.244698,13.062506],[80.244606,13.0625],[80.244539,13.062519],[80.243612,13.063315],[80.243611,13.063382],[80.243738,13.06356],[80.243675,13.063753],[80.243855,13.06601],[80.242026,13.067115],[80.242093,13.068266],[80.243875,13.068674],[80.244271,13.068847],[80.244881,13.069174],[80.245237,13.069371],[80.245996,13.069776],[80.249557,13.071074],[80.252836,13.068998],[80.253982,13.06817],[80.256652,13.064589],[80.256241,13.063224]]},{"type":"Polygon","coordinates":[[[80.256241,13.063224],[80.257002,13.062006],[80.257784,13.061554],[80.259178,13.061274],[80.25995,13.063079],[80.260308,13.063916],[80.261921,13.063476],[80.263009,13.062255],[80.262974,13.062571],[80.264154,13.062875],[80.264255,13.062561],[80.265112,13.063224],[80.266004,13.062202],[80.265024,13.061375],[80.264929,13.061294],[80.264848,13.061226],[80.264583,13.061002],[80.264572,13.060992],[80.264481,13.060847],[80.265075,13.05822],[80.264417,13.056899],[80.260376,13.05626],[80.260173,13.056012],[80.259909,13.056001],[80.258381,13.054935],[80.258258,13.053962],[80.260962,13.053671],[80.260765,13.052551],[80.261935,13.052437],[80.262018,13.051289],[80.261484,13.051332],[80.261393,13.051087],[80.260814,13.051091],[80.26057,13.049739],[80.260031,13.049853],[80.259922,13.049476],[80.259333,13.049612],[80.259113,13.048825],[80.260502,13.048353],[80.260057,13.047395],[80.258597,13.04775],[80.258445,13.047414],[80.258029,13.047586],[80.257987,13.047484],[80.258247,13.04739],[80.258137,13.046986],[80.258197,13.046825],[80.257544,13.046811],[80.257532,13.046999],[80.257331,13.046995],[80.257304,13.046116],[80.25513,13.046915],[80.254485,13.047248],[80.254334,13.047426],[80.254343,13.047546],[80.254081,13.048131],[80.253966,13.048612],[80.252234,13.048822],[80.251594,13.048217],[80.25148,13.047379],[80.251409,13.046337],[80.251033,13.04638],[80.250972,13.04756],[80.25041,13.047598],[80.250273,13.047089],[80.249993,13.047166],[80.25007,13.047524],[80.249248,13.047864],[80.249278,13.047901],[80.249295,13.047898],[80.249381,13.047924],[80.249577,13.048062],[80.249643,13.048217],[80.249574,13.048229],[80.247924,13.0482],[80.246113,13.048169],[80.245924,13.048165],[80.245435,13.048365],[80.243012,13.049071],[80.243268,13.050014],[80.244704,13.049722],[80.244843,13.050416],[80.245195,13.050326],[80.244938,13.04909],[80.245798,13.048645],[80.246247,13.049072],[80.246474,13.048872],[80.24685,13.049196],[80.248526,13.050951],[80.244821,13.051504],[80.244797,13.052246],[80.243021,13.052482],[80.243125,13.052936],[80.244565,13.052775],[80.244555,13.052983],[80.244772,13.052984],[80.244757,13.053266],[80.24478,13.053436],[80.244977,13.053433],[80.244957,13.054065],[80.245895,13.053823],[80.246433,13.053742],[80.247802,13.053897],[80.247735,13.055073],[80.247569,13.055067],[80.247271,13.055065],[80.247185,13.055742],[80.247034,13.055739],[80.24703,13.056176],[80.24741,13.056213],[80.247308,13.057606],[80.244677,13.057374],[80.244681,13.057981],[80.244138,13.058018],[80.244104,13.058198],[80.243784,13.058131],[80.243784,13.057999],[80.242985,13.057946],[80.243087,13.057243],[80.24194,13.05707],[80.241758,13.057042],[80.241504,13.058187],[80.240738,13.058059],[80.2404,13.058477],[80.240233,13.058784],[80.240095,13.058923],[80.240001,13.058833],[80.239927,13.058912],[80.239696,13.059245],[80.239263,13.05948],[80.238999,13.059544],[80.238482,13.059916],[80.238174,13.060177],[80.237609,13.060804],[80.236663,13.061854],[80.236308,13.062249],[80.236209,13.062447],[80.236492,13.062666],[80.237107,13.061945],[80.238133,13.062099],[80.238622,13.060504],[80.238772,13.060665],[80.239943,13.060973],[80.241437,13.060872],[80.242902,13.060584],[80.244445,13.060354],[80.244459,13.060517],[80.244893,13.060475],[80.244945,13.061328],[80.245117,13.061332],[80.245126,13.061744],[80.24479,13.062244],[80.244731,13.062365],[80.244698,13.062506],[80.244606,13.0625],[80.244539,13.062519],[80.243612,13.063315],[80.243611,13.063382],[80.243738,13.06356],[80.243675,13.063753],[80.243855,13.06601],[80.242026,13.067115],[80.242093,13.068266],[80.243875,13.068674],[80.244271,13.068847],[80.244881,13.069174],[80.245237,13.069371],[80.245996,13.069776],[80.249557,13.071074],[80.252836,13.068998],[80.253982,13.06817],[80.256652,13.064589],[80.256241,13.063224]]]}]}},{"type":"Feature","properties":{},"geometry":{"type":"GeometryCollection","geometries":[{"type":"LineString","coordinates":[[80.236663,13.061854],[80.236466,13.061675],[80.234845,13.063914],[80.236117,13.064765],[80.235629,13.066127],[80.242026,13.067115],[80.243855,13.06601],[80.243675,13.063753],[80.243738,13.06356],[80.243611,13.063382],[80.243612,13.063315],[80.244539,13.062519],[80.244606,13.0625],[80.244698,13.062506],[80.244731,13.062365],[80.24479,13.062244],[80.245126,13.061744],[80.245117,13.061332],[80.244945,13.061328],[80.244893,13.060475],[80.244459,13.060517],[80.244445,13.060354],[80.242902,13.060584],[80.241437,13.060872],[80.239943,13.060973],[80.238772,13.060665],[80.238622,13.060504],[80.238133,13.062099],[80.237107,13.061945],[80.236492,13.062666],[80.236209,13.062447],[80.236308,13.062249],[80.236663,13.061854]]},{"type":"Polygon","coordinates":[[[80.236663,13.061854],[80.236466,13.061675],[80.234845,13.063914],[80.236117,13.064765],[80.235629,13.066127],[80.242026,13.067115],[80.243855,13.06601],[80.243675,13.063753],[80.243738,13.06356],[80.243611,13.063382],[80.243612,13.063315],[80.244539,13.062519],[80.244606,13.0625],[80.244698,13.062506],[80.244731,13.062365],[80.24479,13.062244],[80.245126,13.061744],[80.245117,13.061332],[80.244945,13.061328],[80.244893,13.060475],[80.244459,13.060517],[80.244445,13.060354],[80.242902,13.060584],[80.241437,13.060872],[80.239943,13.060973],[80.238772,13.060665],[80.238622,13.060504],[80.238133,13.062099],[80.237107,13.061945],[80.236492,13.062666],[80.236209,13.062447],[80.236308,13.062249],[80.236663,13.061854]]]}]}},{"type":"Feature","properties":{},"geometry":{"type":"GeometryCollection","geometries":[{"type":"LineString","coordinates":[[80.228729,13.068034],[80.228845,13.067972],[80.228931,13.067946],[80.229203,13.067782],[80.229323,13.067779],[80.229414,13.067746],[80.229518,13.067764],[80.22965,13.067808],[80.229759,13.067824],[80.229943,13.06785],[80.230053,13.067879],[80.230113,13.067904],[80.23051,13.067992],[80.23086,13.068116],[80.231009,13.06812],[80.231122,13.06814],[80.231224,13.068146],[80.231389,13.068178],[80.231516,13.068176],[80.231637,13.068212],[80.231659,13.068221],[80.233363,13.067677],[80.232788,13.066168],[80.231711,13.066551],[80.23039,13.066862],[80.230082,13.066942],[80.228746,13.06687],[80.228645,13.066974],[80.22855,13.067264],[80.228729,13.068034]]},{"type":"Polygon","coordinates":[[[80.228729,13.068034],[80.228845,13.067972],[80.228931,13.067946],[80.229203,13.067782],[80.229323,13.067779],[80.229414,13.067746],[80.229518,13.067764],[80.22965,13.067808],[80.229759,13.067824],[80.229943,13.06785],[80.230053,13.067879],[80.230113,13.067904],[80.23051,13.067992],[80.23086,13.068116],[80.231009,13.06812],[80.231122,13.06814],[80.231224,13.068146],[80.231389,13.068178],[80.231516,13.068176],[80.231637,13.068212],[80.231659,13.068221],[80.233363,13.067677],[80.232788,13.066168],[80.231711,13.066551],[80.23039,13.066862],[80.230082,13.066942],[80.228746,13.06687],[80.228645,13.066974],[80.22855,13.067264],[80.228729,13.068034]]]}]}},{"type":"Feature","properties":{},"geometry":{"type":"GeometryCollection","geometries":[{"type":"LineString","coordinates":[[80.217993,13.056449],[80.217984,13.056893],[80.217831,13.0569],[80.217942,13.058346],[80.217945,13.058389],[80.218523,13.058314],[80.218433,13.057643],[80.218719,13.057604],[80.21868,13.057177],[80.219182,13.05711],[80.219096,13.056493],[80.219388,13.056432],[80.219166,13.055342],[80.218529,13.055383],[80.218564,13.056365],[80.217993,13.056449]]},{"type":"Polygon","coordinates":[[[80.217993,13.056449],[80.217984,13.056893],[80.217831,13.0569],[80.217942,13.058346],[80.217945,13.058389],[80.218523,13.058314],[80.218433,13.057643],[80.218719,13.057604],[80.21868,13.057177],[80.219182,13.05711],[80.219096,13.056493],[80.219388,13.056432],[80.219166,13.055342],[80.218529,13.055383],[80.218564,13.056365],[80.217993,13.056449]]]}]}},{"type":"Feature","properties":{},"geometry":{"type":"GeometryCollection","geometries":[{"type":"LineString","coordinates":[[80.24194,13.05707],[80.242113,13.052858],[80.240765,13.05304],[80.240645,13.052677],[80.238631,13.053027],[80.237188,13.053282],[80.236635,13.05338],[80.236657,13.053566],[80.23689,13.05521],[80.237179,13.055196],[80.237203,13.056011],[80.237062,13.057922],[80.237064,13.059292],[80.237609,13.060804],[80.238174,13.060177],[80.238482,13.059916],[80.238999,13.059544],[80.239263,13.05948],[80.239696,13.059245],[80.239927,13.058912],[80.240001,13.058833],[80.240095,13.058923],[80.240233,13.058784],[80.2404,13.058477],[80.240738,13.058059],[80.241504,13.058187],[80.241758,13.057042],[80.24194,13.05707]]},{"type":"Polygon","coordinates":[[[80.24194,13.05707],[80.242113,13.052858],[80.240765,13.05304],[80.240645,13.052677],[80.238631,13.053027],[80.237188,13.053282],[80.236635,13.05338],[80.236657,13.053566],[80.23689,13.05521],[80.237179,13.055196],[80.237203,13.056011],[80.237062,13.057922],[80.237064,13.059292],[80.237609,13.060804],[80.238174,13.060177],[80.238482,13.059916],[80.238999,13.059544],[80.239263,13.05948],[80.239696,13.059245],[80.239927,13.058912],[80.240001,13.058833],[80.240095,13.058923],[80.240233,13.058784],[80.2404,13.058477],[80.240738,13.058059],[80.241504,13.058187],[80.241758,13.057042],[80.24194,13.05707]]]}]}},{"type":"Feature","properties":{},"geometry":{"type":"GeometryCollection","geometries":[{"type":"LineString","coordinates":[[80.234683,13.053994],[80.234691,13.053829],[80.236657,13.053566],[80.236635,13.05338],[80.237188,13.053282],[80.238631,13.053027],[80.240645,13.052677],[80.240765,13.05304],[80.242113,13.052858],[80.243125,13.052936],[80.243021,13.052482],[80.242406,13.050243],[80.243268,13.050014],[80.243012,13.049071],[80.245435,13.048365],[80.245924,13.048165],[80.246113,13.048169],[80.244998,13.047519],[80.244791,13.046466],[80.246027,13.046058],[80.245994,13.045809],[80.24659,13.045639],[80.246231,13.043279],[80.246578,13.043098],[80.246679,13.043085],[80.246297,13.041366],[80.245953,13.041419],[80.245501,13.039632],[80.245057,13.03964],[80.244904,13.039526],[80.24465,13.039373],[80.244003,13.037189],[80.243472,13.037324],[80.241833,13.037495],[80.24167,13.036491],[80.241305,13.035596],[80.239225,13.03566],[80.238126,13.035291],[80.23776,13.036159],[80.237668,13.036502],[80.237612,13.036714],[80.236916,13.036796],[80.236618,13.03841],[80.236483,13.038685],[80.23583,13.03885],[80.234835,13.039104],[80.234662,13.039714],[80.234283,13.040012],[80.234049,13.040765],[80.232819,13.041087],[80.232093,13.041139],[80.231843,13.041177],[80.232004,13.042371],[80.23002,13.042589],[80.229919,13.042831],[80.229583,13.042881],[80.229228,13.041429],[80.228821,13.041498],[80.229202,13.042999],[80.229371,13.043765],[80.229839,13.04565],[80.229958,13.046414],[80.23115,13.054154],[80.232823,13.053966],[80.234239,13.053846],[80.234431,13.056084],[80.234728,13.05607],[80.234684,13.054805],[80.234683,13.053994]]},{"type":"Polygon","coordinates":[[[80.234683,13.053994],[80.234691,13.053829],[80.236657,13.053566],[80.236635,13.05338],[80.237188,13.053282],[80.238631,13.053027],[80.240645,13.052677],[80.240765,13.05304],[80.242113,13.052858],[80.243125,13.052936],[80.243021,13.052482],[80.242406,13.050243],[80.243268,13.050014],[80.243012,13.049071],[80.245435,13.048365],[80.245924,13.048165],[80.246113,13.048169],[80.244998,13.047519],[80.244791,13.046466],[80.246027,13.046058],[80.245994,13.045809],[80.24659,13.045639],[80.246231,13.043279],[80.246578,13.043098],[80.246679,13.043085],[80.246297,13.041366],[80.245953,13.041419],[80.245501,13.039632],[80.245057,13.03964],[80.244904,13.039526],[80.24465,13.039373],[80.244003,13.037189],[80.243472,13.037324],[80.241833,13.037495],[80.24167,13.036491],[80.241305,13.035596],[80.239225,13.03566],[80.238126,13.035291],[80.23776,13.036159],[80.237668,13.036502],[80.237612,13.036714],[80.236916,13.036796],[80.236618,13.03841],[80.236483,13.038685],[80.23583,13.03885],[80.234835,13.039104],[80.234662,13.039714],[80.234283,13.040012],[80.234049,13.040765],[80.232819,13.041087],[80.232093,13.041139],[80.231843,13.041177],[80.232004,13.042371],[80.23002,13.042589],[80.229919,13.042831],[80.229583,13.042881],[80.229228,13.041429],[80.228821,13.041498],[80.229202,13.042999],[80.229371,13.043765],[80.229839,13.04565],[80.229958,13.046414],[80.23115,13.054154],[80.232823,13.053966],[80.234239,13.053846],[80.234431,13.056084],[80.234728,13.05607],[80.234684,13.054805],[80.234683,13.053994]]]}]}},{"type":"Feature","properties":{},"geometry":{"type":"GeometryCollection","geometries":[{"type":"LineString","coordinates":[[80.246679,13.043085],[80.246578,13.043098],[80.246231,13.043279],[80.24659,13.045639],[80.245994,13.045809],[80.246027,13.046058],[80.244791,13.046466],[80.244998,13.047519],[80.246113,13.048169],[80.247924,13.0482],[80.246788,13.04307],[80.246679,13.043085]]},{"type":"Polygon","coordinates":[[[80.246679,13.043085],[80.246578,13.043098],[80.246231,13.043279],[80.24659,13.045639],[80.245994,13.045809],[80.246027,13.046058],[80.244791,13.046466],[80.244998,13.047519],[80.246113,13.048169],[80.247924,13.0482],[80.246788,13.04307],[80.246679,13.043085]]]}]}},{"type":"Feature","properties":{},"geometry":{"type":"GeometryCollection","geometries":[{"type":"LineString","coordinates":[[80.244048,13.035376],[80.2437,13.034337],[80.242281,13.033544],[80.240729,13.032677],[80.24048,13.033059],[80.241202,13.033561],[80.241683,13.034181],[80.24197,13.034224],[80.242458,13.03508],[80.242992,13.035883],[80.244048,13.035376]]},{"type":"Polygon","coordinates":[[[80.244048,13.035376],[80.2437,13.034337],[80.242281,13.033544],[80.240729,13.032677],[80.24048,13.033059],[80.241202,13.033561],[80.241683,13.034181],[80.24197,13.034224],[80.242458,13.03508],[80.242992,13.035883],[80.244048,13.035376]]]}]}},{"type":"Feature","properties":{},"geometry":{"type":"GeometryCollection","geometries":[{"type":"LineString","coordinates":[[80.243472,13.037324],[80.244003,13.037189],[80.24465,13.039373],[80.244904,13.039526],[80.245057,13.03964],[80.245501,13.039632],[80.245953,13.041419],[80.246297,13.041366],[80.246679,13.043085],[80.246788,13.04307],[80.247924,13.0482],[80.249574,13.048229],[80.249643,13.048217],[80.249577,13.048062],[80.249381,13.047924],[80.249295,13.047898],[80.249278,13.047901],[80.249248,13.047864],[80.25007,13.047524],[80.249993,13.047166],[80.250273,13.047089],[80.25041,13.047598],[80.250972,13.04756],[80.251033,13.04638],[80.251409,13.046337],[80.251354,13.045527],[80.252115,13.045476],[80.252087,13.044979],[80.251521,13.044963],[80.251748,13.042509],[80.250333,13.04249],[80.250321,13.04149],[80.248901,13.041491],[80.248868,13.040407],[80.24877,13.040405],[80.248725,13.039784],[80.247556,13.039829],[80.247122,13.039567],[80.246786,13.038523],[80.246743,13.0382],[80.246784,13.037368],[80.244954,13.035825],[80.244048,13.035376],[80.242992,13.035883],[80.243472,13.037324]]},{"type":"Polygon","coordinates":[[[80.243472,13.037324],[80.244003,13.037189],[80.24465,13.039373],[80.244904,13.039526],[80.245057,13.03964],[80.245501,13.039632],[80.245953,13.041419],[80.246297,13.041366],[80.246679,13.043085],[80.246788,13.04307],[80.247924,13.0482],[80.249574,13.048229],[80.249643,13.048217],[80.249577,13.048062],[80.249381,13.047924],[80.249295,13.047898],[80.249278,13.047901],[80.249248,13.047864],[80.25007,13.047524],[80.249993,13.047166],[80.250273,13.047089],[80.25041,13.047598],[80.250972,13.04756],[80.251033,13.04638],[80.251409,13.046337],[80.251354,13.045527],[80.252115,13.045476],[80.252087,13.044979],[80.251521,13.044963],[80.251748,13.042509],[80.250333,13.04249],[80.250321,13.04149],[80.248901,13.041491],[80.248868,13.040407],[80.24877,13.040405],[80.248725,13.039784],[80.247556,13.039829],[80.247122,13.039567],[80.246786,13.038523],[80.246743,13.0382],[80.246784,13.037368],[80.244954,13.035825],[80.244048,13.035376],[80.242992,13.035883],[80.243472,13.037324]]]}]}},{"type":"Feature","properties":{},"geometry":{"type":"GeometryCollection","geometries":[{"type":"LineString","coordinates":[[80.242281,13.033544],[80.242952,13.032517],[80.241701,13.031958],[80.24151,13.032321],[80.239766,13.031715],[80.239448,13.031735],[80.239375,13.03174],[80.239042,13.032268],[80.239595,13.032444],[80.239661,13.03249],[80.24048,13.033059],[80.240729,13.032677],[80.242281,13.033544]]},{"type":"Polygon","coordinates":[[[80.242281,13.033544],[80.242952,13.032517],[80.241701,13.031958],[80.24151,13.032321],[80.239766,13.031715],[80.239448,13.031735],[80.239375,13.03174],[80.239042,13.032268],[80.239595,13.032444],[80.239661,13.03249],[80.24048,13.033059],[80.240729,13.032677],[80.242281,13.033544]]]}]}},{"type":"Feature","properties":{},"geometry":{"type":"GeometryCollection","geometries":[{"type":"LineString","coordinates":[[80.253724,13.033902],[80.253014,13.032831],[80.252467,13.033087],[80.252202,13.033107],[80.252098,13.03308],[80.251958,13.033082],[80.251863,13.033136],[80.251808,13.033205],[80.251686,13.033324],[80.251561,13.03335],[80.251466,13.033311],[80.251128,13.033068],[80.250818,13.032909],[80.250971,13.032514],[80.250923,13.032269],[80.251131,13.032198],[80.251058,13.031976],[80.250656,13.032047],[80.2501,13.032285],[80.248318,13.032393],[80.24634,13.032824],[80.245529,13.032858],[80.245298,13.032588],[80.245017,13.032701],[80.244724,13.032753],[80.242952,13.032517],[80.242281,13.033544],[80.2437,13.034337],[80.244048,13.035376],[80.244954,13.035825],[80.246784,13.037368],[80.250211,13.037232],[80.250194,13.037134],[80.250636,13.037063],[80.250652,13.037166],[80.2516,13.03704],[80.251559,13.036773],[80.251864,13.036723],[80.251724,13.035511],[80.253461,13.035311],[80.253451,13.035252],[80.253539,13.035239],[80.253547,13.035301],[80.254057,13.035243],[80.253516,13.033972],[80.253678,13.033907],[80.253724,13.033902]]},{"type":"Polygon","coordinates":[[[80.253724,13.033902],[80.253014,13.032831],[80.252467,13.033087],[80.252202,13.033107],[80.252098,13.03308],[80.251958,13.033082],[80.251863,13.033136],[80.251808,13.033205],[80.251686,13.033324],[80.251561,13.03335],[80.251466,13.033311],[80.251128,13.033068],[80.250818,13.032909],[80.250971,13.032514],[80.250923,13.032269],[80.251131,13.032198],[80.251058,13.031976],[80.250656,13.032047],[80.2501,13.032285],[80.248318,13.032393],[80.24634,13.032824],[80.245529,13.032858],[80.245298,13.032588],[80.245017,13.032701],[80.244724,13.032753],[80.242952,13.032517],[80.242281,13.033544],[80.2437,13.034337],[80.244048,13.035376],[80.244954,13.035825],[80.246784,13.037368],[80.250211,13.037232],[80.250194,13.037134],[80.250636,13.037063],[80.250652,13.037166],[80.2516,13.03704],[80.251559,13.036773],[80.251864,13.036723],[80.251724,13.035511],[80.253461,13.035311],[80.253451,13.035252],[80.253539,13.035239],[80.253547,13.035301],[80.254057,13.035243],[80.253516,13.033972],[80.253678,13.033907],[80.253724,13.033902]]]}]}},{"type":"Feature","properties":{},"geometry":{"type":"GeometryCollection","geometries":[{"type":"LineString","coordinates":[[80.239141,13.025238],[80.240127,13.027325],[80.240779,13.028707],[80.241356,13.029895],[80.242132,13.029763],[80.242851,13.029493],[80.243181,13.030068],[80.243733,13.030317],[80.24373,13.029833],[80.244271,13.02977],[80.244345,13.030538],[80.244499,13.030527],[80.244514,13.03035],[80.245212,13.030266],[80.245651,13.030119],[80.245975,13.02978],[80.245961,13.02944],[80.245879,13.028995],[80.245629,13.027779],[80.245069,13.027385],[80.244029,13.025425],[80.242362,13.02626],[80.240359,13.025436],[80.239667,13.024866],[80.239141,13.025238]]},{"type":"Polygon","coordinates":[[[80.239141,13.025238],[80.240127,13.027325],[80.240779,13.028707],[80.241356,13.029895],[80.242132,13.029763],[80.242851,13.029493],[80.243181,13.030068],[80.243733,13.030317],[80.24373,13.029833],[80.244271,13.02977],[80.244345,13.030538],[80.244499,13.030527],[80.244514,13.03035],[80.245212,13.030266],[80.245651,13.030119],[80.245975,13.02978],[80.245961,13.02944],[80.245879,13.028995],[80.245629,13.027779],[80.245069,13.027385],[80.244029,13.025425],[80.242362,13.02626],[80.240359,13.025436],[80.239667,13.024866],[80.239141,13.025238]]]}]}},{"type":"Feature","properties":{},"geometry":{"type":"GeometryCollection","geometries":[{"type":"LineString","coordinates":[[80.267367,13.035863],[80.267398,13.035196],[80.266497,13.034342],[80.26504,13.03384],[80.263992,13.033282],[80.263572,13.033405],[80.262054,13.03362],[80.262381,13.036029],[80.263206,13.035955],[80.263041,13.03463],[80.264008,13.034565],[80.264313,13.036522],[80.266507,13.03604],[80.266428,13.035523],[80.266706,13.035517],[80.26672,13.035782],[80.267367,13.035863]]},{"type":"Polygon","coordinates":[[[80.267367,13.035863],[80.267398,13.035196],[80.266497,13.034342],[80.26504,13.03384],[80.263992,13.033282],[80.263572,13.033405],[80.262054,13.03362],[80.262381,13.036029],[80.263206,13.035955],[80.263041,13.03463],[80.264008,13.034565],[80.264313,13.036522],[80.266507,13.03604],[80.266428,13.035523],[80.266706,13.035517],[80.26672,13.035782],[80.267367,13.035863]]]}]}},{"type":"Feature","properties":{},"geometry":{"type":"GeometryCollection","geometries":[{"type":"LineString","coordinates":[[80.248517,13.018885],[80.248807,13.022218],[80.251358,13.021747],[80.251837,13.022442],[80.252636,13.022264],[80.253082,13.022309],[80.252887,13.022208],[80.252693,13.021886],[80.252617,13.021111],[80.252736,13.020931],[80.252066,13.019609],[80.251728,13.018953],[80.251342,13.01956],[80.25064,13.019099],[80.248517,13.018885]]},{"type":"Polygon","coordinates":[[[80.248517,13.018885],[80.248807,13.022218],[80.251358,13.021747],[80.251837,13.022442],[80.252636,13.022264],[80.253082,13.022309],[80.252887,13.022208],[80.252693,13.021886],[80.252617,13.021111],[80.252736,13.020931],[80.252066,13.019609],[80.251728,13.018953],[80.251342,13.01956],[80.25064,13.019099],[80.248517,13.018885]]]}]}},{"type":"Feature","properties":{},"geometry":{"type":"GeometryCollection","geometries":[{"type":"LineString","coordinates":[[80.280117,13.056554],[80.280131,13.056698],[80.280128,13.056807],[80.280125,13.056884],[80.280188,13.05693],[80.281662,13.056891],[80.28097,13.053039],[80.280141,13.053424],[80.280011,13.053659],[80.280122,13.054651],[80.279166,13.054976],[80.27916,13.055125],[80.279224,13.055183],[80.279339,13.055193],[80.279685,13.055132],[80.279733,13.055328],[80.279858,13.055393],[80.28017,13.055386],[80.280205,13.055471],[80.280155,13.055782],[80.28019,13.055874],[80.280155,13.055957],[80.280154,13.056086],[80.280157,13.056281],[80.280149,13.056331],[80.280117,13.056554]]},{"type":"Polygon","coordinates":[[[80.280117,13.056554],[80.280131,13.056698],[80.280128,13.056807],[80.280125,13.056884],[80.280188,13.05693],[80.281662,13.056891],[80.28097,13.053039],[80.280141,13.053424],[80.280011,13.053659],[80.280122,13.054651],[80.279166,13.054976],[80.27916,13.055125],[80.279224,13.055183],[80.279339,13.055193],[80.279685,13.055132],[80.279733,13.055328],[80.279858,13.055393],[80.28017,13.055386],[80.280205,13.055471],[80.280155,13.055782],[80.28019,13.055874],[80.280155,13.055957],[80.280154,13.056086],[80.280157,13.056281],[80.280149,13.056331],[80.280117,13.056554]]]}]}},{"type":"Feature","properties":{},"geometry":{"type":"GeometryCollection","geometries":[{"type":"LineString","coordinates":[[80.280471,13.03662],[80.279408,13.036824],[80.279529,13.038037],[80.279265,13.038231],[80.279173,13.038771],[80.279178,13.038857],[80.279215,13.038869],[80.279281,13.038857],[80.279444,13.038827],[80.279508,13.038832],[80.279645,13.039061],[80.28062,13.038862],[80.280471,13.03662]]},{"type":"Polygon","coordinates":[[[80.280471,13.03662],[80.279408,13.036824],[80.279529,13.038037],[80.279265,13.038231],[80.279173,13.038771],[80.279178,13.038857],[80.279215,13.038869],[80.279281,13.038857],[80.279444,13.038827],[80.279508,13.038832],[80.279645,13.039061],[80.28062,13.038862],[80.280471,13.03662]]]}]}},{"type":"Feature","properties":{},"geometry":{"type":"GeometryCollection","geometries":[{"type":"LineString","coordinates":[[80.281662,13.056891],[80.280188,13.05693],[80.280125,13.056884],[80.280128,13.056807],[80.280131,13.056698],[80.280117,13.056554],[80.280149,13.056331],[80.280157,13.056281],[80.280154,13.056086],[80.280155,13.055957],[80.28019,13.055874],[80.280155,13.055782],[80.280205,13.055471],[80.28017,13.055386],[80.279858,13.055393],[80.279733,13.055328],[80.279685,13.055132],[80.279339,13.055193],[80.279224,13.055183],[80.27916,13.055125],[80.279166,13.054976],[80.280122,13.054651],[80.280011,13.053659],[80.280141,13.053424],[80.28097,13.053039],[80.280695,13.051505],[80.279351,13.051771],[80.278075,13.049426],[80.277177,13.04665],[80.27617,13.047309],[80.276788,13.048883],[80.276493,13.05012],[80.276071,13.050224],[80.276156,13.051136],[80.276356,13.051345],[80.275487,13.052048],[80.275352,13.051495],[80.275777,13.051374],[80.275678,13.051039],[80.275402,13.051093],[80.275359,13.050897],[80.275059,13.050949],[80.274989,13.050726],[80.274534,13.05079],[80.274465,13.051378],[80.274026,13.051394],[80.274025,13.051437],[80.273887,13.051451],[80.273888,13.051534],[80.273834,13.051534],[80.273827,13.051458],[80.273105,13.051529],[80.273085,13.051367],[80.272464,13.051414],[80.272454,13.051326],[80.271089,13.051461],[80.271042,13.050549],[80.270114,13.050587],[80.269978,13.049431],[80.269202,13.049504],[80.269104,13.049152],[80.268592,13.049248],[80.268243,13.048912],[80.267859,13.048939],[80.268104,13.049686],[80.267759,13.049717],[80.267788,13.050666],[80.266539,13.05073],[80.266572,13.051175],[80.266162,13.051195],[80.265772,13.051233],[80.265924,13.053356],[80.26903,13.053174],[80.26947,13.055137],[80.269623,13.055282],[80.269926,13.057591],[80.270424,13.057519],[80.270448,13.057671],[80.270491,13.057937],[80.270911,13.057879],[80.270947,13.058183],[80.271267,13.058125],[80.273689,13.057688],[80.273663,13.057209],[80.27465,13.05699],[80.274659,13.057097],[80.275325,13.057059],[80.27534,13.056267],[80.277234,13.055987],[80.277309,13.056344],[80.277565,13.056302],[80.277525,13.055907],[80.277952,13.055824],[80.278213,13.056964],[80.277961,13.057016],[80.278004,13.057212],[80.278308,13.057107],[80.27831,13.057088],[80.278461,13.057004],[80.278528,13.057543],[80.279344,13.057476],[80.279388,13.057819],[80.280037,13.057633],[80.280001,13.057286],[80.280508,13.057211],[80.28064,13.058215],[80.280641,13.058214],[80.281852,13.057946],[80.281662,13.056891]]},{"type":"Polygon","coordinates":[[[80.281662,13.056891],[80.280188,13.05693],[80.280125,13.056884],[80.280128,13.056807],[80.280131,13.056698],[80.280117,13.056554],[80.280149,13.056331],[80.280157,13.056281],[80.280154,13.056086],[80.280155,13.055957],[80.28019,13.055874],[80.280155,13.055782],[80.280205,13.055471],[80.28017,13.055386],[80.279858,13.055393],[80.279733,13.055328],[80.279685,13.055132],[80.279339,13.055193],[80.279224,13.055183],[80.27916,13.055125],[80.279166,13.054976],[80.280122,13.054651],[80.280011,13.053659],[80.280141,13.053424],[80.28097,13.053039],[80.280695,13.051505],[80.279351,13.051771],[80.278075,13.049426],[80.277177,13.04665],[80.27617,13.047309],[80.276788,13.048883],[80.276493,13.05012],[80.276071,13.050224],[80.276156,13.051136],[80.276356,13.051345],[80.275487,13.052048],[80.275352,13.051495],[80.275777,13.051374],[80.275678,13.051039],[80.275402,13.051093],[80.275359,13.050897],[80.275059,13.050949],[80.274989,13.050726],[80.274534,13.05079],[80.274465,13.051378],[80.274026,13.051394],[80.274025,13.051437],[80.273887,13.051451],[80.273888,13.051534],[80.273834,13.051534],[80.273827,13.051458],[80.273105,13.051529],[80.273085,13.051367],[80.272464,13.051414],[80.272454,13.051326],[80.271089,13.051461],[80.271042,13.050549],[80.270114,13.050587],[80.269978,13.049431],[80.269202,13.049504],[80.269104,13.049152],[80.268592,13.049248],[80.268243,13.048912],[80.267859,13.048939],[80.268104,13.049686],[80.267759,13.049717],[80.267788,13.050666],[80.266539,13.05073],[80.266572,13.051175],[80.266162,13.051195],[80.265772,13.051233],[80.265924,13.053356],[80.26903,13.053174],[80.26947,13.055137],[80.269623,13.055282],[80.269926,13.057591],[80.270424,13.057519],[80.270448,13.057671],[80.270491,13.057937],[80.270911,13.057879],[80.270947,13.058183],[80.271267,13.058125],[80.273689,13.057688],[80.273663,13.057209],[80.27465,13.05699],[80.274659,13.057097],[80.275325,13.057059],[80.27534,13.056267],[80.277234,13.055987],[80.277309,13.056344],[80.277565,13.056302],[80.277525,13.055907],[80.277952,13.055824],[80.278213,13.056964],[80.277961,13.057016],[80.278004,13.057212],[80.278308,13.057107],[80.27831,13.057088],[80.278461,13.057004],[80.278528,13.057543],[80.279344,13.057476],[80.279388,13.057819],[80.280037,13.057633],[80.280001,13.057286],[80.280508,13.057211],[80.28064,13.058215],[80.280641,13.058214],[80.281852,13.057946],[80.281662,13.056891]]]}]}},{"type":"Feature","properties":{},"geometry":{"type":"GeometryCollection","geometries":[{"type":"LineString","coordinates":[[80.280651,13.066277],[80.281602,13.06747],[80.282778,13.06657],[80.281828,13.065376],[80.280651,13.066277]]},{"type":"Polygon","coordinates":[[[80.280651,13.066277],[80.281602,13.06747],[80.282778,13.06657],[80.281828,13.065376],[80.280651,13.066277]]]}]}},{"type":"Feature","properties":{},"geometry":{"type":"GeometryCollection","geometries":[{"type":"LineString","coordinates":[[80.28064,13.058215],[80.280508,13.057211],[80.280001,13.057286],[80.280037,13.057633],[80.279388,13.057819],[80.279344,13.057476],[80.278528,13.057543],[80.278461,13.057004],[80.27831,13.057088],[80.278308,13.057107],[80.278004,13.057212],[80.277961,13.057016],[80.278213,13.056964],[80.277952,13.055824],[80.277525,13.055907],[80.277565,13.056302],[80.277309,13.056344],[80.277234,13.055987],[80.27534,13.056267],[80.275325,13.057059],[80.274659,13.057097],[80.27465,13.05699],[80.273663,13.057209],[80.273689,13.057688],[80.271267,13.058125],[80.271341,13.058461],[80.271939,13.058358],[80.272053,13.059066],[80.272133,13.059205],[80.272174,13.059246],[80.272258,13.059257],[80.272423,13.059327],[80.273087,13.059254],[80.273121,13.059513],[80.27365,13.059476],[80.273615,13.059222],[80.274743,13.059077],[80.274852,13.060106],[80.275346,13.060054],[80.275295,13.05893],[80.275596,13.058816],[80.275745,13.058773],[80.275814,13.058794],[80.276055,13.058774],[80.276095,13.060662],[80.276332,13.060648],[80.276312,13.059933],[80.277447,13.059886],[80.277618,13.061048],[80.277751,13.061054],[80.277838,13.061537],[80.277893,13.061868],[80.277946,13.062226],[80.277794,13.062255],[80.277836,13.062438],[80.277983,13.062405],[80.278092,13.062972],[80.277562,13.063042],[80.277511,13.063048],[80.277496,13.063674],[80.277462,13.064212],[80.277196,13.064232],[80.277235,13.064642],[80.277495,13.064628],[80.277637,13.065195],[80.277726,13.065552],[80.278834,13.06507],[80.277662,13.058636],[80.28064,13.058215]]},{"type":"Polygon","coordinates":[[[80.28064,13.058215],[80.280508,13.057211],[80.280001,13.057286],[80.280037,13.057633],[80.279388,13.057819],[80.279344,13.057476],[80.278528,13.057543],[80.278461,13.057004],[80.27831,13.057088],[80.278308,13.057107],[80.278004,13.057212],[80.277961,13.057016],[80.278213,13.056964],[80.277952,13.055824],[80.277525,13.055907],[80.277565,13.056302],[80.277309,13.056344],[80.277234,13.055987],[80.27534,13.056267],[80.275325,13.057059],[80.274659,13.057097],[80.27465,13.05699],[80.273663,13.057209],[80.273689,13.057688],[80.271267,13.058125],[80.271341,13.058461],[80.271939,13.058358],[80.272053,13.059066],[80.272133,13.059205],[80.272174,13.059246],[80.272258,13.059257],[80.272423,13.059327],[80.273087,13.059254],[80.273121,13.059513],[80.27365,13.059476],[80.273615,13.059222],[80.274743,13.059077],[80.274852,13.060106],[80.275346,13.060054],[80.275295,13.05893],[80.275596,13.058816],[80.275745,13.058773],[80.275814,13.058794],[80.276055,13.058774],[80.276095,13.060662],[80.276332,13.060648],[80.276312,13.059933],[80.277447,13.059886],[80.277618,13.061048],[80.277751,13.061054],[80.277838,13.061537],[80.277893,13.061868],[80.277946,13.062226],[80.277794,13.062255],[80.277836,13.062438],[80.277983,13.062405],[80.278092,13.062972],[80.277562,13.063042],[80.277511,13.063048],[80.277496,13.063674],[80.277462,13.064212],[80.277196,13.064232],[80.277235,13.064642],[80.277495,13.064628],[80.277637,13.065195],[80.277726,13.065552],[80.278834,13.06507],[80.277662,13.058636],[80.28064,13.058215]]]}]}},{"type":"Feature","properties":{},"geometry":{"type":"GeometryCollection","geometries":[{"type":"LineString","coordinates":[[80.275789,13.006707],[80.258429,13.016857],[80.254058,13.019603],[80.253269,13.020099],[80.253273,13.020309],[80.253219,13.020505],[80.253033,13.020572],[80.252931,13.020638],[80.252617,13.021111],[80.252693,13.021886],[80.252887,13.022208],[80.253082,13.022309],[80.253599,13.022396],[80.254389,13.022403],[80.255356,13.022349],[80.255897,13.022326],[80.255985,13.022456],[80.256057,13.022666],[80.25612,13.022805],[80.256283,13.022984],[80.25639,13.023101],[80.256615,13.023176],[80.257593,13.02343],[80.257673,13.023275],[80.258728,13.023523],[80.25858,13.023857],[80.259025,13.02523],[80.259553,13.025834],[80.261406,13.025317],[80.261018,13.024525],[80.262242,13.024167],[80.262001,13.023446],[80.262333,13.023327],[80.262243,13.023105],[80.26221,13.022967],[80.262827,13.022781],[80.263006,13.023335],[80.264528,13.022762],[80.265193,13.023767],[80.265916,13.02351],[80.266121,13.023747],[80.265906,13.02393],[80.265947,13.024004],[80.266411,13.023696],[80.267072,13.023083],[80.267787,13.023755],[80.268656,13.023097],[80.268634,13.023056],[80.269094,13.022714],[80.269315,13.022878],[80.270251,13.021736],[80.27103,13.022223],[80.271193,13.02182],[80.270244,13.021084],[80.272957,13.019471],[80.27796,13.01411],[80.277169,13.011414],[80.27653,13.009237],[80.275789,13.006707]]},{"type":"Polygon","coordinates":[[[80.275789,13.006707],[80.258429,13.016857],[80.254058,13.019603],[80.253269,13.020099],[80.253273,13.020309],[80.253219,13.020505],[80.253033,13.020572],[80.252931,13.020638],[80.252617,13.021111],[80.252693,13.021886],[80.252887,13.022208],[80.253082,13.022309],[80.253599,13.022396],[80.254389,13.022403],[80.255356,13.022349],[80.255897,13.022326],[80.255985,13.022456],[80.256057,13.022666],[80.25612,13.022805],[80.256283,13.022984],[80.25639,13.023101],[80.256615,13.023176],[80.257593,13.02343],[80.257673,13.023275],[80.258728,13.023523],[80.25858,13.023857],[80.259025,13.02523],[80.259553,13.025834],[80.261406,13.025317],[80.261018,13.024525],[80.262242,13.024167],[80.262001,13.023446],[80.262333,13.023327],[80.262243,13.023105],[80.26221,13.022967],[80.262827,13.022781],[80.263006,13.023335],[80.264528,13.022762],[80.265193,13.023767],[80.265916,13.02351],[80.266121,13.023747],[80.265906,13.02393],[80.265947,13.024004],[80.266411,13.023696],[80.267072,13.023083],[80.267787,13.023755],[80.268656,13.023097],[80.268634,13.023056],[80.269094,13.022714],[80.269315,13.022878],[80.270251,13.021736],[80.27103,13.022223],[80.271193,13.02182],[80.270244,13.021084],[80.272957,13.019471],[80.27796,13.01411],[80.277169,13.011414],[80.27653,13.009237],[80.275789,13.006707]]]}]}},{"type":"Feature","properties":{},"geometry":{"type":"GeometryCollection","geometries":[{"type":"LineString","coordinates":[[80.265849,12.99162],[80.265956,12.992272],[80.263126,12.992599],[80.262814,12.990672],[80.262361,12.990725],[80.262411,12.991114],[80.262272,12.991112],[80.262279,12.991534],[80.262321,12.991728],[80.262279,12.991737],[80.262354,12.992272],[80.261654,12.9924],[80.261573,12.992409],[80.261584,12.993078],[80.261788,12.993797],[80.26187,12.993911],[80.262652,12.993821],[80.262711,12.994978],[80.263042,12.994985],[80.263132,12.995799],[80.263252,12.995799],[80.263297,12.996245],[80.26316,12.996275],[80.263219,12.996866],[80.262721,12.996956],[80.262751,12.997492],[80.264162,12.997373],[80.264308,12.998833],[80.263463,12.998881],[80.263543,12.999681],[80.26438,12.999474],[80.264585,13.000284],[80.262956,13.000543],[80.263074,13.001084],[80.264002,13.000948],[80.264211,13.000906],[80.26422,13.000811],[80.264471,13.000769],[80.264483,13.00088],[80.265951,13.000625],[80.266441,13.000592],[80.266571,13.000492],[80.266599,13.000444],[80.266682,13.000444],[80.266676,13.0005],[80.26716,13.000625],[80.267452,12.999079],[80.268824,12.99916],[80.268831,12.998768],[80.269436,12.99863],[80.270073,12.998634],[80.270302,12.998557],[80.270421,12.998573],[80.270469,12.99883],[80.273335,12.998339],[80.272774,12.996427],[80.272638,12.995964],[80.272155,12.994317],[80.270655,12.994778],[80.270711,12.995122],[80.26911,12.995246],[80.269024,12.994511],[80.269143,12.994502],[80.268871,12.993434],[80.269134,12.99333],[80.268803,12.991911],[80.268531,12.991988],[80.267275,12.992217],[80.267189,12.991696],[80.267146,12.991446],[80.265849,12.99162]]},{"type":"Polygon","coordinates":[[[80.265849,12.99162],[80.265956,12.992272],[80.263126,12.992599],[80.262814,12.990672],[80.262361,12.990725],[80.262411,12.991114],[80.262272,12.991112],[80.262279,12.991534],[80.262321,12.991728],[80.262279,12.991737],[80.262354,12.992272],[80.261654,12.9924],[80.261573,12.992409],[80.261584,12.993078],[80.261788,12.993797],[80.26187,12.993911],[80.262652,12.993821],[80.262711,12.994978],[80.263042,12.994985],[80.263132,12.995799],[80.263252,12.995799],[80.263297,12.996245],[80.26316,12.996275],[80.263219,12.996866],[80.262721,12.996956],[80.262751,12.997492],[80.264162,12.997373],[80.264308,12.998833],[80.263463,12.998881],[80.263543,12.999681],[80.26438,12.999474],[80.264585,13.000284],[80.262956,13.000543],[80.263074,13.001084],[80.264002,13.000948],[80.264211,13.000906],[80.26422,13.000811],[80.264471,13.000769],[80.264483,13.00088],[80.265951,13.000625],[80.266441,13.000592],[80.266571,13.000492],[80.266599,13.000444],[80.266682,13.000444],[80.266676,13.0005],[80.26716,13.000625],[80.267452,12.999079],[80.268824,12.99916],[80.268831,12.998768],[80.269436,12.99863],[80.270073,12.998634],[80.270302,12.998557],[80.270421,12.998573],[80.270469,12.99883],[80.273335,12.998339],[80.272774,12.996427],[80.272638,12.995964],[80.272155,12.994317],[80.270655,12.994778],[80.270711,12.995122],[80.26911,12.995246],[80.269024,12.994511],[80.269143,12.994502],[80.268871,12.993434],[80.269134,12.99333],[80.268803,12.991911],[80.268531,12.991988],[80.267275,12.992217],[80.267189,12.991696],[80.267146,12.991446],[80.265849,12.99162]]]}]}},{"type":"Feature","properties":{},"geometry":{"type":"GeometryCollection","geometries":[{"type":"LineString","coordinates":[[80.230578,12.973871],[80.230401,12.9768],[80.229114,12.976652],[80.229024,12.979577],[80.228739,12.97959],[80.228739,12.979494],[80.22811,12.979517],[80.228247,12.980129],[80.228029,12.980401],[80.228555,12.98074],[80.228643,12.980561],[80.229618,12.980875],[80.230207,12.981372],[80.230463,12.981588],[80.230575,12.981462],[80.230716,12.981563],[80.230904,12.981388],[80.23148,12.98173],[80.231897,12.981721],[80.233366,12.981678],[80.233367,12.981549],[80.233414,12.981124],[80.233378,12.979763],[80.23331,12.97915],[80.233282,12.977389],[80.233774,12.976562],[80.232553,12.975534],[80.230578,12.973871]]},{"type":"Polygon","coordinates":[[[80.230578,12.973871],[80.230401,12.9768],[80.229114,12.976652],[80.229024,12.979577],[80.228739,12.97959],[80.228739,12.979494],[80.22811,12.979517],[80.228247,12.980129],[80.228029,12.980401],[80.228555,12.98074],[80.228643,12.980561],[80.229618,12.980875],[80.230207,12.981372],[80.230463,12.981588],[80.230575,12.981462],[80.230716,12.981563],[80.230904,12.981388],[80.23148,12.98173],[80.231897,12.981721],[80.233366,12.981678],[80.233367,12.981549],[80.233414,12.981124],[80.233378,12.979763],[80.23331,12.97915],[80.233282,12.977389],[80.233774,12.976562],[80.232553,12.975534],[80.230578,12.973871]]]}]}},{"type":"Feature","properties":{},"geometry":{"type":"GeometryCollection","geometries":[{"type":"LineString","coordinates":[[80.273335,12.998339],[80.270469,12.99883],[80.270421,12.998573],[80.270302,12.998557],[80.270073,12.998634],[80.269436,12.99863],[80.268831,12.998768],[80.268824,12.99916],[80.267452,12.999079],[80.26716,13.000625],[80.266676,13.0005],[80.266682,13.000444],[80.266599,13.000444],[80.266571,13.000492],[80.266441,13.000592],[80.265951,13.000625],[80.264483,13.00088],[80.264471,13.000769],[80.26422,13.000811],[80.264211,13.000906],[80.264002,13.000948],[80.263074,13.001084],[80.263471,13.001882],[80.263453,13.002299],[80.263479,13.002451],[80.263824,13.003041],[80.26414,13.003509],[80.264673,13.003803],[80.267815,13.002228],[80.269532,13.004776],[80.271713,13.003945],[80.272061,13.005042],[80.272791,13.004896],[80.273341,13.004572],[80.273341,13.004458],[80.273242,13.004462],[80.273279,13.004059],[80.273157,13.003874],[80.273043,13.003678],[80.272988,13.00341],[80.273064,13.003367],[80.273188,13.002953],[80.272886,13.002697],[80.272463,13.002767],[80.271628,13.003035],[80.271475,13.00274],[80.274423,13.00205],[80.273665,12.999465],[80.273335,12.998339]]},{"type":"Polygon","coordinates":[[[80.273335,12.998339],[80.270469,12.99883],[80.270421,12.998573],[80.270302,12.998557],[80.270073,12.998634],[80.269436,12.99863],[80.268831,12.998768],[80.268824,12.99916],[80.267452,12.999079],[80.26716,13.000625],[80.266676,13.0005],[80.266682,13.000444],[80.266599,13.000444],[80.266571,13.000492],[80.266441,13.000592],[80.265951,13.000625],[80.264483,13.00088],[80.264471,13.000769],[80.26422,13.000811],[80.264211,13.000906],[80.264002,13.000948],[80.263074,13.001084],[80.263471,13.001882],[80.263453,13.002299],[80.263479,13.002451],[80.263824,13.003041],[80.26414,13.003509],[80.264673,13.003803],[80.267815,13.002228],[80.269532,13.004776],[80.271713,13.003945],[80.272061,13.005042],[80.272791,13.004896],[80.273341,13.004572],[80.273341,13.004458],[80.273242,13.004462],[80.273279,13.004059],[80.273157,13.003874],[80.273043,13.003678],[80.272988,13.00341],[80.273064,13.003367],[80.273188,13.002953],[80.272886,13.002697],[80.272463,13.002767],[80.271628,13.003035],[80.271475,13.00274],[80.274423,13.00205],[80.273665,12.999465],[80.273335,12.998339]]]}]}},{"type":"Feature","properties":{},"geometry":{"type":"GeometryCollection","geometries":[{"type":"LineString","coordinates":[[80.255845,12.999713],[80.252141,12.999841],[80.251903,12.999443],[80.251698,12.999619],[80.251838,12.999859],[80.250682,12.999846],[80.250646,13.000506],[80.250202,13.000495],[80.250113,13.00094],[80.249239,13.000928],[80.249219,13.001148],[80.24878,13.001094],[80.248335,13.002973],[80.248125,13.006513],[80.248525,13.006529],[80.248572,13.005527],[80.248547,13.004914],[80.250037,13.004856],[80.251316,13.004889],[80.251405,13.004516],[80.2529,13.004518],[80.252897,13.004891],[80.253333,13.004885],[80.253356,13.004528],[80.254862,13.004492],[80.254844,13.00398],[80.256462,13.003853],[80.256825,13.00494],[80.257213,13.004846],[80.257574,13.004744],[80.256951,13.002744],[80.256898,13.002443],[80.256636,13.001153],[80.256443,13.000523],[80.256409,13.000412],[80.256171,13.000446],[80.255845,12.999713]]},{"type":"Polygon","coordinates":[[[80.255845,12.999713],[80.252141,12.999841],[80.251903,12.999443],[80.251698,12.999619],[80.251838,12.999859],[80.250682,12.999846],[80.250646,13.000506],[80.250202,13.000495],[80.250113,13.00094],[80.249239,13.000928],[80.249219,13.001148],[80.24878,13.001094],[80.248335,13.002973],[80.248125,13.006513],[80.248525,13.006529],[80.248572,13.005527],[80.248547,13.004914],[80.250037,13.004856],[80.251316,13.004889],[80.251405,13.004516],[80.2529,13.004518],[80.252897,13.004891],[80.253333,13.004885],[80.253356,13.004528],[80.254862,13.004492],[80.254844,13.00398],[80.256462,13.003853],[80.256825,13.00494],[80.257213,13.004846],[80.257574,13.004744],[80.256951,13.002744],[80.256898,13.002443],[80.256636,13.001153],[80.256443,13.000523],[80.256409,13.000412],[80.256171,13.000446],[80.255845,12.999713]]]}]}},{"type":"Feature","properties":{},"geometry":{"type":"GeometryCollection","geometries":[{"type":"LineString","coordinates":[[80.20466,13.026036],[80.204735,13.026023],[80.20471,13.02582],[80.206803,13.025432],[80.206532,13.023533],[80.207723,13.02336],[80.207672,13.022814],[80.207636,13.021836],[80.20655,13.021715],[80.206558,13.021534],[80.206809,13.021109],[80.206897,13.019907],[80.206633,13.018991],[80.206146,13.019083],[80.205824,13.01807],[80.205038,13.015373],[80.204128,13.015485],[80.202754,13.015933],[80.202816,13.016222],[80.202434,13.016265],[80.202513,13.016957],[80.202055,13.016957],[80.202053,13.017194],[80.201766,13.017152],[80.201766,13.017077],[80.201507,13.017031],[80.201245,13.016985],[80.201233,13.016848],[80.200906,13.016856],[80.200852,13.016055],[80.200259,13.016079],[80.200142,13.016167],[80.19988,13.016224],[80.199723,13.015921],[80.199346,13.015901],[80.199501,13.020674],[80.200262,13.025419],[80.200697,13.026667],[80.202221,13.026296],[80.202345,13.026263],[80.202464,13.026239],[80.202598,13.026211],[80.202709,13.026182],[80.202851,13.026141],[80.2029,13.026126],[80.203028,13.026049],[80.20304,13.026043],[80.20328,13.026005],[80.203531,13.025956],[80.20371,13.025923],[80.2037,13.025849],[80.203691,13.025711],[80.203949,13.025653],[80.204205,13.025611],[80.204575,13.025584],[80.204625,13.025972],[80.20466,13.026036]]},{"type":"Polygon","coordinates":[[[80.20466,13.026036],[80.204735,13.026023],[80.20471,13.02582],[80.206803,13.025432],[80.206532,13.023533],[80.207723,13.02336],[80.207672,13.022814],[80.207636,13.021836],[80.20655,13.021715],[80.206558,13.021534],[80.206809,13.021109],[80.206897,13.019907],[80.206633,13.018991],[80.206146,13.019083],[80.205824,13.01807],[80.205038,13.015373],[80.204128,13.015485],[80.202754,13.015933],[80.202816,13.016222],[80.202434,13.016265],[80.202513,13.016957],[80.202055,13.016957],[80.202053,13.017194],[80.201766,13.017152],[80.201766,13.017077],[80.201507,13.017031],[80.201245,13.016985],[80.201233,13.016848],[80.200906,13.016856],[80.200852,13.016055],[80.200259,13.016079],[80.200142,13.016167],[80.19988,13.016224],[80.199723,13.015921],[80.199346,13.015901],[80.199501,13.020674],[80.200262,13.025419],[80.200697,13.026667],[80.202221,13.026296],[80.202345,13.026263],[80.202464,13.026239],[80.202598,13.026211],[80.202709,13.026182],[80.202851,13.026141],[80.2029,13.026126],[80.203028,13.026049],[80.20304,13.026043],[80.20328,13.026005],[80.203531,13.025956],[80.20371,13.025923],[80.2037,13.025849],[80.203691,13.025711],[80.203949,13.025653],[80.204205,13.025611],[80.204575,13.025584],[80.204625,13.025972],[80.20466,13.026036]]]}]}},{"type":"Feature","properties":{},"geometry":{"type":"GeometryCollection","geometries":[{"type":"LineString","coordinates":[[80.205038,13.015373],[80.203834,13.010885],[80.198495,13.012206],[80.199093,13.015888],[80.199723,13.015921],[80.19988,13.016224],[80.200142,13.016167],[80.200259,13.016079],[80.200852,13.016055],[80.200906,13.016856],[80.201233,13.016848],[80.201245,13.016985],[80.201766,13.017077],[80.201766,13.017152],[80.202053,13.017194],[80.202055,13.016957],[80.202513,13.016957],[80.202473,13.016611],[80.202434,13.016265],[80.202816,13.016222],[80.202754,13.015933],[80.204128,13.015485],[80.205038,13.015373]]},{"type":"Polygon","coordinates":[[[80.205038,13.015373],[80.203834,13.010885],[80.198495,13.012206],[80.199093,13.015888],[80.199723,13.015921],[80.19988,13.016224],[80.200142,13.016167],[80.200259,13.016079],[80.200852,13.016055],[80.200906,13.016856],[80.201233,13.016848],[80.201245,13.016985],[80.201766,13.017077],[80.201766,13.017152],[80.202053,13.017194],[80.202055,13.016957],[80.202513,13.016957],[80.202473,13.016611],[80.202434,13.016265],[80.202816,13.016222],[80.202754,13.015933],[80.204128,13.015485],[80.205038,13.015373]]]}]}},{"type":"Feature","properties":{},"geometry":{"type":"GeometryCollection","geometries":[{"type":"LineString","coordinates":[[80.275808,13.026425],[80.277454,13.025685],[80.277471,13.025877],[80.279748,13.025766],[80.279523,13.022386],[80.281176,13.021811],[80.27796,13.01411],[80.272957,13.019471],[80.270244,13.021084],[80.271193,13.02182],[80.272297,13.022899],[80.270506,13.024522],[80.27053,13.02501],[80.272121,13.024855],[80.275105,13.024565],[80.275808,13.026425]]},{"type":"Polygon","coordinates":[[[80.275808,13.026425],[80.277454,13.025685],[80.277471,13.025877],[80.279748,13.025766],[80.279523,13.022386],[80.281176,13.021811],[80.27796,13.01411],[80.272957,13.019471],[80.270244,13.021084],[80.271193,13.02182],[80.272297,13.022899],[80.270506,13.024522],[80.27053,13.02501],[80.272121,13.024855],[80.275105,13.024565],[80.275808,13.026425]]]}]}},{"type":"Feature","properties":{},"geometry":{"type":"GeometryCollection","geometries":[{"type":"LineString","coordinates":[[80.272297,13.022899],[80.271193,13.02182],[80.27103,13.022223],[80.270251,13.021736],[80.269315,13.022878],[80.269094,13.022714],[80.268634,13.023056],[80.268656,13.023097],[80.267787,13.023755],[80.268837,13.024693],[80.270506,13.024522],[80.272297,13.022899]]},{"type":"Polygon","coordinates":[[[80.272297,13.022899],[80.271193,13.02182],[80.27103,13.022223],[80.270251,13.021736],[80.269315,13.022878],[80.269094,13.022714],[80.268634,13.023056],[80.268656,13.023097],[80.267787,13.023755],[80.268837,13.024693],[80.270506,13.024522],[80.272297,13.022899]]]}]}},{"type":"Feature","properties":{},"geometry":{"type":"GeometryCollection","geometries":[{"type":"LineString","coordinates":[[80.248125,13.006513],[80.248191,13.011787],[80.248406,13.017421],[80.25347,13.017005],[80.254954,13.01904],[80.258429,13.016857],[80.261542,13.015037],[80.266127,13.012356],[80.269446,13.010416],[80.275789,13.006707],[80.275169,13.005392],[80.273646,13.005505],[80.273341,13.004572],[80.272791,13.004896],[80.272061,13.005042],[80.271713,13.003945],[80.269532,13.004776],[80.267815,13.002228],[80.265829,13.003223],[80.264673,13.003803],[80.263349,13.004038],[80.263259,13.002757],[80.26331,13.002751],[80.263303,13.002599],[80.263148,13.0026],[80.263136,13.002427],[80.263251,13.00241],[80.26319,13.002164],[80.262824,13.002181],[80.262778,13.001514],[80.26192,13.001608],[80.261959,13.00281],[80.260519,13.003012],[80.26041,13.002432],[80.260554,13.0024],[80.260534,13.002247],[80.260125,13.002269],[80.260139,13.002657],[80.26001,13.002651],[80.260153,13.003308],[80.260016,13.003346],[80.260037,13.00357],[80.259381,13.003671],[80.259334,13.003553],[80.257365,13.004073],[80.257574,13.004744],[80.257213,13.004846],[80.256825,13.00494],[80.256462,13.003853],[80.254844,13.00398],[80.254862,13.004492],[80.253356,13.004528],[80.253333,13.004885],[80.252897,13.004891],[80.2529,13.004518],[80.251405,13.004516],[80.251316,13.004889],[80.250037,13.004856],[80.248547,13.004914],[80.248572,13.005527],[80.248525,13.006529],[80.248125,13.006513]]},{"type":"Polygon","coordinates":[[[80.248125,13.006513],[80.248191,13.011787],[80.248406,13.017421],[80.25347,13.017005],[80.254954,13.01904],[80.258429,13.016857],[80.261542,13.015037],[80.266127,13.012356],[80.269446,13.010416],[80.275789,13.006707],[80.275169,13.005392],[80.273646,13.005505],[80.273341,13.004572],[80.272791,13.004896],[80.272061,13.005042],[80.271713,13.003945],[80.269532,13.004776],[80.267815,13.002228],[80.265829,13.003223],[80.264673,13.003803],[80.263349,13.004038],[80.263259,13.002757],[80.26331,13.002751],[80.263303,13.002599],[80.263148,13.0026],[80.263136,13.002427],[80.263251,13.00241],[80.26319,13.002164],[80.262824,13.002181],[80.262778,13.001514],[80.26192,13.001608],[80.261959,13.00281],[80.260519,13.003012],[80.26041,13.002432],[80.260554,13.0024],[80.260534,13.002247],[80.260125,13.002269],[80.260139,13.002657],[80.26001,13.002651],[80.260153,13.003308],[80.260016,13.003346],[80.260037,13.00357],[80.259381,13.003671],[80.259334,13.003553],[80.257365,13.004073],[80.257574,13.004744],[80.257213,13.004846],[80.256825,13.00494],[80.256462,13.003853],[80.254844,13.00398],[80.254862,13.004492],[80.253356,13.004528],[80.253333,13.004885],[80.252897,13.004891],[80.2529,13.004518],[80.251405,13.004516],[80.251316,13.004889],[80.250037,13.004856],[80.248547,13.004914],[80.248572,13.005527],[80.248525,13.006529],[80.248125,13.006513]]]}]}},{"type":"Feature","properties":{},"geometry":{"type":"GeometryCollection","geometries":[{"type":"LineString","coordinates":[[80.265851,12.99162],[80.267146,12.991446],[80.267189,12.991696],[80.267275,12.992217],[80.268534,12.991988],[80.268805,12.991911],[80.269136,12.99333],[80.268871,12.993434],[80.269143,12.994502],[80.269024,12.994511],[80.26911,12.995246],[80.270711,12.995122],[80.270655,12.994778],[80.272158,12.994317],[80.270335,12.986692],[80.262415,12.987241],[80.262817,12.990672],[80.263128,12.992599],[80.265959,12.992272],[80.265851,12.99162]]},{"type":"Polygon","coordinates":[[[80.265851,12.99162],[80.267146,12.991446],[80.267189,12.991696],[80.267275,12.992217],[80.268534,12.991988],[80.268805,12.991911],[80.269136,12.99333],[80.268871,12.993434],[80.269143,12.994502],[80.269024,12.994511],[80.26911,12.995246],[80.270711,12.995122],[80.270655,12.994778],[80.272158,12.994317],[80.270335,12.986692],[80.262415,12.987241],[80.262817,12.990672],[80.263128,12.992599],[80.265959,12.992272],[80.265851,12.99162]]]}]}},{"type":"Feature","properties":{},"geometry":{"type":"GeometryCollection","geometries":[{"type":"LineString","coordinates":[[80.267449,12.979192],[80.266094,12.972212],[80.258861,12.973067],[80.259222,12.974439],[80.258761,12.974545],[80.258949,12.975249],[80.258275,12.975506],[80.258484,12.976533],[80.259165,12.976463],[80.259459,12.977704],[80.260138,12.97765],[80.260074,12.978369],[80.260228,12.97938],[80.261795,12.979286],[80.263588,12.979141],[80.267449,12.979192]]},{"type":"Polygon","coordinates":[[[80.267449,12.979192],[80.266094,12.972212],[80.258861,12.973067],[80.259222,12.974439],[80.258761,12.974545],[80.258949,12.975249],[80.258275,12.975506],[80.258484,12.976533],[80.259165,12.976463],[80.259459,12.977704],[80.260138,12.97765],[80.260074,12.978369],[80.260228,12.97938],[80.261795,12.979286],[80.263588,12.979141],[80.267449,12.979192]]]}]}},{"type":"Feature","properties":{},"geometry":{"type":"GeometryCollection","geometries":[{"type":"LineString","coordinates":[[80.262361,12.990725],[80.262814,12.990672],[80.262412,12.987241],[80.267117,12.986915],[80.266433,12.983772],[80.265571,12.984036],[80.26547,12.983285],[80.265357,12.983306],[80.265253,12.982495],[80.265119,12.982492],[80.265007,12.982076],[80.265148,12.981882],[80.26513,12.981607],[80.265975,12.981448],[80.265935,12.980834],[80.265678,12.980852],[80.265574,12.979924],[80.266129,12.979914],[80.266174,12.979175],[80.263588,12.979141],[80.261795,12.979286],[80.260228,12.97938],[80.260074,12.978369],[80.260138,12.97765],[80.259459,12.977704],[80.259401,12.977459],[80.258264,12.977574],[80.25835,12.9784],[80.258789,12.978401],[80.25886,12.979033],[80.258861,12.979772],[80.255344,12.980095],[80.255146,12.979233],[80.254359,12.979231],[80.254515,12.980959],[80.254147,12.981138],[80.254081,12.981323],[80.253291,12.981379],[80.251808,12.988085],[80.252461,12.988246],[80.253085,12.988331],[80.253748,12.988579],[80.254476,12.989004],[80.256306,12.99055],[80.260477,12.990481],[80.260642,12.991298],[80.262272,12.991112],[80.262411,12.991114],[80.262361,12.990725]]},{"type":"Polygon","coordinates":[[[80.262361,12.990725],[80.262814,12.990672],[80.262412,12.987241],[80.267117,12.986915],[80.266433,12.983772],[80.265571,12.984036],[80.26547,12.983285],[80.265357,12.983306],[80.265253,12.982495],[80.265119,12.982492],[80.265007,12.982076],[80.265148,12.981882],[80.26513,12.981607],[80.265975,12.981448],[80.265935,12.980834],[80.265678,12.980852],[80.265574,12.979924],[80.266129,12.979914],[80.266174,12.979175],[80.263588,12.979141],[80.261795,12.979286],[80.260228,12.97938],[80.260074,12.978369],[80.260138,12.97765],[80.259459,12.977704],[80.259401,12.977459],[80.258264,12.977574],[80.25835,12.9784],[80.258789,12.978401],[80.25886,12.979033],[80.258861,12.979772],[80.255344,12.980095],[80.255146,12.979233],[80.254359,12.979231],[80.254515,12.980959],[80.254147,12.981138],[80.254081,12.981323],[80.253291,12.981379],[80.251808,12.988085],[80.252461,12.988246],[80.253085,12.988331],[80.253748,12.988579],[80.254476,12.989004],[80.256306,12.99055],[80.260477,12.990481],[80.260642,12.991298],[80.262272,12.991112],[80.262411,12.991114],[80.262361,12.990725]]]}]}},{"type":"Feature","properties":{},"geometry":{"type":"GeometryCollection","geometries":[{"type":"LineString","coordinates":[[80.270333,12.986692],[80.267449,12.979192],[80.266174,12.979175],[80.266129,12.979914],[80.265574,12.979924],[80.265678,12.980852],[80.265935,12.980834],[80.265975,12.981448],[80.26513,12.981607],[80.265148,12.981882],[80.265007,12.982076],[80.265119,12.982492],[80.265253,12.982495],[80.265357,12.983306],[80.26547,12.983285],[80.265571,12.984036],[80.266433,12.983772],[80.267117,12.986915],[80.270333,12.986692]]},{"type":"Polygon","coordinates":[[[80.270333,12.986692],[80.267449,12.979192],[80.266174,12.979175],[80.266129,12.979914],[80.265574,12.979924],[80.265678,12.980852],[80.265935,12.980834],[80.265975,12.981448],[80.26513,12.981607],[80.265148,12.981882],[80.265007,12.982076],[80.265119,12.982492],[80.265253,12.982495],[80.265357,12.983306],[80.26547,12.983285],[80.265571,12.984036],[80.266433,12.983772],[80.267117,12.986915],[80.270333,12.986692]]]}]}},{"type":"Feature","properties":{},"geometry":{"type":"GeometryCollection","geometries":[{"type":"LineString","coordinates":[[80.251808,12.988085],[80.24878,13.001094],[80.249219,13.001148],[80.249239,13.000928],[80.250113,13.00094],[80.250202,13.000495],[80.250646,13.000506],[80.250682,12.999846],[80.251838,12.999859],[80.251698,12.999619],[80.251903,12.999443],[80.252141,12.999841],[80.255845,12.999713],[80.256171,13.000446],[80.256409,13.000412],[80.256636,13.001153],[80.256898,13.002443],[80.256951,13.002744],[80.257365,13.004073],[80.259334,13.003553],[80.259381,13.003671],[80.260037,13.00357],[80.260016,13.003346],[80.260153,13.003308],[80.26001,13.002651],[80.260139,13.002657],[80.260125,13.002269],[80.260534,13.002247],[80.260554,13.0024],[80.26041,13.002432],[80.260519,13.003012],[80.261959,13.00281],[80.26192,13.001608],[80.262778,13.001514],[80.262824,13.002181],[80.26319,13.002164],[80.263251,13.00241],[80.263136,13.002427],[80.263148,13.0026],[80.263303,13.002599],[80.26331,13.002751],[80.263259,13.002757],[80.263349,13.004038],[80.264673,13.003803],[80.26414,13.003509],[80.263824,13.003041],[80.263479,13.002451],[80.263453,13.002299],[80.263471,13.001882],[80.263074,13.001084],[80.262956,13.000543],[80.264585,13.000284],[80.26438,12.999474],[80.263543,12.999681],[80.263463,12.998881],[80.264308,12.998833],[80.264162,12.997373],[80.262751,12.997492],[80.262721,12.996956],[80.263219,12.996866],[80.26316,12.996275],[80.263297,12.996245],[80.263252,12.995799],[80.263132,12.995799],[80.263042,12.994985],[80.262711,12.994978],[80.262652,12.993821],[80.26187,12.993911],[80.261788,12.993797],[80.261584,12.993078],[80.261573,12.992409],[80.261654,12.9924],[80.262354,12.992272],[80.262279,12.991737],[80.262321,12.991728],[80.262279,12.991534],[80.262272,12.991112],[80.260642,12.991298],[80.260477,12.990481],[80.256306,12.99055],[80.256312,12.990631],[80.256046,12.990892],[80.255849,12.99091],[80.255846,12.990629],[80.254297,12.990623],[80.254028,12.989878],[80.251926,12.990007],[80.252075,12.989082],[80.252461,12.988246],[80.251808,12.988085]]},{"type":"Polygon","coordinates":[[[80.251808,12.988085],[80.24878,13.001094],[80.249219,13.001148],[80.249239,13.000928],[80.250113,13.00094],[80.250202,13.000495],[80.250646,13.000506],[80.250682,12.999846],[80.251838,12.999859],[80.251698,12.999619],[80.251903,12.999443],[80.252141,12.999841],[80.255845,12.999713],[80.256171,13.000446],[80.256409,13.000412],[80.256636,13.001153],[80.256898,13.002443],[80.256951,13.002744],[80.257365,13.004073],[80.259334,13.003553],[80.259381,13.003671],[80.260037,13.00357],[80.260016,13.003346],[80.260153,13.003308],[80.26001,13.002651],[80.260139,13.002657],[80.260125,13.002269],[80.260534,13.002247],[80.260554,13.0024],[80.26041,13.002432],[80.260519,13.003012],[80.261959,13.00281],[80.26192,13.001608],[80.262778,13.001514],[80.262824,13.002181],[80.26319,13.002164],[80.263251,13.00241],[80.263136,13.002427],[80.263148,13.0026],[80.263303,13.002599],[80.26331,13.002751],[80.263259,13.002757],[80.263349,13.004038],[80.264673,13.003803],[80.26414,13.003509],[80.263824,13.003041],[80.263479,13.002451],[80.263453,13.002299],[80.263471,13.001882],[80.263074,13.001084],[80.262956,13.000543],[80.264585,13.000284],[80.26438,12.999474],[80.263543,12.999681],[80.263463,12.998881],[80.264308,12.998833],[80.264162,12.997373],[80.262751,12.997492],[80.262721,12.996956],[80.263219,12.996866],[80.26316,12.996275],[80.263297,12.996245],[80.263252,12.995799],[80.263132,12.995799],[80.263042,12.994985],[80.262711,12.994978],[80.262652,12.993821],[80.26187,12.993911],[80.261788,12.993797],[80.261584,12.993078],[80.261573,12.992409],[80.261654,12.9924],[80.262354,12.992272],[80.262279,12.991737],[80.262321,12.991728],[80.262279,12.991534],[80.262272,12.991112],[80.260642,12.991298],[80.260477,12.990481],[80.256306,12.99055],[80.256312,12.990631],[80.256046,12.990892],[80.255849,12.99091],[80.255846,12.990629],[80.254297,12.990623],[80.254028,12.989878],[80.251926,12.990007],[80.252075,12.989082],[80.252461,12.988246],[80.251808,12.988085]]]}]}},{"type":"Feature","properties":{},"geometry":{"type":"GeometryCollection","geometries":[{"type":"LineString","coordinates":[[80.256312,12.990631],[80.256309,12.990591],[80.256306,12.99055],[80.254476,12.989004],[80.253748,12.988579],[80.253085,12.988331],[80.252461,12.988246],[80.252075,12.989082],[80.251926,12.990007],[80.254028,12.989878],[80.254297,12.990623],[80.255846,12.990629],[80.255849,12.99091],[80.256046,12.990892],[80.256312,12.990631]]},{"type":"Polygon","coordinates":[[[80.256312,12.990631],[80.256309,12.990591],[80.256306,12.99055],[80.254476,12.989004],[80.253748,12.988579],[80.253085,12.988331],[80.252461,12.988246],[80.252075,12.989082],[80.251926,12.990007],[80.254028,12.989878],[80.254297,12.990623],[80.255846,12.990629],[80.255849,12.99091],[80.256046,12.990892],[80.256312,12.990631]]]}]}},{"type":"Feature","properties":{},"geometry":{"type":"GeometryCollection","geometries":[{"type":"LineString","coordinates":[[80.255146,12.979233],[80.255242,12.979622],[80.255344,12.980095],[80.258861,12.979772],[80.25886,12.979033],[80.258789,12.978401],[80.25835,12.9784],[80.258288,12.977804],[80.257332,12.977892],[80.257303,12.977713],[80.256878,12.977805],[80.2569,12.977909],[80.254959,12.978277],[80.255057,12.978801],[80.255212,12.978774],[80.255271,12.979043],[80.255119,12.979083],[80.255146,12.979233]]},{"type":"Polygon","coordinates":[[[80.255146,12.979233],[80.255242,12.979622],[80.255344,12.980095],[80.258861,12.979772],[80.25886,12.979033],[80.258789,12.978401],[80.25835,12.9784],[80.258288,12.977804],[80.257332,12.977892],[80.257303,12.977713],[80.256878,12.977805],[80.2569,12.977909],[80.254959,12.978277],[80.255057,12.978801],[80.255212,12.978774],[80.255271,12.979043],[80.255119,12.979083],[80.255146,12.979233]]]}]}},{"type":"Feature","properties":{},"geometry":{"type":"GeometryCollection","geometries":[{"type":"LineString","coordinates":[[80.258861,12.973067],[80.252524,12.974096],[80.253291,12.981379],[80.254081,12.981323],[80.254147,12.981138],[80.254515,12.980959],[80.254359,12.979231],[80.255146,12.979233],[80.255119,12.979083],[80.255271,12.979043],[80.255212,12.978774],[80.255057,12.978801],[80.254959,12.978277],[80.2569,12.977909],[80.256878,12.977805],[80.257303,12.977713],[80.257332,12.977892],[80.258288,12.977804],[80.258264,12.977574],[80.259401,12.977459],[80.259165,12.976463],[80.258484,12.976533],[80.258275,12.975506],[80.258949,12.975249],[80.258761,12.974545],[80.259222,12.974439],[80.258861,12.973067]]},{"type":"Polygon","coordinates":[[[80.258861,12.973067],[80.252524,12.974096],[80.253291,12.981379],[80.254081,12.981323],[80.254147,12.981138],[80.254515,12.980959],[80.254359,12.979231],[80.255146,12.979233],[80.255119,12.979083],[80.255271,12.979043],[80.255212,12.978774],[80.255057,12.978801],[80.254959,12.978277],[80.2569,12.977909],[80.256878,12.977805],[80.257303,12.977713],[80.257332,12.977892],[80.258288,12.977804],[80.258264,12.977574],[80.259401,12.977459],[80.259165,12.976463],[80.258484,12.976533],[80.258275,12.975506],[80.258949,12.975249],[80.258761,12.974545],[80.259222,12.974439],[80.258861,12.973067]]]}]}},{"type":"Feature","properties":{},"geometry":{"type":"GeometryCollection","geometries":[{"type":"LineString","coordinates":[[80.275169,13.005392],[80.274423,13.00205],[80.271475,13.00274],[80.271628,13.003035],[80.272463,13.002767],[80.272886,13.002697],[80.273188,13.002953],[80.273064,13.003367],[80.272988,13.00341],[80.273043,13.003678],[80.273157,13.003874],[80.273279,13.004059],[80.273242,13.004462],[80.273341,13.004458],[80.273341,13.004572],[80.273646,13.005505],[80.275169,13.005392]]},{"type":"Polygon","coordinates":[[[80.275169,13.005392],[80.274423,13.00205],[80.271475,13.00274],[80.271628,13.003035],[80.272463,13.002767],[80.272886,13.002697],[80.273188,13.002953],[80.273064,13.003367],[80.272988,13.00341],[80.273043,13.003678],[80.273157,13.003874],[80.273279,13.004059],[80.273242,13.004462],[80.273341,13.004458],[80.273341,13.004572],[80.273646,13.005505],[80.275169,13.005392]]]}]}},{"type":"Feature","properties":{},"geometry":{"type":"GeometryCollection","geometries":[{"type":"LineString","coordinates":[[80.243289,12.978402],[80.237617,12.979357],[80.237709,12.979788],[80.235161,12.980144],[80.235046,12.979469],[80.234162,12.97961],[80.234115,12.979232],[80.23331,12.97915],[80.233378,12.979763],[80.233414,12.981124],[80.233383,12.9814],[80.235678,12.981336],[80.2434,12.981295],[80.243289,12.978402]]},{"type":"Polygon","coordinates":[[[80.243289,12.978402],[80.237617,12.979357],[80.237709,12.979788],[80.235161,12.980144],[80.235046,12.979469],[80.234162,12.97961],[80.234115,12.979232],[80.23331,12.97915],[80.233378,12.979763],[80.233414,12.981124],[80.233383,12.9814],[80.235678,12.981336],[80.2434,12.981295],[80.243289,12.978402]]]}]}},{"type":"Feature","properties":{},"geometry":{"type":"GeometryCollection","geometries":[{"type":"LineString","coordinates":[[80.2434,12.981295],[80.23674,12.98133],[80.235678,12.981336],[80.234973,12.981356],[80.233383,12.9814],[80.233367,12.981549],[80.233363,12.982025],[80.234081,12.982005],[80.234185,12.983039],[80.235425,12.982774],[80.236142,12.98448],[80.238318,12.984323],[80.239741,12.984873],[80.240605,12.986541],[80.241437,12.992065],[80.241858,12.991952],[80.241916,12.99249],[80.24218,12.992486],[80.242054,12.989797],[80.241617,12.987278],[80.243434,12.987217],[80.243571,12.981292],[80.2434,12.981295]]},{"type":"Polygon","coordinates":[[[80.2434,12.981295],[80.23674,12.98133],[80.235678,12.981336],[80.234973,12.981356],[80.233383,12.9814],[80.233367,12.981549],[80.233363,12.982025],[80.234081,12.982005],[80.234185,12.983039],[80.235425,12.982774],[80.236142,12.98448],[80.238318,12.984323],[80.239741,12.984873],[80.240605,12.986541],[80.241437,12.992065],[80.241858,12.991952],[80.241916,12.99249],[80.24218,12.992486],[80.242054,12.989797],[80.241617,12.987278],[80.243434,12.987217],[80.243571,12.981292],[80.2434,12.981295]]]}]}},{"type":"Feature","properties":{},"geometry":{"type":"GeometryCollection","geometries":[{"type":"LineString","coordinates":[[80.242155,12.991965],[80.24217,12.992278],[80.24218,12.992486],[80.243155,12.992494],[80.243266,12.993095],[80.244379,12.993017],[80.244257,12.99192],[80.242155,12.991965]]},{"type":"Polygon","coordinates":[[[80.242155,12.991965],[80.24217,12.992278],[80.24218,12.992486],[80.243155,12.992494],[80.243266,12.993095],[80.244379,12.993017],[80.244257,12.99192],[80.242155,12.991965]]]}]}},{"type":"Feature","properties":{},"geometry":{"type":"GeometryCollection","geometries":[{"type":"LineString","coordinates":[[80.243266,12.993095],[80.243155,12.992494],[80.24218,12.992486],[80.241916,12.99249],[80.241858,12.991952],[80.241636,12.992012],[80.241437,12.992065],[80.241444,12.99465],[80.24118,12.994707],[80.241693,12.996912],[80.24296,12.996887],[80.243069,13.004186],[80.242762,13.0042],[80.243414,13.006858],[80.244301,13.006828],[80.244227,13.005811],[80.245067,13.005784],[80.245244,13.001823],[80.244181,13.001705],[80.243705,12.997101],[80.244067,12.99707],[80.244087,12.995372],[80.247572,12.99492],[80.247543,12.99465],[80.245571,12.994752],[80.243791,12.995041],[80.243266,12.993095]]},{"type":"Polygon","coordinates":[[[80.243266,12.993095],[80.243155,12.992494],[80.24218,12.992486],[80.241916,12.99249],[80.241858,12.991952],[80.241636,12.992012],[80.241437,12.992065],[80.241444,12.99465],[80.24118,12.994707],[80.241693,12.996912],[80.24296,12.996887],[80.243069,13.004186],[80.242762,13.0042],[80.243414,13.006858],[80.244301,13.006828],[80.244227,13.005811],[80.245067,13.005784],[80.245244,13.001823],[80.244181,13.001705],[80.243705,12.997101],[80.244067,12.99707],[80.244087,12.995372],[80.247572,12.99492],[80.247543,12.99465],[80.245571,12.994752],[80.243791,12.995041],[80.243266,12.993095]]]}]}},{"type":"Feature","properties":{},"geometry":{"type":"GeometryCollection","geometries":[{"type":"LineString","coordinates":[[80.217356,12.980677],[80.217757,12.980655],[80.217838,12.980337],[80.218379,12.980465],[80.21892,12.980594],[80.219192,12.980395],[80.219267,12.980341],[80.2195,12.979361],[80.219851,12.9794],[80.219755,12.980524],[80.22156,12.980601],[80.221578,12.981013],[80.223618,12.981075],[80.223598,12.981316],[80.223831,12.981326],[80.223897,12.980471],[80.22414,12.980474],[80.224155,12.979682],[80.224767,12.979703],[80.224725,12.979086],[80.225572,12.979079],[80.228029,12.980401],[80.228247,12.980129],[80.22811,12.979517],[80.228739,12.979494],[80.228739,12.97959],[80.229024,12.979577],[80.229114,12.976652],[80.230401,12.9768],[80.230578,12.973871],[80.225491,12.969558],[80.22457,12.970333],[80.224542,12.970763],[80.222888,12.97047],[80.222612,12.971998],[80.222592,12.973785],[80.222107,12.974516],[80.220987,12.974656],[80.221044,12.975051],[80.22029,12.975185],[80.220176,12.975582],[80.219691,12.976202],[80.21955,12.97675],[80.219645,12.976784],[80.219367,12.977484],[80.219111,12.977422],[80.21884,12.978268],[80.218362,12.979254],[80.216766,12.978992],[80.21672,12.979137],[80.216217,12.979112],[80.214576,12.97898],[80.214578,12.979083],[80.213197,12.979036],[80.21317,12.980318],[80.212552,12.980304],[80.212496,12.980567],[80.21424,12.980656],[80.21477,12.980861],[80.215154,12.981211],[80.215598,12.981212],[80.216117,12.981121],[80.216096,12.980808],[80.216736,12.980751],[80.217356,12.980677]]},{"type":"Polygon","coordinates":[[[80.217356,12.980677],[80.217757,12.980655],[80.217838,12.980337],[80.218379,12.980465],[80.21892,12.980594],[80.219192,12.980395],[80.219267,12.980341],[80.2195,12.979361],[80.219851,12.9794],[80.219755,12.980524],[80.22156,12.980601],[80.221578,12.981013],[80.223618,12.981075],[80.223598,12.981316],[80.223831,12.981326],[80.223897,12.980471],[80.22414,12.980474],[80.224155,12.979682],[80.224767,12.979703],[80.224725,12.979086],[80.225572,12.979079],[80.228029,12.980401],[80.228247,12.980129],[80.22811,12.979517],[80.228739,12.979494],[80.228739,12.97959],[80.229024,12.979577],[80.229114,12.976652],[80.230401,12.9768],[80.230578,12.973871],[80.225491,12.969558],[80.22457,12.970333],[80.224542,12.970763],[80.222888,12.97047],[80.222612,12.971998],[80.222592,12.973785],[80.222107,12.974516],[80.220987,12.974656],[80.221044,12.975051],[80.22029,12.975185],[80.220176,12.975582],[80.219691,12.976202],[80.21955,12.97675],[80.219645,12.976784],[80.219367,12.977484],[80.219111,12.977422],[80.21884,12.978268],[80.218362,12.979254],[80.216766,12.978992],[80.21672,12.979137],[80.216217,12.979112],[80.214576,12.97898],[80.214578,12.979083],[80.213197,12.979036],[80.21317,12.980318],[80.212552,12.980304],[80.212496,12.980567],[80.21424,12.980656],[80.21477,12.980861],[80.215154,12.981211],[80.215598,12.981212],[80.216117,12.981121],[80.216096,12.980808],[80.216736,12.980751],[80.217356,12.980677]]]}]}},{"type":"Feature","properties":{},"geometry":{"type":"GeometryCollection","geometries":[{"type":"LineString","coordinates":[[80.225491,12.969558],[80.221872,12.965826],[80.210853,12.971554],[80.211029,12.976155],[80.212785,12.976217],[80.212781,12.976779],[80.213436,12.976838],[80.213387,12.977702],[80.21401,12.978598],[80.21542,12.978829],[80.215752,12.978005],[80.216166,12.978053],[80.216155,12.97826],[80.216852,12.978389],[80.216766,12.978992],[80.218362,12.979254],[80.21884,12.978268],[80.219111,12.977422],[80.219367,12.977484],[80.219645,12.976784],[80.21955,12.97675],[80.219691,12.976202],[80.220176,12.975582],[80.22029,12.975185],[80.221044,12.975051],[80.220987,12.974656],[80.222107,12.974516],[80.222592,12.973785],[80.222612,12.971998],[80.222888,12.97047],[80.224542,12.970763],[80.22457,12.970333],[80.225491,12.969558]]},{"type":"Polygon","coordinates":[[[80.225491,12.969558],[80.221872,12.965826],[80.210853,12.971554],[80.211029,12.976155],[80.212785,12.976217],[80.212781,12.976779],[80.213436,12.976838],[80.213387,12.977702],[80.21401,12.978598],[80.21542,12.978829],[80.215752,12.978005],[80.216166,12.978053],[80.216155,12.97826],[80.216852,12.978389],[80.216766,12.978992],[80.218362,12.979254],[80.21884,12.978268],[80.219111,12.977422],[80.219367,12.977484],[80.219645,12.976784],[80.21955,12.97675],[80.219691,12.976202],[80.220176,12.975582],[80.22029,12.975185],[80.221044,12.975051],[80.220987,12.974656],[80.222107,12.974516],[80.222592,12.973785],[80.222612,12.971998],[80.222888,12.97047],[80.224542,12.970763],[80.22457,12.970333],[80.225491,12.969558]]]}]}},{"type":"Feature","properties":{},"geometry":{"type":"GeometryCollection","geometries":[{"type":"LineString","coordinates":[[80.22481,12.98641],[80.224579,12.985747],[80.224578,12.985747],[80.224366,12.985777],[80.224317,12.985595],[80.224851,12.98536],[80.224613,12.984908],[80.223595,12.984911],[80.223578,12.983533],[80.223059,12.983543],[80.222992,12.982712],[80.221934,12.982718],[80.221889,12.982577],[80.221891,12.982398],[80.221842,12.982319],[80.221578,12.981013],[80.22156,12.980601],[80.219755,12.980524],[80.219851,12.9794],[80.2195,12.979361],[80.219267,12.980341],[80.21892,12.980594],[80.218379,12.980465],[80.218332,12.980624],[80.21795,12.981908],[80.217965,12.98407],[80.218425,12.984083],[80.219571,12.984116],[80.219569,12.983839],[80.219309,12.983821],[80.219369,12.983168],[80.220429,12.983201],[80.220436,12.982841],[80.221901,12.982883],[80.222011,12.983141],[80.222048,12.983347],[80.222563,12.984099],[80.222859,12.986],[80.222833,12.986076],[80.222894,12.986941],[80.223562,12.986745],[80.224469,12.986461],[80.224481,12.986496],[80.22481,12.98641]]},{"type":"Polygon","coordinates":[[[80.22481,12.98641],[80.224579,12.985747],[80.224578,12.985747],[80.224366,12.985777],[80.224317,12.985595],[80.224851,12.98536],[80.224613,12.984908],[80.223595,12.984911],[80.223578,12.983533],[80.223059,12.983543],[80.222992,12.982712],[80.221934,12.982718],[80.221889,12.982577],[80.221891,12.982398],[80.221842,12.982319],[80.221578,12.981013],[80.22156,12.980601],[80.219755,12.980524],[80.219851,12.9794],[80.2195,12.979361],[80.219267,12.980341],[80.21892,12.980594],[80.218379,12.980465],[80.218332,12.980624],[80.21795,12.981908],[80.217965,12.98407],[80.218425,12.984083],[80.219571,12.984116],[80.219569,12.983839],[80.219309,12.983821],[80.219369,12.983168],[80.220429,12.983201],[80.220436,12.982841],[80.221901,12.982883],[80.222011,12.983141],[80.222048,12.983347],[80.222563,12.984099],[80.222859,12.986],[80.222833,12.986076],[80.222894,12.986941],[80.223562,12.986745],[80.224469,12.986461],[80.224481,12.986496],[80.22481,12.98641]]]}]}},{"type":"Feature","properties":{},"geometry":{"type":"GeometryCollection","geometries":[{"type":"LineString","coordinates":[[80.232535,12.987093],[80.232567,12.984641],[80.236142,12.98448],[80.235425,12.982774],[80.234185,12.983039],[80.234081,12.982005],[80.233363,12.982025],[80.233366,12.981678],[80.232631,12.9817],[80.231897,12.981721],[80.23148,12.98173],[80.230904,12.981388],[80.230716,12.981563],[80.230575,12.981462],[80.230463,12.981588],[80.230207,12.981372],[80.229618,12.980875],[80.228643,12.980561],[80.228555,12.98074],[80.228029,12.980401],[80.225572,12.979079],[80.224725,12.979086],[80.224767,12.979703],[80.224155,12.979682],[80.22414,12.980474],[80.223897,12.980471],[80.223831,12.981326],[80.223598,12.981316],[80.223618,12.981075],[80.221578,12.981013],[80.221842,12.982319],[80.221891,12.982398],[80.221889,12.982577],[80.221934,12.982718],[80.222992,12.982712],[80.223059,12.983543],[80.223578,12.983533],[80.223595,12.984911],[80.224613,12.984908],[80.224851,12.98536],[80.224317,12.985595],[80.224366,12.985777],[80.224578,12.985747],[80.224578,12.985747],[80.22481,12.98641],[80.224481,12.986496],[80.224792,12.987388],[80.224982,12.987932],[80.232535,12.987093]]},{"type":"Polygon","coordinates":[[[80.232535,12.987093],[80.232567,12.984641],[80.236142,12.98448],[80.235425,12.982774],[80.234185,12.983039],[80.234081,12.982005],[80.233363,12.982025],[80.233366,12.981678],[80.232631,12.9817],[80.231897,12.981721],[80.23148,12.98173],[80.230904,12.981388],[80.230716,12.981563],[80.230575,12.981462],[80.230463,12.981588],[80.230207,12.981372],[80.229618,12.980875],[80.228643,12.980561],[80.228555,12.98074],[80.228029,12.980401],[80.225572,12.979079],[80.224725,12.979086],[80.224767,12.979703],[80.224155,12.979682],[80.22414,12.980474],[80.223897,12.980471],[80.223831,12.981326],[80.223598,12.981316],[80.223618,12.981075],[80.221578,12.981013],[80.221842,12.982319],[80.221891,12.982398],[80.221889,12.982577],[80.221934,12.982718],[80.222992,12.982712],[80.223059,12.983543],[80.223578,12.983533],[80.223595,12.984911],[80.224613,12.984908],[80.224851,12.98536],[80.224317,12.985595],[80.224366,12.985777],[80.224578,12.985747],[80.224578,12.985747],[80.22481,12.98641],[80.224481,12.986496],[80.224792,12.987388],[80.224982,12.987932],[80.232535,12.987093]]]}]}},{"type":"Feature","properties":{},"geometry":{"type":"GeometryCollection","geometries":[{"type":"LineString","coordinates":[[80.220225,12.989045],[80.222807,12.988108],[80.224792,12.987388],[80.224481,12.986496],[80.224469,12.986461],[80.22372,12.986695],[80.222894,12.986941],[80.222833,12.986076],[80.222859,12.986],[80.222563,12.984099],[80.222048,12.983347],[80.222011,12.983141],[80.221901,12.982883],[80.220436,12.982841],[80.220429,12.983201],[80.219369,12.983168],[80.219309,12.983821],[80.219569,12.983839],[80.219571,12.984116],[80.218425,12.984083],[80.217965,12.98407],[80.217904,12.985584],[80.218066,12.98627],[80.218266,12.98694],[80.21841,12.987511],[80.21864,12.988701],[80.21991,12.988408],[80.220225,12.989045]]},{"type":"Polygon","coordinates":[[[80.220225,12.989045],[80.222807,12.988108],[80.224792,12.987388],[80.224481,12.986496],[80.224469,12.986461],[80.22372,12.986695],[80.222894,12.986941],[80.222833,12.986076],[80.222859,12.986],[80.222563,12.984099],[80.222048,12.983347],[80.222011,12.983141],[80.221901,12.982883],[80.220436,12.982841],[80.220429,12.983201],[80.219369,12.983168],[80.219309,12.983821],[80.219569,12.983839],[80.219571,12.984116],[80.218425,12.984083],[80.217965,12.98407],[80.217904,12.985584],[80.218066,12.98627],[80.218266,12.98694],[80.21841,12.987511],[80.21864,12.988701],[80.21991,12.988408],[80.220225,12.989045]]]}]}},{"type":"Feature","properties":{},"geometry":{"type":"GeometryCollection","geometries":[{"type":"LineString","coordinates":[[80.217693,13.014915],[80.219019,13.016325],[80.221301,13.016239],[80.225898,13.017039],[80.226742,13.019718],[80.235332,13.016703],[80.232032,13.008679],[80.225013,13.010303],[80.221956,13.005214],[80.21274,13.006239],[80.212754,13.00631],[80.212834,13.00667],[80.212914,13.007031],[80.213089,13.00794],[80.212615,13.008245],[80.211211,13.007066],[80.211135,13.006739],[80.210208,13.006952],[80.210476,13.007905],[80.212199,13.009508],[80.214477,13.01163],[80.215615,13.012704],[80.217693,13.014915]]},{"type":"Polygon","coordinates":[[[80.217693,13.014915],[80.219019,13.016325],[80.221301,13.016239],[80.225898,13.017039],[80.226742,13.019718],[80.235332,13.016703],[80.232032,13.008679],[80.225013,13.010303],[80.221956,13.005214],[80.21274,13.006239],[80.212754,13.00631],[80.212834,13.00667],[80.212914,13.007031],[80.213089,13.00794],[80.212615,13.008245],[80.211211,13.007066],[80.211135,13.006739],[80.210208,13.006952],[80.210476,13.007905],[80.212199,13.009508],[80.214477,13.01163],[80.215615,13.012704],[80.217693,13.014915]]]}]}},{"type":"Feature","properties":{},"geometry":{"type":"GeometryCollection","geometries":[{"type":"LineString","coordinates":[[80.218951,13.018748],[80.219387,13.018519],[80.219324,13.017945],[80.219306,13.016824],[80.219019,13.016325],[80.216826,13.017512],[80.217168,13.018403],[80.217298,13.018365],[80.217764,13.019465],[80.219196,13.019197],[80.218951,13.018748]]},{"type":"Polygon","coordinates":[[[80.218951,13.018748],[80.219387,13.018519],[80.219324,13.017945],[80.219306,13.016824],[80.219019,13.016325],[80.216826,13.017512],[80.217168,13.018403],[80.217298,13.018365],[80.217764,13.019465],[80.219196,13.019197],[80.218951,13.018748]]]}]}},{"type":"Feature","properties":{},"geometry":{"type":"GeometryCollection","geometries":[{"type":"LineString","coordinates":[[80.214216,13.017045],[80.210487,13.01712],[80.21054,13.01891],[80.211797,13.018816],[80.211851,13.019238],[80.214797,13.018048],[80.214216,13.017045]]},{"type":"Polygon","coordinates":[[[80.214216,13.017045],[80.210487,13.01712],[80.21054,13.01891],[80.211797,13.018816],[80.211851,13.019238],[80.214797,13.018048],[80.214216,13.017045]]]}]}},{"type":"Feature","properties":{},"geometry":{"type":"GeometryCollection","geometries":[{"type":"LineString","coordinates":[[80.235332,13.016703],[80.235004,13.016819],[80.23714,13.020397],[80.238593,13.019306],[80.238374,13.019071],[80.237885,13.019356],[80.236515,13.016254],[80.235332,13.016703]]},{"type":"Polygon","coordinates":[[[80.235332,13.016703],[80.235004,13.016819],[80.23714,13.020397],[80.238593,13.019306],[80.238374,13.019071],[80.237885,13.019356],[80.236515,13.016254],[80.235332,13.016703]]]}]}},{"type":"Feature","properties":{},"geometry":{"type":"GeometryCollection","geometries":[{"type":"LineString","coordinates":[[80.23714,13.020397],[80.238977,13.0239],[80.239344,13.0246],[80.239667,13.024866],[80.240359,13.025436],[80.242362,13.02626],[80.24849,13.023192],[80.248807,13.022218],[80.248517,13.018885],[80.248406,13.017421],[80.248317,13.015093],[80.248251,13.013352],[80.24822,13.012562],[80.248191,13.011787],[80.248134,13.007299],[80.243417,13.007504],[80.243898,13.014126],[80.236515,13.016254],[80.237885,13.019356],[80.238374,13.019071],[80.238593,13.019306],[80.23714,13.020397]]},{"type":"LineString","coordinates":[[80.247858,13.011436],[80.247498,13.011722],[80.247584,13.013561],[80.24734,13.013629],[80.246986,13.013631],[80.247047,13.01283],[80.24633,13.01278],[80.2464,13.011895],[80.245805,13.011855],[80.245835,13.011298],[80.247,13.011331],[80.247004,13.011034],[80.247846,13.011046],[80.247858,13.011436]]},{"type":"Polygon","coordinates":[[[80.23714,13.020397],[80.238977,13.0239],[80.239344,13.0246],[80.239667,13.024866],[80.240359,13.025436],[80.242362,13.02626],[80.24849,13.023192],[80.248807,13.022218],[80.248517,13.018885],[80.248406,13.017421],[80.248317,13.015093],[80.248251,13.013352],[80.24822,13.012562],[80.248191,13.011787],[80.248134,13.007299],[80.243417,13.007504],[80.243898,13.014126],[80.236515,13.016254],[80.237885,13.019356],[80.238374,13.019071],[80.238593,13.019306],[80.23714,13.020397]]]}]}},{"type":"Feature","properties":{},"geometry":{"type":"GeometryCollection","geometries":[{"type":"LineString","coordinates":[[80.22757,13.019427],[80.229291,13.023364],[80.232016,13.022425],[80.232525,13.023805],[80.234082,13.026263],[80.238977,13.0239],[80.23714,13.020397],[80.235004,13.016819],[80.22757,13.019427]]},{"type":"Polygon","coordinates":[[[80.22757,13.019427],[80.229291,13.023364],[80.232016,13.022425],[80.232525,13.023805],[80.234082,13.026263],[80.238977,13.0239],[80.23714,13.020397],[80.235004,13.016819],[80.22757,13.019427]]]}]}},{"type":"Feature","properties":{},"geometry":{"type":"GeometryCollection","geometries":[{"type":"LineString","coordinates":[[80.245067,13.005784],[80.244227,13.005811],[80.244301,13.006828],[80.243414,13.006858],[80.243417,13.007504],[80.248134,13.007299],[80.248125,13.006513],[80.248176,13.005648],[80.245067,13.005784]]},{"type":"Polygon","coordinates":[[[80.245067,13.005784],[80.244227,13.005811],[80.244301,13.006828],[80.243414,13.006858],[80.243417,13.007504],[80.248134,13.007299],[80.248125,13.006513],[80.248176,13.005648],[80.245067,13.005784]]]}]}},{"type":"Feature","properties":{},"geometry":{"type":"GeometryCollection","geometries":[{"type":"LineString","coordinates":[[80.218224,12.986806],[80.218066,12.98627],[80.217904,12.985584],[80.217965,12.98407],[80.21795,12.981908],[80.218332,12.980624],[80.218379,12.980465],[80.217838,12.980337],[80.217757,12.980655],[80.217356,12.980677],[80.216863,12.980737],[80.216736,12.980751],[80.216096,12.980808],[80.216117,12.981121],[80.215598,12.981212],[80.215154,12.981211],[80.215251,12.981383],[80.216202,12.981463],[80.216182,12.981616],[80.214592,12.981511],[80.214553,12.981207],[80.213905,12.981018],[80.212869,12.980957],[80.212842,12.981434],[80.212384,12.981438],[80.212343,12.981979],[80.212809,12.98201],[80.212796,12.982536],[80.213439,12.982568],[80.213405,12.984342],[80.213668,12.984355],[80.214392,12.984615],[80.21436,12.985454],[80.213876,12.985479],[80.213976,12.985988],[80.214032,12.98657],[80.213483,12.986629],[80.213519,12.986837],[80.213878,12.986835],[80.213958,12.987171],[80.217802,12.986907],[80.218224,12.986806]]},{"type":"Polygon","coordinates":[[[80.218224,12.986806],[80.218066,12.98627],[80.217904,12.985584],[80.217965,12.98407],[80.21795,12.981908],[80.218332,12.980624],[80.218379,12.980465],[80.217838,12.980337],[80.217757,12.980655],[80.217356,12.980677],[80.216863,12.980737],[80.216736,12.980751],[80.216096,12.980808],[80.216117,12.981121],[80.215598,12.981212],[80.215154,12.981211],[80.215251,12.981383],[80.216202,12.981463],[80.216182,12.981616],[80.214592,12.981511],[80.214553,12.981207],[80.213905,12.981018],[80.212869,12.980957],[80.212842,12.981434],[80.212384,12.981438],[80.212343,12.981979],[80.212809,12.98201],[80.212796,12.982536],[80.213439,12.982568],[80.213405,12.984342],[80.213668,12.984355],[80.214392,12.984615],[80.21436,12.985454],[80.213876,12.985479],[80.213976,12.985988],[80.214032,12.98657],[80.213483,12.986629],[80.213519,12.986837],[80.213878,12.986835],[80.213958,12.987171],[80.217802,12.986907],[80.218224,12.986806]]]}]}},{"type":"Feature","properties":{},"geometry":{"type":"GeometryCollection","geometries":[{"type":"LineString","coordinates":[[80.209984,13.003568],[80.212045,13.003772],[80.212039,13.003604],[80.211149,13.003544],[80.211138,13.002467],[80.21044,13.002477],[80.210257,13.000899],[80.210041,13.0009],[80.210042,13.00098],[80.209526,13.000989],[80.209603,13.001752],[80.208984,13.001792],[80.209409,13.003324],[80.209984,13.003568]]},{"type":"Polygon","coordinates":[[[80.209984,13.003568],[80.212045,13.003772],[80.212039,13.003604],[80.211149,13.003544],[80.211138,13.002467],[80.21044,13.002477],[80.210257,13.000899],[80.210041,13.0009],[80.210042,13.00098],[80.209526,13.000989],[80.209603,13.001752],[80.208984,13.001792],[80.209409,13.003324],[80.209984,13.003568]]]}]}},{"type":"Feature","properties":{},"geometry":{"type":"GeometryCollection","geometries":[{"type":"LineString","coordinates":[[80.207054,12.998808],[80.207214,12.999929],[80.208127,13.001765],[80.208388,13.00257],[80.210016,13.006077],[80.210208,13.006952],[80.211135,13.006739],[80.21152,13.006632],[80.21139,13.006257],[80.211472,13.006232],[80.211605,13.0062],[80.211647,13.006288],[80.21269,13.005977],[80.21274,13.006239],[80.221956,13.005214],[80.217514,12.997904],[80.224982,12.987932],[80.224792,12.987388],[80.222807,12.988108],[80.220225,12.989045],[80.21991,12.988408],[80.21864,12.988701],[80.21719,12.989197],[80.217539,12.990735],[80.215543,12.990468],[80.213881,12.991101],[80.214379,12.992651],[80.214086,12.992815],[80.214673,12.993704],[80.214843,12.994063],[80.214963,12.994315],[80.214783,12.994428],[80.214764,12.994447],[80.21467,12.994493],[80.214587,12.994394],[80.214128,12.994665],[80.214251,12.994852],[80.214393,12.994828],[80.214547,12.995244],[80.214579,12.99531],[80.214558,12.995343],[80.21456,12.995476],[80.212813,12.995803],[80.212663,12.995294],[80.210361,12.99571],[80.208962,12.995766],[80.208966,12.995927],[80.209057,12.995962],[80.209064,12.996211],[80.20848,12.9963],[80.208568,12.99654],[80.20924,12.996498],[80.209281,12.996825],[80.208269,12.997007],[80.20828,12.997219],[80.208426,12.997876],[80.207376,12.998038],[80.20725,12.998294],[80.206543,12.9984],[80.206625,12.998833],[80.207054,12.998808]]},{"type":"LineString","coordinates":[[80.210041,13.0009],[80.210257,13.000899],[80.21044,13.002477],[80.211138,13.002467],[80.211149,13.003544],[80.212039,13.003604],[80.212045,13.003772],[80.209984,13.003568],[80.209409,13.003324],[80.208984,13.001792],[80.209603,13.001752],[80.209526,13.000989],[80.210042,13.00098],[80.210041,13.0009]]},{"type":"Polygon","coordinates":[[[80.207054,12.998808],[80.207214,12.999929],[80.208127,13.001765],[80.208388,13.00257],[80.210016,13.006077],[80.210208,13.006952],[80.211135,13.006739],[80.21152,13.006632],[80.21139,13.006257],[80.211472,13.006232],[80.211605,13.0062],[80.211647,13.006288],[80.21269,13.005977],[80.21274,13.006239],[80.221956,13.005214],[80.217514,12.997904],[80.224982,12.987932],[80.224792,12.987388],[80.222807,12.988108],[80.220225,12.989045],[80.21991,12.988408],[80.21864,12.988701],[80.21719,12.989197],[80.217539,12.990735],[80.215543,12.990468],[80.213881,12.991101],[80.214379,12.992651],[80.214086,12.992815],[80.214673,12.993704],[80.214843,12.994063],[80.214963,12.994315],[80.214783,12.994428],[80.214764,12.994447],[80.21467,12.994493],[80.214587,12.994394],[80.214128,12.994665],[80.214251,12.994852],[80.214393,12.994828],[80.214547,12.995244],[80.214579,12.99531],[80.214558,12.995343],[80.21456,12.995476],[80.212813,12.995803],[80.212663,12.995294],[80.210361,12.99571],[80.208962,12.995766],[80.208966,12.995927],[80.209057,12.995962],[80.209064,12.996211],[80.20848,12.9963],[80.208568,12.99654],[80.20924,12.996498],[80.209281,12.996825],[80.208269,12.997007],[80.20828,12.997219],[80.208426,12.997876],[80.207376,12.998038],[80.20725,12.998294],[80.206543,12.9984],[80.206625,12.998833],[80.207054,12.998808]]]}]}},{"type":"Feature","properties":{},"geometry":{"type":"GeometryCollection","geometries":[{"type":"LineString","coordinates":[[80.202223,13.027856],[80.202344,13.028196],[80.203317,13.027937],[80.204606,13.027593],[80.204409,13.026713],[80.203642,13.026884],[80.203511,13.026673],[80.203055,13.026583],[80.202809,13.026647],[80.202857,13.026855],[80.202052,13.027037],[80.202223,13.027856]]},{"type":"Polygon","coordinates":[[[80.202223,13.027856],[80.202344,13.028196],[80.203317,13.027937],[80.204606,13.027593],[80.204409,13.026713],[80.203642,13.026884],[80.203511,13.026673],[80.203055,13.026583],[80.202809,13.026647],[80.202857,13.026855],[80.202052,13.027037],[80.202223,13.027856]]]}]}},{"type":"Feature","properties":{},"geometry":{"type":"GeometryCollection","geometries":[{"type":"LineString","coordinates":[[80.210161,13.023832],[80.211073,13.023697],[80.210924,13.022722],[80.210011,13.022856],[80.210161,13.023832]]},{"type":"Polygon","coordinates":[[[80.210161,13.023832],[80.211073,13.023697],[80.210924,13.022722],[80.210011,13.022856],[80.210161,13.023832]]]}]}},{"type":"Feature","properties":{},"geometry":{"type":"GeometryCollection","geometries":[{"type":"LineString","coordinates":[[80.206999,13.026368],[80.207219,13.026328],[80.207361,13.026857],[80.207754,13.026752],[80.209907,13.02584],[80.211079,13.023699],[80.212128,13.021646],[80.211643,13.021548],[80.211934,13.019896],[80.211797,13.018816],[80.21054,13.01891],[80.210487,13.01712],[80.214216,13.017045],[80.217693,13.014915],[80.2155,13.012582],[80.210476,13.007905],[80.207621,13.00792],[80.203834,13.010885],[80.205038,13.015373],[80.205824,13.01807],[80.206146,13.019083],[80.206633,13.018991],[80.206897,13.019907],[80.206809,13.021109],[80.206558,13.021534],[80.20655,13.021715],[80.207636,13.021836],[80.207672,13.022814],[80.207723,13.02336],[80.206532,13.023533],[80.206803,13.025432],[80.206999,13.026368]]},{"type":"LineString","coordinates":[[80.211073,13.023697],[80.210161,13.023832],[80.210011,13.022856],[80.210924,13.022722],[80.211073,13.023697]]},{"type":"Polygon","coordinates":[[[80.206999,13.026368],[80.207219,13.026328],[80.207361,13.026857],[80.207754,13.026752],[80.209907,13.02584],[80.211079,13.023699],[80.212128,13.021646],[80.211643,13.021548],[80.211934,13.019896],[80.211797,13.018816],[80.21054,13.01891],[80.210487,13.01712],[80.214216,13.017045],[80.217693,13.014915],[80.2155,13.012582],[80.210476,13.007905],[80.207621,13.00792],[80.203834,13.010885],[80.205038,13.015373],[80.205824,13.01807],[80.206146,13.019083],[80.206633,13.018991],[80.206897,13.019907],[80.206809,13.021109],[80.206558,13.021534],[80.20655,13.021715],[80.207636,13.021836],[80.207672,13.022814],[80.207723,13.02336],[80.206532,13.023533],[80.206803,13.025432],[80.206999,13.026368]]]}]}},{"type":"Feature","properties":{},"geometry":{"type":"GeometryCollection","geometries":[{"type":"LineString","coordinates":[[80.207361,13.026857],[80.207219,13.026328],[80.206999,13.026368],[80.206803,13.025432],[80.20471,13.02582],[80.204735,13.026023],[80.20466,13.026036],[80.204625,13.025972],[80.204575,13.025584],[80.204205,13.025611],[80.203949,13.025653],[80.203691,13.025711],[80.2037,13.025849],[80.20371,13.025923],[80.203531,13.025956],[80.20328,13.026005],[80.20304,13.026043],[80.203028,13.026049],[80.2029,13.026126],[80.202851,13.026141],[80.202709,13.026182],[80.202598,13.026211],[80.202464,13.026239],[80.202345,13.026263],[80.202221,13.026296],[80.200697,13.026667],[80.200851,13.02711],[80.202052,13.027037],[80.202857,13.026855],[80.202809,13.026647],[80.203055,13.026583],[80.203511,13.026673],[80.203642,13.026884],[80.204409,13.026713],[80.204606,13.027593],[80.207361,13.026857]]},{"type":"Polygon","coordinates":[[[80.207361,13.026857],[80.207219,13.026328],[80.206999,13.026368],[80.206803,13.025432],[80.20471,13.02582],[80.204735,13.026023],[80.20466,13.026036],[80.204625,13.025972],[80.204575,13.025584],[80.204205,13.025611],[80.203949,13.025653],[80.203691,13.025711],[80.2037,13.025849],[80.20371,13.025923],[80.203531,13.025956],[80.20328,13.026005],[80.20304,13.026043],[80.203028,13.026049],[80.2029,13.026126],[80.202851,13.026141],[80.202709,13.026182],[80.202598,13.026211],[80.202464,13.026239],[80.202345,13.026263],[80.202221,13.026296],[80.200697,13.026667],[80.200851,13.02711],[80.202052,13.027037],[80.202857,13.026855],[80.202809,13.026647],[80.203055,13.026583],[80.203511,13.026673],[80.203642,13.026884],[80.204409,13.026713],[80.204606,13.027593],[80.207361,13.026857]]]}]}},{"type":"Feature","properties":{},"geometry":{"type":"GeometryCollection","geometries":[{"type":"LineString","coordinates":[[80.208267,12.997007],[80.208269,12.997007],[80.209281,12.996825],[80.20924,12.996498],[80.208568,12.99654],[80.20848,12.9963],[80.209064,12.996211],[80.209057,12.995962],[80.208966,12.995927],[80.20861,12.995948],[80.208385,12.993929],[80.208193,12.993324],[80.208142,12.99313],[80.209801,12.992869],[80.209787,12.992764],[80.210142,12.992696],[80.210503,12.993657],[80.21079,12.9936],[80.210812,12.9937],[80.210908,12.993699],[80.210893,12.993589],[80.211873,12.993441],[80.211926,12.993667],[80.211366,12.993749],[80.210953,12.993817],[80.210956,12.993848],[80.211037,12.99384],[80.211453,12.993783],[80.211682,12.99375],[80.211936,12.993711],[80.212149,12.993673],[80.212239,12.993706],[80.212473,12.993655],[80.21267,12.99375],[80.213857,12.993446],[80.213974,12.993616],[80.214253,12.9939],[80.214586,12.994392],[80.214587,12.994394],[80.21467,12.994493],[80.214764,12.994447],[80.214783,12.994428],[80.214963,12.994315],[80.214843,12.994063],[80.214673,12.993704],[80.214086,12.992815],[80.214379,12.992651],[80.213881,12.991101],[80.215543,12.990468],[80.217539,12.990735],[80.21719,12.989197],[80.21864,12.988701],[80.21841,12.987511],[80.218266,12.98694],[80.216184,12.987926],[80.21458,12.989127],[80.209721,12.990368],[80.210016,12.992039],[80.210028,12.992036],[80.210079,12.992136],[80.210187,12.992489],[80.209893,12.992554],[80.209269,12.992692],[80.209272,12.99174],[80.20644,12.992484],[80.206477,12.992684],[80.206303,12.992914],[80.206307,12.993404],[80.207073,12.995255],[80.207037,12.995898],[80.206553,12.995991],[80.205364,12.99622],[80.205375,12.99626],[80.206003,12.998525],[80.206464,12.998421],[80.206543,12.9984],[80.20725,12.998294],[80.207376,12.998038],[80.208426,12.997876],[80.20828,12.997219],[80.208267,12.997007]]},{"type":"Polygon","coordinates":[[[80.208267,12.997007],[80.208269,12.997007],[80.209281,12.996825],[80.20924,12.996498],[80.208568,12.99654],[80.20848,12.9963],[80.209064,12.996211],[80.209057,12.995962],[80.208966,12.995927],[80.20861,12.995948],[80.208385,12.993929],[80.208193,12.993324],[80.208142,12.99313],[80.209801,12.992869],[80.209787,12.992764],[80.210142,12.992696],[80.210503,12.993657],[80.21079,12.9936],[80.210812,12.9937],[80.210908,12.993699],[80.210893,12.993589],[80.211873,12.993441],[80.211926,12.993667],[80.211366,12.993749],[80.210953,12.993817],[80.210956,12.993848],[80.211037,12.99384],[80.211453,12.993783],[80.211682,12.99375],[80.211936,12.993711],[80.212149,12.993673],[80.212239,12.993706],[80.212473,12.993655],[80.21267,12.99375],[80.213857,12.993446],[80.213974,12.993616],[80.214253,12.9939],[80.214586,12.994392],[80.214587,12.994394],[80.21467,12.994493],[80.214764,12.994447],[80.214783,12.994428],[80.214963,12.994315],[80.214843,12.994063],[80.214673,12.993704],[80.214086,12.992815],[80.214379,12.992651],[80.213881,12.991101],[80.215543,12.990468],[80.217539,12.990735],[80.21719,12.989197],[80.21864,12.988701],[80.21841,12.987511],[80.218266,12.98694],[80.216184,12.987926],[80.21458,12.989127],[80.209721,12.990368],[80.210016,12.992039],[80.210028,12.992036],[80.210079,12.992136],[80.210187,12.992489],[80.209893,12.992554],[80.209269,12.992692],[80.209272,12.99174],[80.20644,12.992484],[80.206477,12.992684],[80.206303,12.992914],[80.206307,12.993404],[80.207073,12.995255],[80.207037,12.995898],[80.206553,12.995991],[80.205364,12.99622],[80.205375,12.99626],[80.206003,12.998525],[80.206464,12.998421],[80.206543,12.9984],[80.20725,12.998294],[80.207376,12.998038],[80.208426,12.997876],[80.20828,12.997219],[80.208267,12.997007]]]}]}},{"type":"Feature","properties":{},"geometry":{"type":"GeometryCollection","geometries":[{"type":"LineString","coordinates":[[80.210361,12.99571],[80.212663,12.995294],[80.212813,12.995803],[80.21456,12.995476],[80.214558,12.995343],[80.214579,12.99531],[80.214575,12.995302],[80.214547,12.995244],[80.214393,12.994828],[80.214251,12.994852],[80.214129,12.994667],[80.214128,12.994665],[80.214587,12.994394],[80.214253,12.9939],[80.213974,12.993616],[80.213857,12.993446],[80.21267,12.99375],[80.212473,12.993655],[80.212239,12.993706],[80.212149,12.993673],[80.211936,12.993711],[80.211682,12.99375],[80.211453,12.993783],[80.211037,12.99384],[80.210956,12.993848],[80.210953,12.993817],[80.211366,12.993749],[80.211926,12.993667],[80.211873,12.993441],[80.210893,12.993589],[80.210908,12.993699],[80.210812,12.9937],[80.21079,12.9936],[80.210503,12.993657],[80.210142,12.992696],[80.210035,12.992717],[80.210018,12.992526],[80.210187,12.992489],[80.210079,12.992136],[80.210028,12.992036],[80.210016,12.992039],[80.209721,12.990368],[80.21458,12.989127],[80.216184,12.987926],[80.218266,12.98694],[80.218224,12.986806],[80.217805,12.986906],[80.213924,12.987174],[80.213913,12.987176],[80.210136,12.98798],[80.206297,12.988063],[80.204651,12.988409],[80.204804,12.989536],[80.205654,12.991662],[80.205906,12.992102],[80.205961,12.992094],[80.206203,12.992555],[80.206477,12.992684],[80.20644,12.992484],[80.209272,12.99174],[80.209269,12.992692],[80.209893,12.992554],[80.209914,12.99274],[80.209787,12.992764],[80.209801,12.992869],[80.208142,12.99313],[80.208193,12.993324],[80.208385,12.993929],[80.20861,12.995948],[80.208966,12.995927],[80.208962,12.995766],[80.210361,12.99571]]},{"type":"Polygon","coordinates":[[[80.210361,12.99571],[80.212663,12.995294],[80.212813,12.995803],[80.21456,12.995476],[80.214558,12.995343],[80.214579,12.99531],[80.214575,12.995302],[80.214547,12.995244],[80.214393,12.994828],[80.214251,12.994852],[80.214129,12.994667],[80.214128,12.994665],[80.214587,12.994394],[80.214253,12.9939],[80.213974,12.993616],[80.213857,12.993446],[80.21267,12.99375],[80.212473,12.993655],[80.212239,12.993706],[80.212149,12.993673],[80.211936,12.993711],[80.211682,12.99375],[80.211453,12.993783],[80.211037,12.99384],[80.210956,12.993848],[80.210953,12.993817],[80.211366,12.993749],[80.211926,12.993667],[80.211873,12.993441],[80.210893,12.993589],[80.210908,12.993699],[80.210812,12.9937],[80.21079,12.9936],[80.210503,12.993657],[80.210142,12.992696],[80.210035,12.992717],[80.210018,12.992526],[80.210187,12.992489],[80.210079,12.992136],[80.210028,12.992036],[80.210016,12.992039],[80.209721,12.990368],[80.21458,12.989127],[80.216184,12.987926],[80.218266,12.98694],[80.218224,12.986806],[80.217805,12.986906],[80.213924,12.987174],[80.213913,12.987176],[80.210136,12.98798],[80.206297,12.988063],[80.204651,12.988409],[80.204804,12.989536],[80.205654,12.991662],[80.205906,12.992102],[80.205961,12.992094],[80.206203,12.992555],[80.206477,12.992684],[80.20644,12.992484],[80.209272,12.99174],[80.209269,12.992692],[80.209893,12.992554],[80.209914,12.99274],[80.209787,12.992764],[80.209801,12.992869],[80.208142,12.99313],[80.208193,12.993324],[80.208385,12.993929],[80.20861,12.995948],[80.208966,12.995927],[80.208962,12.995766],[80.210361,12.99571]]]}]}},{"type":"Feature","properties":{},"geometry":{"type":"GeometryCollection","geometries":[{"type":"LineString","coordinates":[[80.204554,12.982205],[80.204714,12.983095],[80.203197,12.983384],[80.203214,12.983711],[80.203257,12.983848],[80.2033,12.983959],[80.203462,12.984766],[80.203707,12.98598],[80.203684,12.986206],[80.203601,12.986576],[80.20351,12.98719],[80.203382,12.988049],[80.203734,12.98854],[80.204613,12.988136],[80.204651,12.988409],[80.206133,12.988097],[80.206297,12.988063],[80.206832,12.988051],[80.207168,12.988044],[80.20724,12.988042],[80.207282,12.988041],[80.207291,12.988041],[80.207296,12.988041],[80.2073,12.988041],[80.207335,12.98804],[80.207366,12.98804],[80.207391,12.988039],[80.207404,12.988039],[80.207414,12.988039],[80.207419,12.988039],[80.207424,12.988038],[80.207428,12.988038],[80.207433,12.988038],[80.207437,12.988038],[80.207442,12.988038],[80.207448,12.988038],[80.207454,12.988038],[80.20746,12.988038],[80.207465,12.988038],[80.207469,12.988037],[80.210136,12.98798],[80.213924,12.987174],[80.213958,12.987171],[80.213878,12.986835],[80.213519,12.986837],[80.213483,12.986629],[80.214032,12.98657],[80.213976,12.985988],[80.213876,12.985479],[80.21436,12.985454],[80.214392,12.984615],[80.213668,12.984355],[80.213405,12.984342],[80.213439,12.982568],[80.212796,12.982536],[80.212809,12.98201],[80.212343,12.981979],[80.212384,12.981438],[80.212842,12.981434],[80.212869,12.980957],[80.213905,12.981018],[80.214553,12.981207],[80.214592,12.981511],[80.216182,12.981616],[80.216202,12.981463],[80.215251,12.981383],[80.215154,12.981211],[80.21477,12.980861],[80.21424,12.980656],[80.212496,12.980567],[80.212552,12.980304],[80.21317,12.980318],[80.213197,12.979036],[80.214578,12.979083],[80.214576,12.97898],[80.215899,12.979086],[80.216211,12.979111],[80.21672,12.979137],[80.216766,12.978992],[80.216852,12.978389],[80.216155,12.97826],[80.216166,12.978053],[80.215752,12.978005],[80.21542,12.978829],[80.21401,12.978598],[80.213387,12.977702],[80.213436,12.976838],[80.212781,12.976779],[80.212785,12.976217],[80.211029,12.976155],[80.210982,12.974917],[80.208126,12.975081],[80.20827,12.977001],[80.208837,12.977003],[80.208882,12.977749],[80.207916,12.977764],[80.20718,12.977782],[80.20722,12.978406],[80.207246,12.978687],[80.207464,12.979381],[80.207601,12.980119],[80.206346,12.98029],[80.205632,12.980392],[80.205836,12.981455],[80.204888,12.9817],[80.204935,12.98212],[80.204554,12.982205]]},{"type":"Polygon","coordinates":[[[80.204554,12.982205],[80.204714,12.983095],[80.203197,12.983384],[80.203214,12.983711],[80.203257,12.983848],[80.2033,12.983959],[80.203462,12.984766],[80.203707,12.98598],[80.203684,12.986206],[80.203601,12.986576],[80.20351,12.98719],[80.203382,12.988049],[80.203734,12.98854],[80.204613,12.988136],[80.204651,12.988409],[80.206133,12.988097],[80.206297,12.988063],[80.206832,12.988051],[80.207168,12.988044],[80.20724,12.988042],[80.207282,12.988041],[80.207291,12.988041],[80.207296,12.988041],[80.2073,12.988041],[80.207335,12.98804],[80.207366,12.98804],[80.207391,12.988039],[80.207404,12.988039],[80.207414,12.988039],[80.207419,12.988039],[80.207424,12.988038],[80.207428,12.988038],[80.207433,12.988038],[80.207437,12.988038],[80.207442,12.988038],[80.207448,12.988038],[80.207454,12.988038],[80.20746,12.988038],[80.207465,12.988038],[80.207469,12.988037],[80.210136,12.98798],[80.213924,12.987174],[80.213958,12.987171],[80.213878,12.986835],[80.213519,12.986837],[80.213483,12.986629],[80.214032,12.98657],[80.213976,12.985988],[80.213876,12.985479],[80.21436,12.985454],[80.214392,12.984615],[80.213668,12.984355],[80.213405,12.984342],[80.213439,12.982568],[80.212796,12.982536],[80.212809,12.98201],[80.212343,12.981979],[80.212384,12.981438],[80.212842,12.981434],[80.212869,12.980957],[80.213905,12.981018],[80.214553,12.981207],[80.214592,12.981511],[80.216182,12.981616],[80.216202,12.981463],[80.215251,12.981383],[80.215154,12.981211],[80.21477,12.980861],[80.21424,12.980656],[80.212496,12.980567],[80.212552,12.980304],[80.21317,12.980318],[80.213197,12.979036],[80.214578,12.979083],[80.214576,12.97898],[80.215899,12.979086],[80.216211,12.979111],[80.21672,12.979137],[80.216766,12.978992],[80.216852,12.978389],[80.216155,12.97826],[80.216166,12.978053],[80.215752,12.978005],[80.21542,12.978829],[80.21401,12.978598],[80.213387,12.977702],[80.213436,12.976838],[80.212781,12.976779],[80.212785,12.976217],[80.211029,12.976155],[80.210982,12.974917],[80.208126,12.975081],[80.20827,12.977001],[80.208837,12.977003],[80.208882,12.977749],[80.207916,12.977764],[80.20718,12.977782],[80.20722,12.978406],[80.207246,12.978687],[80.207464,12.979381],[80.207601,12.980119],[80.206346,12.98029],[80.205632,12.980392],[80.205836,12.981455],[80.204888,12.9817],[80.204935,12.98212],[80.204554,12.982205]]]}]}},{"type":"Feature","properties":{},"geometry":{"type":"GeometryCollection","geometries":[{"type":"LineString","coordinates":[[80.253524,13.022384],[80.253624,13.022553],[80.258144,13.024503],[80.258849,13.024687],[80.25858,13.023857],[80.258728,13.023523],[80.257673,13.023275],[80.257593,13.02343],[80.257183,13.023323],[80.256615,13.023176],[80.25639,13.023101],[80.256283,13.022984],[80.25612,13.022805],[80.256057,13.022666],[80.256021,13.022561],[80.255985,13.022456],[80.255897,13.022326],[80.255356,13.022349],[80.254389,13.022403],[80.253599,13.022396],[80.253524,13.022384]]},{"type":"Polygon","coordinates":[[[80.253524,13.022384],[80.253624,13.022553],[80.258144,13.024503],[80.258849,13.024687],[80.25858,13.023857],[80.258728,13.023523],[80.257673,13.023275],[80.257593,13.02343],[80.257183,13.023323],[80.256615,13.023176],[80.25639,13.023101],[80.256283,13.022984],[80.25612,13.022805],[80.256057,13.022666],[80.256021,13.022561],[80.255985,13.022456],[80.255897,13.022326],[80.255356,13.022349],[80.254389,13.022403],[80.253599,13.022396],[80.253524,13.022384]]]}]}},{"type":"Feature","properties":{},"geometry":{"type":"GeometryCollection","geometries":[{"type":"LineString","coordinates":[[80.294816,13.141777],[80.295578,13.143107],[80.296332,13.14365],[80.300724,13.142635],[80.297712,13.133158],[80.296897,13.133343],[80.295965,13.133633],[80.295146,13.132276],[80.295235,13.131975],[80.295267,13.131969],[80.29526,13.13191],[80.295246,13.131794],[80.294538,13.131883],[80.294268,13.130629],[80.29338,13.128152],[80.290692,13.128195],[80.29043,13.127656],[80.289936,13.125494],[80.289125,13.12545],[80.28843,13.126175],[80.286646,13.127052],[80.286962,13.128127],[80.286866,13.128324],[80.287372,13.129953],[80.287396,13.130236],[80.285069,13.130734],[80.284608,13.130955],[80.283151,13.131271],[80.286511,13.137068],[80.288116,13.137326],[80.288782,13.136677],[80.289291,13.136191],[80.290922,13.136119],[80.292034,13.136227],[80.292235,13.136763],[80.292339,13.136774],[80.292377,13.136685],[80.292427,13.136665],[80.292569,13.136667],[80.292676,13.136578],[80.292832,13.13653],[80.292899,13.136525],[80.293015,13.136497],[80.293059,13.136714],[80.293248,13.136744],[80.293473,13.137082],[80.293689,13.138131],[80.293553,13.138322],[80.293612,13.138647],[80.293754,13.138779],[80.293883,13.138735],[80.293937,13.138885],[80.294308,13.139234],[80.294627,13.141482],[80.294576,13.141566],[80.294816,13.141777]]},{"type":"Polygon","coordinates":[[[80.294816,13.141777],[80.295578,13.143107],[80.296332,13.14365],[80.300724,13.142635],[80.297712,13.133158],[80.296897,13.133343],[80.295965,13.133633],[80.295146,13.132276],[80.295235,13.131975],[80.295267,13.131969],[80.29526,13.13191],[80.295246,13.131794],[80.294538,13.131883],[80.294268,13.130629],[80.29338,13.128152],[80.290692,13.128195],[80.29043,13.127656],[80.289936,13.125494],[80.289125,13.12545],[80.28843,13.126175],[80.286646,13.127052],[80.286962,13.128127],[80.286866,13.128324],[80.287372,13.129953],[80.287396,13.130236],[80.285069,13.130734],[80.284608,13.130955],[80.283151,13.131271],[80.286511,13.137068],[80.288116,13.137326],[80.288782,13.136677],[80.289291,13.136191],[80.290922,13.136119],[80.292034,13.136227],[80.292235,13.136763],[80.292339,13.136774],[80.292377,13.136685],[80.292427,13.136665],[80.292569,13.136667],[80.292676,13.136578],[80.292832,13.13653],[80.292899,13.136525],[80.293015,13.136497],[80.293059,13.136714],[80.293248,13.136744],[80.293473,13.137082],[80.293689,13.138131],[80.293553,13.138322],[80.293612,13.138647],[80.293754,13.138779],[80.293883,13.138735],[80.293937,13.138885],[80.294308,13.139234],[80.294627,13.141482],[80.294576,13.141566],[80.294816,13.141777]]]}]}},{"type":"Feature","properties":{},"geometry":{"type":"GeometryCollection","geometries":[{"type":"LineString","coordinates":[[80.238438,13.108586],[80.238719,13.109936],[80.23802,13.109995],[80.237891,13.110221],[80.236807,13.110332],[80.236949,13.110937],[80.236701,13.111091],[80.236651,13.111122],[80.236769,13.111474],[80.236916,13.111669],[80.237334,13.112397],[80.237792,13.112711],[80.238006,13.112666],[80.238486,13.113251],[80.23877,13.113312],[80.23881,13.113078],[80.239109,13.11313],[80.239405,13.113852],[80.23967,13.113841],[80.239637,13.114527],[80.23967,13.11474],[80.240034,13.114711],[80.240054,13.114938],[80.240668,13.11492],[80.240737,13.115148],[80.241325,13.115008],[80.241397,13.115271],[80.240591,13.115496],[80.240072,13.11553],[80.240065,13.115859],[80.24013,13.11586],[80.240529,13.115861],[80.241773,13.115547],[80.241935,13.11634],[80.242254,13.116291],[80.242264,13.116503],[80.241747,13.116634],[80.241698,13.117193],[80.242642,13.117268],[80.242761,13.116845],[80.243223,13.116703],[80.243197,13.116368],[80.244143,13.116184],[80.244187,13.115811],[80.244465,13.115872],[80.24448,13.115942],[80.244927,13.115943],[80.244947,13.116252],[80.24503,13.116362],[80.245019,13.116534],[80.245133,13.116841],[80.245453,13.116708],[80.245384,13.116215],[80.245755,13.115779],[80.245951,13.115746],[80.24642,13.116103],[80.246535,13.116341],[80.246964,13.118893],[80.247802,13.118807],[80.248374,13.118723],[80.248865,13.118687],[80.249063,13.118694],[80.249245,13.118667],[80.249473,13.118539],[80.249913,13.118493],[80.249921,13.11811],[80.249571,13.115686],[80.249561,13.115615],[80.249875,13.115603],[80.249972,13.115413],[80.250019,13.115387],[80.250077,13.115441],[80.250118,13.115596],[80.251163,13.11542],[80.251259,13.115359],[80.251324,13.115354],[80.251335,13.115393],[80.252139,13.114919],[80.252449,13.114666],[80.25278,13.11467],[80.252807,13.114711],[80.252962,13.114939],[80.253551,13.114874],[80.253619,13.114857],[80.253577,13.114441],[80.254513,13.114274],[80.254735,13.114076],[80.254993,13.11375],[80.255725,13.113799],[80.254851,13.112979],[80.254621,13.112676],[80.25462,13.11175],[80.254602,13.108884],[80.2546,13.108527],[80.25612,13.108723],[80.255524,13.104784],[80.254134,13.105075],[80.253533,13.1052],[80.253051,13.104744],[80.252469,13.105011],[80.252595,13.105291],[80.251253,13.105969],[80.251494,13.108335],[80.251369,13.108322],[80.245667,13.107706],[80.242845,13.107803],[80.237315,13.107453],[80.237345,13.107926],[80.237483,13.108569],[80.238438,13.108586]]},{"type":"Polygon","coordinates":[[[80.238438,13.108586],[80.238719,13.109936],[80.23802,13.109995],[80.237891,13.110221],[80.236807,13.110332],[80.236949,13.110937],[80.236701,13.111091],[80.236651,13.111122],[80.236769,13.111474],[80.236916,13.111669],[80.237334,13.112397],[80.237792,13.112711],[80.238006,13.112666],[80.238486,13.113251],[80.23877,13.113312],[80.23881,13.113078],[80.239109,13.11313],[80.239405,13.113852],[80.23967,13.113841],[80.239637,13.114527],[80.23967,13.11474],[80.240034,13.114711],[80.240054,13.114938],[80.240668,13.11492],[80.240737,13.115148],[80.241325,13.115008],[80.241397,13.115271],[80.240591,13.115496],[80.240072,13.11553],[80.240065,13.115859],[80.24013,13.11586],[80.240529,13.115861],[80.241773,13.115547],[80.241935,13.11634],[80.242254,13.116291],[80.242264,13.116503],[80.241747,13.116634],[80.241698,13.117193],[80.242642,13.117268],[80.242761,13.116845],[80.243223,13.116703],[80.243197,13.116368],[80.244143,13.116184],[80.244187,13.115811],[80.244465,13.115872],[80.24448,13.115942],[80.244927,13.115943],[80.244947,13.116252],[80.24503,13.116362],[80.245019,13.116534],[80.245133,13.116841],[80.245453,13.116708],[80.245384,13.116215],[80.245755,13.115779],[80.245951,13.115746],[80.24642,13.116103],[80.246535,13.116341],[80.246964,13.118893],[80.247802,13.118807],[80.248374,13.118723],[80.248865,13.118687],[80.249063,13.118694],[80.249245,13.118667],[80.249473,13.118539],[80.249913,13.118493],[80.249921,13.11811],[80.249571,13.115686],[80.249561,13.115615],[80.249875,13.115603],[80.249972,13.115413],[80.250019,13.115387],[80.250077,13.115441],[80.250118,13.115596],[80.251163,13.11542],[80.251259,13.115359],[80.251324,13.115354],[80.251335,13.115393],[80.252139,13.114919],[80.252449,13.114666],[80.25278,13.11467],[80.252807,13.114711],[80.252962,13.114939],[80.253551,13.114874],[80.253619,13.114857],[80.253577,13.114441],[80.254513,13.114274],[80.254735,13.114076],[80.254993,13.11375],[80.255725,13.113799],[80.254851,13.112979],[80.254621,13.112676],[80.25462,13.11175],[80.254602,13.108884],[80.2546,13.108527],[80.25612,13.108723],[80.255524,13.104784],[80.254134,13.105075],[80.253533,13.1052],[80.253051,13.104744],[80.252469,13.105011],[80.252595,13.105291],[80.251253,13.105969],[80.251494,13.108335],[80.251369,13.108322],[80.245667,13.107706],[80.242845,13.107803],[80.237315,13.107453],[80.237345,13.107926],[80.237483,13.108569],[80.238438,13.108586]]]}]}},{"type":"Feature","properties":{},"geometry":{"type":"GeometryCollection","geometries":[{"type":"LineString","coordinates":[[80.249259,13.122881],[80.251725,13.121827],[80.253501,13.121345],[80.254798,13.120357],[80.255072,13.120273],[80.255237,13.120222],[80.25516,13.119864],[80.25636,13.119331],[80.256711,13.119219],[80.257782,13.118876],[80.257842,13.119549],[80.2593,13.119488],[80.259422,13.118496],[80.259523,13.118053],[80.259698,13.118111],[80.261891,13.117864],[80.261548,13.116862],[80.261474,13.115996],[80.261158,13.116064],[80.260955,13.11537],[80.260762,13.114759],[80.260602,13.114669],[80.260231,13.114597],[80.259981,13.114254],[80.260047,13.11411],[80.259979,13.114001],[80.259552,13.113839],[80.259636,13.113666],[80.25939,13.11358],[80.25872,13.113412],[80.257256,13.113341],[80.25693,13.113361],[80.256552,13.113481],[80.255989,13.113727],[80.255857,13.11369],[80.255725,13.113799],[80.254993,13.11375],[80.254735,13.114076],[80.254513,13.114274],[80.253577,13.114441],[80.253619,13.114857],[80.253551,13.114874],[80.252962,13.114939],[80.25278,13.11467],[80.252449,13.114666],[80.252139,13.114919],[80.251335,13.115393],[80.25135,13.115447],[80.251373,13.115654],[80.251405,13.115726],[80.251392,13.115791],[80.251391,13.11585],[80.251411,13.115965],[80.25147,13.11601],[80.251457,13.116133],[80.251487,13.116222],[80.251496,13.116284],[80.25148,13.116439],[80.25149,13.116475],[80.251551,13.116545],[80.251624,13.11689],[80.251717,13.117331],[80.251773,13.117466],[80.251816,13.117585],[80.251699,13.117618],[80.251562,13.117594],[80.251568,13.117763],[80.250306,13.118012],[80.25035,13.118499],[80.250265,13.11869],[80.249847,13.118745],[80.249815,13.118695],[80.24974,13.118724],[80.249723,13.118784],[80.24925,13.118848],[80.249115,13.118827],[80.24897,13.118892],[80.2487,13.118991],[80.248445,13.118868],[80.248138,13.118938],[80.247903,13.11901],[80.247954,13.119379],[80.247861,13.119463],[80.24792,13.119799],[80.247994,13.119796],[80.248067,13.11978],[80.248119,13.119921],[80.248261,13.120652],[80.248296,13.120851],[80.248446,13.121678],[80.248193,13.121817],[80.248094,13.122014],[80.248104,13.122109],[80.24812,13.122187],[80.248162,13.122179],[80.248774,13.122057],[80.248986,13.122276],[80.248822,13.122918],[80.249259,13.122881]]},{"type":"Polygon","coordinates":[[[80.249259,13.122881],[80.251725,13.121827],[80.253501,13.121345],[80.254798,13.120357],[80.255072,13.120273],[80.255237,13.120222],[80.25516,13.119864],[80.25636,13.119331],[80.256711,13.119219],[80.257782,13.118876],[80.257842,13.119549],[80.2593,13.119488],[80.259422,13.118496],[80.259523,13.118053],[80.259698,13.118111],[80.261891,13.117864],[80.261548,13.116862],[80.261474,13.115996],[80.261158,13.116064],[80.260955,13.11537],[80.260762,13.114759],[80.260602,13.114669],[80.260231,13.114597],[80.259981,13.114254],[80.260047,13.11411],[80.259979,13.114001],[80.259552,13.113839],[80.259636,13.113666],[80.25939,13.11358],[80.25872,13.113412],[80.257256,13.113341],[80.25693,13.113361],[80.256552,13.113481],[80.255989,13.113727],[80.255857,13.11369],[80.255725,13.113799],[80.254993,13.11375],[80.254735,13.114076],[80.254513,13.114274],[80.253577,13.114441],[80.253619,13.114857],[80.253551,13.114874],[80.252962,13.114939],[80.25278,13.11467],[80.252449,13.114666],[80.252139,13.114919],[80.251335,13.115393],[80.25135,13.115447],[80.251373,13.115654],[80.251405,13.115726],[80.251392,13.115791],[80.251391,13.11585],[80.251411,13.115965],[80.25147,13.11601],[80.251457,13.116133],[80.251487,13.116222],[80.251496,13.116284],[80.25148,13.116439],[80.25149,13.116475],[80.251551,13.116545],[80.251624,13.11689],[80.251717,13.117331],[80.251773,13.117466],[80.251816,13.117585],[80.251699,13.117618],[80.251562,13.117594],[80.251568,13.117763],[80.250306,13.118012],[80.25035,13.118499],[80.250265,13.11869],[80.249847,13.118745],[80.249815,13.118695],[80.24974,13.118724],[80.249723,13.118784],[80.24925,13.118848],[80.249115,13.118827],[80.24897,13.118892],[80.2487,13.118991],[80.248445,13.118868],[80.248138,13.118938],[80.247903,13.11901],[80.247954,13.119379],[80.247861,13.119463],[80.24792,13.119799],[80.247994,13.119796],[80.248067,13.11978],[80.248119,13.119921],[80.248261,13.120652],[80.248296,13.120851],[80.248446,13.121678],[80.248193,13.121817],[80.248094,13.122014],[80.248104,13.122109],[80.24812,13.122187],[80.248162,13.122179],[80.248774,13.122057],[80.248986,13.122276],[80.248822,13.122918],[80.249259,13.122881]]]}]}},{"type":"Feature","properties":{},"geometry":{"type":"GeometryCollection","geometries":[{"type":"LineString","coordinates":[[80.266337,13.128111],[80.265953,13.128202],[80.265369,13.128398],[80.265407,13.128645],[80.264846,13.128784],[80.26478,13.128869],[80.264676,13.128897],[80.264236,13.128948],[80.263701,13.129006],[80.26382,13.129645],[80.263865,13.129775],[80.264732,13.129562],[80.265521,13.132557],[80.268843,13.129536],[80.268114,13.128934],[80.267565,13.129065],[80.267024,13.129182],[80.266735,13.129211],[80.266644,13.129272],[80.266568,13.129255],[80.266483,13.128843],[80.266562,13.128796],[80.26652,13.128574],[80.266442,13.128544],[80.266337,13.128111]]},{"type":"Polygon","coordinates":[[[80.266337,13.128111],[80.265953,13.128202],[80.265369,13.128398],[80.265407,13.128645],[80.264846,13.128784],[80.26478,13.128869],[80.264676,13.128897],[80.264236,13.128948],[80.263701,13.129006],[80.26382,13.129645],[80.263865,13.129775],[80.264732,13.129562],[80.265521,13.132557],[80.268843,13.129536],[80.268114,13.128934],[80.267565,13.129065],[80.267024,13.129182],[80.266735,13.129211],[80.266644,13.129272],[80.266568,13.129255],[80.266483,13.128843],[80.266562,13.128796],[80.26652,13.128574],[80.266442,13.128544],[80.266337,13.128111]]]}]}},{"type":"Feature","properties":{},"geometry":{"type":"GeometryCollection","geometries":[{"type":"LineString","coordinates":[[80.248822,13.122918],[80.248153,13.12373],[80.248339,13.12419],[80.248379,13.124558],[80.248508,13.124913],[80.248662,13.125203],[80.248767,13.125474],[80.248915,13.125789],[80.248883,13.126003],[80.248883,13.126129],[80.249164,13.127102],[80.249352,13.12745],[80.24948,13.127717],[80.249632,13.127867],[80.249636,13.12849],[80.249656,13.128877],[80.249646,13.128978],[80.249667,13.129432],[80.24963,13.129631],[80.248866,13.129567],[80.248096,13.129532],[80.247951,13.129451],[80.247815,13.129383],[80.247694,13.129381],[80.247619,13.129543],[80.247595,13.129698],[80.247775,13.129742],[80.248428,13.12996],[80.249233,13.130105],[80.249718,13.130248],[80.250034,13.130452],[80.250092,13.130657],[80.250155,13.130811],[80.250769,13.131179],[80.25108,13.131414],[80.251394,13.131626],[80.251566,13.131655],[80.251844,13.131649],[80.252197,13.131889],[80.252386,13.131534],[80.251937,13.131303],[80.251652,13.131115],[80.251162,13.130834],[80.250672,13.130513],[80.250124,13.130113],[80.250007,13.130002],[80.25029,13.12965],[80.250313,13.129412],[80.249924,13.129399],[80.249911,13.128993],[80.25046,13.128837],[80.250971,13.128864],[80.252154,13.128754],[80.252118,13.127984],[80.252321,13.127996],[80.252443,13.128765],[80.252586,13.12884],[80.253378,13.128859],[80.253375,13.12901],[80.253515,13.129014],[80.253634,13.12846],[80.253791,13.128532],[80.253865,13.128599],[80.253921,13.128828],[80.254073,13.128962],[80.25435,13.129122],[80.254654,13.129382],[80.254984,13.129427],[80.255022,13.12963],[80.255031,13.130049],[80.255233,13.130146],[80.255391,13.129703],[80.254472,13.128903],[80.254429,13.128451],[80.254451,13.12823],[80.254422,13.12803],[80.253933,13.127988],[80.253938,13.128066],[80.253358,13.127993],[80.253254,13.127832],[80.253336,13.127647],[80.254123,13.127709],[80.254407,13.127733],[80.254387,13.127206],[80.254296,13.127204],[80.254298,13.127057],[80.25429,13.126958],[80.254402,13.126963],[80.254409,13.126509],[80.254291,13.126493],[80.254287,13.126309],[80.254793,13.126351],[80.254838,13.126126],[80.254953,13.126099],[80.254983,13.125946],[80.256319,13.126122],[80.25638,13.125838],[80.256461,13.125151],[80.256549,13.124905],[80.256575,13.12473],[80.256521,13.124589],[80.256683,13.124516],[80.256737,13.124063],[80.256517,13.123234],[80.25644,13.123029],[80.255597,13.123014],[80.255417,13.121618],[80.255237,13.120222],[80.255072,13.120273],[80.254798,13.120357],[80.253501,13.121345],[80.251725,13.121827],[80.249259,13.122881],[80.248822,13.122918]]},{"type":"Polygon","coordinates":[[[80.248822,13.122918],[80.248153,13.12373],[80.248339,13.12419],[80.248379,13.124558],[80.248508,13.124913],[80.248662,13.125203],[80.248767,13.125474],[80.248915,13.125789],[80.248883,13.126003],[80.248883,13.126129],[80.249164,13.127102],[80.249352,13.12745],[80.24948,13.127717],[80.249632,13.127867],[80.249636,13.12849],[80.249656,13.128877],[80.249646,13.128978],[80.249667,13.129432],[80.24963,13.129631],[80.248866,13.129567],[80.248096,13.129532],[80.247951,13.129451],[80.247815,13.129383],[80.247694,13.129381],[80.247619,13.129543],[80.247595,13.129698],[80.247775,13.129742],[80.248428,13.12996],[80.249233,13.130105],[80.249718,13.130248],[80.250034,13.130452],[80.250092,13.130657],[80.250155,13.130811],[80.250769,13.131179],[80.25108,13.131414],[80.251394,13.131626],[80.251566,13.131655],[80.251844,13.131649],[80.252197,13.131889],[80.252386,13.131534],[80.251937,13.131303],[80.251652,13.131115],[80.251162,13.130834],[80.250672,13.130513],[80.250124,13.130113],[80.250007,13.130002],[80.25029,13.12965],[80.250313,13.129412],[80.249924,13.129399],[80.249911,13.128993],[80.25046,13.128837],[80.250971,13.128864],[80.252154,13.128754],[80.252118,13.127984],[80.252321,13.127996],[80.252443,13.128765],[80.252586,13.12884],[80.253378,13.128859],[80.253375,13.12901],[80.253515,13.129014],[80.253634,13.12846],[80.253791,13.128532],[80.253865,13.128599],[80.253921,13.128828],[80.254073,13.128962],[80.25435,13.129122],[80.254654,13.129382],[80.254984,13.129427],[80.255022,13.12963],[80.255031,13.130049],[80.255233,13.130146],[80.255391,13.129703],[80.254472,13.128903],[80.254429,13.128451],[80.254451,13.12823],[80.254422,13.12803],[80.253933,13.127988],[80.253938,13.128066],[80.253358,13.127993],[80.253254,13.127832],[80.253336,13.127647],[80.254123,13.127709],[80.254407,13.127733],[80.254387,13.127206],[80.254296,13.127204],[80.254298,13.127057],[80.25429,13.126958],[80.254402,13.126963],[80.254409,13.126509],[80.254291,13.126493],[80.254287,13.126309],[80.254793,13.126351],[80.254838,13.126126],[80.254953,13.126099],[80.254983,13.125946],[80.256319,13.126122],[80.25638,13.125838],[80.256461,13.125151],[80.256549,13.124905],[80.256575,13.12473],[80.256521,13.124589],[80.256683,13.124516],[80.256737,13.124063],[80.256517,13.123234],[80.25644,13.123029],[80.255597,13.123014],[80.255417,13.121618],[80.255237,13.120222],[80.255072,13.120273],[80.254798,13.120357],[80.253501,13.121345],[80.251725,13.121827],[80.249259,13.122881],[80.248822,13.122918]]]}]}},{"type":"Feature","properties":{},"geometry":{"type":"GeometryCollection","geometries":[{"type":"LineString","coordinates":[[80.258552,13.140339],[80.2574,13.140478],[80.256453,13.140361],[80.254597,13.140504],[80.254209,13.140743],[80.254245,13.141135],[80.2542,13.141232],[80.253596,13.141248],[80.252958,13.141368],[80.252851,13.141842],[80.253023,13.141871],[80.253759,13.14178],[80.254511,13.141809],[80.2546,13.142285],[80.25458,13.142801],[80.254462,13.143018],[80.254439,13.143397],[80.253679,13.143439],[80.253557,13.143188],[80.25271,13.143283],[80.252464,13.14374],[80.252137,13.144068],[80.251511,13.144255],[80.251154,13.144242],[80.250766,13.144381],[80.250784,13.144906],[80.249846,13.145226],[80.249939,13.145586],[80.249488,13.146075],[80.249076,13.146462],[80.248417,13.147751],[80.250913,13.148168],[80.25914,13.148024],[80.258915,13.141564],[80.258552,13.140339]]},{"type":"Polygon","coordinates":[[[80.258552,13.140339],[80.2574,13.140478],[80.256453,13.140361],[80.254597,13.140504],[80.254209,13.140743],[80.254245,13.141135],[80.2542,13.141232],[80.253596,13.141248],[80.252958,13.141368],[80.252851,13.141842],[80.253023,13.141871],[80.253759,13.14178],[80.254511,13.141809],[80.2546,13.142285],[80.25458,13.142801],[80.254462,13.143018],[80.254439,13.143397],[80.253679,13.143439],[80.253557,13.143188],[80.25271,13.143283],[80.252464,13.14374],[80.252137,13.144068],[80.251511,13.144255],[80.251154,13.144242],[80.250766,13.144381],[80.250784,13.144906],[80.249846,13.145226],[80.249939,13.145586],[80.249488,13.146075],[80.249076,13.146462],[80.248417,13.147751],[80.250913,13.148168],[80.25914,13.148024],[80.258915,13.141564],[80.258552,13.140339]]]}]}},{"type":"Feature","properties":{},"geometry":{"type":"GeometryCollection","geometries":[{"type":"LineString","coordinates":[[80.243399,13.140338],[80.243185,13.140465],[80.243428,13.140699],[80.243083,13.140814],[80.243177,13.141075],[80.243306,13.14167],[80.243205,13.141799],[80.243253,13.142104],[80.243329,13.142346],[80.243356,13.142469],[80.24313,13.142627],[80.243153,13.142935],[80.243672,13.142957],[80.243763,13.143959],[80.243861,13.144777],[80.243996,13.145572],[80.243233,13.145731],[80.243246,13.145903],[80.245467,13.145493],[80.24545,13.145371],[80.245928,13.145326],[80.247035,13.145199],[80.247187,13.146098],[80.249076,13.146462],[80.249488,13.146075],[80.249939,13.145586],[80.249846,13.145226],[80.249798,13.145144],[80.249373,13.145217],[80.249057,13.14394],[80.248955,13.143854],[80.248846,13.143784],[80.248648,13.143787],[80.24856,13.143291],[80.249001,13.142883],[80.249088,13.142773],[80.249016,13.14265],[80.248813,13.142703],[80.248484,13.142949],[80.248227,13.14316],[80.24803,13.143013],[80.24786,13.142065],[80.248564,13.141852],[80.248613,13.141578],[80.248712,13.141423],[80.248642,13.141336],[80.248538,13.141243],[80.248248,13.141275],[80.248132,13.141209],[80.247885,13.141157],[80.247784,13.14136],[80.247326,13.141374],[80.247145,13.140754],[80.247061,13.140417],[80.247009,13.140234],[80.246805,13.140279],[80.246617,13.140219],[80.246583,13.140107],[80.246193,13.140112],[80.245761,13.140125],[80.245688,13.140042],[80.24569,13.139767],[80.244517,13.139918],[80.244546,13.140194],[80.243399,13.140338]]},{"type":"Polygon","coordinates":[[[80.243399,13.140338],[80.243185,13.140465],[80.243428,13.140699],[80.243083,13.140814],[80.243177,13.141075],[80.243306,13.14167],[80.243205,13.141799],[80.243253,13.142104],[80.243329,13.142346],[80.243356,13.142469],[80.24313,13.142627],[80.243153,13.142935],[80.243672,13.142957],[80.243763,13.143959],[80.243861,13.144777],[80.243996,13.145572],[80.243233,13.145731],[80.243246,13.145903],[80.245467,13.145493],[80.24545,13.145371],[80.245928,13.145326],[80.247035,13.145199],[80.247187,13.146098],[80.249076,13.146462],[80.249488,13.146075],[80.249939,13.145586],[80.249846,13.145226],[80.249798,13.145144],[80.249373,13.145217],[80.249057,13.14394],[80.248955,13.143854],[80.248846,13.143784],[80.248648,13.143787],[80.24856,13.143291],[80.249001,13.142883],[80.249088,13.142773],[80.249016,13.14265],[80.248813,13.142703],[80.248484,13.142949],[80.248227,13.14316],[80.24803,13.143013],[80.24786,13.142065],[80.248564,13.141852],[80.248613,13.141578],[80.248712,13.141423],[80.248642,13.141336],[80.248538,13.141243],[80.248248,13.141275],[80.248132,13.141209],[80.247885,13.141157],[80.247784,13.14136],[80.247326,13.141374],[80.247145,13.140754],[80.247061,13.140417],[80.247009,13.140234],[80.246805,13.140279],[80.246617,13.140219],[80.246583,13.140107],[80.246193,13.140112],[80.245761,13.140125],[80.245688,13.140042],[80.24569,13.139767],[80.244517,13.139918],[80.244546,13.140194],[80.243399,13.140338]]]}]}},{"type":"Feature","properties":{},"geometry":{"type":"GeometryCollection","geometries":[{"type":"LineString","coordinates":[[80.277669,13.118957],[80.277623,13.118477],[80.27707,13.118554],[80.276614,13.116441],[80.276294,13.114953],[80.275997,13.114732],[80.274259,13.11054],[80.274084,13.110156],[80.273129,13.10806],[80.273211,13.107351],[80.273287,13.106742],[80.273344,13.106315],[80.273507,13.105829],[80.274181,13.105788],[80.274411,13.105803],[80.274474,13.105627],[80.274456,13.10534],[80.274551,13.104197],[80.274242,13.104134],[80.274092,13.104271],[80.274016,13.104343],[80.273445,13.104132],[80.273146,13.104021],[80.272017,13.106277],[80.270313,13.110416],[80.270136,13.110408],[80.270331,13.113221],[80.272035,13.113628],[80.272123,13.114211],[80.275011,13.115216],[80.275018,13.115417],[80.27422,13.115563],[80.273548,13.115709],[80.273526,13.115876],[80.273588,13.115918],[80.273723,13.116378],[80.273716,13.117007],[80.273591,13.117018],[80.273541,13.116902],[80.272792,13.116971],[80.271302,13.117244],[80.27196,13.119943],[80.272867,13.119714],[80.272769,13.119182],[80.272758,13.119135],[80.272999,13.119076],[80.273018,13.119151],[80.273129,13.119115],[80.273116,13.119057],[80.273164,13.119002],[80.273357,13.118976],[80.273331,13.118818],[80.273834,13.118798],[80.274244,13.11883],[80.274281,13.118715],[80.274576,13.118869],[80.275378,13.119226],[80.275815,13.119213],[80.275972,13.119206],[80.277669,13.118957]]},{"type":"Polygon","coordinates":[[[80.277669,13.118957],[80.277623,13.118477],[80.27707,13.118554],[80.276614,13.116441],[80.276294,13.114953],[80.275997,13.114732],[80.274259,13.11054],[80.274084,13.110156],[80.273129,13.10806],[80.273211,13.107351],[80.273287,13.106742],[80.273344,13.106315],[80.273507,13.105829],[80.274181,13.105788],[80.274411,13.105803],[80.274474,13.105627],[80.274456,13.10534],[80.274551,13.104197],[80.274242,13.104134],[80.274092,13.104271],[80.274016,13.104343],[80.273445,13.104132],[80.273146,13.104021],[80.272017,13.106277],[80.270313,13.110416],[80.270136,13.110408],[80.270331,13.113221],[80.272035,13.113628],[80.272123,13.114211],[80.275011,13.115216],[80.275018,13.115417],[80.27422,13.115563],[80.273548,13.115709],[80.273526,13.115876],[80.273588,13.115918],[80.273723,13.116378],[80.273716,13.117007],[80.273591,13.117018],[80.273541,13.116902],[80.272792,13.116971],[80.271302,13.117244],[80.27196,13.119943],[80.272867,13.119714],[80.272769,13.119182],[80.272758,13.119135],[80.272999,13.119076],[80.273018,13.119151],[80.273129,13.119115],[80.273116,13.119057],[80.273164,13.119002],[80.273357,13.118976],[80.273331,13.118818],[80.273834,13.118798],[80.274244,13.11883],[80.274281,13.118715],[80.274576,13.118869],[80.275378,13.119226],[80.275815,13.119213],[80.275972,13.119206],[80.277669,13.118957]]]}]}},{"type":"Feature","properties":{},"geometry":{"type":"GeometryCollection","geometries":[{"type":"LineString","coordinates":[[80.286646,13.127052],[80.28843,13.126175],[80.289125,13.12545],[80.289127,13.124904],[80.288585,13.123795],[80.288664,13.123472],[80.288708,13.12329],[80.289815,13.122856],[80.290115,13.122949],[80.290194,13.123237],[80.29034,13.123761],[80.290662,13.123705],[80.290554,13.123323],[80.290491,13.123199],[80.290321,13.122868],[80.290297,13.122698],[80.290056,13.122681],[80.289727,13.122691],[80.28967,13.122442],[80.289151,13.122521],[80.289139,13.122656],[80.288983,13.122655],[80.288968,13.122577],[80.288696,13.122665],[80.28873,13.122888],[80.288588,13.122933],[80.288586,13.122937],[80.288584,13.122973],[80.288456,13.123008],[80.288247,13.122189],[80.28706,13.12248],[80.286919,13.122544],[80.286497,13.122736],[80.286561,13.12303],[80.286352,13.123087],[80.285836,13.123227],[80.285584,13.122292],[80.285939,13.122024],[80.286323,13.121732],[80.28621,13.121335],[80.286084,13.121034],[80.28563,13.12123],[80.284821,13.12158],[80.284788,13.121716],[80.284484,13.121959],[80.284267,13.122053],[80.284022,13.121766],[80.283894,13.121586],[80.283681,13.121533],[80.282874,13.121401],[80.282816,13.121229],[80.282491,13.121014],[80.282337,13.120809],[80.282742,13.120688],[80.282715,13.120483],[80.282659,13.119778],[80.282654,13.119358],[80.281958,13.119464],[80.28179,13.118564],[80.282074,13.118531],[80.281918,13.117601],[80.282303,13.11756],[80.282325,13.117402],[80.282625,13.117363],[80.282405,13.116386],[80.280988,13.11644],[80.280909,13.116386],[80.280994,13.11618],[80.2809,13.116127],[80.280593,13.116203],[80.279841,13.116292],[80.279733,13.115473],[80.279597,13.115482],[80.279565,13.115336],[80.279646,13.115258],[80.280247,13.115217],[80.280237,13.114865],[80.280117,13.114236],[80.280641,13.114112],[80.280631,13.113915],[80.28009,13.113775],[80.27893,13.114041],[80.278136,13.114026],[80.277576,13.113968],[80.277577,13.113998],[80.277585,13.11426],[80.276894,13.11431],[80.276944,13.114855],[80.277837,13.11472],[80.277869,13.114926],[80.277883,13.115292],[80.277799,13.115299],[80.27782,13.115446],[80.277928,13.116336],[80.276614,13.116441],[80.27707,13.118554],[80.277623,13.118477],[80.277669,13.118957],[80.277878,13.119343],[80.278969,13.122074],[80.282671,13.125639],[80.283516,13.128943],[80.284608,13.130955],[80.285069,13.130734],[80.287396,13.130236],[80.287372,13.129953],[80.286866,13.128324],[80.286962,13.128127],[80.286646,13.127052]]},{"type":"LineString","coordinates":[[80.285092,13.125892],[80.285331,13.125865],[80.285318,13.126205],[80.285185,13.12622],[80.285059,13.126161],[80.28504,13.12609],[80.285103,13.126033],[80.2851,13.125943],[80.285097,13.125933],[80.285092,13.125892]]},{"type":"Polygon","coordinates":[[[80.286646,13.127052],[80.28843,13.126175],[80.289125,13.12545],[80.289127,13.124904],[80.288585,13.123795],[80.288664,13.123472],[80.288708,13.12329],[80.289815,13.122856],[80.290115,13.122949],[80.290194,13.123237],[80.29034,13.123761],[80.290662,13.123705],[80.290554,13.123323],[80.290491,13.123199],[80.290321,13.122868],[80.290297,13.122698],[80.290056,13.122681],[80.289727,13.122691],[80.28967,13.122442],[80.289151,13.122521],[80.289139,13.122656],[80.288983,13.122655],[80.288968,13.122577],[80.288696,13.122665],[80.28873,13.122888],[80.288588,13.122933],[80.288586,13.122937],[80.288584,13.122973],[80.288456,13.123008],[80.288247,13.122189],[80.28706,13.12248],[80.286919,13.122544],[80.286497,13.122736],[80.286561,13.12303],[80.286352,13.123087],[80.285836,13.123227],[80.285584,13.122292],[80.285939,13.122024],[80.286323,13.121732],[80.28621,13.121335],[80.286084,13.121034],[80.28563,13.12123],[80.284821,13.12158],[80.284788,13.121716],[80.284484,13.121959],[80.284267,13.122053],[80.284022,13.121766],[80.283894,13.121586],[80.283681,13.121533],[80.282874,13.121401],[80.282816,13.121229],[80.282491,13.121014],[80.282337,13.120809],[80.282742,13.120688],[80.282715,13.120483],[80.282659,13.119778],[80.282654,13.119358],[80.281958,13.119464],[80.28179,13.118564],[80.282074,13.118531],[80.281918,13.117601],[80.282303,13.11756],[80.282325,13.117402],[80.282625,13.117363],[80.282405,13.116386],[80.280988,13.11644],[80.280909,13.116386],[80.280994,13.11618],[80.2809,13.116127],[80.280593,13.116203],[80.279841,13.116292],[80.279733,13.115473],[80.279597,13.115482],[80.279565,13.115336],[80.279646,13.115258],[80.280247,13.115217],[80.280237,13.114865],[80.280117,13.114236],[80.280641,13.114112],[80.280631,13.113915],[80.28009,13.113775],[80.27893,13.114041],[80.278136,13.114026],[80.277576,13.113968],[80.277577,13.113998],[80.277585,13.11426],[80.276894,13.11431],[80.276944,13.114855],[80.277837,13.11472],[80.277869,13.114926],[80.277883,13.115292],[80.277799,13.115299],[80.27782,13.115446],[80.277928,13.116336],[80.276614,13.116441],[80.27707,13.118554],[80.277623,13.118477],[80.277669,13.118957],[80.277878,13.119343],[80.278969,13.122074],[80.282671,13.125639],[80.283516,13.128943],[80.284608,13.130955],[80.285069,13.130734],[80.287396,13.130236],[80.287372,13.129953],[80.286866,13.128324],[80.286962,13.128127],[80.286646,13.127052]]]}]}},{"type":"Feature","properties":{},"geometry":{"type":"GeometryCollection","geometries":[{"type":"LineString","coordinates":[[80.285059,13.126161],[80.285185,13.12622],[80.285318,13.126205],[80.285331,13.125865],[80.285092,13.125892],[80.285097,13.125933],[80.2851,13.125943],[80.285103,13.126033],[80.28504,13.12609],[80.285059,13.126161]]},{"type":"Polygon","coordinates":[[[80.285059,13.126161],[80.285185,13.12622],[80.285318,13.126205],[80.285331,13.125865],[80.285092,13.125892],[80.285097,13.125933],[80.2851,13.125943],[80.285103,13.126033],[80.28504,13.12609],[80.285059,13.126161]]]}]}},{"type":"Feature","properties":{},"geometry":{"type":"GeometryCollection","geometries":[{"type":"LineString","coordinates":[[80.294614,13.123935],[80.295218,13.123854],[80.295402,13.123918],[80.29654,13.123785],[80.296937,13.123255],[80.297511,13.122389],[80.297402,13.122137],[80.297967,13.122018],[80.297782,13.12124],[80.297414,13.121296],[80.297309,13.121039],[80.297228,13.121008],[80.297219,13.120916],[80.296246,13.121108],[80.296257,13.121228],[80.296036,13.121292],[80.296036,13.121292],[80.295739,13.121378],[80.295577,13.121425],[80.29524,13.122299],[80.295201,13.1224],[80.294855,13.123075],[80.294849,13.123146],[80.294837,13.123291],[80.294872,13.123453],[80.294758,13.123495],[80.29475,13.123585],[80.29484,13.123639],[80.294881,13.123729],[80.294617,13.123797],[80.294614,13.123935]]},{"type":"Polygon","coordinates":[[[80.294614,13.123935],[80.295218,13.123854],[80.295402,13.123918],[80.29654,13.123785],[80.296937,13.123255],[80.297511,13.122389],[80.297402,13.122137],[80.297967,13.122018],[80.297782,13.12124],[80.297414,13.121296],[80.297309,13.121039],[80.297228,13.121008],[80.297219,13.120916],[80.296246,13.121108],[80.296257,13.121228],[80.296036,13.121292],[80.296036,13.121292],[80.295739,13.121378],[80.295577,13.121425],[80.29524,13.122299],[80.295201,13.1224],[80.294855,13.123075],[80.294849,13.123146],[80.294837,13.123291],[80.294872,13.123453],[80.294758,13.123495],[80.29475,13.123585],[80.29484,13.123639],[80.294881,13.123729],[80.294617,13.123797],[80.294614,13.123935]]]}]}},{"type":"Feature","properties":{},"geometry":{"type":"GeometryCollection","geometries":[{"type":"LineString","coordinates":[[80.29556,13.126261],[80.295402,13.123918],[80.295218,13.123854],[80.294614,13.123935],[80.294617,13.123797],[80.294881,13.123729],[80.29484,13.123639],[80.29475,13.123585],[80.294758,13.123495],[80.294872,13.123453],[80.294837,13.123291],[80.294849,13.123146],[80.294855,13.123075],[80.295201,13.1224],[80.29524,13.122299],[80.295577,13.121425],[80.295739,13.121378],[80.295726,13.121316],[80.295726,13.121316],[80.295624,13.120831],[80.295603,13.120693],[80.295591,13.120648],[80.295572,13.120577],[80.29531,13.120629],[80.295281,13.120437],[80.295197,13.120205],[80.295196,13.120205],[80.294371,13.120336],[80.293653,13.120406],[80.293504,13.119641],[80.293621,13.119527],[80.293598,13.119257],[80.293597,13.119129],[80.293612,13.119125],[80.293596,13.119026],[80.293366,13.117962],[80.294597,13.117806],[80.294538,13.117396],[80.293445,13.117513],[80.293282,13.116081],[80.29322,13.115299],[80.293118,13.114543],[80.293118,13.114543],[80.293116,13.114516],[80.293115,13.114361],[80.292735,13.11445],[80.292553,13.11447],[80.292565,13.114289],[80.292492,13.11431],[80.292022,13.114327],[80.292085,13.114993],[80.292448,13.11484],[80.292574,13.1148],[80.292623,13.11518],[80.292662,13.115791],[80.292716,13.116212],[80.292859,13.117053],[80.292926,13.117373],[80.292947,13.117475],[80.293087,13.118163],[80.293241,13.118934],[80.293275,13.119105],[80.293392,13.119653],[80.293444,13.119892],[80.293608,13.120721],[80.29362,13.120766],[80.29362,13.120766],[80.293699,13.121051],[80.293887,13.121963],[80.293942,13.122226],[80.294038,13.122655],[80.294172,13.12327],[80.294213,13.123434],[80.294307,13.123882],[80.294369,13.124178],[80.294451,13.124561],[80.294534,13.124951],[80.294661,13.125497],[80.294724,13.12575],[80.29476,13.125894],[80.294807,13.126055],[80.294876,13.126299],[80.29502,13.126774],[80.295063,13.126913],[80.295219,13.127447],[80.295364,13.127963],[80.295557,13.128668],[80.29569,13.129159],[80.295957,13.130111],[80.296162,13.130817],[80.296244,13.131099],[80.296439,13.131823],[80.296897,13.133343],[80.297712,13.133158],[80.295563,13.126324],[80.295587,13.126286],[80.29556,13.126261]]},{"type":"Polygon","coordinates":[[[80.29556,13.126261],[80.295402,13.123918],[80.295218,13.123854],[80.294614,13.123935],[80.294617,13.123797],[80.294881,13.123729],[80.29484,13.123639],[80.29475,13.123585],[80.294758,13.123495],[80.294872,13.123453],[80.294837,13.123291],[80.294849,13.123146],[80.294855,13.123075],[80.295201,13.1224],[80.29524,13.122299],[80.295577,13.121425],[80.295739,13.121378],[80.295726,13.121316],[80.295726,13.121316],[80.295624,13.120831],[80.295603,13.120693],[80.295591,13.120648],[80.295572,13.120577],[80.29531,13.120629],[80.295281,13.120437],[80.295197,13.120205],[80.295196,13.120205],[80.294371,13.120336],[80.293653,13.120406],[80.293504,13.119641],[80.293621,13.119527],[80.293598,13.119257],[80.293597,13.119129],[80.293612,13.119125],[80.293596,13.119026],[80.293366,13.117962],[80.294597,13.117806],[80.294538,13.117396],[80.293445,13.117513],[80.293282,13.116081],[80.29322,13.115299],[80.293118,13.114543],[80.293118,13.114543],[80.293116,13.114516],[80.293115,13.114361],[80.292735,13.11445],[80.292553,13.11447],[80.292565,13.114289],[80.292492,13.11431],[80.292022,13.114327],[80.292085,13.114993],[80.292448,13.11484],[80.292574,13.1148],[80.292623,13.11518],[80.292662,13.115791],[80.292716,13.116212],[80.292859,13.117053],[80.292926,13.117373],[80.292947,13.117475],[80.293087,13.118163],[80.293241,13.118934],[80.293275,13.119105],[80.293392,13.119653],[80.293444,13.119892],[80.293608,13.120721],[80.29362,13.120766],[80.29362,13.120766],[80.293699,13.121051],[80.293887,13.121963],[80.293942,13.122226],[80.294038,13.122655],[80.294172,13.12327],[80.294213,13.123434],[80.294307,13.123882],[80.294369,13.124178],[80.294451,13.124561],[80.294534,13.124951],[80.294661,13.125497],[80.294724,13.12575],[80.29476,13.125894],[80.294807,13.126055],[80.294876,13.126299],[80.29502,13.126774],[80.295063,13.126913],[80.295219,13.127447],[80.295364,13.127963],[80.295557,13.128668],[80.29569,13.129159],[80.295957,13.130111],[80.296162,13.130817],[80.296244,13.131099],[80.296439,13.131823],[80.296897,13.133343],[80.297712,13.133158],[80.295563,13.126324],[80.295587,13.126286],[80.29556,13.126261]]]}]}},{"type":"Feature","properties":{},"geometry":{"type":"GeometryCollection","geometries":[{"type":"LineString","coordinates":[[80.277576,13.113968],[80.278136,13.114026],[80.27893,13.114041],[80.28009,13.113775],[80.280631,13.113915],[80.280619,13.113604],[80.28061,13.113026],[80.280978,13.112984],[80.281014,13.113124],[80.281315,13.113662],[80.281602,13.113657],[80.281707,13.113131],[80.28133,13.112294],[80.281349,13.111601],[80.281251,13.110733],[80.281253,13.11054],[80.281112,13.110566],[80.280948,13.109855],[80.280831,13.109584],[80.280487,13.109311],[80.277902,13.110298],[80.277363,13.111481],[80.276853,13.112532],[80.276529,13.114336],[80.277023,13.114301],[80.277518,13.114265],[80.277585,13.11426],[80.277576,13.113968]]},{"type":"Polygon","coordinates":[[[80.277576,13.113968],[80.278136,13.114026],[80.27893,13.114041],[80.28009,13.113775],[80.280631,13.113915],[80.280619,13.113604],[80.28061,13.113026],[80.280978,13.112984],[80.281014,13.113124],[80.281315,13.113662],[80.281602,13.113657],[80.281707,13.113131],[80.28133,13.112294],[80.281349,13.111601],[80.281251,13.110733],[80.281253,13.11054],[80.281112,13.110566],[80.280948,13.109855],[80.280831,13.109584],[80.280487,13.109311],[80.277902,13.110298],[80.277363,13.111481],[80.276853,13.112532],[80.276529,13.114336],[80.277023,13.114301],[80.277518,13.114265],[80.277585,13.11426],[80.277576,13.113968]]]}]}},{"type":"Feature","properties":{},"geometry":{"type":"GeometryCollection","geometries":[{"type":"LineString","coordinates":[[80.263001,13.077777],[80.264056,13.075806],[80.265093,13.075917],[80.265194,13.076802],[80.264474,13.077004],[80.264509,13.077416],[80.265749,13.077139],[80.265837,13.075589],[80.265871,13.074998],[80.266597,13.073074],[80.268629,13.070825],[80.269006,13.068996],[80.270446,13.068562],[80.270444,13.06854],[80.270432,13.068481],[80.27041,13.06837],[80.270376,13.068247],[80.270537,13.06828],[80.270494,13.068008],[80.270121,13.068015],[80.269519,13.068124],[80.268289,13.068345],[80.268148,13.068632],[80.267696,13.068628],[80.267199,13.068782],[80.267167,13.069057],[80.266637,13.06904],[80.266069,13.069001],[80.266069,13.068772],[80.266101,13.068771],[80.2661,13.068757],[80.266242,13.068762],[80.266351,13.068766],[80.266435,13.068768],[80.266495,13.068769],[80.266594,13.068768],[80.266613,13.068623],[80.266144,13.068599],[80.266044,13.068149],[80.265845,13.068139],[80.265852,13.068325],[80.265648,13.068322],[80.26561,13.068038],[80.265414,13.068036],[80.265483,13.069191],[80.264974,13.069234],[80.264567,13.069008],[80.264545,13.068227],[80.264088,13.068177],[80.264108,13.067795],[80.264196,13.067765],[80.264199,13.067635],[80.264037,13.067625],[80.264049,13.067547],[80.26387,13.067544],[80.26218,13.067525],[80.261848,13.067521],[80.261175,13.065946],[80.260308,13.063916],[80.25995,13.063079],[80.259178,13.061274],[80.257784,13.061554],[80.257002,13.062006],[80.256241,13.063224],[80.256652,13.064589],[80.253982,13.06817],[80.252836,13.068998],[80.249557,13.071074],[80.249554,13.071547],[80.24956,13.071639],[80.250418,13.071884],[80.250422,13.073867],[80.251003,13.075275],[80.25119,13.075729],[80.251321,13.076647],[80.252568,13.076841],[80.256157,13.077399],[80.262743,13.078326],[80.263001,13.077777]]},{"type":"Polygon","coordinates":[[[80.263001,13.077777],[80.264056,13.075806],[80.265093,13.075917],[80.265194,13.076802],[80.264474,13.077004],[80.264509,13.077416],[80.265749,13.077139],[80.265837,13.075589],[80.265871,13.074998],[80.266597,13.073074],[80.268629,13.070825],[80.269006,13.068996],[80.270446,13.068562],[80.270444,13.06854],[80.270432,13.068481],[80.27041,13.06837],[80.270376,13.068247],[80.270537,13.06828],[80.270494,13.068008],[80.270121,13.068015],[80.269519,13.068124],[80.268289,13.068345],[80.268148,13.068632],[80.267696,13.068628],[80.267199,13.068782],[80.267167,13.069057],[80.266637,13.06904],[80.266069,13.069001],[80.266069,13.068772],[80.266101,13.068771],[80.2661,13.068757],[80.266242,13.068762],[80.266351,13.068766],[80.266435,13.068768],[80.266495,13.068769],[80.266594,13.068768],[80.266613,13.068623],[80.266144,13.068599],[80.266044,13.068149],[80.265845,13.068139],[80.265852,13.068325],[80.265648,13.068322],[80.26561,13.068038],[80.265414,13.068036],[80.265483,13.069191],[80.264974,13.069234],[80.264567,13.069008],[80.264545,13.068227],[80.264088,13.068177],[80.264108,13.067795],[80.264196,13.067765],[80.264199,13.067635],[80.264037,13.067625],[80.264049,13.067547],[80.26387,13.067544],[80.26218,13.067525],[80.261848,13.067521],[80.261175,13.065946],[80.260308,13.063916],[80.25995,13.063079],[80.259178,13.061274],[80.257784,13.061554],[80.257002,13.062006],[80.256241,13.063224],[80.256652,13.064589],[80.253982,13.06817],[80.252836,13.068998],[80.249557,13.071074],[80.249554,13.071547],[80.24956,13.071639],[80.250418,13.071884],[80.250422,13.073867],[80.251003,13.075275],[80.25119,13.075729],[80.251321,13.076647],[80.252568,13.076841],[80.256157,13.077399],[80.262743,13.078326],[80.263001,13.077777]]]}]}},{"type":"Feature","properties":{},"geometry":{"type":"GeometryCollection","geometries":[{"type":"LineString","coordinates":[[80.270921,13.062748],[80.270962,13.061095],[80.271317,13.061099],[80.271294,13.060457],[80.270908,13.060408],[80.270904,13.060219],[80.271097,13.06021],[80.271102,13.060035],[80.270605,13.060008],[80.270409,13.059997],[80.270364,13.059208],[80.270317,13.059059],[80.269952,13.059037],[80.269052,13.05912],[80.268765,13.058934],[80.268553,13.05845],[80.269216,13.058392],[80.268908,13.056967],[80.26878,13.056373],[80.266186,13.056796],[80.266338,13.058023],[80.265075,13.05822],[80.264481,13.060847],[80.264572,13.060992],[80.264583,13.061002],[80.264848,13.061226],[80.264929,13.061294],[80.265102,13.06144],[80.265081,13.061158],[80.265599,13.059977],[80.265606,13.059654],[80.267007,13.059557],[80.266896,13.059037],[80.267624,13.05892],[80.26773,13.059475],[80.267749,13.059659],[80.26799,13.059641],[80.268263,13.061355],[80.268183,13.061414],[80.268219,13.061575],[80.268929,13.061541],[80.269027,13.061977],[80.269191,13.061968],[80.2694,13.062783],[80.269014,13.062839],[80.269061,13.063115],[80.26977,13.063018],[80.269912,13.062998],[80.269926,13.062998],[80.27011,13.062989],[80.270315,13.062978],[80.270415,13.06279],[80.270921,13.062748]]},{"type":"Polygon","coordinates":[[[80.270921,13.062748],[80.270962,13.061095],[80.271317,13.061099],[80.271294,13.060457],[80.270908,13.060408],[80.270904,13.060219],[80.271097,13.06021],[80.271102,13.060035],[80.270605,13.060008],[80.270409,13.059997],[80.270364,13.059208],[80.270317,13.059059],[80.269952,13.059037],[80.269052,13.05912],[80.268765,13.058934],[80.268553,13.05845],[80.269216,13.058392],[80.268908,13.056967],[80.26878,13.056373],[80.266186,13.056796],[80.266338,13.058023],[80.265075,13.05822],[80.264481,13.060847],[80.264572,13.060992],[80.264583,13.061002],[80.264848,13.061226],[80.264929,13.061294],[80.265102,13.06144],[80.265081,13.061158],[80.265599,13.059977],[80.265606,13.059654],[80.267007,13.059557],[80.266896,13.059037],[80.267624,13.05892],[80.26773,13.059475],[80.267749,13.059659],[80.26799,13.059641],[80.268263,13.061355],[80.268183,13.061414],[80.268219,13.061575],[80.268929,13.061541],[80.269027,13.061977],[80.269191,13.061968],[80.2694,13.062783],[80.269014,13.062839],[80.269061,13.063115],[80.26977,13.063018],[80.269912,13.062998],[80.269926,13.062998],[80.27011,13.062989],[80.270315,13.062978],[80.270415,13.06279],[80.270921,13.062748]]]}]}},{"type":"Feature","properties":{},"geometry":{"type":"GeometryCollection","geometries":[{"type":"LineString","coordinates":[[80.272314,13.077559],[80.272443,13.076824],[80.274139,13.077098],[80.275137,13.071031],[80.275102,13.068078],[80.27611,13.066581],[80.276057,13.066409],[80.277843,13.066015],[80.277726,13.065552],[80.277637,13.065195],[80.277261,13.065329],[80.27722,13.065149],[80.276304,13.065364],[80.27635,13.065647],[80.276049,13.065756],[80.275875,13.064463],[80.275469,13.0645],[80.274928,13.064549],[80.274914,13.064315],[80.274479,13.064323],[80.274475,13.064225],[80.274147,13.064222],[80.274012,13.064204],[80.274082,13.063712],[80.273911,13.063698],[80.273995,13.063218],[80.273812,13.063181],[80.273821,13.063035],[80.272637,13.062796],[80.272624,13.0632],[80.272381,13.063208],[80.272365,13.062758],[80.271527,13.062803],[80.271523,13.062617],[80.27282,13.062573],[80.272865,13.061417],[80.272775,13.061412],[80.27278,13.061233],[80.272499,13.061225],[80.272503,13.061121],[80.272515,13.060744],[80.27272,13.060757],[80.272746,13.060354],[80.27301,13.060303],[80.273344,13.060279],[80.273781,13.060264],[80.27365,13.059476],[80.273121,13.059513],[80.273087,13.059254],[80.272423,13.059327],[80.272258,13.059257],[80.272174,13.059246],[80.272133,13.059205],[80.272053,13.059066],[80.271939,13.058358],[80.271341,13.058461],[80.271267,13.058125],[80.270947,13.058183],[80.270911,13.057879],[80.270491,13.057937],[80.270448,13.057671],[80.269847,13.057783],[80.269983,13.058454],[80.269261,13.058604],[80.269216,13.058392],[80.268553,13.05845],[80.268765,13.058934],[80.269052,13.05912],[80.269952,13.059037],[80.270317,13.059059],[80.270364,13.059208],[80.270409,13.059997],[80.270605,13.060008],[80.271102,13.060035],[80.271097,13.06021],[80.270904,13.060219],[80.270908,13.060408],[80.271294,13.060457],[80.271317,13.061099],[80.270962,13.061095],[80.270921,13.062748],[80.270415,13.06279],[80.270315,13.062978],[80.27011,13.062989],[80.269926,13.062998],[80.26977,13.063018],[80.269771,13.063353],[80.269522,13.0634],[80.269319,13.06344],[80.269121,13.063483],[80.269186,13.063688],[80.269246,13.063876],[80.269422,13.063837],[80.269612,13.063799],[80.269843,13.063753],[80.269974,13.063733],[80.270112,13.063714],[80.270215,13.0637],[80.270319,13.063686],[80.27042,13.063675],[80.270413,13.063869],[80.269844,13.063897],[80.269851,13.064256],[80.268069,13.064425],[80.268096,13.064819],[80.268412,13.066385],[80.269392,13.068088],[80.269519,13.068124],[80.270121,13.068015],[80.270494,13.068008],[80.270537,13.06828],[80.270376,13.068247],[80.27041,13.06837],[80.270432,13.068481],[80.270444,13.06854],[80.270446,13.068562],[80.269006,13.068996],[80.268629,13.070825],[80.266597,13.073074],[80.265871,13.074998],[80.265837,13.075589],[80.265749,13.077139],[80.265757,13.079587],[80.266444,13.079634],[80.267603,13.079714],[80.267607,13.079714],[80.269336,13.079832],[80.27364,13.080127],[80.273641,13.080118],[80.273989,13.078005],[80.272136,13.07781],[80.272125,13.07757],[80.272314,13.077559]]},{"type":"Polygon","coordinates":[[[80.272314,13.077559],[80.272443,13.076824],[80.274139,13.077098],[80.275137,13.071031],[80.275102,13.068078],[80.27611,13.066581],[80.276057,13.066409],[80.277843,13.066015],[80.277726,13.065552],[80.277637,13.065195],[80.277261,13.065329],[80.27722,13.065149],[80.276304,13.065364],[80.27635,13.065647],[80.276049,13.065756],[80.275875,13.064463],[80.275469,13.0645],[80.274928,13.064549],[80.274914,13.064315],[80.274479,13.064323],[80.274475,13.064225],[80.274147,13.064222],[80.274012,13.064204],[80.274082,13.063712],[80.273911,13.063698],[80.273995,13.063218],[80.273812,13.063181],[80.273821,13.063035],[80.272637,13.062796],[80.272624,13.0632],[80.272381,13.063208],[80.272365,13.062758],[80.271527,13.062803],[80.271523,13.062617],[80.27282,13.062573],[80.272865,13.061417],[80.272775,13.061412],[80.27278,13.061233],[80.272499,13.061225],[80.272503,13.061121],[80.272515,13.060744],[80.27272,13.060757],[80.272746,13.060354],[80.27301,13.060303],[80.273344,13.060279],[80.273781,13.060264],[80.27365,13.059476],[80.273121,13.059513],[80.273087,13.059254],[80.272423,13.059327],[80.272258,13.059257],[80.272174,13.059246],[80.272133,13.059205],[80.272053,13.059066],[80.271939,13.058358],[80.271341,13.058461],[80.271267,13.058125],[80.270947,13.058183],[80.270911,13.057879],[80.270491,13.057937],[80.270448,13.057671],[80.269847,13.057783],[80.269983,13.058454],[80.269261,13.058604],[80.269216,13.058392],[80.268553,13.05845],[80.268765,13.058934],[80.269052,13.05912],[80.269952,13.059037],[80.270317,13.059059],[80.270364,13.059208],[80.270409,13.059997],[80.270605,13.060008],[80.271102,13.060035],[80.271097,13.06021],[80.270904,13.060219],[80.270908,13.060408],[80.271294,13.060457],[80.271317,13.061099],[80.270962,13.061095],[80.270921,13.062748],[80.270415,13.06279],[80.270315,13.062978],[80.27011,13.062989],[80.269926,13.062998],[80.26977,13.063018],[80.269771,13.063353],[80.269522,13.0634],[80.269319,13.06344],[80.269121,13.063483],[80.269186,13.063688],[80.269246,13.063876],[80.269422,13.063837],[80.269612,13.063799],[80.269843,13.063753],[80.269974,13.063733],[80.270112,13.063714],[80.270215,13.0637],[80.270319,13.063686],[80.27042,13.063675],[80.270413,13.063869],[80.269844,13.063897],[80.269851,13.064256],[80.268069,13.064425],[80.268096,13.064819],[80.268412,13.066385],[80.269392,13.068088],[80.269519,13.068124],[80.270121,13.068015],[80.270494,13.068008],[80.270537,13.06828],[80.270376,13.068247],[80.27041,13.06837],[80.270432,13.068481],[80.270444,13.06854],[80.270446,13.068562],[80.269006,13.068996],[80.268629,13.070825],[80.266597,13.073074],[80.265871,13.074998],[80.265837,13.075589],[80.265749,13.077139],[80.265757,13.079587],[80.266444,13.079634],[80.267603,13.079714],[80.267607,13.079714],[80.269336,13.079832],[80.27364,13.080127],[80.273641,13.080118],[80.273989,13.078005],[80.272136,13.07781],[80.272125,13.07757],[80.272314,13.077559]]]}]}},{"type":"Feature","properties":{},"geometry":{"type":"GeometryCollection","geometries":[{"type":"LineString","coordinates":[[80.269246,13.063876],[80.269186,13.063688],[80.269121,13.063483],[80.269319,13.06344],[80.269522,13.0634],[80.269612,13.063383],[80.269771,13.063353],[80.269771,13.06335],[80.26977,13.063018],[80.269061,13.063115],[80.269014,13.062839],[80.2694,13.062783],[80.269191,13.061968],[80.269027,13.061977],[80.268929,13.061541],[80.268219,13.061575],[80.268183,13.061414],[80.268263,13.061355],[80.26799,13.059641],[80.267749,13.059659],[80.26773,13.059475],[80.267624,13.05892],[80.266896,13.059037],[80.267007,13.059557],[80.265606,13.059654],[80.265599,13.059977],[80.265081,13.061158],[80.265102,13.06144],[80.266004,13.062202],[80.265112,13.063224],[80.264255,13.062561],[80.264154,13.062875],[80.262974,13.062571],[80.263009,13.062255],[80.261921,13.063476],[80.260308,13.063916],[80.261175,13.065946],[80.263034,13.066328],[80.269392,13.068088],[80.268412,13.066385],[80.268096,13.064819],[80.268069,13.064425],[80.269851,13.064256],[80.269844,13.063897],[80.270413,13.063869],[80.27042,13.063675],[80.270319,13.063686],[80.270215,13.0637],[80.270112,13.063714],[80.269974,13.063733],[80.269843,13.063753],[80.269612,13.063799],[80.269422,13.063837],[80.269246,13.063876]]},{"type":"Polygon","coordinates":[[[80.269246,13.063876],[80.269186,13.063688],[80.269121,13.063483],[80.269319,13.06344],[80.269522,13.0634],[80.269612,13.063383],[80.269771,13.063353],[80.269771,13.06335],[80.26977,13.063018],[80.269061,13.063115],[80.269014,13.062839],[80.2694,13.062783],[80.269191,13.061968],[80.269027,13.061977],[80.268929,13.061541],[80.268219,13.061575],[80.268183,13.061414],[80.268263,13.061355],[80.26799,13.059641],[80.267749,13.059659],[80.26773,13.059475],[80.267624,13.05892],[80.266896,13.059037],[80.267007,13.059557],[80.265606,13.059654],[80.265599,13.059977],[80.265081,13.061158],[80.265102,13.06144],[80.266004,13.062202],[80.265112,13.063224],[80.264255,13.062561],[80.264154,13.062875],[80.262974,13.062571],[80.263009,13.062255],[80.261921,13.063476],[80.260308,13.063916],[80.261175,13.065946],[80.263034,13.066328],[80.269392,13.068088],[80.268412,13.066385],[80.268096,13.064819],[80.268069,13.064425],[80.269851,13.064256],[80.269844,13.063897],[80.270413,13.063869],[80.27042,13.063675],[80.270319,13.063686],[80.270215,13.0637],[80.270112,13.063714],[80.269974,13.063733],[80.269843,13.063753],[80.269612,13.063799],[80.269422,13.063837],[80.269246,13.063876]]]}]}},{"type":"Feature","properties":{},"geometry":{"type":"GeometryCollection","geometries":[{"type":"LineString","coordinates":[[80.275265,13.086],[80.276301,13.080447],[80.27364,13.080127],[80.269336,13.079832],[80.267607,13.079714],[80.267603,13.079714],[80.266444,13.079634],[80.266486,13.081108],[80.266513,13.082052],[80.265474,13.082088],[80.265449,13.083082],[80.264812,13.08312],[80.265062,13.085091],[80.264304,13.08521],[80.264222,13.085601],[80.264329,13.086815],[80.265056,13.086775],[80.2651,13.086773],[80.265197,13.086772],[80.265232,13.085585],[80.26614,13.085521],[80.266236,13.08782],[80.266376,13.087925],[80.26638,13.088221],[80.26738,13.088209],[80.267374,13.088821],[80.268413,13.088841],[80.27252,13.08893],[80.272603,13.086431],[80.274955,13.08605],[80.275061,13.086033],[80.275265,13.086]]},{"type":"Polygon","coordinates":[[[80.275265,13.086],[80.276301,13.080447],[80.27364,13.080127],[80.269336,13.079832],[80.267607,13.079714],[80.267603,13.079714],[80.266444,13.079634],[80.266486,13.081108],[80.266513,13.082052],[80.265474,13.082088],[80.265449,13.083082],[80.264812,13.08312],[80.265062,13.085091],[80.264304,13.08521],[80.264222,13.085601],[80.264329,13.086815],[80.265056,13.086775],[80.2651,13.086773],[80.265197,13.086772],[80.265232,13.085585],[80.26614,13.085521],[80.266236,13.08782],[80.266376,13.087925],[80.26638,13.088221],[80.26738,13.088209],[80.267374,13.088821],[80.268413,13.088841],[80.27252,13.08893],[80.272603,13.086431],[80.274955,13.08605],[80.275061,13.086033],[80.275265,13.086]]]}]}},{"type":"Feature","properties":{},"geometry":{"type":"GeometryCollection","geometries":[{"type":"LineString","coordinates":[[80.263034,13.066328],[80.261175,13.065946],[80.261848,13.067521],[80.26218,13.067525],[80.26387,13.067544],[80.264049,13.067547],[80.264037,13.067625],[80.264199,13.067635],[80.264196,13.067765],[80.264108,13.067795],[80.264088,13.068177],[80.264545,13.068227],[80.264567,13.069008],[80.264974,13.069234],[80.265483,13.069191],[80.265414,13.068036],[80.26561,13.068038],[80.265648,13.068322],[80.265852,13.068325],[80.265845,13.068139],[80.266044,13.068149],[80.266108,13.068438],[80.266144,13.068599],[80.266613,13.068623],[80.266594,13.068768],[80.266526,13.068769],[80.266435,13.068768],[80.266351,13.068766],[80.266242,13.068762],[80.2661,13.068757],[80.266101,13.068771],[80.266069,13.068772],[80.266069,13.069001],[80.266649,13.069041],[80.267167,13.069057],[80.267199,13.068782],[80.267696,13.068628],[80.268148,13.068632],[80.268289,13.068345],[80.269519,13.068124],[80.267811,13.067651],[80.264566,13.066752],[80.263034,13.066328]]},{"type":"Polygon","coordinates":[[[80.263034,13.066328],[80.261175,13.065946],[80.261848,13.067521],[80.26218,13.067525],[80.26387,13.067544],[80.264049,13.067547],[80.264037,13.067625],[80.264199,13.067635],[80.264196,13.067765],[80.264108,13.067795],[80.264088,13.068177],[80.264545,13.068227],[80.264567,13.069008],[80.264974,13.069234],[80.265483,13.069191],[80.265414,13.068036],[80.26561,13.068038],[80.265648,13.068322],[80.265852,13.068325],[80.265845,13.068139],[80.266044,13.068149],[80.266108,13.068438],[80.266144,13.068599],[80.266613,13.068623],[80.266594,13.068768],[80.266526,13.068769],[80.266435,13.068768],[80.266351,13.068766],[80.266242,13.068762],[80.2661,13.068757],[80.266101,13.068771],[80.266069,13.068772],[80.266069,13.069001],[80.266649,13.069041],[80.267167,13.069057],[80.267199,13.068782],[80.267696,13.068628],[80.268148,13.068632],[80.268289,13.068345],[80.269519,13.068124],[80.267811,13.067651],[80.264566,13.066752],[80.263034,13.066328]]]}]}},{"type":"Feature","properties":{},"geometry":{"type":"GeometryCollection","geometries":[{"type":"LineString","coordinates":[[80.274139,13.077098],[80.273989,13.078005],[80.27364,13.080127],[80.276301,13.080447],[80.281321,13.081007],[80.281097,13.078534],[80.281049,13.078258],[80.27651,13.07812],[80.276564,13.076359],[80.274299,13.076124],[80.274139,13.077098]]},{"type":"Polygon","coordinates":[[[80.274139,13.077098],[80.273989,13.078005],[80.27364,13.080127],[80.276301,13.080447],[80.281321,13.081007],[80.281097,13.078534],[80.281049,13.078258],[80.27651,13.07812],[80.276564,13.076359],[80.274299,13.076124],[80.274139,13.077098]]]}]}},{"type":"Feature","properties":{},"geometry":{"type":"GeometryCollection","geometries":[{"type":"LineString","coordinates":[[80.276529,13.114336],[80.276853,13.112532],[80.277363,13.111481],[80.277902,13.110298],[80.27813,13.109799],[80.274084,13.110156],[80.274259,13.11054],[80.275997,13.114732],[80.276294,13.114953],[80.276944,13.114855],[80.276894,13.11431],[80.276529,13.114336]]},{"type":"Polygon","coordinates":[[[80.276529,13.114336],[80.276853,13.112532],[80.277363,13.111481],[80.277902,13.110298],[80.27813,13.109799],[80.274084,13.110156],[80.274259,13.11054],[80.275997,13.114732],[80.276294,13.114953],[80.276944,13.114855],[80.276894,13.11431],[80.276529,13.114336]]]}]}},{"type":"Feature","properties":{},"geometry":{"type":"GeometryCollection","geometries":[{"type":"LineString","coordinates":[[80.291167,13.104187],[80.291303,13.103427],[80.290841,13.103385],[80.290837,13.103437],[80.290159,13.103637],[80.290138,13.103584],[80.289938,13.103174],[80.287343,13.104324],[80.287221,13.104671],[80.286364,13.104987],[80.286336,13.105133],[80.286064,13.106569],[80.286162,13.107155],[80.287001,13.10711],[80.291027,13.104965],[80.291167,13.104187]]},{"type":"Polygon","coordinates":[[[80.291167,13.104187],[80.291303,13.103427],[80.290841,13.103385],[80.290837,13.103437],[80.290159,13.103637],[80.290138,13.103584],[80.289938,13.103174],[80.287343,13.104324],[80.287221,13.104671],[80.286364,13.104987],[80.286336,13.105133],[80.286064,13.106569],[80.286162,13.107155],[80.287001,13.10711],[80.291027,13.104965],[80.291167,13.104187]]]}]}},{"type":"Feature","properties":{},"geometry":{"type":"GeometryCollection","geometries":[{"type":"LineString","coordinates":[[80.296188,13.105586],[80.295446,13.103367],[80.292695,13.104823],[80.29318,13.106354],[80.29333,13.106281],[80.293438,13.106613],[80.293763,13.106503],[80.294003,13.107099],[80.29447,13.106935],[80.294456,13.10686],[80.294865,13.106669],[80.294663,13.10623],[80.295002,13.106005],[80.296188,13.105586]]},{"type":"Polygon","coordinates":[[[80.296188,13.105586],[80.295446,13.103367],[80.292695,13.104823],[80.29318,13.106354],[80.29333,13.106281],[80.293438,13.106613],[80.293763,13.106503],[80.294003,13.107099],[80.29447,13.106935],[80.294456,13.10686],[80.294865,13.106669],[80.294663,13.10623],[80.295002,13.106005],[80.296188,13.105586]]]}]}},{"type":"Feature","properties":{},"geometry":{"type":"GeometryCollection","geometries":[{"type":"LineString","coordinates":[[80.293629,13.120799],[80.29362,13.120766],[80.293608,13.120721],[80.293443,13.119892],[80.293274,13.119105],[80.293241,13.118934],[80.293087,13.118163],[80.292947,13.117475],[80.292859,13.117053],[80.292716,13.116212],[80.292662,13.115791],[80.292623,13.11518],[80.292574,13.1148],[80.292574,13.1148],[80.292448,13.11484],[80.292499,13.115054],[80.29237,13.115266],[80.292394,13.115672],[80.292574,13.11664],[80.292815,13.118184],[80.29205,13.118377],[80.292198,13.119293],[80.292281,13.119707],[80.292137,13.119925],[80.291913,13.120412],[80.291639,13.120593],[80.291671,13.120955],[80.292154,13.12137],[80.292216,13.121711],[80.291746,13.122454],[80.291688,13.122578],[80.290297,13.122698],[80.290321,13.122868],[80.290491,13.123199],[80.290554,13.123323],[80.290662,13.123705],[80.29034,13.123761],[80.290194,13.123237],[80.290115,13.122949],[80.289815,13.122856],[80.288708,13.12329],[80.288664,13.123472],[80.288585,13.123795],[80.289127,13.124904],[80.289125,13.12545],[80.289936,13.125494],[80.29043,13.127656],[80.290692,13.128195],[80.29338,13.128152],[80.294268,13.130629],[80.294538,13.131883],[80.295246,13.131794],[80.29526,13.13191],[80.295267,13.131969],[80.295235,13.131975],[80.295146,13.132276],[80.295965,13.133633],[80.296897,13.133343],[80.296439,13.131823],[80.296244,13.131099],[80.296162,13.130817],[80.295957,13.130111],[80.29569,13.129159],[80.295557,13.128668],[80.295364,13.127963],[80.295219,13.127447],[80.295063,13.126913],[80.29502,13.126774],[80.294876,13.126299],[80.294807,13.126055],[80.29476,13.125894],[80.294724,13.12575],[80.294661,13.125497],[80.294534,13.124951],[80.294451,13.124561],[80.294369,13.124178],[80.294307,13.123882],[80.294213,13.123434],[80.294172,13.12327],[80.294038,13.122655],[80.293942,13.122226],[80.293699,13.121051],[80.293629,13.120799]]},{"type":"LineString","coordinates":[[80.292733,13.126387],[80.29329,13.12624],[80.293586,13.127143],[80.293608,13.127201],[80.293364,13.127365],[80.293344,13.127374],[80.293317,13.127312],[80.292801,13.127541],[80.292547,13.127606],[80.29233,13.127585],[80.292096,13.126594],[80.292733,13.126387]]},{"type":"LineString","coordinates":[[80.292119,13.124325],[80.291835,13.12283],[80.291839,13.122829],[80.291852,13.122826],[80.292062,13.122754],[80.292355,13.122712],[80.292355,13.122711],[80.292346,13.122628],[80.292347,13.122628],[80.292506,13.12259],[80.292803,13.124279],[80.292119,13.124325]]},{"type":"Polygon","coordinates":[[[80.293629,13.120799],[80.29362,13.120766],[80.293608,13.120721],[80.293443,13.119892],[80.293274,13.119105],[80.293241,13.118934],[80.293087,13.118163],[80.292947,13.117475],[80.292859,13.117053],[80.292716,13.116212],[80.292662,13.115791],[80.292623,13.11518],[80.292574,13.1148],[80.292574,13.1148],[80.292448,13.11484],[80.292499,13.115054],[80.29237,13.115266],[80.292394,13.115672],[80.292574,13.11664],[80.292815,13.118184],[80.29205,13.118377],[80.292198,13.119293],[80.292281,13.119707],[80.292137,13.119925],[80.291913,13.120412],[80.291639,13.120593],[80.291671,13.120955],[80.292154,13.12137],[80.292216,13.121711],[80.291746,13.122454],[80.291688,13.122578],[80.290297,13.122698],[80.290321,13.122868],[80.290491,13.123199],[80.290554,13.123323],[80.290662,13.123705],[80.29034,13.123761],[80.290194,13.123237],[80.290115,13.122949],[80.289815,13.122856],[80.288708,13.12329],[80.288664,13.123472],[80.288585,13.123795],[80.289127,13.124904],[80.289125,13.12545],[80.289936,13.125494],[80.29043,13.127656],[80.290692,13.128195],[80.29338,13.128152],[80.294268,13.130629],[80.294538,13.131883],[80.295246,13.131794],[80.29526,13.13191],[80.295267,13.131969],[80.295235,13.131975],[80.295146,13.132276],[80.295965,13.133633],[80.296897,13.133343],[80.296439,13.131823],[80.296244,13.131099],[80.296162,13.130817],[80.295957,13.130111],[80.29569,13.129159],[80.295557,13.128668],[80.295364,13.127963],[80.295219,13.127447],[80.295063,13.126913],[80.29502,13.126774],[80.294876,13.126299],[80.294807,13.126055],[80.29476,13.125894],[80.294724,13.12575],[80.294661,13.125497],[80.294534,13.124951],[80.294451,13.124561],[80.294369,13.124178],[80.294307,13.123882],[80.294213,13.123434],[80.294172,13.12327],[80.294038,13.122655],[80.293942,13.122226],[80.293699,13.121051],[80.293629,13.120799]]]}]}},{"type":"Feature","properties":{},"geometry":{"type":"GeometryCollection","geometries":[{"type":"LineString","coordinates":[[80.281525,13.11085],[80.281593,13.111125],[80.282076,13.111087],[80.282043,13.111349],[80.282119,13.111448],[80.282925,13.111235],[80.283406,13.111578],[80.283617,13.111522],[80.28422,13.111184],[80.284301,13.111031],[80.284535,13.111022],[80.284375,13.110475],[80.284459,13.110338],[80.284429,13.10974],[80.284359,13.10954],[80.284029,13.108721],[80.283878,13.108769],[80.284003,13.109135],[80.283782,13.109214],[80.283496,13.108607],[80.283653,13.108329],[80.282949,13.108586],[80.282171,13.108983],[80.28253,13.110013],[80.282751,13.109997],[80.282872,13.110145],[80.28221,13.110388],[80.282172,13.110247],[80.281895,13.11032],[80.281456,13.110522],[80.281525,13.11085]]},{"type":"Polygon","coordinates":[[[80.281525,13.11085],[80.281593,13.111125],[80.282076,13.111087],[80.282043,13.111349],[80.282119,13.111448],[80.282925,13.111235],[80.283406,13.111578],[80.283617,13.111522],[80.28422,13.111184],[80.284301,13.111031],[80.284535,13.111022],[80.284375,13.110475],[80.284459,13.110338],[80.284429,13.10974],[80.284359,13.10954],[80.284029,13.108721],[80.283878,13.108769],[80.284003,13.109135],[80.283782,13.109214],[80.283496,13.108607],[80.283653,13.108329],[80.282949,13.108586],[80.282171,13.108983],[80.28253,13.110013],[80.282751,13.109997],[80.282872,13.110145],[80.28221,13.110388],[80.282172,13.110247],[80.281895,13.11032],[80.281456,13.110522],[80.281525,13.11085]]]}]}},{"type":"Feature","properties":{},"geometry":{"type":"GeometryCollection","geometries":[{"type":"LineString","coordinates":[[80.286975,13.112758],[80.286761,13.112152],[80.286411,13.111212],[80.286836,13.11112],[80.286796,13.111024],[80.286717,13.111043],[80.286671,13.110943],[80.2875,13.110679],[80.287336,13.110427],[80.286506,13.110642],[80.286382,13.110259],[80.287157,13.110061],[80.28712,13.109971],[80.287007,13.109991],[80.286734,13.109255],[80.286234,13.109423],[80.28617,13.109206],[80.286022,13.109264],[80.285971,13.109371],[80.286015,13.109605],[80.286111,13.110001],[80.284968,13.110164],[80.285018,13.110417],[80.285066,13.110555],[80.285092,13.110697],[80.285237,13.111095],[80.284948,13.111144],[80.284846,13.11149],[80.284839,13.111513],[80.284885,13.111503],[80.28529,13.111424],[80.285286,13.111396],[80.285329,13.111388],[80.285407,13.111379],[80.285643,13.111378],[80.285785,13.111827],[80.286014,13.112706],[80.286151,13.112704],[80.286749,13.112792],[80.286975,13.112758]]},{"type":"Polygon","coordinates":[[[80.286975,13.112758],[80.286761,13.112152],[80.286411,13.111212],[80.286836,13.11112],[80.286796,13.111024],[80.286717,13.111043],[80.286671,13.110943],[80.2875,13.110679],[80.287336,13.110427],[80.286506,13.110642],[80.286382,13.110259],[80.287157,13.110061],[80.28712,13.109971],[80.287007,13.109991],[80.286734,13.109255],[80.286234,13.109423],[80.28617,13.109206],[80.286022,13.109264],[80.285971,13.109371],[80.286015,13.109605],[80.286111,13.110001],[80.284968,13.110164],[80.285018,13.110417],[80.285066,13.110555],[80.285092,13.110697],[80.285237,13.111095],[80.284948,13.111144],[80.284846,13.11149],[80.284839,13.111513],[80.284885,13.111503],[80.28529,13.111424],[80.285286,13.111396],[80.285329,13.111388],[80.285407,13.111379],[80.285643,13.111378],[80.285785,13.111827],[80.286014,13.112706],[80.286151,13.112704],[80.286749,13.112792],[80.286975,13.112758]]]}]}},{"type":"Feature","properties":{},"geometry":{"type":"GeometryCollection","geometries":[{"type":"LineString","coordinates":[[80.29843,13.113259],[80.296188,13.105586],[80.295002,13.106005],[80.294663,13.10623],[80.294865,13.106669],[80.294456,13.10686],[80.29447,13.106935],[80.294003,13.107099],[80.293763,13.106503],[80.293438,13.106613],[80.29333,13.106281],[80.29318,13.106354],[80.292288,13.106328],[80.292421,13.107621],[80.291623,13.107675],[80.291659,13.10793],[80.291672,13.108018],[80.291675,13.108039],[80.291712,13.108282],[80.29182,13.109241],[80.292009,13.109296],[80.292526,13.109234],[80.292576,13.109032],[80.292615,13.109013],[80.292647,13.109171],[80.292879,13.109126],[80.293024,13.109521],[80.29332,13.11085],[80.29313,13.111494],[80.293136,13.111612],[80.293464,13.111592],[80.293632,13.111392],[80.293571,13.111123],[80.294324,13.110972],[80.294401,13.11136],[80.295158,13.1113],[80.295437,13.111326],[80.295846,13.112417],[80.296154,13.113406],[80.29622,13.113548],[80.296275,13.113667],[80.29843,13.113259]]},{"type":"LineString","coordinates":[[80.296245,13.115037],[80.29604,13.113607],[80.295761,13.113658],[80.295527,13.114091],[80.295591,13.114203],[80.295195,13.114252],[80.295158,13.114357],[80.294699,13.114424],[80.294782,13.114728],[80.294541,13.114774],[80.294934,13.116574],[80.294918,13.116875],[80.295144,13.117737],[80.293366,13.117962],[80.293596,13.119026],[80.294922,13.118785],[80.295587,13.118665],[80.296068,13.118578],[80.296958,13.118392],[80.296508,13.115812],[80.296378,13.115189],[80.296278,13.115189],[80.296245,13.115037]]},{"type":"LineString","coordinates":[[80.297219,13.120916],[80.297228,13.121008],[80.297309,13.121039],[80.297414,13.121296],[80.297782,13.12124],[80.297566,13.120406],[80.297463,13.120137],[80.297223,13.118666],[80.296978,13.118716],[80.296958,13.118641],[80.296873,13.118656],[80.296667,13.118691],[80.29668,13.118744],[80.29634,13.118834],[80.296266,13.11877],[80.296129,13.118782],[80.296108,13.118839],[80.295975,13.118878],[80.295916,13.118833],[80.295744,13.118857],[80.29567,13.118899],[80.295548,13.118951],[80.295409,13.118942],[80.295169,13.118971],[80.295081,13.118991],[80.294999,13.119021],[80.29487,13.119016],[80.294753,13.119022],[80.294589,13.119064],[80.294538,13.119047],[80.29437,13.119066],[80.294219,13.119097],[80.294123,13.119125],[80.29401,13.119161],[80.293944,13.119151],[80.293804,13.119214],[80.293598,13.119257],[80.293621,13.119527],[80.293504,13.119641],[80.293653,13.120406],[80.293653,13.120406],[80.294371,13.120336],[80.295196,13.120205],[80.295197,13.120205],[80.295281,13.120437],[80.29531,13.120629],[80.295572,13.120577],[80.295591,13.120648],[80.295603,13.120693],[80.295624,13.120831],[80.295726,13.121316],[80.295739,13.121378],[80.296257,13.121228],[80.296246,13.121108],[80.297219,13.120916]]},{"type":"Polygon","coordinates":[[[80.29843,13.113259],[80.296188,13.105586],[80.295002,13.106005],[80.294663,13.10623],[80.294865,13.106669],[80.294456,13.10686],[80.29447,13.106935],[80.294003,13.107099],[80.293763,13.106503],[80.293438,13.106613],[80.29333,13.106281],[80.29318,13.106354],[80.292288,13.106328],[80.292421,13.107621],[80.291623,13.107675],[80.291659,13.10793],[80.291672,13.108018],[80.291675,13.108039],[80.291712,13.108282],[80.29182,13.109241],[80.292009,13.109296],[80.292526,13.109234],[80.292576,13.109032],[80.292615,13.109013],[80.292647,13.109171],[80.292879,13.109126],[80.293024,13.109521],[80.29332,13.11085],[80.29313,13.111494],[80.293136,13.111612],[80.293464,13.111592],[80.293632,13.111392],[80.293571,13.111123],[80.294324,13.110972],[80.294401,13.11136],[80.295158,13.1113],[80.295437,13.111326],[80.295846,13.112417],[80.296154,13.113406],[80.29622,13.113548],[80.296275,13.113667],[80.29843,13.113259]]]},{"type":"Polygon","coordinates":[[[80.296245,13.115037],[80.29604,13.113607],[80.295761,13.113658],[80.295527,13.114091],[80.295591,13.114203],[80.295195,13.114252],[80.295158,13.114357],[80.294699,13.114424],[80.294782,13.114728],[80.294541,13.114774],[80.294934,13.116574],[80.294918,13.116875],[80.295144,13.117737],[80.293366,13.117962],[80.293596,13.119026],[80.294922,13.118785],[80.295587,13.118665],[80.296068,13.118578],[80.296958,13.118392],[80.296508,13.115812],[80.296378,13.115189],[80.296278,13.115189],[80.296245,13.115037]]]},{"type":"Polygon","coordinates":[[[80.297219,13.120916],[80.297228,13.121008],[80.297309,13.121039],[80.297414,13.121296],[80.297782,13.12124],[80.297566,13.120406],[80.297463,13.120137],[80.297223,13.118666],[80.296978,13.118716],[80.296958,13.118641],[80.296873,13.118656],[80.296667,13.118691],[80.29668,13.118744],[80.29634,13.118834],[80.296266,13.11877],[80.296129,13.118782],[80.296108,13.118839],[80.295975,13.118878],[80.295916,13.118833],[80.295744,13.118857],[80.29567,13.118899],[80.295548,13.118951],[80.295409,13.118942],[80.295169,13.118971],[80.295081,13.118991],[80.294999,13.119021],[80.29487,13.119016],[80.294753,13.119022],[80.294589,13.119064],[80.294538,13.119047],[80.29437,13.119066],[80.294219,13.119097],[80.294123,13.119125],[80.29401,13.119161],[80.293944,13.119151],[80.293804,13.119214],[80.293598,13.119257],[80.293621,13.119527],[80.293504,13.119641],[80.293653,13.120406],[80.293653,13.120406],[80.294371,13.120336],[80.295196,13.120205],[80.295197,13.120205],[80.295281,13.120437],[80.29531,13.120629],[80.295572,13.120577],[80.295591,13.120648],[80.295603,13.120693],[80.295624,13.120831],[80.295726,13.121316],[80.295739,13.121378],[80.296257,13.121228],[80.296246,13.121108],[80.297219,13.120916]]]}]}},{"type":"Feature","properties":{},"geometry":{"type":"GeometryCollection","geometries":[{"type":"LineString","coordinates":[[80.29313,13.111494],[80.29332,13.11085],[80.293024,13.109521],[80.292879,13.109126],[80.292647,13.109171],[80.292615,13.109013],[80.292576,13.109032],[80.292526,13.109234],[80.292009,13.109296],[80.292239,13.110809],[80.292814,13.110754],[80.292869,13.110955],[80.29263,13.111097],[80.29317,13.113992],[80.293179,13.114068],[80.293635,13.113977],[80.293136,13.111612],[80.29313,13.111494]]},{"type":"Polygon","coordinates":[[[80.29313,13.111494],[80.29332,13.11085],[80.293024,13.109521],[80.292879,13.109126],[80.292647,13.109171],[80.292615,13.109013],[80.292576,13.109032],[80.292526,13.109234],[80.292009,13.109296],[80.292239,13.110809],[80.292814,13.110754],[80.292869,13.110955],[80.29263,13.111097],[80.29317,13.113992],[80.293179,13.114068],[80.293635,13.113977],[80.293136,13.111612],[80.29313,13.111494]]]}]}},{"type":"Feature","properties":{},"geometry":{"type":"GeometryCollection","geometries":[{"type":"LineString","coordinates":[[80.289854,13.108285],[80.290014,13.108212],[80.290167,13.10828],[80.290256,13.109076],[80.290666,13.109037],[80.290839,13.109034],[80.290916,13.110207],[80.291212,13.110195],[80.291211,13.110178],[80.29115,13.109726],[80.29112,13.10957],[80.291077,13.109261],[80.290936,13.108231],[80.291128,13.108211],[80.29121,13.109147],[80.291492,13.109146],[80.29182,13.109241],[80.291712,13.108282],[80.291675,13.108039],[80.291659,13.10793],[80.291623,13.107675],[80.292421,13.107621],[80.292288,13.106328],[80.29318,13.106354],[80.292695,13.104823],[80.291027,13.104965],[80.287001,13.10711],[80.28781,13.109727],[80.289839,13.109348],[80.289854,13.108285]]},{"type":"Polygon","coordinates":[[[80.289854,13.108285],[80.290014,13.108212],[80.290167,13.10828],[80.290256,13.109076],[80.290666,13.109037],[80.290839,13.109034],[80.290916,13.110207],[80.291212,13.110195],[80.291211,13.110178],[80.29115,13.109726],[80.29112,13.10957],[80.291077,13.109261],[80.290936,13.108231],[80.291128,13.108211],[80.29121,13.109147],[80.291492,13.109146],[80.29182,13.109241],[80.291712,13.108282],[80.291675,13.108039],[80.291659,13.10793],[80.291623,13.107675],[80.292421,13.107621],[80.292288,13.106328],[80.29318,13.106354],[80.292695,13.104823],[80.291027,13.104965],[80.287001,13.10711],[80.28781,13.109727],[80.289839,13.109348],[80.289854,13.108285]]]}]}},{"type":"Feature","properties":{},"geometry":{"type":"GeometryCollection","geometries":[{"type":"LineString","coordinates":[[80.254134,13.105075],[80.255524,13.104784],[80.25612,13.108723],[80.259478,13.109178],[80.260055,13.107273],[80.260122,13.106636],[80.260494,13.103083],[80.26205,13.102827],[80.262372,13.104392],[80.263036,13.104321],[80.262976,13.10356],[80.263245,13.10352],[80.263235,13.103455],[80.263471,13.103399],[80.263446,13.103255],[80.263675,13.103227],[80.263692,13.10337],[80.263962,13.103349],[80.263961,13.103286],[80.26392,13.103288],[80.263905,13.10311],[80.264008,13.10309],[80.264037,13.103122],[80.264099,13.10308],[80.264398,13.103063],[80.264393,13.103206],[80.26478,13.103161],[80.264881,13.103149],[80.264846,13.102869],[80.26489,13.102863],[80.26489,13.102609],[80.265548,13.102596],[80.265541,13.102463],[80.268532,13.10245],[80.268516,13.101757],[80.267784,13.101773],[80.267664,13.100061],[80.266568,13.100144],[80.266487,13.100133],[80.266454,13.10002],[80.266363,13.10004],[80.266373,13.100154],[80.266005,13.100143],[80.264774,13.10027],[80.264918,13.101122],[80.265074,13.101111],[80.265171,13.101414],[80.264489,13.101347],[80.264482,13.101085],[80.26392,13.101087],[80.263835,13.099465],[80.263765,13.098734],[80.264056,13.098712],[80.264206,13.097583],[80.264255,13.097353],[80.264223,13.097082],[80.262704,13.097408],[80.262636,13.09704],[80.263261,13.096796],[80.263109,13.095912],[80.264175,13.095738],[80.264146,13.095626],[80.264727,13.095524],[80.264765,13.095673],[80.264917,13.095625],[80.26491,13.095523],[80.264987,13.095491],[80.264825,13.094886],[80.265089,13.094818],[80.265039,13.094582],[80.265461,13.094505],[80.265386,13.094245],[80.265649,13.094211],[80.26553,13.093606],[80.265835,13.093578],[80.265831,13.093538],[80.26677,13.09346],[80.266723,13.093012],[80.268799,13.092714],[80.269065,13.092582],[80.269122,13.092481],[80.269826,13.091968],[80.272567,13.093777],[80.272854,13.093304],[80.27341,13.092387],[80.272442,13.091311],[80.27252,13.08893],[80.268413,13.088841],[80.267374,13.088821],[80.26738,13.088209],[80.26638,13.088221],[80.266376,13.087925],[80.266236,13.08782],[80.26614,13.085521],[80.265232,13.085585],[80.265197,13.086772],[80.2651,13.086773],[80.265056,13.086775],[80.264329,13.086815],[80.264222,13.085601],[80.264304,13.08521],[80.265062,13.085091],[80.264812,13.08312],[80.265449,13.083082],[80.265474,13.082088],[80.266513,13.082052],[80.266486,13.081108],[80.266444,13.079634],[80.265757,13.079587],[80.265749,13.077139],[80.264509,13.077416],[80.264474,13.077004],[80.265194,13.076802],[80.265093,13.075917],[80.264056,13.075806],[80.263001,13.077777],[80.262743,13.078326],[80.256157,13.077399],[80.252568,13.076841],[80.252579,13.078462],[80.251657,13.078514],[80.251644,13.078515],[80.250799,13.078401],[80.250503,13.078533],[80.249989,13.078589],[80.249757,13.0792],[80.249286,13.07918],[80.248947,13.079596],[80.247948,13.079055],[80.246569,13.07929],[80.246433,13.08],[80.246236,13.080243],[80.245979,13.08144],[80.245985,13.081655],[80.245558,13.081668],[80.245561,13.081721],[80.245986,13.081681],[80.246422,13.081653],[80.246576,13.08193],[80.247265,13.08192],[80.24747,13.08166],[80.247745,13.081623],[80.248188,13.082172],[80.248362,13.082732],[80.24828,13.083055],[80.248308,13.083536],[80.248146,13.083848],[80.248218,13.084336],[80.246367,13.084919],[80.24558,13.085444],[80.244781,13.086178],[80.247303,13.088335],[80.247958,13.089254],[80.248547,13.089962],[80.248581,13.090022],[80.248859,13.090511],[80.249161,13.091043],[80.249345,13.091965],[80.249629,13.092998],[80.250043,13.092921],[80.250091,13.093167],[80.250109,13.093257],[80.250149,13.093254],[80.250177,13.093547],[80.250212,13.093812],[80.250852,13.093737],[80.250907,13.094034],[80.25081,13.094053],[80.250905,13.0947],[80.251786,13.094686],[80.251783,13.094778],[80.251773,13.095084],[80.251995,13.095093],[80.251997,13.095457],[80.251247,13.095437],[80.251258,13.095579],[80.251321,13.095745],[80.252397,13.09575],[80.252486,13.095331],[80.252588,13.094938],[80.25308,13.095037],[80.253142,13.094775],[80.253592,13.094869],[80.253534,13.095057],[80.254093,13.095197],[80.254208,13.094839],[80.25459,13.094948],[80.254485,13.095281],[80.254675,13.095345],[80.254712,13.095246],[80.254996,13.095348],[80.255121,13.094983],[80.255619,13.095155],[80.255222,13.096533],[80.254827,13.096559],[80.254854,13.09748],[80.254199,13.097516],[80.254129,13.09622],[80.253762,13.096249],[80.253828,13.097519],[80.25248,13.097642],[80.252224,13.097674],[80.252203,13.097425],[80.251719,13.097462],[80.25172,13.097359],[80.251195,13.097353],[80.250907,13.097371],[80.250921,13.097754],[80.250935,13.098136],[80.253233,13.098388],[80.253205,13.097867],[80.253735,13.09784],[80.253821,13.098342],[80.253951,13.098642],[80.254051,13.098635],[80.254292,13.098973],[80.253964,13.099163],[80.253416,13.098647],[80.253174,13.098893],[80.253042,13.098843],[80.253013,13.098799],[80.252707,13.098745],[80.251778,13.098574],[80.251435,13.098534],[80.251456,13.098327],[80.250941,13.098297],[80.250851,13.098789],[80.250839,13.098863],[80.250496,13.098844],[80.250372,13.098838],[80.249856,13.098843],[80.249912,13.099647],[80.249644,13.099615],[80.249644,13.099503],[80.248319,13.099492],[80.247635,13.099487],[80.247781,13.099779],[80.247453,13.099776],[80.247467,13.099989],[80.247403,13.100024],[80.247396,13.100107],[80.247404,13.100337],[80.248223,13.100502],[80.248206,13.100671],[80.249932,13.100717],[80.250005,13.101515],[80.251882,13.101214],[80.252372,13.102412],[80.251646,13.102607],[80.25173,13.102936],[80.250619,13.103166],[80.250619,13.103504],[80.250547,13.10362],[80.250554,13.103706],[80.25123,13.103572],[80.251324,13.10391],[80.251442,13.104331],[80.25277,13.103976],[80.253051,13.104744],[80.253533,13.1052],[80.254134,13.105075]]},{"type":"Polygon","coordinates":[[[80.254134,13.105075],[80.255524,13.104784],[80.25612,13.108723],[80.259478,13.109178],[80.260055,13.107273],[80.260122,13.106636],[80.260494,13.103083],[80.26205,13.102827],[80.262372,13.104392],[80.263036,13.104321],[80.262976,13.10356],[80.263245,13.10352],[80.263235,13.103455],[80.263471,13.103399],[80.263446,13.103255],[80.263675,13.103227],[80.263692,13.10337],[80.263962,13.103349],[80.263961,13.103286],[80.26392,13.103288],[80.263905,13.10311],[80.264008,13.10309],[80.264037,13.103122],[80.264099,13.10308],[80.264398,13.103063],[80.264393,13.103206],[80.26478,13.103161],[80.264881,13.103149],[80.264846,13.102869],[80.26489,13.102863],[80.26489,13.102609],[80.265548,13.102596],[80.265541,13.102463],[80.268532,13.10245],[80.268516,13.101757],[80.267784,13.101773],[80.267664,13.100061],[80.266568,13.100144],[80.266487,13.100133],[80.266454,13.10002],[80.266363,13.10004],[80.266373,13.100154],[80.266005,13.100143],[80.264774,13.10027],[80.264918,13.101122],[80.265074,13.101111],[80.265171,13.101414],[80.264489,13.101347],[80.264482,13.101085],[80.26392,13.101087],[80.263835,13.099465],[80.263765,13.098734],[80.264056,13.098712],[80.264206,13.097583],[80.264255,13.097353],[80.264223,13.097082],[80.262704,13.097408],[80.262636,13.09704],[80.263261,13.096796],[80.263109,13.095912],[80.264175,13.095738],[80.264146,13.095626],[80.264727,13.095524],[80.264765,13.095673],[80.264917,13.095625],[80.26491,13.095523],[80.264987,13.095491],[80.264825,13.094886],[80.265089,13.094818],[80.265039,13.094582],[80.265461,13.094505],[80.265386,13.094245],[80.265649,13.094211],[80.26553,13.093606],[80.265835,13.093578],[80.265831,13.093538],[80.26677,13.09346],[80.266723,13.093012],[80.268799,13.092714],[80.269065,13.092582],[80.269122,13.092481],[80.269826,13.091968],[80.272567,13.093777],[80.272854,13.093304],[80.27341,13.092387],[80.272442,13.091311],[80.27252,13.08893],[80.268413,13.088841],[80.267374,13.088821],[80.26738,13.088209],[80.26638,13.088221],[80.266376,13.087925],[80.266236,13.08782],[80.26614,13.085521],[80.265232,13.085585],[80.265197,13.086772],[80.2651,13.086773],[80.265056,13.086775],[80.264329,13.086815],[80.264222,13.085601],[80.264304,13.08521],[80.265062,13.085091],[80.264812,13.08312],[80.265449,13.083082],[80.265474,13.082088],[80.266513,13.082052],[80.266486,13.081108],[80.266444,13.079634],[80.265757,13.079587],[80.265749,13.077139],[80.264509,13.077416],[80.264474,13.077004],[80.265194,13.076802],[80.265093,13.075917],[80.264056,13.075806],[80.263001,13.077777],[80.262743,13.078326],[80.256157,13.077399],[80.252568,13.076841],[80.252579,13.078462],[80.251657,13.078514],[80.251644,13.078515],[80.250799,13.078401],[80.250503,13.078533],[80.249989,13.078589],[80.249757,13.0792],[80.249286,13.07918],[80.248947,13.079596],[80.247948,13.079055],[80.246569,13.07929],[80.246433,13.08],[80.246236,13.080243],[80.245979,13.08144],[80.245985,13.081655],[80.245558,13.081668],[80.245561,13.081721],[80.245986,13.081681],[80.246422,13.081653],[80.246576,13.08193],[80.247265,13.08192],[80.24747,13.08166],[80.247745,13.081623],[80.248188,13.082172],[80.248362,13.082732],[80.24828,13.083055],[80.248308,13.083536],[80.248146,13.083848],[80.248218,13.084336],[80.246367,13.084919],[80.24558,13.085444],[80.244781,13.086178],[80.247303,13.088335],[80.247958,13.089254],[80.248547,13.089962],[80.248581,13.090022],[80.248859,13.090511],[80.249161,13.091043],[80.249345,13.091965],[80.249629,13.092998],[80.250043,13.092921],[80.250091,13.093167],[80.250109,13.093257],[80.250149,13.093254],[80.250177,13.093547],[80.250212,13.093812],[80.250852,13.093737],[80.250907,13.094034],[80.25081,13.094053],[80.250905,13.0947],[80.251786,13.094686],[80.251783,13.094778],[80.251773,13.095084],[80.251995,13.095093],[80.251997,13.095457],[80.251247,13.095437],[80.251258,13.095579],[80.251321,13.095745],[80.252397,13.09575],[80.252486,13.095331],[80.252588,13.094938],[80.25308,13.095037],[80.253142,13.094775],[80.253592,13.094869],[80.253534,13.095057],[80.254093,13.095197],[80.254208,13.094839],[80.25459,13.094948],[80.254485,13.095281],[80.254675,13.095345],[80.254712,13.095246],[80.254996,13.095348],[80.255121,13.094983],[80.255619,13.095155],[80.255222,13.096533],[80.254827,13.096559],[80.254854,13.09748],[80.254199,13.097516],[80.254129,13.09622],[80.253762,13.096249],[80.253828,13.097519],[80.25248,13.097642],[80.252224,13.097674],[80.252203,13.097425],[80.251719,13.097462],[80.25172,13.097359],[80.251195,13.097353],[80.250907,13.097371],[80.250921,13.097754],[80.250935,13.098136],[80.253233,13.098388],[80.253205,13.097867],[80.253735,13.09784],[80.253821,13.098342],[80.253951,13.098642],[80.254051,13.098635],[80.254292,13.098973],[80.253964,13.099163],[80.253416,13.098647],[80.253174,13.098893],[80.253042,13.098843],[80.253013,13.098799],[80.252707,13.098745],[80.251778,13.098574],[80.251435,13.098534],[80.251456,13.098327],[80.250941,13.098297],[80.250851,13.098789],[80.250839,13.098863],[80.250496,13.098844],[80.250372,13.098838],[80.249856,13.098843],[80.249912,13.099647],[80.249644,13.099615],[80.249644,13.099503],[80.248319,13.099492],[80.247635,13.099487],[80.247781,13.099779],[80.247453,13.099776],[80.247467,13.099989],[80.247403,13.100024],[80.247396,13.100107],[80.247404,13.100337],[80.248223,13.100502],[80.248206,13.100671],[80.249932,13.100717],[80.250005,13.101515],[80.251882,13.101214],[80.252372,13.102412],[80.251646,13.102607],[80.25173,13.102936],[80.250619,13.103166],[80.250619,13.103504],[80.250547,13.10362],[80.250554,13.103706],[80.25123,13.103572],[80.251324,13.10391],[80.251442,13.104331],[80.25277,13.103976],[80.253051,13.104744],[80.253533,13.1052],[80.254134,13.105075]]]}]}},{"type":"Feature","properties":{},"geometry":{"type":"GeometryCollection","geometries":[{"type":"LineString","coordinates":[[80.205364,13.125335],[80.20168,13.123378],[80.201708,13.123024],[80.201406,13.122881],[80.201388,13.122976],[80.201189,13.122883],[80.200522,13.122345],[80.20006,13.121649],[80.199646,13.120863],[80.198073,13.122361],[80.199041,13.122728],[80.200358,13.122737],[80.201213,13.123216],[80.201248,13.123496],[80.200783,13.123466],[80.200995,13.123989],[80.201376,13.124],[80.201371,13.125425],[80.200638,13.125503],[80.199644,13.125519],[80.199089,13.126285],[80.199006,13.127312],[80.198061,13.127328],[80.197601,13.128652],[80.198646,13.128712],[80.200155,13.129001],[80.200256,13.129287],[80.201776,13.128951],[80.203044,13.128742],[80.203001,13.127757],[80.205337,13.127735],[80.205364,13.125335]]},{"type":"Polygon","coordinates":[[[80.205364,13.125335],[80.20168,13.123378],[80.201708,13.123024],[80.201406,13.122881],[80.201388,13.122976],[80.201189,13.122883],[80.200522,13.122345],[80.20006,13.121649],[80.199646,13.120863],[80.198073,13.122361],[80.199041,13.122728],[80.200358,13.122737],[80.201213,13.123216],[80.201248,13.123496],[80.200783,13.123466],[80.200995,13.123989],[80.201376,13.124],[80.201371,13.125425],[80.200638,13.125503],[80.199644,13.125519],[80.199089,13.126285],[80.199006,13.127312],[80.198061,13.127328],[80.197601,13.128652],[80.198646,13.128712],[80.200155,13.129001],[80.200256,13.129287],[80.201776,13.128951],[80.203044,13.128742],[80.203001,13.127757],[80.205337,13.127735],[80.205364,13.125335]]]}]}},{"type":"Feature","properties":{},"geometry":{"type":"GeometryCollection","geometries":[{"type":"LineString","coordinates":[[80.224541,13.110849],[80.224464,13.110943],[80.224196,13.111015],[80.224159,13.111137],[80.22437,13.111752],[80.224301,13.111874],[80.224104,13.111958],[80.224024,13.111883],[80.223905,13.111921],[80.223934,13.112009],[80.223849,13.112048],[80.223508,13.112061],[80.223435,13.112185],[80.223096,13.112475],[80.222598,13.112634],[80.222417,13.1125],[80.222286,13.112547],[80.222336,13.112721],[80.222135,13.112782],[80.221895,13.112716],[80.221889,13.11286],[80.22151,13.112992],[80.221221,13.113102],[80.221037,13.11294],[80.220837,13.11285],[80.22067,13.112914],[80.220775,13.113328],[80.220059,13.113575],[80.219565,13.113371],[80.219481,13.113713],[80.219314,13.114023],[80.219201,13.114016],[80.219069,13.114245],[80.218957,13.114859],[80.218465,13.114903],[80.218409,13.114757],[80.218331,13.114781],[80.218307,13.114836],[80.218034,13.115025],[80.218273,13.116102],[80.218658,13.116073],[80.21885,13.116076],[80.218814,13.116795],[80.217859,13.116896],[80.217047,13.116811],[80.21672,13.116786],[80.216129,13.116856],[80.215948,13.116889],[80.215623,13.116862],[80.215549,13.117104],[80.215158,13.117159],[80.214919,13.117108],[80.214921,13.117331],[80.214856,13.11743],[80.214831,13.117534],[80.215135,13.117617],[80.215318,13.117661],[80.215425,13.117828],[80.21551,13.118033],[80.215486,13.118294],[80.21596,13.118323],[80.216199,13.11825],[80.216363,13.118248],[80.216565,13.118344],[80.217307,13.118488],[80.217786,13.118602],[80.217671,13.118692],[80.217661,13.118958],[80.217728,13.119221],[80.21784,13.119207],[80.217983,13.119055],[80.218519,13.119092],[80.218784,13.119593],[80.218508,13.120429],[80.218467,13.121105],[80.218316,13.121591],[80.218368,13.122185],[80.217689,13.122302],[80.217611,13.122996],[80.217821,13.123185],[80.217773,13.123635],[80.217806,13.123824],[80.217928,13.123908],[80.218997,13.123988],[80.219445,13.124085],[80.220145,13.124494],[80.220386,13.123901],[80.220781,13.123845],[80.220962,13.123788],[80.221147,13.123879],[80.22122,13.124138],[80.221361,13.124196],[80.221508,13.124125],[80.221577,13.123924],[80.221904,13.123896],[80.222112,13.123939],[80.222327,13.123739],[80.222553,13.12346],[80.222786,13.123271],[80.222808,13.123129],[80.222711,13.122959],[80.222692,13.122809],[80.222758,13.122702],[80.22302,13.122672],[80.223172,13.12265],[80.223337,13.122442],[80.223433,13.122199],[80.223321,13.122015],[80.223354,13.121927],[80.223631,13.12188],[80.223683,13.1217],[80.22378,13.12129],[80.223822,13.120982],[80.22372,13.120818],[80.223425,13.120614],[80.222665,13.120707],[80.222366,13.120536],[80.222364,13.120368],[80.223163,13.120323],[80.223576,13.120088],[80.223528,13.119679],[80.223402,13.119002],[80.223907,13.118614],[80.223789,13.118309],[80.223528,13.117829],[80.223325,13.117388],[80.223211,13.117223],[80.223177,13.116996],[80.223855,13.116905],[80.22474,13.11664],[80.224839,13.11641],[80.225054,13.116461],[80.225107,13.116529],[80.225725,13.116513],[80.225975,13.116367],[80.226297,13.116328],[80.226803,13.116375],[80.226786,13.116172],[80.226829,13.116102],[80.227945,13.115992],[80.227827,13.115583],[80.227647,13.114948],[80.227559,13.114579],[80.227469,13.114184],[80.227277,13.113721],[80.227263,13.113513],[80.227016,13.112593],[80.226798,13.111886],[80.226767,13.111451],[80.226379,13.11055],[80.225695,13.110778],[80.22584,13.111213],[80.22563,13.111292],[80.225491,13.111405],[80.225352,13.111437],[80.225126,13.110821],[80.224874,13.110892],[80.224839,13.110788],[80.224541,13.110849]]},{"type":"Polygon","coordinates":[[[80.224541,13.110849],[80.224464,13.110943],[80.224196,13.111015],[80.224159,13.111137],[80.22437,13.111752],[80.224301,13.111874],[80.224104,13.111958],[80.224024,13.111883],[80.223905,13.111921],[80.223934,13.112009],[80.223849,13.112048],[80.223508,13.112061],[80.223435,13.112185],[80.223096,13.112475],[80.222598,13.112634],[80.222417,13.1125],[80.222286,13.112547],[80.222336,13.112721],[80.222135,13.112782],[80.221895,13.112716],[80.221889,13.11286],[80.22151,13.112992],[80.221221,13.113102],[80.221037,13.11294],[80.220837,13.11285],[80.22067,13.112914],[80.220775,13.113328],[80.220059,13.113575],[80.219565,13.113371],[80.219481,13.113713],[80.219314,13.114023],[80.219201,13.114016],[80.219069,13.114245],[80.218957,13.114859],[80.218465,13.114903],[80.218409,13.114757],[80.218331,13.114781],[80.218307,13.114836],[80.218034,13.115025],[80.218273,13.116102],[80.218658,13.116073],[80.21885,13.116076],[80.218814,13.116795],[80.217859,13.116896],[80.217047,13.116811],[80.21672,13.116786],[80.216129,13.116856],[80.215948,13.116889],[80.215623,13.116862],[80.215549,13.117104],[80.215158,13.117159],[80.214919,13.117108],[80.214921,13.117331],[80.214856,13.11743],[80.214831,13.117534],[80.215135,13.117617],[80.215318,13.117661],[80.215425,13.117828],[80.21551,13.118033],[80.215486,13.118294],[80.21596,13.118323],[80.216199,13.11825],[80.216363,13.118248],[80.216565,13.118344],[80.217307,13.118488],[80.217786,13.118602],[80.217671,13.118692],[80.217661,13.118958],[80.217728,13.119221],[80.21784,13.119207],[80.217983,13.119055],[80.218519,13.119092],[80.218784,13.119593],[80.218508,13.120429],[80.218467,13.121105],[80.218316,13.121591],[80.218368,13.122185],[80.217689,13.122302],[80.217611,13.122996],[80.217821,13.123185],[80.217773,13.123635],[80.217806,13.123824],[80.217928,13.123908],[80.218997,13.123988],[80.219445,13.124085],[80.220145,13.124494],[80.220386,13.123901],[80.220781,13.123845],[80.220962,13.123788],[80.221147,13.123879],[80.22122,13.124138],[80.221361,13.124196],[80.221508,13.124125],[80.221577,13.123924],[80.221904,13.123896],[80.222112,13.123939],[80.222327,13.123739],[80.222553,13.12346],[80.222786,13.123271],[80.222808,13.123129],[80.222711,13.122959],[80.222692,13.122809],[80.222758,13.122702],[80.22302,13.122672],[80.223172,13.12265],[80.223337,13.122442],[80.223433,13.122199],[80.223321,13.122015],[80.223354,13.121927],[80.223631,13.12188],[80.223683,13.1217],[80.22378,13.12129],[80.223822,13.120982],[80.22372,13.120818],[80.223425,13.120614],[80.222665,13.120707],[80.222366,13.120536],[80.222364,13.120368],[80.223163,13.120323],[80.223576,13.120088],[80.223528,13.119679],[80.223402,13.119002],[80.223907,13.118614],[80.223789,13.118309],[80.223528,13.117829],[80.223325,13.117388],[80.223211,13.117223],[80.223177,13.116996],[80.223855,13.116905],[80.22474,13.11664],[80.224839,13.11641],[80.225054,13.116461],[80.225107,13.116529],[80.225725,13.116513],[80.225975,13.116367],[80.226297,13.116328],[80.226803,13.116375],[80.226786,13.116172],[80.226829,13.116102],[80.227945,13.115992],[80.227827,13.115583],[80.227647,13.114948],[80.227559,13.114579],[80.227469,13.114184],[80.227277,13.113721],[80.227263,13.113513],[80.227016,13.112593],[80.226798,13.111886],[80.226767,13.111451],[80.226379,13.11055],[80.225695,13.110778],[80.22584,13.111213],[80.22563,13.111292],[80.225491,13.111405],[80.225352,13.111437],[80.225126,13.110821],[80.224874,13.110892],[80.224839,13.110788],[80.224541,13.110849]]]}]}},{"type":"Feature","properties":{},"geometry":{"type":"GeometryCollection","geometries":[{"type":"LineString","coordinates":[[80.214919,13.117108],[80.214875,13.117099],[80.214673,13.117093],[80.214299,13.116688],[80.214151,13.116508],[80.213875,13.116387],[80.213768,13.116404],[80.213672,13.116619],[80.213477,13.116625],[80.213192,13.116294],[80.212989,13.116201],[80.212744,13.116092],[80.212327,13.116263],[80.212219,13.116569],[80.212054,13.116953],[80.212208,13.116974],[80.212341,13.117182],[80.212135,13.117314],[80.212183,13.117534],[80.212845,13.117567],[80.212868,13.117916],[80.213803,13.117886],[80.214271,13.118146],[80.214586,13.118245],[80.215298,13.118283],[80.215486,13.118294],[80.21551,13.118033],[80.215425,13.117828],[80.215318,13.117661],[80.215135,13.117617],[80.214831,13.117534],[80.214856,13.11743],[80.214921,13.117331],[80.214919,13.117108]]},{"type":"Polygon","coordinates":[[[80.214919,13.117108],[80.214875,13.117099],[80.214673,13.117093],[80.214299,13.116688],[80.214151,13.116508],[80.213875,13.116387],[80.213768,13.116404],[80.213672,13.116619],[80.213477,13.116625],[80.213192,13.116294],[80.212989,13.116201],[80.212744,13.116092],[80.212327,13.116263],[80.212219,13.116569],[80.212054,13.116953],[80.212208,13.116974],[80.212341,13.117182],[80.212135,13.117314],[80.212183,13.117534],[80.212845,13.117567],[80.212868,13.117916],[80.213803,13.117886],[80.214271,13.118146],[80.214586,13.118245],[80.215298,13.118283],[80.215486,13.118294],[80.21551,13.118033],[80.215425,13.117828],[80.215318,13.117661],[80.215135,13.117617],[80.214831,13.117534],[80.214856,13.11743],[80.214921,13.117331],[80.214919,13.117108]]]}]}},{"type":"Feature","properties":{},"geometry":{"type":"GeometryCollection","geometries":[{"type":"LineString","coordinates":[[80.224541,13.110849],[80.224382,13.110182],[80.224445,13.109841],[80.224184,13.108431],[80.219446,13.108986],[80.219538,13.10953],[80.219152,13.109603],[80.219159,13.10979],[80.218822,13.109858],[80.21888,13.110014],[80.218953,13.110062],[80.219224,13.110046],[80.219271,13.110455],[80.219285,13.110744],[80.218831,13.110888],[80.218915,13.111197],[80.219171,13.111168],[80.219617,13.113162],[80.219565,13.113371],[80.220059,13.113575],[80.220775,13.113328],[80.22067,13.112914],[80.220837,13.11285],[80.221037,13.11294],[80.221221,13.113102],[80.22151,13.112992],[80.221889,13.11286],[80.221895,13.112716],[80.222135,13.112782],[80.222336,13.112721],[80.222286,13.112547],[80.222417,13.1125],[80.222598,13.112634],[80.223096,13.112475],[80.223435,13.112185],[80.223508,13.112061],[80.223849,13.112048],[80.223934,13.112009],[80.223905,13.111921],[80.224024,13.111883],[80.224104,13.111958],[80.224301,13.111874],[80.22437,13.111752],[80.224159,13.111137],[80.224196,13.111015],[80.224464,13.110943],[80.224541,13.110849]]},{"type":"Polygon","coordinates":[[[80.224541,13.110849],[80.224382,13.110182],[80.224445,13.109841],[80.224184,13.108431],[80.219446,13.108986],[80.219538,13.10953],[80.219152,13.109603],[80.219159,13.10979],[80.218822,13.109858],[80.21888,13.110014],[80.218953,13.110062],[80.219224,13.110046],[80.219271,13.110455],[80.219285,13.110744],[80.218831,13.110888],[80.218915,13.111197],[80.219171,13.111168],[80.219617,13.113162],[80.219565,13.113371],[80.220059,13.113575],[80.220775,13.113328],[80.22067,13.112914],[80.220837,13.11285],[80.221037,13.11294],[80.221221,13.113102],[80.22151,13.112992],[80.221889,13.11286],[80.221895,13.112716],[80.222135,13.112782],[80.222336,13.112721],[80.222286,13.112547],[80.222417,13.1125],[80.222598,13.112634],[80.223096,13.112475],[80.223435,13.112185],[80.223508,13.112061],[80.223849,13.112048],[80.223934,13.112009],[80.223905,13.111921],[80.224024,13.111883],[80.224104,13.111958],[80.224301,13.111874],[80.22437,13.111752],[80.224159,13.111137],[80.224196,13.111015],[80.224464,13.110943],[80.224541,13.110849]]]}]}},{"type":"Feature","properties":{},"geometry":{"type":"GeometryCollection","geometries":[{"type":"LineString","coordinates":[[80.229781,13.121969],[80.22974,13.122186],[80.22945,13.122187],[80.229366,13.122191],[80.229254,13.122228],[80.228985,13.122145],[80.228717,13.122275],[80.228567,13.122249],[80.228344,13.1221],[80.22789,13.122127],[80.227548,13.122172],[80.227491,13.122461],[80.227068,13.122504],[80.227063,13.122578],[80.227104,13.122595],[80.227225,13.122656],[80.227254,13.12279],[80.227268,13.123368],[80.227316,13.123948],[80.22725,13.124242],[80.227481,13.124419],[80.227562,13.124686],[80.227323,13.124855],[80.227407,13.125541],[80.227573,13.126023],[80.227669,13.126201],[80.229158,13.126246],[80.229164,13.126149],[80.231299,13.126265],[80.231296,13.12638],[80.231735,13.126402],[80.231735,13.126321],[80.232409,13.126335],[80.232532,13.126487],[80.232634,13.126419],[80.233427,13.126425],[80.234111,13.126188],[80.239743,13.128285],[80.240253,13.128539],[80.241324,13.125911],[80.241916,13.123267],[80.242361,13.121303],[80.24114,13.121437],[80.240141,13.118988],[80.239742,13.117814],[80.240602,13.117757],[80.240529,13.115861],[80.24013,13.11586],[80.24013,13.11612],[80.239934,13.116112],[80.2398,13.116092],[80.239793,13.115944],[80.23981,13.115832],[80.239657,13.115659],[80.239477,13.11545],[80.239402,13.115326],[80.239348,13.115273],[80.239223,13.115387],[80.239159,13.115555],[80.239166,13.115717],[80.239268,13.11587],[80.23928,13.115968],[80.23927,13.11626],[80.239084,13.116415],[80.23902,13.116453],[80.238988,13.116568],[80.238974,13.117032],[80.238555,13.117206],[80.238472,13.117184],[80.238168,13.117061],[80.238097,13.116946],[80.238108,13.116606],[80.23792,13.116539],[80.237868,13.116517],[80.237851,13.116461],[80.237899,13.116425],[80.237959,13.11632],[80.237898,13.116249],[80.237765,13.116323],[80.237571,13.116364],[80.237611,13.117494],[80.237232,13.11776],[80.237154,13.117896],[80.237027,13.117942],[80.236919,13.11797],[80.236853,13.117888],[80.236673,13.117707],[80.236516,13.11774],[80.236355,13.117762],[80.236217,13.117726],[80.236158,13.117773],[80.236137,13.117894],[80.235945,13.117917],[80.235707,13.118004],[80.235534,13.118032],[80.235402,13.118023],[80.235285,13.118033],[80.235155,13.118123],[80.234724,13.118221],[80.234591,13.118187],[80.234493,13.118061],[80.234509,13.117792],[80.234444,13.11729],[80.234423,13.117137],[80.23415,13.116415],[80.234115,13.116146],[80.233908,13.115879],[80.233465,13.115902],[80.233417,13.115695],[80.233353,13.115713],[80.233198,13.115695],[80.233121,13.115686],[80.232883,13.115784],[80.233006,13.116524],[80.233107,13.117248],[80.233244,13.117502],[80.233073,13.117541],[80.233063,13.117702],[80.233249,13.117896],[80.233323,13.118459],[80.233497,13.118621],[80.233521,13.118699],[80.233423,13.118761],[80.233289,13.118725],[80.232251,13.118961],[80.232376,13.11972],[80.23263,13.119699],[80.233295,13.119603],[80.233784,13.119487],[80.234105,13.1195],[80.234131,13.119542],[80.234111,13.119678],[80.234125,13.120218],[80.234011,13.120346],[80.233019,13.12053],[80.232567,13.120638],[80.232571,13.120845],[80.232663,13.120964],[80.232447,13.121075],[80.232363,13.121173],[80.232124,13.121403],[80.231804,13.121513],[80.231645,13.121443],[80.231518,13.12124],[80.231357,13.120872],[80.231074,13.12067],[80.23085,13.120696],[80.230618,13.120636],[80.230541,13.120645],[80.230593,13.12109],[80.230688,13.1219],[80.22992,13.122016],[80.229781,13.121969]]},{"type":"Polygon","coordinates":[[[80.229781,13.121969],[80.22974,13.122186],[80.22945,13.122187],[80.229366,13.122191],[80.229254,13.122228],[80.228985,13.122145],[80.228717,13.122275],[80.228567,13.122249],[80.228344,13.1221],[80.22789,13.122127],[80.227548,13.122172],[80.227491,13.122461],[80.227068,13.122504],[80.227063,13.122578],[80.227104,13.122595],[80.227225,13.122656],[80.227254,13.12279],[80.227268,13.123368],[80.227316,13.123948],[80.22725,13.124242],[80.227481,13.124419],[80.227562,13.124686],[80.227323,13.124855],[80.227407,13.125541],[80.227573,13.126023],[80.227669,13.126201],[80.229158,13.126246],[80.229164,13.126149],[80.231299,13.126265],[80.231296,13.12638],[80.231735,13.126402],[80.231735,13.126321],[80.232409,13.126335],[80.232532,13.126487],[80.232634,13.126419],[80.233427,13.126425],[80.234111,13.126188],[80.239743,13.128285],[80.240253,13.128539],[80.241324,13.125911],[80.241916,13.123267],[80.242361,13.121303],[80.24114,13.121437],[80.240141,13.118988],[80.239742,13.117814],[80.240602,13.117757],[80.240529,13.115861],[80.24013,13.11586],[80.24013,13.11612],[80.239934,13.116112],[80.2398,13.116092],[80.239793,13.115944],[80.23981,13.115832],[80.239657,13.115659],[80.239477,13.11545],[80.239402,13.115326],[80.239348,13.115273],[80.239223,13.115387],[80.239159,13.115555],[80.239166,13.115717],[80.239268,13.11587],[80.23928,13.115968],[80.23927,13.11626],[80.239084,13.116415],[80.23902,13.116453],[80.238988,13.116568],[80.238974,13.117032],[80.238555,13.117206],[80.238472,13.117184],[80.238168,13.117061],[80.238097,13.116946],[80.238108,13.116606],[80.23792,13.116539],[80.237868,13.116517],[80.237851,13.116461],[80.237899,13.116425],[80.237959,13.11632],[80.237898,13.116249],[80.237765,13.116323],[80.237571,13.116364],[80.237611,13.117494],[80.237232,13.11776],[80.237154,13.117896],[80.237027,13.117942],[80.236919,13.11797],[80.236853,13.117888],[80.236673,13.117707],[80.236516,13.11774],[80.236355,13.117762],[80.236217,13.117726],[80.236158,13.117773],[80.236137,13.117894],[80.235945,13.117917],[80.235707,13.118004],[80.235534,13.118032],[80.235402,13.118023],[80.235285,13.118033],[80.235155,13.118123],[80.234724,13.118221],[80.234591,13.118187],[80.234493,13.118061],[80.234509,13.117792],[80.234444,13.11729],[80.234423,13.117137],[80.23415,13.116415],[80.234115,13.116146],[80.233908,13.115879],[80.233465,13.115902],[80.233417,13.115695],[80.233353,13.115713],[80.233198,13.115695],[80.233121,13.115686],[80.232883,13.115784],[80.233006,13.116524],[80.233107,13.117248],[80.233244,13.117502],[80.233073,13.117541],[80.233063,13.117702],[80.233249,13.117896],[80.233323,13.118459],[80.233497,13.118621],[80.233521,13.118699],[80.233423,13.118761],[80.233289,13.118725],[80.232251,13.118961],[80.232376,13.11972],[80.23263,13.119699],[80.233295,13.119603],[80.233784,13.119487],[80.234105,13.1195],[80.234131,13.119542],[80.234111,13.119678],[80.234125,13.120218],[80.234011,13.120346],[80.233019,13.12053],[80.232567,13.120638],[80.232571,13.120845],[80.232663,13.120964],[80.232447,13.121075],[80.232363,13.121173],[80.232124,13.121403],[80.231804,13.121513],[80.231645,13.121443],[80.231518,13.12124],[80.231357,13.120872],[80.231074,13.12067],[80.23085,13.120696],[80.230618,13.120636],[80.230541,13.120645],[80.230593,13.12109],[80.230688,13.1219],[80.22992,13.122016],[80.229781,13.121969]]]}]}},{"type":"Feature","properties":{},"geometry":{"type":"GeometryCollection","geometries":[{"type":"LineString","coordinates":[[80.240529,13.115861],[80.240602,13.117757],[80.239742,13.117814],[80.240141,13.118988],[80.24114,13.121437],[80.242361,13.121303],[80.241916,13.123267],[80.242295,13.1232],[80.242526,13.123054],[80.242845,13.123072],[80.243368,13.123031],[80.243921,13.122925],[80.244515,13.122873],[80.245059,13.122983],[80.245732,13.122498],[80.245826,13.122456],[80.245959,13.1225],[80.246952,13.122368],[80.248104,13.122109],[80.248094,13.122014],[80.248193,13.121817],[80.248446,13.121678],[80.24836,13.12121],[80.248261,13.120652],[80.248119,13.119921],[80.248067,13.11978],[80.247994,13.119796],[80.24792,13.119799],[80.247861,13.119463],[80.247954,13.119379],[80.247903,13.11901],[80.248138,13.118938],[80.248445,13.118868],[80.2487,13.118991],[80.24897,13.118892],[80.249115,13.118827],[80.24925,13.118848],[80.249723,13.118784],[80.24974,13.118724],[80.249815,13.118695],[80.249847,13.118745],[80.250265,13.11869],[80.25035,13.118499],[80.250306,13.118012],[80.251568,13.117763],[80.251562,13.117594],[80.251699,13.117618],[80.251816,13.117585],[80.251773,13.117466],[80.251717,13.117331],[80.251551,13.116545],[80.25149,13.116475],[80.25148,13.116439],[80.251496,13.116284],[80.251487,13.116222],[80.251457,13.116133],[80.25147,13.11601],[80.251411,13.115965],[80.251391,13.11585],[80.251392,13.115791],[80.251405,13.115726],[80.251373,13.115654],[80.251364,13.115569],[80.25135,13.115447],[80.251324,13.115354],[80.251259,13.115359],[80.251163,13.11542],[80.250118,13.115596],[80.250077,13.115441],[80.250019,13.115387],[80.249972,13.115413],[80.249875,13.115603],[80.249561,13.115615],[80.249571,13.115686],[80.249921,13.11811],[80.249913,13.118493],[80.249473,13.118539],[80.249245,13.118667],[80.249063,13.118694],[80.248865,13.118687],[80.248374,13.118723],[80.247802,13.118807],[80.246964,13.118893],[80.246535,13.116341],[80.24642,13.116103],[80.245951,13.115746],[80.245755,13.115779],[80.245384,13.116215],[80.245453,13.116708],[80.245133,13.116841],[80.245019,13.116534],[80.24503,13.116362],[80.244947,13.116252],[80.244927,13.115943],[80.24448,13.115942],[80.244465,13.115872],[80.244187,13.115811],[80.244143,13.116184],[80.243197,13.116368],[80.243223,13.116703],[80.242761,13.116845],[80.242642,13.117268],[80.241698,13.117193],[80.241747,13.116634],[80.242264,13.116503],[80.242254,13.116291],[80.241935,13.11634],[80.241773,13.115547],[80.240529,13.115861]]},{"type":"Polygon","coordinates":[[[80.240529,13.115861],[80.240602,13.117757],[80.239742,13.117814],[80.240141,13.118988],[80.24114,13.121437],[80.242361,13.121303],[80.241916,13.123267],[80.242295,13.1232],[80.242526,13.123054],[80.242845,13.123072],[80.243368,13.123031],[80.243921,13.122925],[80.244515,13.122873],[80.245059,13.122983],[80.245732,13.122498],[80.245826,13.122456],[80.245959,13.1225],[80.246952,13.122368],[80.248104,13.122109],[80.248094,13.122014],[80.248193,13.121817],[80.248446,13.121678],[80.24836,13.12121],[80.248261,13.120652],[80.248119,13.119921],[80.248067,13.11978],[80.247994,13.119796],[80.24792,13.119799],[80.247861,13.119463],[80.247954,13.119379],[80.247903,13.11901],[80.248138,13.118938],[80.248445,13.118868],[80.2487,13.118991],[80.24897,13.118892],[80.249115,13.118827],[80.24925,13.118848],[80.249723,13.118784],[80.24974,13.118724],[80.249815,13.118695],[80.249847,13.118745],[80.250265,13.11869],[80.25035,13.118499],[80.250306,13.118012],[80.251568,13.117763],[80.251562,13.117594],[80.251699,13.117618],[80.251816,13.117585],[80.251773,13.117466],[80.251717,13.117331],[80.251551,13.116545],[80.25149,13.116475],[80.25148,13.116439],[80.251496,13.116284],[80.251487,13.116222],[80.251457,13.116133],[80.25147,13.11601],[80.251411,13.115965],[80.251391,13.11585],[80.251392,13.115791],[80.251405,13.115726],[80.251373,13.115654],[80.251364,13.115569],[80.25135,13.115447],[80.251324,13.115354],[80.251259,13.115359],[80.251163,13.11542],[80.250118,13.115596],[80.250077,13.115441],[80.250019,13.115387],[80.249972,13.115413],[80.249875,13.115603],[80.249561,13.115615],[80.249571,13.115686],[80.249921,13.11811],[80.249913,13.118493],[80.249473,13.118539],[80.249245,13.118667],[80.249063,13.118694],[80.248865,13.118687],[80.248374,13.118723],[80.247802,13.118807],[80.246964,13.118893],[80.246535,13.116341],[80.24642,13.116103],[80.245951,13.115746],[80.245755,13.115779],[80.245384,13.116215],[80.245453,13.116708],[80.245133,13.116841],[80.245019,13.116534],[80.24503,13.116362],[80.244947,13.116252],[80.244927,13.115943],[80.24448,13.115942],[80.244465,13.115872],[80.244187,13.115811],[80.244143,13.116184],[80.243197,13.116368],[80.243223,13.116703],[80.242761,13.116845],[80.242642,13.117268],[80.241698,13.117193],[80.241747,13.116634],[80.242264,13.116503],[80.242254,13.116291],[80.241935,13.11634],[80.241773,13.115547],[80.240529,13.115861]]]}]}},{"type":"Feature","properties":{},"geometry":{"type":"GeometryCollection","geometries":[{"type":"LineString","coordinates":[[80.251488,13.10828],[80.251253,13.105969],[80.252595,13.105291],[80.252469,13.105011],[80.253051,13.104744],[80.25277,13.103976],[80.251442,13.104331],[80.251324,13.10391],[80.25123,13.103572],[80.250554,13.103706],[80.250547,13.10362],[80.250619,13.103504],[80.250619,13.103166],[80.25173,13.102936],[80.251646,13.102607],[80.252372,13.102412],[80.251882,13.101214],[80.250005,13.101515],[80.249611,13.101578],[80.249733,13.102666],[80.248638,13.102904],[80.248615,13.102163],[80.247676,13.10209],[80.24774,13.10177],[80.247012,13.101656],[80.246868,13.10217],[80.24635,13.103251],[80.246053,13.103594],[80.245463,13.103783],[80.245339,13.103245],[80.237258,13.103967],[80.237315,13.107453],[80.242845,13.107803],[80.245667,13.107706],[80.251369,13.108322],[80.251494,13.108335],[80.251488,13.10828]]},{"type":"Polygon","coordinates":[[[80.251488,13.10828],[80.251253,13.105969],[80.252595,13.105291],[80.252469,13.105011],[80.253051,13.104744],[80.25277,13.103976],[80.251442,13.104331],[80.251324,13.10391],[80.25123,13.103572],[80.250554,13.103706],[80.250547,13.10362],[80.250619,13.103504],[80.250619,13.103166],[80.25173,13.102936],[80.251646,13.102607],[80.252372,13.102412],[80.251882,13.101214],[80.250005,13.101515],[80.249611,13.101578],[80.249733,13.102666],[80.248638,13.102904],[80.248615,13.102163],[80.247676,13.10209],[80.24774,13.10177],[80.247012,13.101656],[80.246868,13.10217],[80.24635,13.103251],[80.246053,13.103594],[80.245463,13.103783],[80.245339,13.103245],[80.237258,13.103967],[80.237315,13.107453],[80.242845,13.107803],[80.245667,13.107706],[80.251369,13.108322],[80.251494,13.108335],[80.251488,13.10828]]]}]}},{"type":"Feature","properties":{},"geometry":{"type":"GeometryCollection","geometries":[{"type":"LineString","coordinates":[[80.248095,13.098599],[80.24821,13.097456],[80.249745,13.097561],[80.249792,13.096475],[80.250134,13.096483],[80.250206,13.096878],[80.250217,13.097247],[80.250238,13.097735],[80.250577,13.097738],[80.250485,13.095795],[80.250283,13.095819],[80.25022,13.09551],[80.249629,13.092998],[80.249345,13.091965],[80.249161,13.091043],[80.248547,13.089962],[80.247958,13.089254],[80.247303,13.088335],[80.244855,13.089255],[80.245144,13.089899],[80.244676,13.090365],[80.243976,13.089848],[80.243799,13.089686],[80.243564,13.089814],[80.243672,13.090305],[80.242519,13.090218],[80.242534,13.090376],[80.24182,13.09038],[80.241861,13.091161],[80.242093,13.091158],[80.242149,13.091607],[80.241737,13.091627],[80.241746,13.091732],[80.241679,13.091737],[80.241691,13.091845],[80.241764,13.091845],[80.241785,13.092073],[80.243081,13.092008],[80.243117,13.092382],[80.242429,13.092419],[80.242445,13.092591],[80.242398,13.09266],[80.242532,13.092666],[80.242545,13.092903],[80.242965,13.092909],[80.242976,13.092976],[80.243,13.093008],[80.242992,13.093281],[80.242532,13.093284],[80.242532,13.093417],[80.241985,13.093437],[80.241608,13.093437],[80.241566,13.093474],[80.241434,13.093664],[80.241681,13.094971],[80.241471,13.095025],[80.241522,13.095341],[80.242254,13.095195],[80.24291,13.097075],[80.242232,13.097248],[80.242313,13.097557],[80.243447,13.097407],[80.246896,13.097068],[80.246796,13.099408],[80.247635,13.099487],[80.248319,13.099492],[80.248356,13.098634],[80.248095,13.098599]]},{"type":"Polygon","coordinates":[[[80.248095,13.098599],[80.24821,13.097456],[80.249745,13.097561],[80.249792,13.096475],[80.250134,13.096483],[80.250206,13.096878],[80.250217,13.097247],[80.250238,13.097735],[80.250577,13.097738],[80.250485,13.095795],[80.250283,13.095819],[80.25022,13.09551],[80.249629,13.092998],[80.249345,13.091965],[80.249161,13.091043],[80.248547,13.089962],[80.247958,13.089254],[80.247303,13.088335],[80.244855,13.089255],[80.245144,13.089899],[80.244676,13.090365],[80.243976,13.089848],[80.243799,13.089686],[80.243564,13.089814],[80.243672,13.090305],[80.242519,13.090218],[80.242534,13.090376],[80.24182,13.09038],[80.241861,13.091161],[80.242093,13.091158],[80.242149,13.091607],[80.241737,13.091627],[80.241746,13.091732],[80.241679,13.091737],[80.241691,13.091845],[80.241764,13.091845],[80.241785,13.092073],[80.243081,13.092008],[80.243117,13.092382],[80.242429,13.092419],[80.242445,13.092591],[80.242398,13.09266],[80.242532,13.092666],[80.242545,13.092903],[80.242965,13.092909],[80.242976,13.092976],[80.243,13.093008],[80.242992,13.093281],[80.242532,13.093284],[80.242532,13.093417],[80.241985,13.093437],[80.241608,13.093437],[80.241566,13.093474],[80.241434,13.093664],[80.241681,13.094971],[80.241471,13.095025],[80.241522,13.095341],[80.242254,13.095195],[80.24291,13.097075],[80.242232,13.097248],[80.242313,13.097557],[80.243447,13.097407],[80.246896,13.097068],[80.246796,13.099408],[80.247635,13.099487],[80.248319,13.099492],[80.248356,13.098634],[80.248095,13.098599]]]}]}},{"type":"Feature","properties":{},"geometry":{"type":"GeometryCollection","geometries":[{"type":"LineString","coordinates":[[80.250905,13.0947],[80.251023,13.095673],[80.250485,13.095795],[80.250577,13.097738],[80.250921,13.097754],[80.250907,13.097371],[80.251195,13.097353],[80.25172,13.097359],[80.251719,13.097462],[80.252203,13.097425],[80.252224,13.097674],[80.25248,13.097642],[80.253828,13.097519],[80.253762,13.096249],[80.254129,13.09622],[80.254199,13.097516],[80.254854,13.09748],[80.254827,13.096559],[80.255222,13.096533],[80.255619,13.095155],[80.255121,13.094983],[80.254996,13.095348],[80.254712,13.095246],[80.254675,13.095345],[80.254485,13.095281],[80.25459,13.094948],[80.254208,13.094839],[80.254093,13.095197],[80.253534,13.095057],[80.253592,13.094869],[80.253142,13.094775],[80.25308,13.095037],[80.252588,13.094938],[80.252486,13.095331],[80.252397,13.09575],[80.251321,13.095745],[80.251258,13.095579],[80.251247,13.095437],[80.251997,13.095457],[80.251995,13.095093],[80.251773,13.095084],[80.251783,13.094778],[80.251786,13.094686],[80.250905,13.0947]]},{"type":"Polygon","coordinates":[[[80.250905,13.0947],[80.251023,13.095673],[80.250485,13.095795],[80.250577,13.097738],[80.250921,13.097754],[80.250907,13.097371],[80.251195,13.097353],[80.25172,13.097359],[80.251719,13.097462],[80.252203,13.097425],[80.252224,13.097674],[80.25248,13.097642],[80.253828,13.097519],[80.253762,13.096249],[80.254129,13.09622],[80.254199,13.097516],[80.254854,13.09748],[80.254827,13.096559],[80.255222,13.096533],[80.255619,13.095155],[80.255121,13.094983],[80.254996,13.095348],[80.254712,13.095246],[80.254675,13.095345],[80.254485,13.095281],[80.25459,13.094948],[80.254208,13.094839],[80.254093,13.095197],[80.253534,13.095057],[80.253592,13.094869],[80.253142,13.094775],[80.25308,13.095037],[80.252588,13.094938],[80.252486,13.095331],[80.252397,13.09575],[80.251321,13.095745],[80.251258,13.095579],[80.251247,13.095437],[80.251997,13.095457],[80.251995,13.095093],[80.251773,13.095084],[80.251783,13.094778],[80.251786,13.094686],[80.250905,13.0947]]]}]}},{"type":"Feature","properties":{},"geometry":{"type":"GeometryCollection","geometries":[{"type":"LineString","coordinates":[[80.250941,13.098297],[80.250935,13.098136],[80.250921,13.097754],[80.250577,13.097738],[80.250238,13.097735],[80.250217,13.097247],[80.250206,13.096878],[80.250134,13.096483],[80.249792,13.096475],[80.249745,13.097561],[80.24821,13.097456],[80.248095,13.098599],[80.248356,13.098634],[80.248319,13.099492],[80.249644,13.099503],[80.249644,13.099615],[80.249912,13.099647],[80.249856,13.098843],[80.250372,13.098838],[80.250496,13.098844],[80.250839,13.098863],[80.250851,13.098789],[80.250941,13.098297]]},{"type":"Polygon","coordinates":[[[80.250941,13.098297],[80.250935,13.098136],[80.250921,13.097754],[80.250577,13.097738],[80.250238,13.097735],[80.250217,13.097247],[80.250206,13.096878],[80.250134,13.096483],[80.249792,13.096475],[80.249745,13.097561],[80.24821,13.097456],[80.248095,13.098599],[80.248356,13.098634],[80.248319,13.099492],[80.249644,13.099503],[80.249644,13.099615],[80.249912,13.099647],[80.249856,13.098843],[80.250372,13.098838],[80.250496,13.098844],[80.250839,13.098863],[80.250851,13.098789],[80.250941,13.098297]]]}]}},{"type":"Feature","properties":{},"geometry":{"type":"GeometryCollection","geometries":[{"type":"LineString","coordinates":[[80.250485,13.095795],[80.251023,13.095673],[80.250905,13.0947],[80.25081,13.094053],[80.250907,13.094034],[80.250852,13.093737],[80.250212,13.093812],[80.250177,13.093547],[80.250149,13.093254],[80.250109,13.093257],[80.250091,13.093167],[80.250043,13.092921],[80.249629,13.092998],[80.25022,13.09551],[80.250283,13.095819],[80.250485,13.095795]]},{"type":"Polygon","coordinates":[[[80.250485,13.095795],[80.251023,13.095673],[80.250905,13.0947],[80.25081,13.094053],[80.250907,13.094034],[80.250852,13.093737],[80.250212,13.093812],[80.250177,13.093547],[80.250149,13.093254],[80.250109,13.093257],[80.250091,13.093167],[80.250043,13.092921],[80.249629,13.092998],[80.25022,13.09551],[80.250283,13.095819],[80.250485,13.095795]]]}]}},{"type":"Feature","properties":{},"geometry":{"type":"GeometryCollection","geometries":[{"type":"LineString","coordinates":[[80.273502,13.102496],[80.268532,13.10245],[80.265541,13.102463],[80.265548,13.102596],[80.26489,13.102609],[80.26489,13.102863],[80.264846,13.102869],[80.264881,13.103149],[80.26478,13.103161],[80.264889,13.104174],[80.26493,13.104282],[80.264596,13.104349],[80.264642,13.104532],[80.264436,13.104579],[80.264476,13.104732],[80.264396,13.10475],[80.264444,13.104946],[80.263629,13.1051],[80.263577,13.104894],[80.263362,13.104937],[80.263457,13.105329],[80.263013,13.105433],[80.263031,13.105545],[80.263447,13.105533],[80.263604,13.106107],[80.263827,13.106058],[80.263786,13.105926],[80.264984,13.105776],[80.266039,13.105729],[80.266102,13.106341],[80.266304,13.106339],[80.266343,13.106345],[80.266373,13.106387],[80.266457,13.106383],[80.26656,13.106349],[80.266646,13.106299],[80.267004,13.10627],[80.266992,13.106184],[80.267098,13.106176],[80.267108,13.106071],[80.267047,13.106071],[80.267044,13.10587],[80.266988,13.105872],[80.266967,13.105547],[80.270869,13.105226],[80.27177,13.106877],[80.272017,13.106277],[80.273146,13.104021],[80.273193,13.103613],[80.273502,13.102496]]},{"type":"Polygon","coordinates":[[[80.273502,13.102496],[80.268532,13.10245],[80.265541,13.102463],[80.265548,13.102596],[80.26489,13.102609],[80.26489,13.102863],[80.264846,13.102869],[80.264881,13.103149],[80.26478,13.103161],[80.264889,13.104174],[80.26493,13.104282],[80.264596,13.104349],[80.264642,13.104532],[80.264436,13.104579],[80.264476,13.104732],[80.264396,13.10475],[80.264444,13.104946],[80.263629,13.1051],[80.263577,13.104894],[80.263362,13.104937],[80.263457,13.105329],[80.263013,13.105433],[80.263031,13.105545],[80.263447,13.105533],[80.263604,13.106107],[80.263827,13.106058],[80.263786,13.105926],[80.264984,13.105776],[80.266039,13.105729],[80.266102,13.106341],[80.266304,13.106339],[80.266343,13.106345],[80.266373,13.106387],[80.266457,13.106383],[80.26656,13.106349],[80.266646,13.106299],[80.267004,13.10627],[80.266992,13.106184],[80.267098,13.106176],[80.267108,13.106071],[80.267047,13.106071],[80.267044,13.10587],[80.266988,13.105872],[80.266967,13.105547],[80.270869,13.105226],[80.27177,13.106877],[80.272017,13.106277],[80.273146,13.104021],[80.273193,13.103613],[80.273502,13.102496]]]}]}},{"type":"Feature","properties":{},"geometry":{"type":"GeometryCollection","geometries":[{"type":"LineString","coordinates":[[80.266967,13.105547],[80.266988,13.105872],[80.267044,13.10587],[80.267047,13.106071],[80.267108,13.106071],[80.267098,13.106176],[80.266992,13.106184],[80.267004,13.10627],[80.266646,13.106299],[80.26656,13.106349],[80.266457,13.106383],[80.266373,13.106387],[80.266343,13.106345],[80.266304,13.106339],[80.266102,13.106341],[80.266039,13.105729],[80.264984,13.105776],[80.263786,13.105926],[80.263827,13.106058],[80.263604,13.106107],[80.263612,13.106281],[80.262421,13.106442],[80.261099,13.106566],[80.261103,13.1067],[80.260122,13.106636],[80.260055,13.107273],[80.259478,13.109178],[80.264742,13.10988],[80.265242,13.109946],[80.268892,13.110433],[80.270136,13.110408],[80.270313,13.110416],[80.27177,13.106877],[80.270869,13.105226],[80.266967,13.105547]]},{"type":"Polygon","coordinates":[[[80.266967,13.105547],[80.266988,13.105872],[80.267044,13.10587],[80.267047,13.106071],[80.267108,13.106071],[80.267098,13.106176],[80.266992,13.106184],[80.267004,13.10627],[80.266646,13.106299],[80.26656,13.106349],[80.266457,13.106383],[80.266373,13.106387],[80.266343,13.106345],[80.266304,13.106339],[80.266102,13.106341],[80.266039,13.105729],[80.264984,13.105776],[80.263786,13.105926],[80.263827,13.106058],[80.263604,13.106107],[80.263612,13.106281],[80.262421,13.106442],[80.261099,13.106566],[80.261103,13.1067],[80.260122,13.106636],[80.260055,13.107273],[80.259478,13.109178],[80.264742,13.10988],[80.265242,13.109946],[80.268892,13.110433],[80.270136,13.110408],[80.270313,13.110416],[80.27177,13.106877],[80.270869,13.105226],[80.266967,13.105547]]]}]}},{"type":"Feature","properties":{},"geometry":{"type":"GeometryCollection","geometries":[{"type":"LineString","coordinates":[[80.263604,13.106107],[80.263447,13.105533],[80.263031,13.105545],[80.263013,13.105433],[80.263457,13.105329],[80.263362,13.104937],[80.263577,13.104894],[80.263629,13.1051],[80.264444,13.104946],[80.264396,13.10475],[80.264476,13.104732],[80.264436,13.104579],[80.264642,13.104532],[80.264596,13.104349],[80.26493,13.104282],[80.264889,13.104174],[80.26478,13.103161],[80.264393,13.103206],[80.264398,13.103063],[80.264099,13.10308],[80.264037,13.103122],[80.264008,13.10309],[80.263905,13.10311],[80.26392,13.103288],[80.263961,13.103286],[80.263962,13.103349],[80.263692,13.10337],[80.263675,13.103227],[80.263446,13.103255],[80.263471,13.103399],[80.263235,13.103455],[80.263245,13.10352],[80.262976,13.10356],[80.263036,13.104321],[80.262372,13.104392],[80.261597,13.104467],[80.261611,13.104672],[80.261612,13.104698],[80.261645,13.104731],[80.261728,13.104759],[80.262235,13.104716],[80.262256,13.104903],[80.262202,13.104911],[80.26221,13.10499],[80.262261,13.105012],[80.262286,13.105167],[80.262251,13.105174],[80.262264,13.105287],[80.261702,13.105333],[80.261704,13.105447],[80.261744,13.105445],[80.26175,13.105502],[80.261697,13.105508],[80.261698,13.105637],[80.261719,13.105648],[80.261761,13.10566],[80.261771,13.105735],[80.261579,13.10576],[80.261593,13.105906],[80.261717,13.105892],[80.261721,13.106023],[80.260998,13.106058],[80.260966,13.106174],[80.260965,13.106283],[80.261028,13.106435],[80.261099,13.106566],[80.262421,13.106442],[80.263612,13.106281],[80.263604,13.106107]]},{"type":"Polygon","coordinates":[[[80.263604,13.106107],[80.263447,13.105533],[80.263031,13.105545],[80.263013,13.105433],[80.263457,13.105329],[80.263362,13.104937],[80.263577,13.104894],[80.263629,13.1051],[80.264444,13.104946],[80.264396,13.10475],[80.264476,13.104732],[80.264436,13.104579],[80.264642,13.104532],[80.264596,13.104349],[80.26493,13.104282],[80.264889,13.104174],[80.26478,13.103161],[80.264393,13.103206],[80.264398,13.103063],[80.264099,13.10308],[80.264037,13.103122],[80.264008,13.10309],[80.263905,13.10311],[80.26392,13.103288],[80.263961,13.103286],[80.263962,13.103349],[80.263692,13.10337],[80.263675,13.103227],[80.263446,13.103255],[80.263471,13.103399],[80.263235,13.103455],[80.263245,13.10352],[80.262976,13.10356],[80.263036,13.104321],[80.262372,13.104392],[80.261597,13.104467],[80.261611,13.104672],[80.261612,13.104698],[80.261645,13.104731],[80.261728,13.104759],[80.262235,13.104716],[80.262256,13.104903],[80.262202,13.104911],[80.26221,13.10499],[80.262261,13.105012],[80.262286,13.105167],[80.262251,13.105174],[80.262264,13.105287],[80.261702,13.105333],[80.261704,13.105447],[80.261744,13.105445],[80.26175,13.105502],[80.261697,13.105508],[80.261698,13.105637],[80.261719,13.105648],[80.261761,13.10566],[80.261771,13.105735],[80.261579,13.10576],[80.261593,13.105906],[80.261717,13.105892],[80.261721,13.106023],[80.260998,13.106058],[80.260966,13.106174],[80.260965,13.106283],[80.261028,13.106435],[80.261099,13.106566],[80.262421,13.106442],[80.263612,13.106281],[80.263604,13.106107]]]}]}},{"type":"Feature","properties":{},"geometry":{"type":"GeometryCollection","geometries":[{"type":"LineString","coordinates":[[80.265242,13.109946],[80.264742,13.10988],[80.259478,13.109178],[80.25612,13.108723],[80.2546,13.108527],[80.254602,13.108884],[80.25462,13.11175],[80.254621,13.112676],[80.254851,13.112979],[80.255725,13.113799],[80.255857,13.11369],[80.255989,13.113727],[80.256552,13.113481],[80.25693,13.113361],[80.257256,13.113341],[80.25872,13.113412],[80.25939,13.11358],[80.260402,13.113935],[80.261356,13.114413],[80.26143,13.114403],[80.26149,13.114523],[80.261425,13.114572],[80.26138,13.114687],[80.261463,13.115868],[80.261548,13.116862],[80.261893,13.11787],[80.262616,13.118029],[80.263589,13.118013],[80.264387,13.11812],[80.26449,13.118363],[80.2646,13.118695],[80.264642,13.118916],[80.264552,13.119289],[80.265644,13.119259],[80.266436,13.119129],[80.266711,13.118773],[80.267187,13.118721],[80.267183,13.118258],[80.267428,13.118261],[80.267455,13.118219],[80.26866,13.11828],[80.268892,13.110433],[80.265242,13.109946]]},{"type":"Polygon","coordinates":[[[80.265242,13.109946],[80.264742,13.10988],[80.259478,13.109178],[80.25612,13.108723],[80.2546,13.108527],[80.254602,13.108884],[80.25462,13.11175],[80.254621,13.112676],[80.254851,13.112979],[80.255725,13.113799],[80.255857,13.11369],[80.255989,13.113727],[80.256552,13.113481],[80.25693,13.113361],[80.257256,13.113341],[80.25872,13.113412],[80.25939,13.11358],[80.260402,13.113935],[80.261356,13.114413],[80.26143,13.114403],[80.26149,13.114523],[80.261425,13.114572],[80.26138,13.114687],[80.261463,13.115868],[80.261548,13.116862],[80.261893,13.11787],[80.262616,13.118029],[80.263589,13.118013],[80.264387,13.11812],[80.26449,13.118363],[80.2646,13.118695],[80.264642,13.118916],[80.264552,13.119289],[80.265644,13.119259],[80.266436,13.119129],[80.266711,13.118773],[80.267187,13.118721],[80.267183,13.118258],[80.267428,13.118261],[80.267455,13.118219],[80.26866,13.11828],[80.268892,13.110433],[80.265242,13.109946]]]}]}},{"type":"Feature","properties":{},"geometry":{"type":"GeometryCollection","geometries":[{"type":"LineString","coordinates":[[80.261474,13.115996],[80.261463,13.115868],[80.26138,13.114687],[80.261425,13.114572],[80.26149,13.114523],[80.26143,13.114403],[80.261356,13.114413],[80.260402,13.113935],[80.259636,13.113666],[80.259552,13.113839],[80.259979,13.114001],[80.260047,13.11411],[80.259981,13.114254],[80.260231,13.114597],[80.260602,13.114669],[80.260762,13.114759],[80.260955,13.11537],[80.261158,13.116064],[80.261474,13.115996]]},{"type":"Polygon","coordinates":[[[80.261474,13.115996],[80.261463,13.115868],[80.26138,13.114687],[80.261425,13.114572],[80.26149,13.114523],[80.26143,13.114403],[80.261356,13.114413],[80.260402,13.113935],[80.259636,13.113666],[80.259552,13.113839],[80.259979,13.114001],[80.260047,13.11411],[80.259981,13.114254],[80.260231,13.114597],[80.260602,13.114669],[80.260762,13.114759],[80.260955,13.11537],[80.261158,13.116064],[80.261474,13.115996]]]}]}},{"type":"Feature","properties":{},"geometry":{"type":"GeometryCollection","geometries":[{"type":"LineString","coordinates":[[80.268421,13.126334],[80.26866,13.11828],[80.267455,13.118219],[80.267428,13.118261],[80.267183,13.118258],[80.267187,13.118721],[80.266711,13.118773],[80.266436,13.119129],[80.265781,13.119237],[80.265782,13.119839],[80.265878,13.119834],[80.265919,13.122728],[80.266276,13.122699],[80.266288,13.122888],[80.266147,13.122884],[80.266149,13.122956],[80.266156,13.124266],[80.266415,13.124261],[80.266425,13.125313],[80.265897,13.125336],[80.26586,13.126682],[80.268229,13.126719],[80.268421,13.126334]]},{"type":"Polygon","coordinates":[[[80.268421,13.126334],[80.26866,13.11828],[80.267455,13.118219],[80.267428,13.118261],[80.267183,13.118258],[80.267187,13.118721],[80.266711,13.118773],[80.266436,13.119129],[80.265781,13.119237],[80.265782,13.119839],[80.265878,13.119834],[80.265919,13.122728],[80.266276,13.122699],[80.266288,13.122888],[80.266147,13.122884],[80.266149,13.122956],[80.266156,13.124266],[80.266415,13.124261],[80.266425,13.125313],[80.265897,13.125336],[80.26586,13.126682],[80.268229,13.126719],[80.268421,13.126334]]]}]}},{"type":"Feature","properties":{},"geometry":{"type":"GeometryCollection","geometries":[{"type":"LineString","coordinates":[[80.26586,13.126682],[80.265897,13.125336],[80.266425,13.125313],[80.266415,13.124261],[80.266156,13.124266],[80.266149,13.122956],[80.266147,13.122884],[80.266288,13.122888],[80.266276,13.122699],[80.265919,13.122728],[80.265878,13.119834],[80.265782,13.119839],[80.265781,13.119237],[80.265644,13.119259],[80.264552,13.119289],[80.264642,13.118916],[80.2646,13.118695],[80.26449,13.118363],[80.264387,13.11812],[80.263589,13.118013],[80.262616,13.118029],[80.261893,13.11787],[80.261891,13.117864],[80.259698,13.118111],[80.259631,13.12097],[80.259511,13.122374],[80.259532,13.122827],[80.259279,13.122866],[80.259254,13.123484],[80.259169,13.126192],[80.262253,13.126947],[80.265413,13.12747],[80.265853,13.127268],[80.26586,13.126682]]},{"type":"Polygon","coordinates":[[[80.26586,13.126682],[80.265897,13.125336],[80.266425,13.125313],[80.266415,13.124261],[80.266156,13.124266],[80.266149,13.122956],[80.266147,13.122884],[80.266288,13.122888],[80.266276,13.122699],[80.265919,13.122728],[80.265878,13.119834],[80.265782,13.119839],[80.265781,13.119237],[80.265644,13.119259],[80.264552,13.119289],[80.264642,13.118916],[80.2646,13.118695],[80.26449,13.118363],[80.264387,13.11812],[80.263589,13.118013],[80.262616,13.118029],[80.261893,13.11787],[80.261891,13.117864],[80.259698,13.118111],[80.259631,13.12097],[80.259511,13.122374],[80.259532,13.122827],[80.259279,13.122866],[80.259254,13.123484],[80.259169,13.126192],[80.262253,13.126947],[80.265413,13.12747],[80.265853,13.127268],[80.26586,13.126682]]]}]}},{"type":"Feature","properties":{},"geometry":{"type":"GeometryCollection","geometries":[{"type":"LineString","coordinates":[[80.259169,13.126192],[80.259254,13.123484],[80.259279,13.122866],[80.259532,13.122827],[80.259511,13.122374],[80.259631,13.12097],[80.259698,13.118111],[80.259523,13.118053],[80.259422,13.118496],[80.2593,13.119488],[80.257842,13.119549],[80.257782,13.118876],[80.25636,13.119331],[80.25516,13.119864],[80.255237,13.120222],[80.255571,13.122812],[80.255597,13.123014],[80.25644,13.123029],[80.256517,13.123234],[80.256737,13.124063],[80.256683,13.124516],[80.256521,13.124589],[80.256575,13.12473],[80.256549,13.124905],[80.256461,13.125151],[80.25638,13.125838],[80.256319,13.126122],[80.256475,13.12617],[80.259159,13.12647],[80.259169,13.126192]]},{"type":"Polygon","coordinates":[[[80.259169,13.126192],[80.259254,13.123484],[80.259279,13.122866],[80.259532,13.122827],[80.259511,13.122374],[80.259631,13.12097],[80.259698,13.118111],[80.259523,13.118053],[80.259422,13.118496],[80.2593,13.119488],[80.257842,13.119549],[80.257782,13.118876],[80.25636,13.119331],[80.25516,13.119864],[80.255237,13.120222],[80.255571,13.122812],[80.255597,13.123014],[80.25644,13.123029],[80.256517,13.123234],[80.256737,13.124063],[80.256683,13.124516],[80.256521,13.124589],[80.256575,13.12473],[80.256549,13.124905],[80.256461,13.125151],[80.25638,13.125838],[80.256319,13.126122],[80.256475,13.12617],[80.259159,13.12647],[80.259169,13.126192]]]}]}},{"type":"Feature","properties":{},"geometry":{"type":"GeometryCollection","geometries":[{"type":"LineString","coordinates":[[80.244822,13.138153],[80.24497,13.13745],[80.245947,13.137141],[80.246214,13.136999],[80.246171,13.136914],[80.246118,13.136843],[80.246099,13.136659],[80.246221,13.136319],[80.246077,13.135506],[80.246383,13.135328],[80.245945,13.134824],[80.245591,13.134515],[80.245532,13.134483],[80.245502,13.134414],[80.245481,13.134383],[80.245213,13.134021],[80.245271,13.133766],[80.245034,13.133482],[80.244955,13.133022],[80.245131,13.132768],[80.244923,13.131643],[80.244747,13.131527],[80.244595,13.13149],[80.244166,13.131438],[80.244055,13.131299],[80.244004,13.131287],[80.24394,13.131333],[80.243756,13.13133],[80.243619,13.131622],[80.243114,13.131513],[80.24291,13.130637],[80.242504,13.130578],[80.242478,13.130428],[80.242602,13.1301],[80.241746,13.129735],[80.241464,13.130167],[80.242252,13.131016],[80.238935,13.13575],[80.238534,13.137363],[80.239931,13.13731],[80.240877,13.137801],[80.241204,13.13954],[80.239993,13.139613],[80.239439,13.139611],[80.239685,13.141538],[80.240013,13.143725],[80.240125,13.143723],[80.240077,13.143907],[80.240189,13.144995],[80.23978,13.145154],[80.239852,13.14556],[80.241479,13.145428],[80.243002,13.14519],[80.243233,13.145731],[80.243996,13.145572],[80.243861,13.144777],[80.243763,13.143959],[80.243672,13.142957],[80.243153,13.142935],[80.24313,13.142627],[80.243356,13.142469],[80.243329,13.142346],[80.243253,13.142104],[80.243205,13.141799],[80.243306,13.14167],[80.243177,13.141075],[80.243083,13.140814],[80.243428,13.140699],[80.243185,13.140465],[80.243399,13.140338],[80.243397,13.14004],[80.243181,13.140018],[80.2432,13.139781],[80.243379,13.139753],[80.243398,13.139548],[80.243076,13.139573],[80.243069,13.139347],[80.24378,13.139268],[80.243672,13.13864],[80.243761,13.138155],[80.244822,13.138153]]},{"type":"Polygon","coordinates":[[[80.244822,13.138153],[80.24497,13.13745],[80.245947,13.137141],[80.246214,13.136999],[80.246171,13.136914],[80.246118,13.136843],[80.246099,13.136659],[80.246221,13.136319],[80.246077,13.135506],[80.246383,13.135328],[80.245945,13.134824],[80.245591,13.134515],[80.245532,13.134483],[80.245502,13.134414],[80.245481,13.134383],[80.245213,13.134021],[80.245271,13.133766],[80.245034,13.133482],[80.244955,13.133022],[80.245131,13.132768],[80.244923,13.131643],[80.244747,13.131527],[80.244595,13.13149],[80.244166,13.131438],[80.244055,13.131299],[80.244004,13.131287],[80.24394,13.131333],[80.243756,13.13133],[80.243619,13.131622],[80.243114,13.131513],[80.24291,13.130637],[80.242504,13.130578],[80.242478,13.130428],[80.242602,13.1301],[80.241746,13.129735],[80.241464,13.130167],[80.242252,13.131016],[80.238935,13.13575],[80.238534,13.137363],[80.239931,13.13731],[80.240877,13.137801],[80.241204,13.13954],[80.239993,13.139613],[80.239439,13.139611],[80.239685,13.141538],[80.240013,13.143725],[80.240125,13.143723],[80.240077,13.143907],[80.240189,13.144995],[80.23978,13.145154],[80.239852,13.14556],[80.241479,13.145428],[80.243002,13.14519],[80.243233,13.145731],[80.243996,13.145572],[80.243861,13.144777],[80.243763,13.143959],[80.243672,13.142957],[80.243153,13.142935],[80.24313,13.142627],[80.243356,13.142469],[80.243329,13.142346],[80.243253,13.142104],[80.243205,13.141799],[80.243306,13.14167],[80.243177,13.141075],[80.243083,13.140814],[80.243428,13.140699],[80.243185,13.140465],[80.243399,13.140338],[80.243397,13.14004],[80.243181,13.140018],[80.2432,13.139781],[80.243379,13.139753],[80.243398,13.139548],[80.243076,13.139573],[80.243069,13.139347],[80.24378,13.139268],[80.243672,13.13864],[80.243761,13.138155],[80.244822,13.138153]]]}]}},{"type":"Feature","properties":{},"geometry":{"type":"GeometryCollection","geometries":[{"type":"LineString","coordinates":[[80.265853,13.127268],[80.266251,13.127762],[80.266442,13.128544],[80.26652,13.128574],[80.266562,13.128796],[80.266483,13.128843],[80.266568,13.129255],[80.266644,13.129272],[80.266735,13.129211],[80.267024,13.129182],[80.267565,13.129065],[80.268114,13.128934],[80.268843,13.129536],[80.269984,13.128498],[80.269525,13.127819],[80.269066,13.127139],[80.268421,13.126334],[80.268229,13.126719],[80.26586,13.126682],[80.265853,13.127268]]},{"type":"Polygon","coordinates":[[[80.265853,13.127268],[80.266251,13.127762],[80.266442,13.128544],[80.26652,13.128574],[80.266562,13.128796],[80.266483,13.128843],[80.266568,13.129255],[80.266644,13.129272],[80.266735,13.129211],[80.267024,13.129182],[80.267565,13.129065],[80.268114,13.128934],[80.268843,13.129536],[80.269984,13.128498],[80.269525,13.127819],[80.269066,13.127139],[80.268421,13.126334],[80.268229,13.126719],[80.26586,13.126682],[80.265853,13.127268]]]}]}},{"type":"Feature","properties":{},"geometry":{"type":"GeometryCollection","geometries":[{"type":"LineString","coordinates":[[80.256319,13.126122],[80.254983,13.125946],[80.254953,13.126099],[80.254838,13.126126],[80.254793,13.126351],[80.254287,13.126309],[80.254291,13.126493],[80.254409,13.126509],[80.254402,13.126963],[80.25429,13.126958],[80.254298,13.127057],[80.254296,13.127204],[80.254387,13.127206],[80.254407,13.127733],[80.254123,13.127709],[80.253336,13.127647],[80.253254,13.127832],[80.253358,13.127993],[80.253938,13.128066],[80.253933,13.127988],[80.254422,13.12803],[80.254451,13.12823],[80.254429,13.128451],[80.254472,13.128903],[80.255391,13.129703],[80.255233,13.130146],[80.255031,13.130049],[80.255022,13.12963],[80.254984,13.129427],[80.254654,13.129382],[80.25435,13.129122],[80.254073,13.128962],[80.253921,13.128828],[80.253865,13.128599],[80.253791,13.128532],[80.253634,13.12846],[80.253515,13.129014],[80.253375,13.12901],[80.253378,13.128859],[80.252586,13.12884],[80.252443,13.128765],[80.252321,13.127996],[80.252118,13.127984],[80.252154,13.128754],[80.250971,13.128864],[80.25046,13.128837],[80.249911,13.128993],[80.249924,13.129399],[80.250313,13.129412],[80.25029,13.12965],[80.250007,13.130002],[80.250124,13.130113],[80.250672,13.130513],[80.251162,13.130834],[80.251652,13.131115],[80.251937,13.131303],[80.252386,13.131534],[80.252197,13.131889],[80.2523,13.131923],[80.252381,13.132017],[80.252527,13.132161],[80.25279,13.132237],[80.252911,13.13232],[80.253016,13.132442],[80.253121,13.132876],[80.253181,13.133806],[80.253395,13.134077],[80.254036,13.134168],[80.254728,13.134212],[80.254918,13.134804],[80.255121,13.134875],[80.255221,13.135443],[80.255463,13.136213],[80.255677,13.136519],[80.255828,13.136555],[80.255849,13.136413],[80.256976,13.136254],[80.25886,13.138614],[80.265521,13.132557],[80.264732,13.129562],[80.263865,13.129775],[80.26382,13.129645],[80.263701,13.129006],[80.26419,13.128953],[80.264676,13.128897],[80.26478,13.128869],[80.264846,13.128784],[80.265407,13.128645],[80.265369,13.128398],[80.265953,13.128202],[80.266337,13.128111],[80.266251,13.127762],[80.265853,13.127268],[80.265413,13.12747],[80.262253,13.126947],[80.259169,13.126192],[80.259159,13.12647],[80.256475,13.12617],[80.256319,13.126122]]},{"type":"Polygon","coordinates":[[[80.256319,13.126122],[80.254983,13.125946],[80.254953,13.126099],[80.254838,13.126126],[80.254793,13.126351],[80.254287,13.126309],[80.254291,13.126493],[80.254409,13.126509],[80.254402,13.126963],[80.25429,13.126958],[80.254298,13.127057],[80.254296,13.127204],[80.254387,13.127206],[80.254407,13.127733],[80.254123,13.127709],[80.253336,13.127647],[80.253254,13.127832],[80.253358,13.127993],[80.253938,13.128066],[80.253933,13.127988],[80.254422,13.12803],[80.254451,13.12823],[80.254429,13.128451],[80.254472,13.128903],[80.255391,13.129703],[80.255233,13.130146],[80.255031,13.130049],[80.255022,13.12963],[80.254984,13.129427],[80.254654,13.129382],[80.25435,13.129122],[80.254073,13.128962],[80.253921,13.128828],[80.253865,13.128599],[80.253791,13.128532],[80.253634,13.12846],[80.253515,13.129014],[80.253375,13.12901],[80.253378,13.128859],[80.252586,13.12884],[80.252443,13.128765],[80.252321,13.127996],[80.252118,13.127984],[80.252154,13.128754],[80.250971,13.128864],[80.25046,13.128837],[80.249911,13.128993],[80.249924,13.129399],[80.250313,13.129412],[80.25029,13.12965],[80.250007,13.130002],[80.250124,13.130113],[80.250672,13.130513],[80.251162,13.130834],[80.251652,13.131115],[80.251937,13.131303],[80.252386,13.131534],[80.252197,13.131889],[80.2523,13.131923],[80.252381,13.132017],[80.252527,13.132161],[80.25279,13.132237],[80.252911,13.13232],[80.253016,13.132442],[80.253121,13.132876],[80.253181,13.133806],[80.253395,13.134077],[80.254036,13.134168],[80.254728,13.134212],[80.254918,13.134804],[80.255121,13.134875],[80.255221,13.135443],[80.255463,13.136213],[80.255677,13.136519],[80.255828,13.136555],[80.255849,13.136413],[80.256976,13.136254],[80.25886,13.138614],[80.265521,13.132557],[80.264732,13.129562],[80.263865,13.129775],[80.26382,13.129645],[80.263701,13.129006],[80.26419,13.128953],[80.264676,13.128897],[80.26478,13.128869],[80.264846,13.128784],[80.265407,13.128645],[80.265369,13.128398],[80.265953,13.128202],[80.266337,13.128111],[80.266251,13.127762],[80.265853,13.127268],[80.265413,13.12747],[80.262253,13.126947],[80.259169,13.126192],[80.259159,13.12647],[80.256475,13.12617],[80.256319,13.126122]]]}]}},{"type":"Feature","properties":{},"geometry":{"type":"GeometryCollection","geometries":[{"type":"LineString","coordinates":[[80.243704,13.127354],[80.244637,13.126563],[80.244647,13.126555],[80.245035,13.126362],[80.246004,13.12564],[80.247326,13.124403],[80.248153,13.12373],[80.248822,13.122918],[80.248986,13.122276],[80.248774,13.122057],[80.24812,13.122187],[80.248104,13.122109],[80.246952,13.122368],[80.245959,13.1225],[80.245826,13.122456],[80.245732,13.122498],[80.245059,13.122983],[80.244515,13.122873],[80.243921,13.122925],[80.243368,13.123031],[80.242845,13.123072],[80.242526,13.123054],[80.242295,13.1232],[80.241916,13.123267],[80.241383,13.12568],[80.241324,13.125911],[80.240253,13.128539],[80.241363,13.129092],[80.243704,13.127354]]},{"type":"Polygon","coordinates":[[[80.243704,13.127354],[80.244637,13.126563],[80.244647,13.126555],[80.245035,13.126362],[80.246004,13.12564],[80.247326,13.124403],[80.248153,13.12373],[80.248822,13.122918],[80.248986,13.122276],[80.248774,13.122057],[80.24812,13.122187],[80.248104,13.122109],[80.246952,13.122368],[80.245959,13.1225],[80.245826,13.122456],[80.245732,13.122498],[80.245059,13.122983],[80.244515,13.122873],[80.243921,13.122925],[80.243368,13.123031],[80.242845,13.123072],[80.242526,13.123054],[80.242295,13.1232],[80.241916,13.123267],[80.241383,13.12568],[80.241324,13.125911],[80.240253,13.128539],[80.241363,13.129092],[80.243704,13.127354]]]}]}},{"type":"Feature","properties":{},"geometry":{"type":"GeometryCollection","geometries":[{"type":"LineString","coordinates":[[80.249441,13.127635],[80.248623,13.127818],[80.248579,13.127559],[80.248281,13.127575],[80.248302,13.127803],[80.247774,13.12788],[80.247824,13.128112],[80.247767,13.128156],[80.247687,13.128394],[80.248972,13.128461],[80.248994,13.128624],[80.248968,13.129099],[80.248012,13.129172],[80.247939,13.129445],[80.247951,13.129451],[80.248096,13.129532],[80.248866,13.129567],[80.24963,13.129631],[80.249667,13.129432],[80.249646,13.128978],[80.249656,13.128877],[80.249636,13.12849],[80.249632,13.127867],[80.24948,13.127717],[80.249441,13.127635]]},{"type":"Polygon","coordinates":[[[80.249441,13.127635],[80.248623,13.127818],[80.248579,13.127559],[80.248281,13.127575],[80.248302,13.127803],[80.247774,13.12788],[80.247824,13.128112],[80.247767,13.128156],[80.247687,13.128394],[80.248972,13.128461],[80.248994,13.128624],[80.248968,13.129099],[80.248012,13.129172],[80.247939,13.129445],[80.247951,13.129451],[80.248096,13.129532],[80.248866,13.129567],[80.24963,13.129631],[80.249667,13.129432],[80.249646,13.128978],[80.249656,13.128877],[80.249636,13.12849],[80.249632,13.127867],[80.24948,13.127717],[80.249441,13.127635]]]}]}},{"type":"Feature","properties":{},"geometry":{"type":"GeometryCollection","geometries":[{"type":"LineString","coordinates":[[80.247595,13.129698],[80.247619,13.129543],[80.247694,13.129381],[80.247815,13.129383],[80.247939,13.129445],[80.248012,13.129172],[80.248968,13.129099],[80.248994,13.128624],[80.248972,13.128461],[80.247687,13.128394],[80.247767,13.128156],[80.247824,13.128112],[80.247774,13.12788],[80.248302,13.127803],[80.248281,13.127575],[80.248579,13.127559],[80.248623,13.127818],[80.249441,13.127635],[80.249352,13.12745],[80.249164,13.127102],[80.248883,13.126129],[80.248883,13.126003],[80.248915,13.125789],[80.248767,13.125474],[80.248662,13.125203],[80.248508,13.124913],[80.248379,13.124558],[80.248339,13.12419],[80.248153,13.12373],[80.247326,13.124403],[80.246004,13.12564],[80.245035,13.126362],[80.244647,13.126555],[80.243704,13.127354],[80.241363,13.129092],[80.241746,13.129735],[80.242602,13.1301],[80.243623,13.129762],[80.24385,13.129694],[80.244439,13.129618],[80.244674,13.129601],[80.24491,13.1296],[80.245403,13.129499],[80.245727,13.129423],[80.246125,13.129405],[80.246393,13.129387],[80.246625,13.1294],[80.247175,13.129703],[80.247438,13.129799],[80.247475,13.129646],[80.247595,13.129698]]},{"type":"Polygon","coordinates":[[[80.247595,13.129698],[80.247619,13.129543],[80.247694,13.129381],[80.247815,13.129383],[80.247939,13.129445],[80.248012,13.129172],[80.248968,13.129099],[80.248994,13.128624],[80.248972,13.128461],[80.247687,13.128394],[80.247767,13.128156],[80.247824,13.128112],[80.247774,13.12788],[80.248302,13.127803],[80.248281,13.127575],[80.248579,13.127559],[80.248623,13.127818],[80.249441,13.127635],[80.249352,13.12745],[80.249164,13.127102],[80.248883,13.126129],[80.248883,13.126003],[80.248915,13.125789],[80.248767,13.125474],[80.248662,13.125203],[80.248508,13.124913],[80.248379,13.124558],[80.248339,13.12419],[80.248153,13.12373],[80.247326,13.124403],[80.246004,13.12564],[80.245035,13.126362],[80.244647,13.126555],[80.243704,13.127354],[80.241363,13.129092],[80.241746,13.129735],[80.242602,13.1301],[80.243623,13.129762],[80.24385,13.129694],[80.244439,13.129618],[80.244674,13.129601],[80.24491,13.1296],[80.245403,13.129499],[80.245727,13.129423],[80.246125,13.129405],[80.246393,13.129387],[80.246625,13.1294],[80.247175,13.129703],[80.247438,13.129799],[80.247475,13.129646],[80.247595,13.129698]]]}]}},{"type":"Feature","properties":{},"geometry":{"type":"GeometryCollection","geometries":[{"type":"LineString","coordinates":[[80.253395,13.134077],[80.253554,13.134501],[80.253585,13.135395],[80.253726,13.135733],[80.253568,13.136187],[80.253353,13.136397],[80.252126,13.136513],[80.250603,13.136614],[80.249245,13.136801],[80.247858,13.137191],[80.246369,13.137797],[80.245753,13.138068],[80.245255,13.138153],[80.243761,13.138155],[80.243672,13.13864],[80.24378,13.139268],[80.243069,13.139347],[80.243076,13.139573],[80.243398,13.139548],[80.243379,13.139753],[80.2432,13.139781],[80.243181,13.140018],[80.243397,13.14004],[80.243399,13.140338],[80.244546,13.140194],[80.244517,13.139918],[80.24569,13.139767],[80.245688,13.140042],[80.245761,13.140125],[80.246193,13.140112],[80.246583,13.140107],[80.246617,13.140219],[80.246805,13.140279],[80.247009,13.140234],[80.247061,13.140417],[80.247145,13.140754],[80.247326,13.141374],[80.247784,13.14136],[80.247885,13.141157],[80.248132,13.141209],[80.248248,13.141275],[80.248538,13.141243],[80.248642,13.141336],[80.248712,13.141423],[80.248613,13.141578],[80.248564,13.141852],[80.24786,13.142065],[80.24803,13.143013],[80.248227,13.14316],[80.248484,13.142949],[80.248813,13.142703],[80.249016,13.14265],[80.249088,13.142773],[80.249001,13.142883],[80.24856,13.143291],[80.248648,13.143787],[80.248846,13.143784],[80.248955,13.143854],[80.249057,13.14394],[80.249373,13.145217],[80.249798,13.145144],[80.249846,13.145226],[80.250784,13.144906],[80.250766,13.144381],[80.251154,13.144242],[80.251511,13.144255],[80.252137,13.144068],[80.252464,13.14374],[80.25271,13.143283],[80.253557,13.143188],[80.253679,13.143439],[80.254439,13.143397],[80.254462,13.143018],[80.25458,13.142801],[80.2546,13.142285],[80.254511,13.141809],[80.253759,13.14178],[80.253023,13.141871],[80.252851,13.141842],[80.252958,13.141368],[80.253596,13.141248],[80.2542,13.141232],[80.254245,13.141135],[80.254209,13.140743],[80.254597,13.140504],[80.256453,13.140361],[80.2574,13.140478],[80.258552,13.140339],[80.258214,13.139201],[80.25886,13.138614],[80.256976,13.136254],[80.255849,13.136413],[80.255828,13.136555],[80.255677,13.136519],[80.255463,13.136213],[80.255221,13.135443],[80.255121,13.134875],[80.254918,13.134804],[80.254728,13.134212],[80.254036,13.134168],[80.253395,13.134077]]},{"type":"Polygon","coordinates":[[[80.253395,13.134077],[80.253554,13.134501],[80.253585,13.135395],[80.253726,13.135733],[80.253568,13.136187],[80.253353,13.136397],[80.252126,13.136513],[80.250603,13.136614],[80.249245,13.136801],[80.247858,13.137191],[80.246369,13.137797],[80.245753,13.138068],[80.245255,13.138153],[80.243761,13.138155],[80.243672,13.13864],[80.24378,13.139268],[80.243069,13.139347],[80.243076,13.139573],[80.243398,13.139548],[80.243379,13.139753],[80.2432,13.139781],[80.243181,13.140018],[80.243397,13.14004],[80.243399,13.140338],[80.244546,13.140194],[80.244517,13.139918],[80.24569,13.139767],[80.245688,13.140042],[80.245761,13.140125],[80.246193,13.140112],[80.246583,13.140107],[80.246617,13.140219],[80.246805,13.140279],[80.247009,13.140234],[80.247061,13.140417],[80.247145,13.140754],[80.247326,13.141374],[80.247784,13.14136],[80.247885,13.141157],[80.248132,13.141209],[80.248248,13.141275],[80.248538,13.141243],[80.248642,13.141336],[80.248712,13.141423],[80.248613,13.141578],[80.248564,13.141852],[80.24786,13.142065],[80.24803,13.143013],[80.248227,13.14316],[80.248484,13.142949],[80.248813,13.142703],[80.249016,13.14265],[80.249088,13.142773],[80.249001,13.142883],[80.24856,13.143291],[80.248648,13.143787],[80.248846,13.143784],[80.248955,13.143854],[80.249057,13.14394],[80.249373,13.145217],[80.249798,13.145144],[80.249846,13.145226],[80.250784,13.144906],[80.250766,13.144381],[80.251154,13.144242],[80.251511,13.144255],[80.252137,13.144068],[80.252464,13.14374],[80.25271,13.143283],[80.253557,13.143188],[80.253679,13.143439],[80.254439,13.143397],[80.254462,13.143018],[80.25458,13.142801],[80.2546,13.142285],[80.254511,13.141809],[80.253759,13.14178],[80.253023,13.141871],[80.252851,13.141842],[80.252958,13.141368],[80.253596,13.141248],[80.2542,13.141232],[80.254245,13.141135],[80.254209,13.140743],[80.254597,13.140504],[80.256453,13.140361],[80.2574,13.140478],[80.258552,13.140339],[80.258214,13.139201],[80.25886,13.138614],[80.256976,13.136254],[80.255849,13.136413],[80.255828,13.136555],[80.255677,13.136519],[80.255463,13.136213],[80.255221,13.135443],[80.255121,13.134875],[80.254918,13.134804],[80.254728,13.134212],[80.254036,13.134168],[80.253395,13.134077]]]}]}},{"type":"Feature","properties":{},"geometry":{"type":"GeometryCollection","geometries":[{"type":"LineString","coordinates":[[80.248019,13.129823],[80.247779,13.131068],[80.247785,13.131549],[80.247737,13.132191],[80.247336,13.132298],[80.247159,13.132328],[80.24693,13.132349],[80.246677,13.132346],[80.246665,13.13226],[80.246526,13.132073],[80.246329,13.132049],[80.246239,13.131938],[80.245686,13.131821],[80.245552,13.13153],[80.24546,13.131562],[80.245348,13.131808],[80.24531,13.132198],[80.245345,13.132628],[80.245407,13.132987],[80.24519,13.133013],[80.245131,13.132768],[80.244955,13.133022],[80.245034,13.133482],[80.245271,13.133766],[80.245213,13.134021],[80.245481,13.134383],[80.245502,13.134414],[80.245532,13.134483],[80.245591,13.134515],[80.245945,13.134824],[80.246383,13.135328],[80.246077,13.135506],[80.246221,13.136319],[80.246099,13.136659],[80.246118,13.136843],[80.246171,13.136914],[80.246214,13.136999],[80.245947,13.137141],[80.24497,13.13745],[80.244822,13.138153],[80.245255,13.138153],[80.245753,13.138068],[80.246369,13.137797],[80.247858,13.137191],[80.249245,13.136801],[80.250603,13.136614],[80.252126,13.136513],[80.253353,13.136397],[80.253568,13.136187],[80.253726,13.135733],[80.253585,13.135395],[80.253554,13.134501],[80.253395,13.134077],[80.253181,13.133806],[80.253121,13.132876],[80.253016,13.132442],[80.252911,13.13232],[80.25279,13.132237],[80.252527,13.132161],[80.252381,13.132017],[80.2523,13.131923],[80.252197,13.131889],[80.251844,13.131649],[80.251566,13.131655],[80.251394,13.131626],[80.25108,13.131414],[80.250769,13.131179],[80.250155,13.130811],[80.250092,13.130657],[80.250034,13.130452],[80.249718,13.130248],[80.249233,13.130105],[80.248428,13.12996],[80.248019,13.129823]]},{"type":"Polygon","coordinates":[[[80.248019,13.129823],[80.247779,13.131068],[80.247785,13.131549],[80.247737,13.132191],[80.247336,13.132298],[80.247159,13.132328],[80.24693,13.132349],[80.246677,13.132346],[80.246665,13.13226],[80.246526,13.132073],[80.246329,13.132049],[80.246239,13.131938],[80.245686,13.131821],[80.245552,13.13153],[80.24546,13.131562],[80.245348,13.131808],[80.24531,13.132198],[80.245345,13.132628],[80.245407,13.132987],[80.24519,13.133013],[80.245131,13.132768],[80.244955,13.133022],[80.245034,13.133482],[80.245271,13.133766],[80.245213,13.134021],[80.245481,13.134383],[80.245502,13.134414],[80.245532,13.134483],[80.245591,13.134515],[80.245945,13.134824],[80.246383,13.135328],[80.246077,13.135506],[80.246221,13.136319],[80.246099,13.136659],[80.246118,13.136843],[80.246171,13.136914],[80.246214,13.136999],[80.245947,13.137141],[80.24497,13.13745],[80.244822,13.138153],[80.245255,13.138153],[80.245753,13.138068],[80.246369,13.137797],[80.247858,13.137191],[80.249245,13.136801],[80.250603,13.136614],[80.252126,13.136513],[80.253353,13.136397],[80.253568,13.136187],[80.253726,13.135733],[80.253585,13.135395],[80.253554,13.134501],[80.253395,13.134077],[80.253181,13.133806],[80.253121,13.132876],[80.253016,13.132442],[80.252911,13.13232],[80.25279,13.132237],[80.252527,13.132161],[80.252381,13.132017],[80.2523,13.131923],[80.252197,13.131889],[80.251844,13.131649],[80.251566,13.131655],[80.251394,13.131626],[80.25108,13.131414],[80.250769,13.131179],[80.250155,13.130811],[80.250092,13.130657],[80.250034,13.130452],[80.249718,13.130248],[80.249233,13.130105],[80.248428,13.12996],[80.248019,13.129823]]]}]}},{"type":"Feature","properties":{},"geometry":{"type":"GeometryCollection","geometries":[{"type":"LineString","coordinates":[[80.248019,13.129823],[80.247775,13.129742],[80.247595,13.129698],[80.247475,13.129646],[80.247438,13.129799],[80.247175,13.129703],[80.246625,13.1294],[80.246393,13.129387],[80.246125,13.129405],[80.245727,13.129423],[80.245403,13.129499],[80.24491,13.1296],[80.244674,13.129601],[80.244439,13.129618],[80.24385,13.129694],[80.243623,13.129762],[80.242602,13.1301],[80.242478,13.130428],[80.242504,13.130578],[80.24291,13.130637],[80.243114,13.131513],[80.243619,13.131622],[80.243756,13.13133],[80.24394,13.131333],[80.244004,13.131287],[80.244055,13.131299],[80.244166,13.131438],[80.244595,13.13149],[80.244747,13.131527],[80.244923,13.131643],[80.245131,13.132768],[80.24519,13.133013],[80.245407,13.132987],[80.245345,13.132628],[80.24531,13.132198],[80.245348,13.131808],[80.24546,13.131562],[80.245552,13.13153],[80.245686,13.131821],[80.246239,13.131938],[80.246329,13.132049],[80.246526,13.132073],[80.246665,13.13226],[80.246677,13.132346],[80.24693,13.132349],[80.247159,13.132328],[80.247336,13.132298],[80.247737,13.132191],[80.247785,13.131549],[80.247779,13.131068],[80.248019,13.129823]]},{"type":"Polygon","coordinates":[[[80.248019,13.129823],[80.247775,13.129742],[80.247595,13.129698],[80.247475,13.129646],[80.247438,13.129799],[80.247175,13.129703],[80.246625,13.1294],[80.246393,13.129387],[80.246125,13.129405],[80.245727,13.129423],[80.245403,13.129499],[80.24491,13.1296],[80.244674,13.129601],[80.244439,13.129618],[80.24385,13.129694],[80.243623,13.129762],[80.242602,13.1301],[80.242478,13.130428],[80.242504,13.130578],[80.24291,13.130637],[80.243114,13.131513],[80.243619,13.131622],[80.243756,13.13133],[80.24394,13.131333],[80.244004,13.131287],[80.244055,13.131299],[80.244166,13.131438],[80.244595,13.13149],[80.244747,13.131527],[80.244923,13.131643],[80.245131,13.132768],[80.24519,13.133013],[80.245407,13.132987],[80.245345,13.132628],[80.24531,13.132198],[80.245348,13.131808],[80.24546,13.131562],[80.245552,13.13153],[80.245686,13.131821],[80.246239,13.131938],[80.246329,13.132049],[80.246526,13.132073],[80.246665,13.13226],[80.246677,13.132346],[80.24693,13.132349],[80.247159,13.132328],[80.247336,13.132298],[80.247737,13.132191],[80.247785,13.131549],[80.247779,13.131068],[80.248019,13.129823]]]}]}},{"type":"Feature","properties":{},"geometry":{"type":"GeometryCollection","geometries":[{"type":"LineString","coordinates":[[80.272123,13.114211],[80.272284,13.115279],[80.270897,13.115582],[80.271302,13.117244],[80.272792,13.116971],[80.273541,13.116902],[80.273591,13.117018],[80.273716,13.117007],[80.273723,13.116378],[80.273588,13.115918],[80.273526,13.115876],[80.273548,13.115709],[80.27422,13.115563],[80.275018,13.115417],[80.275011,13.115216],[80.272123,13.114211]]},{"type":"Polygon","coordinates":[[[80.272123,13.114211],[80.272284,13.115279],[80.270897,13.115582],[80.271302,13.117244],[80.272792,13.116971],[80.273541,13.116902],[80.273591,13.117018],[80.273716,13.117007],[80.273723,13.116378],[80.273588,13.115918],[80.273526,13.115876],[80.273548,13.115709],[80.27422,13.115563],[80.275018,13.115417],[80.275011,13.115216],[80.272123,13.114211]]]}]}},{"type":"Feature","properties":{},"geometry":{"type":"GeometryCollection","geometries":[{"type":"LineString","coordinates":[[80.288696,13.122665],[80.288968,13.122577],[80.288983,13.122655],[80.289139,13.122656],[80.289151,13.122521],[80.28967,13.122442],[80.289727,13.122691],[80.290056,13.122681],[80.290297,13.122698],[80.291688,13.122578],[80.291689,13.122578],[80.291746,13.122454],[80.292216,13.121711],[80.292154,13.12137],[80.291671,13.120955],[80.291639,13.120593],[80.291913,13.120412],[80.292137,13.119925],[80.292281,13.119707],[80.292198,13.119293],[80.29205,13.118377],[80.292815,13.118184],[80.292574,13.11664],[80.292394,13.115672],[80.29237,13.115266],[80.292499,13.115054],[80.292448,13.11484],[80.292085,13.114993],[80.292022,13.114327],[80.292492,13.11431],[80.292565,13.114289],[80.292567,13.114265],[80.292749,13.11423],[80.29292,13.114197],[80.292915,13.114169],[80.292967,13.114161],[80.293115,13.114081],[80.293179,13.114068],[80.29317,13.113992],[80.29263,13.111097],[80.292869,13.110955],[80.292814,13.110754],[80.292239,13.110809],[80.292009,13.109296],[80.29182,13.109241],[80.291492,13.109146],[80.29121,13.109147],[80.291128,13.108211],[80.290936,13.108231],[80.291077,13.109261],[80.29112,13.10957],[80.29115,13.109726],[80.291211,13.110177],[80.291212,13.110195],[80.290916,13.110207],[80.290839,13.109034],[80.290666,13.109037],[80.290256,13.109076],[80.290167,13.10828],[80.290014,13.108212],[80.289854,13.108285],[80.289839,13.109348],[80.28781,13.109727],[80.287001,13.10711],[80.286162,13.107155],[80.286198,13.107409],[80.285192,13.10785],[80.285399,13.108755],[80.285396,13.108915],[80.284829,13.109048],[80.284956,13.109487],[80.28476,13.109564],[80.284759,13.109636],[80.284882,13.109853],[80.284968,13.110164],[80.286111,13.110001],[80.286015,13.109605],[80.285971,13.109371],[80.286022,13.109264],[80.28617,13.109206],[80.286234,13.109423],[80.286734,13.109255],[80.287007,13.109991],[80.28712,13.109971],[80.287157,13.110061],[80.286382,13.110259],[80.286506,13.110642],[80.287336,13.110427],[80.2875,13.110679],[80.286671,13.110943],[80.286717,13.111043],[80.286796,13.111024],[80.286836,13.11112],[80.286411,13.111212],[80.286761,13.112152],[80.286975,13.112758],[80.286749,13.112792],[80.286151,13.112704],[80.286014,13.112706],[80.285785,13.111827],[80.285643,13.111378],[80.285407,13.111379],[80.285329,13.111388],[80.285286,13.111396],[80.28529,13.111424],[80.284885,13.111503],[80.284839,13.111513],[80.284497,13.111586],[80.28448,13.11156],[80.28443,13.111576],[80.284403,13.112358],[80.284416,13.112893],[80.284588,13.113091],[80.284771,13.114044],[80.284551,13.114097],[80.284383,13.114225],[80.284407,13.114388],[80.283801,13.114573],[80.283803,13.114704],[80.284463,13.114562],[80.284512,13.114624],[80.284529,13.114716],[80.284705,13.114723],[80.284751,13.11487],[80.284755,13.11501],[80.284539,13.114904],[80.283827,13.115071],[80.283574,13.115171],[80.283507,13.115665],[80.283354,13.11606],[80.283394,13.116178],[80.283635,13.116941],[80.283596,13.118106],[80.283595,13.118572],[80.283457,13.1191],[80.283632,13.119201],[80.285,13.118712],[80.285127,13.118877],[80.285105,13.11892],[80.285231,13.119214],[80.285366,13.119174],[80.285399,13.119322],[80.285179,13.119418],[80.284416,13.119701],[80.28448,13.120015],[80.284849,13.119914],[80.285126,13.120439],[80.28574,13.120211],[80.286084,13.121034],[80.28621,13.121335],[80.286323,13.121732],[80.285939,13.122024],[80.285584,13.122292],[80.285836,13.123227],[80.286352,13.123087],[80.286561,13.12303],[80.286497,13.122736],[80.286919,13.122544],[80.28706,13.12248],[80.288247,13.122189],[80.288456,13.123008],[80.288584,13.122973],[80.288586,13.122937],[80.288588,13.122933],[80.28873,13.122888],[80.288696,13.122665]]},{"type":"LineString","coordinates":[[80.295846,13.112417],[80.295437,13.111326],[80.295158,13.1113],[80.294401,13.11136],[80.294324,13.110972],[80.293571,13.111123],[80.293632,13.111392],[80.293464,13.111592],[80.293136,13.111612],[80.293635,13.113977],[80.294887,13.113715],[80.295517,13.113562],[80.296038,13.113435],[80.296154,13.113406],[80.295846,13.112417]]},{"type":"LineString","coordinates":[[80.295527,13.114091],[80.295761,13.113658],[80.295228,13.113771],[80.29473,13.113876],[80.294377,13.113948],[80.293941,13.114038],[80.293115,13.114215],[80.293115,13.114361],[80.293116,13.114516],[80.293118,13.114543],[80.293118,13.114543],[80.29322,13.115299],[80.293282,13.116081],[80.293445,13.117513],[80.294538,13.117396],[80.294597,13.117806],[80.295144,13.117737],[80.294918,13.116875],[80.294934,13.116574],[80.294541,13.114774],[80.294782,13.114728],[80.294699,13.114424],[80.295158,13.114357],[80.295195,13.114252],[80.295591,13.114203],[80.295527,13.114091]]},{"type":"LineString","coordinates":[[80.293622,13.119527],[80.293598,13.119257],[80.293621,13.119527],[80.293506,13.119644],[80.293622,13.119527]]},{"type":"Polygon","coordinates":[[[80.288696,13.122665],[80.288968,13.122577],[80.288983,13.122655],[80.289139,13.122656],[80.289151,13.122521],[80.28967,13.122442],[80.289727,13.122691],[80.290056,13.122681],[80.290297,13.122698],[80.291688,13.122578],[80.291689,13.122578],[80.291746,13.122454],[80.292216,13.121711],[80.292154,13.12137],[80.291671,13.120955],[80.291639,13.120593],[80.291913,13.120412],[80.292137,13.119925],[80.292281,13.119707],[80.292198,13.119293],[80.29205,13.118377],[80.292815,13.118184],[80.292574,13.11664],[80.292394,13.115672],[80.29237,13.115266],[80.292499,13.115054],[80.292448,13.11484],[80.292085,13.114993],[80.292022,13.114327],[80.292492,13.11431],[80.292565,13.114289],[80.292567,13.114265],[80.292749,13.11423],[80.29292,13.114197],[80.292915,13.114169],[80.292967,13.114161],[80.293115,13.114081],[80.293179,13.114068],[80.29317,13.113992],[80.29263,13.111097],[80.292869,13.110955],[80.292814,13.110754],[80.292239,13.110809],[80.292009,13.109296],[80.29182,13.109241],[80.291492,13.109146],[80.29121,13.109147],[80.291128,13.108211],[80.290936,13.108231],[80.291077,13.109261],[80.29112,13.10957],[80.29115,13.109726],[80.291211,13.110177],[80.291212,13.110195],[80.290916,13.110207],[80.290839,13.109034],[80.290666,13.109037],[80.290256,13.109076],[80.290167,13.10828],[80.290014,13.108212],[80.289854,13.108285],[80.289839,13.109348],[80.28781,13.109727],[80.287001,13.10711],[80.286162,13.107155],[80.286198,13.107409],[80.285192,13.10785],[80.285399,13.108755],[80.285396,13.108915],[80.284829,13.109048],[80.284956,13.109487],[80.28476,13.109564],[80.284759,13.109636],[80.284882,13.109853],[80.284968,13.110164],[80.286111,13.110001],[80.286015,13.109605],[80.285971,13.109371],[80.286022,13.109264],[80.28617,13.109206],[80.286234,13.109423],[80.286734,13.109255],[80.287007,13.109991],[80.28712,13.109971],[80.287157,13.110061],[80.286382,13.110259],[80.286506,13.110642],[80.287336,13.110427],[80.2875,13.110679],[80.286671,13.110943],[80.286717,13.111043],[80.286796,13.111024],[80.286836,13.11112],[80.286411,13.111212],[80.286761,13.112152],[80.286975,13.112758],[80.286749,13.112792],[80.286151,13.112704],[80.286014,13.112706],[80.285785,13.111827],[80.285643,13.111378],[80.285407,13.111379],[80.285329,13.111388],[80.285286,13.111396],[80.28529,13.111424],[80.284885,13.111503],[80.284839,13.111513],[80.284497,13.111586],[80.28448,13.11156],[80.28443,13.111576],[80.284403,13.112358],[80.284416,13.112893],[80.284588,13.113091],[80.284771,13.114044],[80.284551,13.114097],[80.284383,13.114225],[80.284407,13.114388],[80.283801,13.114573],[80.283803,13.114704],[80.284463,13.114562],[80.284512,13.114624],[80.284529,13.114716],[80.284705,13.114723],[80.284751,13.11487],[80.284755,13.11501],[80.284539,13.114904],[80.283827,13.115071],[80.283574,13.115171],[80.283507,13.115665],[80.283354,13.11606],[80.283394,13.116178],[80.283635,13.116941],[80.283596,13.118106],[80.283595,13.118572],[80.283457,13.1191],[80.283632,13.119201],[80.285,13.118712],[80.285127,13.118877],[80.285105,13.11892],[80.285231,13.119214],[80.285366,13.119174],[80.285399,13.119322],[80.285179,13.119418],[80.284416,13.119701],[80.28448,13.120015],[80.284849,13.119914],[80.285126,13.120439],[80.28574,13.120211],[80.286084,13.121034],[80.28621,13.121335],[80.286323,13.121732],[80.285939,13.122024],[80.285584,13.122292],[80.285836,13.123227],[80.286352,13.123087],[80.286561,13.12303],[80.286497,13.122736],[80.286919,13.122544],[80.28706,13.12248],[80.288247,13.122189],[80.288456,13.123008],[80.288584,13.122973],[80.288586,13.122937],[80.288588,13.122933],[80.28873,13.122888],[80.288696,13.122665]]]},{"type":"Polygon","coordinates":[[[80.295846,13.112417],[80.295437,13.111326],[80.295158,13.1113],[80.294401,13.11136],[80.294324,13.110972],[80.293571,13.111123],[80.293632,13.111392],[80.293464,13.111592],[80.293136,13.111612],[80.293635,13.113977],[80.294887,13.113715],[80.295517,13.113562],[80.296038,13.113435],[80.296154,13.113406],[80.295846,13.112417]]]},{"type":"Polygon","coordinates":[[[80.295527,13.114091],[80.295761,13.113658],[80.295228,13.113771],[80.29473,13.113876],[80.294377,13.113948],[80.293941,13.114038],[80.293115,13.114215],[80.293115,13.114361],[80.293116,13.114516],[80.293118,13.114543],[80.293118,13.114543],[80.29322,13.115299],[80.293282,13.116081],[80.293445,13.117513],[80.294538,13.117396],[80.294597,13.117806],[80.295144,13.117737],[80.294918,13.116875],[80.294934,13.116574],[80.294541,13.114774],[80.294782,13.114728],[80.294699,13.114424],[80.295158,13.114357],[80.295195,13.114252],[80.295591,13.114203],[80.295527,13.114091]]]},{"type":"Polygon","coordinates":[[[80.293622,13.119527],[80.293598,13.119257],[80.293621,13.119527],[80.293506,13.119644],[80.293622,13.119527]]]}]}},{"type":"Feature","properties":{},"geometry":{"type":"GeometryCollection","geometries":[{"type":"LineString","coordinates":[[80.292506,13.12259],[80.292506,13.122589],[80.292347,13.122627],[80.292347,13.122628],[80.292356,13.122711],[80.292355,13.122711],[80.292063,13.122754],[80.291853,13.122825],[80.291839,13.122828],[80.291839,13.122829],[80.292119,13.124325],[80.292803,13.124279],[80.292506,13.12259]]},{"type":"Polygon","coordinates":[[[80.292506,13.12259],[80.292506,13.122589],[80.292347,13.122627],[80.292347,13.122628],[80.292356,13.122711],[80.292355,13.122711],[80.292063,13.122754],[80.291853,13.122825],[80.291839,13.122828],[80.291839,13.122829],[80.292119,13.124325],[80.292803,13.124279],[80.292506,13.12259]]]}]}},{"type":"Feature","properties":{},"geometry":{"type":"GeometryCollection","geometries":[{"type":"LineString","coordinates":[[80.286084,13.121034],[80.28574,13.120211],[80.285126,13.120439],[80.284849,13.119914],[80.28448,13.120015],[80.284416,13.119701],[80.285157,13.119427],[80.285179,13.119418],[80.285399,13.119322],[80.285366,13.119174],[80.285231,13.119214],[80.285105,13.11892],[80.285127,13.118877],[80.285,13.118712],[80.283632,13.119201],[80.283457,13.1191],[80.283404,13.11969],[80.283043,13.119694],[80.283057,13.120454],[80.282715,13.120483],[80.282742,13.120688],[80.282337,13.120809],[80.282491,13.121014],[80.282816,13.121229],[80.282874,13.121401],[80.283681,13.121533],[80.283894,13.121586],[80.284022,13.121766],[80.284267,13.122053],[80.284484,13.121959],[80.284788,13.121716],[80.284821,13.12158],[80.28563,13.12123],[80.286084,13.121034]]},{"type":"Polygon","coordinates":[[[80.286084,13.121034],[80.28574,13.120211],[80.285126,13.120439],[80.284849,13.119914],[80.28448,13.120015],[80.284416,13.119701],[80.285157,13.119427],[80.285179,13.119418],[80.285399,13.119322],[80.285366,13.119174],[80.285231,13.119214],[80.285105,13.11892],[80.285127,13.118877],[80.285,13.118712],[80.283632,13.119201],[80.283457,13.1191],[80.283404,13.11969],[80.283043,13.119694],[80.283057,13.120454],[80.282715,13.120483],[80.282742,13.120688],[80.282337,13.120809],[80.282491,13.121014],[80.282816,13.121229],[80.282874,13.121401],[80.283681,13.121533],[80.283894,13.121586],[80.284022,13.121766],[80.284267,13.122053],[80.284484,13.121959],[80.284788,13.121716],[80.284821,13.12158],[80.28563,13.12123],[80.286084,13.121034]]]}]}},{"type":"Feature","properties":{},"geometry":{"type":"GeometryCollection","geometries":[{"type":"LineString","coordinates":[[80.292096,13.126594],[80.29233,13.127585],[80.292547,13.127606],[80.292801,13.127541],[80.293317,13.127312],[80.293344,13.127374],[80.293364,13.127365],[80.293608,13.127201],[80.293586,13.127143],[80.29329,13.12624],[80.292733,13.126387],[80.292096,13.126594]]},{"type":"Polygon","coordinates":[[[80.292096,13.126594],[80.29233,13.127585],[80.292547,13.127606],[80.292801,13.127541],[80.293317,13.127312],[80.293344,13.127374],[80.293364,13.127365],[80.293608,13.127201],[80.293586,13.127143],[80.29329,13.12624],[80.292733,13.126387],[80.292096,13.126594]]]}]}},{"type":"Feature","properties":{},"geometry":{"type":"GeometryCollection","geometries":[{"type":"LineString","coordinates":[[80.277249,13.141086],[80.281747,13.139248],[80.28284,13.139445],[80.286133,13.141014],[80.286511,13.137068],[80.283151,13.131271],[80.284608,13.130955],[80.283516,13.128943],[80.282671,13.125639],[80.278375,13.126404],[80.277751,13.126309],[80.276378,13.126143],[80.274822,13.126193],[80.273363,13.126219],[80.272086,13.125268],[80.268421,13.126334],[80.269066,13.127139],[80.269984,13.128498],[80.271631,13.131484],[80.274531,13.131071],[80.275361,13.134252],[80.277249,13.141086]]},{"type":"Polygon","coordinates":[[[80.277249,13.141086],[80.281747,13.139248],[80.28284,13.139445],[80.286133,13.141014],[80.286511,13.137068],[80.283151,13.131271],[80.284608,13.130955],[80.283516,13.128943],[80.282671,13.125639],[80.278375,13.126404],[80.277751,13.126309],[80.276378,13.126143],[80.274822,13.126193],[80.273363,13.126219],[80.272086,13.125268],[80.268421,13.126334],[80.269066,13.127139],[80.269984,13.128498],[80.271631,13.131484],[80.274531,13.131071],[80.275361,13.134252],[80.277249,13.141086]]]}]}},{"type":"Feature","properties":{},"geometry":{"type":"GeometryCollection","geometries":[{"type":"LineString","coordinates":[[80.282671,13.125639],[80.278969,13.122074],[80.277878,13.119343],[80.277669,13.118957],[80.275972,13.119206],[80.275815,13.119213],[80.275378,13.119226],[80.274576,13.118869],[80.274281,13.118715],[80.274244,13.11883],[80.273834,13.118798],[80.273331,13.118818],[80.273357,13.118976],[80.273164,13.119002],[80.273116,13.119057],[80.273129,13.119115],[80.273018,13.119151],[80.272999,13.119076],[80.272758,13.119135],[80.272769,13.119182],[80.272867,13.119714],[80.27196,13.119943],[80.273088,13.124577],[80.272086,13.125268],[80.273363,13.126219],[80.274822,13.126193],[80.276378,13.126143],[80.277751,13.126309],[80.278375,13.126404],[80.282671,13.125639]]},{"type":"Polygon","coordinates":[[[80.282671,13.125639],[80.278969,13.122074],[80.277878,13.119343],[80.277669,13.118957],[80.275972,13.119206],[80.275815,13.119213],[80.275378,13.119226],[80.274576,13.118869],[80.274281,13.118715],[80.274244,13.11883],[80.273834,13.118798],[80.273331,13.118818],[80.273357,13.118976],[80.273164,13.119002],[80.273116,13.119057],[80.273129,13.119115],[80.273018,13.119151],[80.272999,13.119076],[80.272758,13.119135],[80.272769,13.119182],[80.272867,13.119714],[80.27196,13.119943],[80.273088,13.124577],[80.272086,13.125268],[80.273363,13.126219],[80.274822,13.126193],[80.276378,13.126143],[80.277751,13.126309],[80.278375,13.126404],[80.282671,13.125639]]]}]}},{"type":"Feature","properties":{},"geometry":{"type":"GeometryCollection","geometries":[{"type":"LineString","coordinates":[[80.289314,13.144975],[80.290278,13.145041],[80.290238,13.144573],[80.290789,13.14444],[80.290985,13.145023],[80.291545,13.145107],[80.292068,13.14556],[80.292335,13.145504],[80.292292,13.145256],[80.29342,13.145047],[80.293355,13.144584],[80.294567,13.144497],[80.296641,13.144275],[80.296825,13.144255],[80.296332,13.14365],[80.295578,13.143107],[80.294816,13.141777],[80.294576,13.141566],[80.294627,13.141482],[80.294308,13.139234],[80.293937,13.138885],[80.293883,13.138735],[80.293754,13.138779],[80.293612,13.138647],[80.293553,13.138322],[80.293689,13.138131],[80.293473,13.137082],[80.293248,13.136744],[80.293059,13.136714],[80.293015,13.136497],[80.292899,13.136525],[80.292832,13.13653],[80.292676,13.136578],[80.292569,13.136667],[80.29246,13.136666],[80.292427,13.136665],[80.292377,13.136685],[80.292339,13.136774],[80.292235,13.136763],[80.292034,13.136227],[80.290922,13.136119],[80.289291,13.136191],[80.288782,13.136677],[80.288116,13.137326],[80.286511,13.137068],[80.286133,13.141014],[80.288685,13.144969],[80.289405,13.145371],[80.289314,13.144975]]},{"type":"Polygon","coordinates":[[[80.289314,13.144975],[80.290278,13.145041],[80.290238,13.144573],[80.290789,13.14444],[80.290985,13.145023],[80.291545,13.145107],[80.292068,13.14556],[80.292335,13.145504],[80.292292,13.145256],[80.29342,13.145047],[80.293355,13.144584],[80.294567,13.144497],[80.296641,13.144275],[80.296825,13.144255],[80.296332,13.14365],[80.295578,13.143107],[80.294816,13.141777],[80.294576,13.141566],[80.294627,13.141482],[80.294308,13.139234],[80.293937,13.138885],[80.293883,13.138735],[80.293754,13.138779],[80.293612,13.138647],[80.293553,13.138322],[80.293689,13.138131],[80.293473,13.137082],[80.293248,13.136744],[80.293059,13.136714],[80.293015,13.136497],[80.292899,13.136525],[80.292832,13.13653],[80.292676,13.136578],[80.292569,13.136667],[80.29246,13.136666],[80.292427,13.136665],[80.292377,13.136685],[80.292339,13.136774],[80.292235,13.136763],[80.292034,13.136227],[80.290922,13.136119],[80.289291,13.136191],[80.288782,13.136677],[80.288116,13.137326],[80.286511,13.137068],[80.286133,13.141014],[80.288685,13.144969],[80.289405,13.145371],[80.289314,13.144975]]]}]}},{"type":"Feature","properties":{},"geometry":{"type":"GeometryCollection","geometries":[{"type":"LineString","coordinates":[[80.276944,13.114855],[80.276294,13.114953],[80.276614,13.116441],[80.277928,13.116336],[80.27782,13.115446],[80.277799,13.115299],[80.277883,13.115292],[80.277869,13.114926],[80.277837,13.11472],[80.276944,13.114855]]},{"type":"Polygon","coordinates":[[[80.276944,13.114855],[80.276294,13.114953],[80.276614,13.116441],[80.277928,13.116336],[80.27782,13.115446],[80.277799,13.115299],[80.277883,13.115292],[80.277869,13.114926],[80.277837,13.11472],[80.276944,13.114855]]]}]}},{"type":"Feature","properties":{},"geometry":{"type":"GeometryCollection","geometries":[{"type":"LineString","coordinates":[[80.276692,13.09619],[80.276682,13.096085],[80.276988,13.096046],[80.276945,13.095704],[80.276986,13.095655],[80.277041,13.09567],[80.277098,13.095865],[80.27729,13.095866],[80.277484,13.095604],[80.277559,13.095317],[80.278938,13.095353],[80.279044,13.095271],[80.279265,13.094944],[80.279596,13.094862],[80.279442,13.093896],[80.2794,13.093628],[80.27962,13.093606],[80.279559,13.092725],[80.279003,13.092676],[80.278875,13.091941],[80.278319,13.092011],[80.278267,13.091315],[80.27866,13.091278],[80.278632,13.090988],[80.278353,13.091009],[80.278361,13.08999],[80.278348,13.089859],[80.278179,13.089505],[80.278134,13.089512],[80.278133,13.089487],[80.278109,13.089487],[80.278106,13.089516],[80.278025,13.089521],[80.277969,13.089533],[80.277822,13.089601],[80.277679,13.089533],[80.277679,13.089411],[80.277231,13.08944],[80.277193,13.089372],[80.277507,13.088855],[80.276959,13.088631],[80.277159,13.087875],[80.277037,13.087319],[80.277039,13.087287],[80.277138,13.087292],[80.277612,13.086977],[80.277656,13.086847],[80.277885,13.086677],[80.277773,13.086254],[80.277997,13.08627],[80.278081,13.08626],[80.278601,13.085498],[80.27837,13.08425],[80.278497,13.083687],[80.2789,13.083747],[80.278939,13.084026],[80.278897,13.08402],[80.278461,13.083962],[80.278449,13.084086],[80.278539,13.084086],[80.278961,13.084069],[80.279021,13.084538],[80.279028,13.084583],[80.279037,13.084615],[80.279114,13.084565],[80.278976,13.083766],[80.279097,13.0837],[80.279589,13.083691],[80.279558,13.082568],[80.281321,13.081007],[80.276301,13.080447],[80.275265,13.086],[80.275061,13.086033],[80.274955,13.08605],[80.272603,13.086431],[80.27252,13.08893],[80.272442,13.091311],[80.27341,13.092387],[80.272567,13.093777],[80.274055,13.096127],[80.274425,13.096152],[80.274611,13.096151],[80.274615,13.09633],[80.275437,13.096345],[80.27555,13.096486],[80.276656,13.096219],[80.276692,13.09619]]},{"type":"Polygon","coordinates":[[[80.276692,13.09619],[80.276682,13.096085],[80.276988,13.096046],[80.276945,13.095704],[80.276986,13.095655],[80.277041,13.09567],[80.277098,13.095865],[80.27729,13.095866],[80.277484,13.095604],[80.277559,13.095317],[80.278938,13.095353],[80.279044,13.095271],[80.279265,13.094944],[80.279596,13.094862],[80.279442,13.093896],[80.2794,13.093628],[80.27962,13.093606],[80.279559,13.092725],[80.279003,13.092676],[80.278875,13.091941],[80.278319,13.092011],[80.278267,13.091315],[80.27866,13.091278],[80.278632,13.090988],[80.278353,13.091009],[80.278361,13.08999],[80.278348,13.089859],[80.278179,13.089505],[80.278134,13.089512],[80.278133,13.089487],[80.278109,13.089487],[80.278106,13.089516],[80.278025,13.089521],[80.277969,13.089533],[80.277822,13.089601],[80.277679,13.089533],[80.277679,13.089411],[80.277231,13.08944],[80.277193,13.089372],[80.277507,13.088855],[80.276959,13.088631],[80.277159,13.087875],[80.277037,13.087319],[80.277039,13.087287],[80.277138,13.087292],[80.277612,13.086977],[80.277656,13.086847],[80.277885,13.086677],[80.277773,13.086254],[80.277997,13.08627],[80.278081,13.08626],[80.278601,13.085498],[80.27837,13.08425],[80.278497,13.083687],[80.2789,13.083747],[80.278939,13.084026],[80.278897,13.08402],[80.278461,13.083962],[80.278449,13.084086],[80.278539,13.084086],[80.278961,13.084069],[80.279021,13.084538],[80.279028,13.084583],[80.279037,13.084615],[80.279114,13.084565],[80.278976,13.083766],[80.279097,13.0837],[80.279589,13.083691],[80.279558,13.082568],[80.281321,13.081007],[80.276301,13.080447],[80.275265,13.086],[80.275061,13.086033],[80.274955,13.08605],[80.272603,13.086431],[80.27252,13.08893],[80.272442,13.091311],[80.27341,13.092387],[80.272567,13.093777],[80.274055,13.096127],[80.274425,13.096152],[80.274611,13.096151],[80.274615,13.09633],[80.275437,13.096345],[80.27555,13.096486],[80.276656,13.096219],[80.276692,13.09619]]]}]}},{"type":"Feature","properties":{},"geometry":{"type":"GeometryCollection","geometries":[{"type":"LineString","coordinates":[[80.274139,13.077098],[80.272443,13.076824],[80.272314,13.077559],[80.272125,13.07757],[80.272136,13.07781],[80.273989,13.078005],[80.274139,13.077098]]},{"type":"Polygon","coordinates":[[[80.274139,13.077098],[80.272443,13.076824],[80.272314,13.077559],[80.272125,13.07757],[80.272136,13.07781],[80.273989,13.078005],[80.274139,13.077098]]]}]}},{"type":"Feature","properties":{},"geometry":{"type":"GeometryCollection","geometries":[{"type":"LineString","coordinates":[[80.281575,13.103586],[80.281677,13.103074],[80.281737,13.102806],[80.281968,13.102425],[80.282174,13.102428],[80.282191,13.102538],[80.282438,13.10258],[80.28278,13.102383],[80.283173,13.102271],[80.283326,13.102252],[80.283316,13.102059],[80.28357,13.102019],[80.283977,13.1019],[80.283999,13.101894],[80.284317,13.101809],[80.284231,13.101217],[80.284125,13.100507],[80.283821,13.100542],[80.283756,13.099942],[80.283699,13.099419],[80.283414,13.099412],[80.283303,13.098445],[80.283289,13.098327],[80.283153,13.098354],[80.282762,13.098381],[80.282665,13.097743],[80.282504,13.097756],[80.282432,13.097124],[80.28243,13.09711],[80.282444,13.097001],[80.282388,13.096902],[80.282352,13.096644],[80.281201,13.096761],[80.28117,13.096565],[80.280922,13.0966],[80.280781,13.095955],[80.280781,13.095938],[80.280675,13.095147],[80.280312,13.095174],[80.280329,13.095494],[80.280085,13.095524],[80.280124,13.097037],[80.28015,13.098458],[80.280185,13.098452],[80.280209,13.099582],[80.280755,13.099622],[80.280846,13.099621],[80.280815,13.099912],[80.280986,13.100594],[80.281055,13.100592],[80.281165,13.101847],[80.28135,13.102583],[80.281625,13.102635],[80.281521,13.103185],[80.281475,13.103171],[80.281309,13.103547],[80.281575,13.103586]]},{"type":"Polygon","coordinates":[[[80.281575,13.103586],[80.281677,13.103074],[80.281737,13.102806],[80.281968,13.102425],[80.282174,13.102428],[80.282191,13.102538],[80.282438,13.10258],[80.28278,13.102383],[80.283173,13.102271],[80.283326,13.102252],[80.283316,13.102059],[80.28357,13.102019],[80.283977,13.1019],[80.283999,13.101894],[80.284317,13.101809],[80.284231,13.101217],[80.284125,13.100507],[80.283821,13.100542],[80.283756,13.099942],[80.283699,13.099419],[80.283414,13.099412],[80.283303,13.098445],[80.283289,13.098327],[80.283153,13.098354],[80.282762,13.098381],[80.282665,13.097743],[80.282504,13.097756],[80.282432,13.097124],[80.28243,13.09711],[80.282444,13.097001],[80.282388,13.096902],[80.282352,13.096644],[80.281201,13.096761],[80.28117,13.096565],[80.280922,13.0966],[80.280781,13.095955],[80.280781,13.095938],[80.280675,13.095147],[80.280312,13.095174],[80.280329,13.095494],[80.280085,13.095524],[80.280124,13.097037],[80.28015,13.098458],[80.280185,13.098452],[80.280209,13.099582],[80.280755,13.099622],[80.280846,13.099621],[80.280815,13.099912],[80.280986,13.100594],[80.281055,13.100592],[80.281165,13.101847],[80.28135,13.102583],[80.281625,13.102635],[80.281521,13.103185],[80.281475,13.103171],[80.281309,13.103547],[80.281575,13.103586]]]}]}},{"type":"Feature","properties":{},"geometry":{"type":"GeometryCollection","geometries":[{"type":"LineString","coordinates":[[80.287343,13.104324],[80.289938,13.103174],[80.290138,13.103584],[80.290159,13.103637],[80.290837,13.103437],[80.290841,13.103385],[80.291303,13.103427],[80.291167,13.104187],[80.291027,13.104965],[80.292695,13.104823],[80.295236,13.103478],[80.295115,13.100115],[80.290717,13.088591],[80.29027,13.089068],[80.290347,13.089978],[80.289919,13.090108],[80.289853,13.089713],[80.289286,13.089807],[80.289285,13.089966],[80.288919,13.090063],[80.288656,13.088968],[80.288275,13.088988],[80.288197,13.089913],[80.288227,13.090625],[80.288243,13.091018],[80.288245,13.091047],[80.288276,13.091391],[80.288618,13.091316],[80.288741,13.092093],[80.288856,13.092822],[80.28816,13.092889],[80.28816,13.092889],[80.287677,13.092941],[80.286946,13.09302],[80.287078,13.093968],[80.287084,13.094046],[80.286877,13.094101],[80.286889,13.094416],[80.286642,13.094465],[80.286398,13.094515],[80.286405,13.094719],[80.286287,13.094747],[80.286298,13.094869],[80.286308,13.095006],[80.286313,13.095079],[80.286329,13.095282],[80.285641,13.095384],[80.285162,13.095455],[80.285096,13.094846],[80.284816,13.094897],[80.284843,13.095184],[80.284667,13.095215],[80.284624,13.094852],[80.284487,13.09488],[80.284509,13.095366],[80.284304,13.095401],[80.284186,13.095432],[80.283734,13.095552],[80.283701,13.095305],[80.282912,13.095424],[80.282602,13.095459],[80.282484,13.095463],[80.282413,13.094767],[80.282103,13.094841],[80.282178,13.095662],[80.281658,13.095748],[80.281569,13.095327],[80.281453,13.094782],[80.281377,13.094187],[80.280597,13.094354],[80.280675,13.095147],[80.280781,13.095938],[80.280781,13.095955],[80.280922,13.0966],[80.28117,13.096565],[80.281201,13.096761],[80.282352,13.096644],[80.282388,13.096902],[80.282444,13.097001],[80.28243,13.09711],[80.282504,13.097756],[80.282665,13.097743],[80.282762,13.098381],[80.283153,13.098354],[80.283289,13.098327],[80.283414,13.099412],[80.283699,13.099419],[80.283756,13.099942],[80.283821,13.100542],[80.284125,13.100507],[80.284317,13.101809],[80.283999,13.101894],[80.283977,13.1019],[80.28357,13.102019],[80.283316,13.102059],[80.283326,13.102252],[80.283173,13.102271],[80.28278,13.102383],[80.282438,13.10258],[80.282191,13.102538],[80.282174,13.102428],[80.281968,13.102425],[80.281737,13.102806],[80.281677,13.103074],[80.281575,13.103586],[80.281309,13.103547],[80.280727,13.103635],[80.280719,13.104898],[80.282618,13.104347],[80.283986,13.104147],[80.285192,13.10785],[80.286198,13.107409],[80.286162,13.107155],[80.286064,13.106569],[80.286336,13.105133],[80.286364,13.104987],[80.287221,13.104671],[80.287343,13.104324]]},{"type":"Polygon","coordinates":[[[80.287343,13.104324],[80.289938,13.103174],[80.290138,13.103584],[80.290159,13.103637],[80.290837,13.103437],[80.290841,13.103385],[80.291303,13.103427],[80.291167,13.104187],[80.291027,13.104965],[80.292695,13.104823],[80.295236,13.103478],[80.295115,13.100115],[80.290717,13.088591],[80.29027,13.089068],[80.290347,13.089978],[80.289919,13.090108],[80.289853,13.089713],[80.289286,13.089807],[80.289285,13.089966],[80.288919,13.090063],[80.288656,13.088968],[80.288275,13.088988],[80.288197,13.089913],[80.288227,13.090625],[80.288243,13.091018],[80.288245,13.091047],[80.288276,13.091391],[80.288618,13.091316],[80.288741,13.092093],[80.288856,13.092822],[80.28816,13.092889],[80.28816,13.092889],[80.287677,13.092941],[80.286946,13.09302],[80.287078,13.093968],[80.287084,13.094046],[80.286877,13.094101],[80.286889,13.094416],[80.286642,13.094465],[80.286398,13.094515],[80.286405,13.094719],[80.286287,13.094747],[80.286298,13.094869],[80.286308,13.095006],[80.286313,13.095079],[80.286329,13.095282],[80.285641,13.095384],[80.285162,13.095455],[80.285096,13.094846],[80.284816,13.094897],[80.284843,13.095184],[80.284667,13.095215],[80.284624,13.094852],[80.284487,13.09488],[80.284509,13.095366],[80.284304,13.095401],[80.284186,13.095432],[80.283734,13.095552],[80.283701,13.095305],[80.282912,13.095424],[80.282602,13.095459],[80.282484,13.095463],[80.282413,13.094767],[80.282103,13.094841],[80.282178,13.095662],[80.281658,13.095748],[80.281569,13.095327],[80.281453,13.094782],[80.281377,13.094187],[80.280597,13.094354],[80.280675,13.095147],[80.280781,13.095938],[80.280781,13.095955],[80.280922,13.0966],[80.28117,13.096565],[80.281201,13.096761],[80.282352,13.096644],[80.282388,13.096902],[80.282444,13.097001],[80.28243,13.09711],[80.282504,13.097756],[80.282665,13.097743],[80.282762,13.098381],[80.283153,13.098354],[80.283289,13.098327],[80.283414,13.099412],[80.283699,13.099419],[80.283756,13.099942],[80.283821,13.100542],[80.284125,13.100507],[80.284317,13.101809],[80.283999,13.101894],[80.283977,13.1019],[80.28357,13.102019],[80.283316,13.102059],[80.283326,13.102252],[80.283173,13.102271],[80.28278,13.102383],[80.282438,13.10258],[80.282191,13.102538],[80.282174,13.102428],[80.281968,13.102425],[80.281737,13.102806],[80.281677,13.103074],[80.281575,13.103586],[80.281309,13.103547],[80.280727,13.103635],[80.280719,13.104898],[80.282618,13.104347],[80.283986,13.104147],[80.285192,13.10785],[80.286198,13.107409],[80.286162,13.107155],[80.286064,13.106569],[80.286336,13.105133],[80.286364,13.104987],[80.287221,13.104671],[80.287343,13.104324]]]}]}},{"type":"Feature","properties":{},"geometry":{"type":"GeometryCollection","geometries":[{"type":"LineString","coordinates":[[80.277902,13.110298],[80.280487,13.109311],[80.282171,13.108983],[80.282949,13.108586],[80.283653,13.108329],[80.283201,13.107567],[80.283144,13.107237],[80.282654,13.10697],[80.281856,13.106889],[80.281456,13.106113],[80.280944,13.106051],[80.280482,13.105995],[80.279865,13.105818],[80.279777,13.10582],[80.279654,13.105941],[80.279637,13.106175],[80.279136,13.106159],[80.279012,13.1062],[80.278979,13.106363],[80.27891,13.106709],[80.278117,13.106512],[80.278055,13.106864],[80.277907,13.106864],[80.277851,13.107018],[80.27834,13.107148],[80.278263,13.10736],[80.278039,13.107314],[80.276263,13.108941],[80.274084,13.110156],[80.27813,13.109799],[80.277902,13.110298]]},{"type":"Polygon","coordinates":[[[80.277902,13.110298],[80.280487,13.109311],[80.282171,13.108983],[80.282949,13.108586],[80.283653,13.108329],[80.283201,13.107567],[80.283144,13.107237],[80.282654,13.10697],[80.281856,13.106889],[80.281456,13.106113],[80.280944,13.106051],[80.280482,13.105995],[80.279865,13.105818],[80.279777,13.10582],[80.279654,13.105941],[80.279637,13.106175],[80.279136,13.106159],[80.279012,13.1062],[80.278979,13.106363],[80.27891,13.106709],[80.278117,13.106512],[80.278055,13.106864],[80.277907,13.106864],[80.277851,13.107018],[80.27834,13.107148],[80.278263,13.10736],[80.278039,13.107314],[80.276263,13.108941],[80.274084,13.110156],[80.27813,13.109799],[80.277902,13.110298]]]}]}},{"type":"Feature","properties":{},"geometry":{"type":"GeometryCollection","geometries":[{"type":"LineString","coordinates":[[80.280755,13.099622],[80.280209,13.099582],[80.280185,13.098452],[80.28015,13.098458],[80.280124,13.097037],[80.280085,13.095524],[80.280329,13.095494],[80.280312,13.095174],[80.279658,13.095228],[80.279596,13.094862],[80.279265,13.094944],[80.279044,13.095271],[80.278938,13.095353],[80.277559,13.095317],[80.277484,13.095604],[80.27729,13.095866],[80.277098,13.095865],[80.277041,13.09567],[80.276986,13.095655],[80.276945,13.095704],[80.276988,13.096046],[80.276682,13.096085],[80.276692,13.09619],[80.276656,13.096219],[80.27555,13.096486],[80.275437,13.096345],[80.274615,13.09633],[80.274611,13.096151],[80.274425,13.096152],[80.274055,13.096127],[80.274136,13.100259],[80.273899,13.101089],[80.27376,13.101566],[80.273502,13.102496],[80.273193,13.103613],[80.273146,13.104021],[80.274016,13.104343],[80.274092,13.104271],[80.274242,13.104134],[80.274551,13.104197],[80.274456,13.10534],[80.274474,13.105627],[80.274411,13.105803],[80.274181,13.105788],[80.273507,13.105829],[80.273344,13.106315],[80.273287,13.106742],[80.273211,13.107351],[80.273129,13.10806],[80.274084,13.110156],[80.276263,13.108941],[80.278039,13.107314],[80.278263,13.10736],[80.27834,13.107148],[80.277851,13.107018],[80.277907,13.106864],[80.278055,13.106864],[80.278117,13.106512],[80.27891,13.106709],[80.278979,13.106363],[80.279012,13.1062],[80.279136,13.106159],[80.279637,13.106175],[80.279654,13.105941],[80.279777,13.10582],[80.279865,13.105818],[80.280482,13.105995],[80.280944,13.106051],[80.281456,13.106113],[80.281856,13.106889],[80.282654,13.10697],[80.283001,13.10615],[80.283456,13.106037],[80.283419,13.105147],[80.282745,13.105212],[80.282618,13.104347],[80.280719,13.104898],[80.280727,13.103635],[80.281309,13.103547],[80.281475,13.103171],[80.281521,13.103185],[80.281625,13.102635],[80.28135,13.102583],[80.281165,13.101847],[80.281055,13.100592],[80.280986,13.100594],[80.280815,13.099912],[80.280846,13.099621],[80.280755,13.099622]]},{"type":"Polygon","coordinates":[[[80.280755,13.099622],[80.280209,13.099582],[80.280185,13.098452],[80.28015,13.098458],[80.280124,13.097037],[80.280085,13.095524],[80.280329,13.095494],[80.280312,13.095174],[80.279658,13.095228],[80.279596,13.094862],[80.279265,13.094944],[80.279044,13.095271],[80.278938,13.095353],[80.277559,13.095317],[80.277484,13.095604],[80.27729,13.095866],[80.277098,13.095865],[80.277041,13.09567],[80.276986,13.095655],[80.276945,13.095704],[80.276988,13.096046],[80.276682,13.096085],[80.276692,13.09619],[80.276656,13.096219],[80.27555,13.096486],[80.275437,13.096345],[80.274615,13.09633],[80.274611,13.096151],[80.274425,13.096152],[80.274055,13.096127],[80.274136,13.100259],[80.273899,13.101089],[80.27376,13.101566],[80.273502,13.102496],[80.273193,13.103613],[80.273146,13.104021],[80.274016,13.104343],[80.274092,13.104271],[80.274242,13.104134],[80.274551,13.104197],[80.274456,13.10534],[80.274474,13.105627],[80.274411,13.105803],[80.274181,13.105788],[80.273507,13.105829],[80.273344,13.106315],[80.273287,13.106742],[80.273211,13.107351],[80.273129,13.10806],[80.274084,13.110156],[80.276263,13.108941],[80.278039,13.107314],[80.278263,13.10736],[80.27834,13.107148],[80.277851,13.107018],[80.277907,13.106864],[80.278055,13.106864],[80.278117,13.106512],[80.27891,13.106709],[80.278979,13.106363],[80.279012,13.1062],[80.279136,13.106159],[80.279637,13.106175],[80.279654,13.105941],[80.279777,13.10582],[80.279865,13.105818],[80.280482,13.105995],[80.280944,13.106051],[80.281456,13.106113],[80.281856,13.106889],[80.282654,13.10697],[80.283001,13.10615],[80.283456,13.106037],[80.283419,13.105147],[80.282745,13.105212],[80.282618,13.104347],[80.280719,13.104898],[80.280727,13.103635],[80.281309,13.103547],[80.281475,13.103171],[80.281521,13.103185],[80.281625,13.102635],[80.28135,13.102583],[80.281165,13.101847],[80.281055,13.100592],[80.280986,13.100594],[80.280815,13.099912],[80.280846,13.099621],[80.280755,13.099622]]]}]}},{"type":"Feature","properties":{},"geometry":{"type":"GeometryCollection","geometries":[{"type":"LineString","coordinates":[[80.300153,13.122283],[80.29843,13.113259],[80.296275,13.113667],[80.29622,13.113548],[80.29604,13.113607],[80.296245,13.115037],[80.296278,13.115189],[80.296378,13.115189],[80.296508,13.115812],[80.296958,13.118392],[80.296068,13.118578],[80.295587,13.118665],[80.294922,13.118785],[80.293596,13.119026],[80.293612,13.119125],[80.293597,13.119129],[80.293598,13.119257],[80.293804,13.119214],[80.293944,13.119151],[80.29401,13.119161],[80.294236,13.119099],[80.29437,13.119066],[80.294538,13.119047],[80.294589,13.119064],[80.294753,13.119022],[80.29487,13.119016],[80.294999,13.119021],[80.295081,13.118991],[80.295169,13.118971],[80.295409,13.118942],[80.295548,13.118951],[80.29567,13.118899],[80.295744,13.118857],[80.295916,13.118833],[80.295975,13.118878],[80.296108,13.118839],[80.296129,13.118782],[80.296266,13.11877],[80.29634,13.118834],[80.29668,13.118744],[80.296667,13.118691],[80.296873,13.118656],[80.296958,13.118641],[80.296978,13.118716],[80.297223,13.118666],[80.297463,13.120137],[80.297566,13.120406],[80.297782,13.12124],[80.297967,13.122018],[80.300153,13.122283]]},{"type":"Polygon","coordinates":[[[80.300153,13.122283],[80.29843,13.113259],[80.296275,13.113667],[80.29622,13.113548],[80.29604,13.113607],[80.296245,13.115037],[80.296278,13.115189],[80.296378,13.115189],[80.296508,13.115812],[80.296958,13.118392],[80.296068,13.118578],[80.295587,13.118665],[80.294922,13.118785],[80.293596,13.119026],[80.293612,13.119125],[80.293597,13.119129],[80.293598,13.119257],[80.293804,13.119214],[80.293944,13.119151],[80.29401,13.119161],[80.294236,13.119099],[80.29437,13.119066],[80.294538,13.119047],[80.294589,13.119064],[80.294753,13.119022],[80.29487,13.119016],[80.294999,13.119021],[80.295081,13.118991],[80.295169,13.118971],[80.295409,13.118942],[80.295548,13.118951],[80.29567,13.118899],[80.295744,13.118857],[80.295916,13.118833],[80.295975,13.118878],[80.296108,13.118839],[80.296129,13.118782],[80.296266,13.11877],[80.29634,13.118834],[80.29668,13.118744],[80.296667,13.118691],[80.296873,13.118656],[80.296958,13.118641],[80.296978,13.118716],[80.297223,13.118666],[80.297463,13.120137],[80.297566,13.120406],[80.297782,13.12124],[80.297967,13.122018],[80.300153,13.122283]]]}]}},{"type":"Feature","properties":{},"geometry":{"type":"GeometryCollection","geometries":[{"type":"LineString","coordinates":[[80.29622,13.113548],[80.296154,13.113406],[80.295517,13.113562],[80.294887,13.113715],[80.293635,13.113977],[80.293179,13.114068],[80.293115,13.114081],[80.292967,13.114161],[80.292915,13.114169],[80.29292,13.114197],[80.292749,13.11423],[80.292567,13.114265],[80.292553,13.11447],[80.292735,13.11445],[80.293115,13.114361],[80.293115,13.114215],[80.293941,13.114038],[80.294377,13.113948],[80.29473,13.113876],[80.295228,13.113771],[80.295761,13.113658],[80.295892,13.113636],[80.29604,13.113607],[80.29622,13.113548]]},{"type":"Polygon","coordinates":[[[80.29622,13.113548],[80.296154,13.113406],[80.295517,13.113562],[80.294887,13.113715],[80.293635,13.113977],[80.293179,13.114068],[80.293115,13.114081],[80.292967,13.114161],[80.292915,13.114169],[80.29292,13.114197],[80.292749,13.11423],[80.292567,13.114265],[80.292553,13.11447],[80.292735,13.11445],[80.293115,13.114361],[80.293115,13.114215],[80.293941,13.114038],[80.294377,13.113948],[80.29473,13.113876],[80.295228,13.113771],[80.295761,13.113658],[80.295892,13.113636],[80.29604,13.113607],[80.29622,13.113548]]]}]}},{"type":"Feature","properties":{},"geometry":{"type":"GeometryCollection","geometries":[{"type":"LineString","coordinates":[[80.282103,13.094841],[80.282413,13.094767],[80.282484,13.095463],[80.282602,13.095459],[80.282912,13.095424],[80.283701,13.095305],[80.283734,13.095552],[80.284186,13.095432],[80.284304,13.095401],[80.284509,13.095366],[80.284487,13.09488],[80.284624,13.094852],[80.284667,13.095215],[80.284843,13.095184],[80.284816,13.094897],[80.285096,13.094846],[80.285162,13.095455],[80.285641,13.095384],[80.286329,13.095282],[80.286308,13.095006],[80.286287,13.094747],[80.286405,13.094719],[80.286398,13.094515],[80.286642,13.094465],[80.286889,13.094416],[80.286877,13.094101],[80.287084,13.094046],[80.287078,13.093968],[80.286946,13.09302],[80.287677,13.092941],[80.28816,13.092889],[80.28816,13.092889],[80.288856,13.092822],[80.288741,13.092093],[80.288618,13.091316],[80.288276,13.091391],[80.288245,13.091047],[80.288227,13.090625],[80.288197,13.089913],[80.288275,13.088988],[80.288656,13.088968],[80.288919,13.090063],[80.289285,13.089966],[80.289286,13.089807],[80.289853,13.089713],[80.289919,13.090108],[80.290347,13.089978],[80.29027,13.089068],[80.290717,13.088591],[80.287456,13.085748],[80.287351,13.084277],[80.280795,13.085299],[80.279624,13.084973],[80.279589,13.083691],[80.279097,13.0837],[80.278976,13.083766],[80.279114,13.084565],[80.279037,13.084615],[80.279028,13.084583],[80.279021,13.084538],[80.278961,13.084069],[80.278539,13.084086],[80.278449,13.084086],[80.278461,13.083962],[80.278897,13.08402],[80.278939,13.084026],[80.2789,13.083747],[80.278497,13.083687],[80.27837,13.08425],[80.278601,13.085498],[80.278081,13.08626],[80.277997,13.08627],[80.277773,13.086254],[80.277885,13.086677],[80.277656,13.086847],[80.277612,13.086977],[80.277138,13.087292],[80.277039,13.087287],[80.277037,13.087319],[80.277159,13.087875],[80.276959,13.088631],[80.277507,13.088855],[80.277193,13.089372],[80.277231,13.08944],[80.277679,13.089411],[80.277679,13.089533],[80.277822,13.089601],[80.277969,13.089533],[80.278025,13.089521],[80.278106,13.089516],[80.278109,13.089487],[80.278133,13.089487],[80.278134,13.089512],[80.278179,13.089505],[80.278348,13.089859],[80.278361,13.08999],[80.278353,13.091009],[80.278632,13.090988],[80.27866,13.091278],[80.278267,13.091315],[80.278319,13.092011],[80.278875,13.091941],[80.279003,13.092676],[80.279559,13.092725],[80.27962,13.093606],[80.2794,13.093628],[80.279442,13.093896],[80.279596,13.094862],[80.279658,13.095228],[80.280312,13.095174],[80.280675,13.095147],[80.280597,13.094354],[80.281377,13.094187],[80.281453,13.094782],[80.281569,13.095327],[80.281658,13.095748],[80.282178,13.095662],[80.282103,13.094841]]},{"type":"Polygon","coordinates":[[[80.282103,13.094841],[80.282413,13.094767],[80.282484,13.095463],[80.282602,13.095459],[80.282912,13.095424],[80.283701,13.095305],[80.283734,13.095552],[80.284186,13.095432],[80.284304,13.095401],[80.284509,13.095366],[80.284487,13.09488],[80.284624,13.094852],[80.284667,13.095215],[80.284843,13.095184],[80.284816,13.094897],[80.285096,13.094846],[80.285162,13.095455],[80.285641,13.095384],[80.286329,13.095282],[80.286308,13.095006],[80.286287,13.094747],[80.286405,13.094719],[80.286398,13.094515],[80.286642,13.094465],[80.286889,13.094416],[80.286877,13.094101],[80.287084,13.094046],[80.287078,13.093968],[80.286946,13.09302],[80.287677,13.092941],[80.28816,13.092889],[80.28816,13.092889],[80.288856,13.092822],[80.288741,13.092093],[80.288618,13.091316],[80.288276,13.091391],[80.288245,13.091047],[80.288227,13.090625],[80.288197,13.089913],[80.288275,13.088988],[80.288656,13.088968],[80.288919,13.090063],[80.289285,13.089966],[80.289286,13.089807],[80.289853,13.089713],[80.289919,13.090108],[80.290347,13.089978],[80.29027,13.089068],[80.290717,13.088591],[80.287456,13.085748],[80.287351,13.084277],[80.280795,13.085299],[80.279624,13.084973],[80.279589,13.083691],[80.279097,13.0837],[80.278976,13.083766],[80.279114,13.084565],[80.279037,13.084615],[80.279028,13.084583],[80.279021,13.084538],[80.278961,13.084069],[80.278539,13.084086],[80.278449,13.084086],[80.278461,13.083962],[80.278897,13.08402],[80.278939,13.084026],[80.2789,13.083747],[80.278497,13.083687],[80.27837,13.08425],[80.278601,13.085498],[80.278081,13.08626],[80.277997,13.08627],[80.277773,13.086254],[80.277885,13.086677],[80.277656,13.086847],[80.277612,13.086977],[80.277138,13.087292],[80.277039,13.087287],[80.277037,13.087319],[80.277159,13.087875],[80.276959,13.088631],[80.277507,13.088855],[80.277193,13.089372],[80.277231,13.08944],[80.277679,13.089411],[80.277679,13.089533],[80.277822,13.089601],[80.277969,13.089533],[80.278025,13.089521],[80.278106,13.089516],[80.278109,13.089487],[80.278133,13.089487],[80.278134,13.089512],[80.278179,13.089505],[80.278348,13.089859],[80.278361,13.08999],[80.278353,13.091009],[80.278632,13.090988],[80.27866,13.091278],[80.278267,13.091315],[80.278319,13.092011],[80.278875,13.091941],[80.279003,13.092676],[80.279559,13.092725],[80.27962,13.093606],[80.2794,13.093628],[80.279442,13.093896],[80.279596,13.094862],[80.279658,13.095228],[80.280312,13.095174],[80.280675,13.095147],[80.280597,13.094354],[80.281377,13.094187],[80.281453,13.094782],[80.281569,13.095327],[80.281658,13.095748],[80.282178,13.095662],[80.282103,13.094841]]]}]}},{"type":"Feature","properties":{},"geometry":{"type":"GeometryCollection","geometries":[{"type":"LineString","coordinates":[[80.207445,13.118634],[80.207446,13.118538],[80.207642,13.118541],[80.20769,13.117889],[80.208044,13.117896],[80.208034,13.118198],[80.208482,13.118217],[80.208947,13.117809],[80.208743,13.11744],[80.208734,13.117066],[80.208745,13.116799],[80.208824,13.116557],[80.208741,13.116409],[80.20883,13.116182],[80.209288,13.116075],[80.209935,13.116048],[80.209961,13.116361],[80.210052,13.11679],[80.210157,13.116879],[80.210578,13.116727],[80.210758,13.116878],[80.210994,13.116999],[80.211378,13.117002],[80.2119,13.116932],[80.212054,13.116953],[80.212219,13.116569],[80.212327,13.116263],[80.212744,13.116092],[80.212989,13.116201],[80.213192,13.116294],[80.213477,13.116625],[80.213672,13.116619],[80.213768,13.116404],[80.213875,13.116387],[80.214151,13.116508],[80.214299,13.116688],[80.214673,13.117093],[80.214875,13.117099],[80.214919,13.117108],[80.215158,13.117159],[80.215549,13.117104],[80.215623,13.116862],[80.215948,13.116889],[80.216129,13.116856],[80.21672,13.116786],[80.217047,13.116811],[80.217859,13.116896],[80.218814,13.116795],[80.21885,13.116076],[80.218658,13.116073],[80.218273,13.116102],[80.218034,13.115025],[80.218307,13.114836],[80.218331,13.114781],[80.218409,13.114757],[80.218465,13.114903],[80.218957,13.114859],[80.219069,13.114245],[80.219201,13.114016],[80.219314,13.114023],[80.219481,13.113713],[80.219565,13.113371],[80.219617,13.113162],[80.219171,13.111168],[80.218915,13.111197],[80.218831,13.110888],[80.219285,13.110744],[80.219271,13.110455],[80.219224,13.110046],[80.218953,13.110062],[80.21888,13.110014],[80.218822,13.109858],[80.219159,13.10979],[80.219152,13.109603],[80.219538,13.10953],[80.219446,13.108986],[80.216986,13.109304],[80.206817,13.110607],[80.204647,13.110725],[80.204528,13.112014],[80.20416,13.112536],[80.204155,13.1134],[80.204229,13.11339],[80.204541,13.113381],[80.204602,13.113499],[80.204806,13.113655],[80.204674,13.113896],[80.204695,13.114238],[80.204631,13.1143],[80.204631,13.114406],[80.204654,13.114447],[80.20523,13.114402],[80.20578,13.114406],[80.205773,13.114768],[80.206059,13.115131],[80.20607,13.11522],[80.206014,13.115304],[80.205956,13.115583],[80.206438,13.115723],[80.206425,13.11586],[80.206406,13.116049],[80.206188,13.116335],[80.206109,13.116439],[80.205674,13.116703],[80.205414,13.116807],[80.20532,13.117858],[80.205986,13.117928],[80.206055,13.118395],[80.206416,13.118619],[80.206801,13.118639],[80.207445,13.118634]]},{"type":"Polygon","coordinates":[[[80.207445,13.118634],[80.207446,13.118538],[80.207642,13.118541],[80.20769,13.117889],[80.208044,13.117896],[80.208034,13.118198],[80.208482,13.118217],[80.208947,13.117809],[80.208743,13.11744],[80.208734,13.117066],[80.208745,13.116799],[80.208824,13.116557],[80.208741,13.116409],[80.20883,13.116182],[80.209288,13.116075],[80.209935,13.116048],[80.209961,13.116361],[80.210052,13.11679],[80.210157,13.116879],[80.210578,13.116727],[80.210758,13.116878],[80.210994,13.116999],[80.211378,13.117002],[80.2119,13.116932],[80.212054,13.116953],[80.212219,13.116569],[80.212327,13.116263],[80.212744,13.116092],[80.212989,13.116201],[80.213192,13.116294],[80.213477,13.116625],[80.213672,13.116619],[80.213768,13.116404],[80.213875,13.116387],[80.214151,13.116508],[80.214299,13.116688],[80.214673,13.117093],[80.214875,13.117099],[80.214919,13.117108],[80.215158,13.117159],[80.215549,13.117104],[80.215623,13.116862],[80.215948,13.116889],[80.216129,13.116856],[80.21672,13.116786],[80.217047,13.116811],[80.217859,13.116896],[80.218814,13.116795],[80.21885,13.116076],[80.218658,13.116073],[80.218273,13.116102],[80.218034,13.115025],[80.218307,13.114836],[80.218331,13.114781],[80.218409,13.114757],[80.218465,13.114903],[80.218957,13.114859],[80.219069,13.114245],[80.219201,13.114016],[80.219314,13.114023],[80.219481,13.113713],[80.219565,13.113371],[80.219617,13.113162],[80.219171,13.111168],[80.218915,13.111197],[80.218831,13.110888],[80.219285,13.110744],[80.219271,13.110455],[80.219224,13.110046],[80.218953,13.110062],[80.21888,13.110014],[80.218822,13.109858],[80.219159,13.10979],[80.219152,13.109603],[80.219538,13.10953],[80.219446,13.108986],[80.216986,13.109304],[80.206817,13.110607],[80.204647,13.110725],[80.204528,13.112014],[80.20416,13.112536],[80.204155,13.1134],[80.204229,13.11339],[80.204541,13.113381],[80.204602,13.113499],[80.204806,13.113655],[80.204674,13.113896],[80.204695,13.114238],[80.204631,13.1143],[80.204631,13.114406],[80.204654,13.114447],[80.20523,13.114402],[80.20578,13.114406],[80.205773,13.114768],[80.206059,13.115131],[80.20607,13.11522],[80.206014,13.115304],[80.205956,13.115583],[80.206438,13.115723],[80.206425,13.11586],[80.206406,13.116049],[80.206188,13.116335],[80.206109,13.116439],[80.205674,13.116703],[80.205414,13.116807],[80.20532,13.117858],[80.205986,13.117928],[80.206055,13.118395],[80.206416,13.118619],[80.206801,13.118639],[80.207445,13.118634]]]}]}},{"type":"Feature","properties":{},"geometry":{"type":"GeometryCollection","geometries":[{"type":"LineString","coordinates":[[80.236701,13.111091],[80.236949,13.110937],[80.236807,13.110332],[80.237891,13.110221],[80.23802,13.109995],[80.238719,13.109936],[80.238438,13.108586],[80.237483,13.108569],[80.237345,13.107926],[80.237315,13.107453],[80.230085,13.107803],[80.230191,13.108217],[80.230205,13.108399],[80.230428,13.10879],[80.230503,13.109235],[80.23056,13.109522],[80.230815,13.109966],[80.230831,13.110298],[80.231208,13.111406],[80.231053,13.111883],[80.230928,13.112015],[80.230909,13.112176],[80.231224,13.112252],[80.231458,13.112486],[80.231322,13.112654],[80.231197,13.112819],[80.231064,13.113048],[80.231063,13.113278],[80.231149,13.114012],[80.231111,13.11443],[80.231674,13.114602],[80.232267,13.114401],[80.232436,13.114193],[80.232369,13.113446],[80.232312,13.112944],[80.232386,13.112734],[80.23302,13.112621],[80.234158,13.112391],[80.234249,13.112471],[80.23433,13.112535],[80.234377,13.112596],[80.23478,13.112662],[80.235175,13.112567],[80.235343,13.112635],[80.235527,13.11265],[80.235856,13.112683],[80.23667,13.112219],[80.236661,13.111893],[80.236526,13.111638],[80.236337,13.111073],[80.236316,13.110973],[80.236532,13.110902],[80.236701,13.111091]]},{"type":"Polygon","coordinates":[[[80.236701,13.111091],[80.236949,13.110937],[80.236807,13.110332],[80.237891,13.110221],[80.23802,13.109995],[80.238719,13.109936],[80.238438,13.108586],[80.237483,13.108569],[80.237345,13.107926],[80.237315,13.107453],[80.230085,13.107803],[80.230191,13.108217],[80.230205,13.108399],[80.230428,13.10879],[80.230503,13.109235],[80.23056,13.109522],[80.230815,13.109966],[80.230831,13.110298],[80.231208,13.111406],[80.231053,13.111883],[80.230928,13.112015],[80.230909,13.112176],[80.231224,13.112252],[80.231458,13.112486],[80.231322,13.112654],[80.231197,13.112819],[80.231064,13.113048],[80.231063,13.113278],[80.231149,13.114012],[80.231111,13.11443],[80.231674,13.114602],[80.232267,13.114401],[80.232436,13.114193],[80.232369,13.113446],[80.232312,13.112944],[80.232386,13.112734],[80.23302,13.112621],[80.234158,13.112391],[80.234249,13.112471],[80.23433,13.112535],[80.234377,13.112596],[80.23478,13.112662],[80.235175,13.112567],[80.235343,13.112635],[80.235527,13.11265],[80.235856,13.112683],[80.23667,13.112219],[80.236661,13.111893],[80.236526,13.111638],[80.236337,13.111073],[80.236316,13.110973],[80.236532,13.110902],[80.236701,13.111091]]]}]}},{"type":"Feature","properties":{},"geometry":{"type":"GeometryCollection","geometries":[{"type":"LineString","coordinates":[[80.22725,13.124242],[80.227316,13.123948],[80.227268,13.123368],[80.227254,13.12279],[80.227225,13.122656],[80.227104,13.122595],[80.227063,13.122578],[80.227068,13.122504],[80.227491,13.122461],[80.227548,13.122172],[80.22789,13.122127],[80.228344,13.1221],[80.228567,13.122249],[80.228717,13.122275],[80.228985,13.122145],[80.229254,13.122228],[80.229366,13.122191],[80.22945,13.122187],[80.22974,13.122186],[80.229781,13.121969],[80.229784,13.121956],[80.229777,13.121715],[80.229902,13.121572],[80.229979,13.121418],[80.229922,13.121174],[80.229534,13.121099],[80.229371,13.12072],[80.229144,13.120065],[80.229173,13.119937],[80.229112,13.119782],[80.228924,13.118903],[80.228789,13.118791],[80.228731,13.118676],[80.228655,13.118324],[80.228691,13.117954],[80.228935,13.11789],[80.228761,13.117182],[80.230095,13.116512],[80.230416,13.115853],[80.230403,13.115545],[80.231111,13.11443],[80.231149,13.114012],[80.231063,13.113278],[80.231064,13.113048],[80.231197,13.112819],[80.231322,13.112654],[80.231458,13.112486],[80.231224,13.112252],[80.230909,13.112176],[80.230928,13.112015],[80.231053,13.111883],[80.231208,13.111406],[80.230831,13.110298],[80.230815,13.109966],[80.23056,13.109522],[80.230503,13.109235],[80.230428,13.10879],[80.230205,13.108399],[80.230191,13.108217],[80.230085,13.107803],[80.228984,13.107919],[80.224184,13.108431],[80.224445,13.109841],[80.224382,13.110182],[80.224541,13.110849],[80.224839,13.110788],[80.224874,13.110892],[80.225126,13.110821],[80.225352,13.111437],[80.225491,13.111405],[80.22563,13.111292],[80.22584,13.111213],[80.225695,13.110778],[80.226379,13.11055],[80.226767,13.111451],[80.226798,13.111886],[80.227016,13.112593],[80.227263,13.113513],[80.227277,13.113721],[80.227469,13.114184],[80.227559,13.114579],[80.227647,13.114948],[80.227827,13.115583],[80.227945,13.115992],[80.226829,13.116102],[80.226786,13.116172],[80.226803,13.116375],[80.226297,13.116328],[80.225975,13.116367],[80.225725,13.116513],[80.225107,13.116529],[80.225054,13.116461],[80.224839,13.11641],[80.22474,13.11664],[80.223855,13.116905],[80.223177,13.116996],[80.223211,13.117223],[80.223325,13.117388],[80.223528,13.117829],[80.223789,13.118309],[80.223907,13.118614],[80.223402,13.119002],[80.223528,13.119679],[80.223576,13.120088],[80.223163,13.120323],[80.222364,13.120368],[80.222366,13.120536],[80.222665,13.120707],[80.223425,13.120614],[80.22372,13.120818],[80.223822,13.120982],[80.224033,13.120897],[80.224772,13.120968],[80.225284,13.12098],[80.226089,13.121029],[80.226176,13.121298],[80.225586,13.121404],[80.225598,13.121581],[80.225607,13.121677],[80.226646,13.121754],[80.226627,13.122034],[80.226774,13.122115],[80.226779,13.122349],[80.225928,13.122357],[80.225907,13.122671],[80.226153,13.122705],[80.226121,13.12317],[80.225874,13.123235],[80.225876,13.123451],[80.225932,13.123621],[80.226365,13.123584],[80.226495,13.123854],[80.226538,13.124015],[80.22672,13.123996],[80.22671,13.123832],[80.226911,13.123839],[80.226965,13.12426],[80.22725,13.124242]]},{"type":"Polygon","coordinates":[[[80.22725,13.124242],[80.227316,13.123948],[80.227268,13.123368],[80.227254,13.12279],[80.227225,13.122656],[80.227104,13.122595],[80.227063,13.122578],[80.227068,13.122504],[80.227491,13.122461],[80.227548,13.122172],[80.22789,13.122127],[80.228344,13.1221],[80.228567,13.122249],[80.228717,13.122275],[80.228985,13.122145],[80.229254,13.122228],[80.229366,13.122191],[80.22945,13.122187],[80.22974,13.122186],[80.229781,13.121969],[80.229784,13.121956],[80.229777,13.121715],[80.229902,13.121572],[80.229979,13.121418],[80.229922,13.121174],[80.229534,13.121099],[80.229371,13.12072],[80.229144,13.120065],[80.229173,13.119937],[80.229112,13.119782],[80.228924,13.118903],[80.228789,13.118791],[80.228731,13.118676],[80.228655,13.118324],[80.228691,13.117954],[80.228935,13.11789],[80.228761,13.117182],[80.230095,13.116512],[80.230416,13.115853],[80.230403,13.115545],[80.231111,13.11443],[80.231149,13.114012],[80.231063,13.113278],[80.231064,13.113048],[80.231197,13.112819],[80.231322,13.112654],[80.231458,13.112486],[80.231224,13.112252],[80.230909,13.112176],[80.230928,13.112015],[80.231053,13.111883],[80.231208,13.111406],[80.230831,13.110298],[80.230815,13.109966],[80.23056,13.109522],[80.230503,13.109235],[80.230428,13.10879],[80.230205,13.108399],[80.230191,13.108217],[80.230085,13.107803],[80.228984,13.107919],[80.224184,13.108431],[80.224445,13.109841],[80.224382,13.110182],[80.224541,13.110849],[80.224839,13.110788],[80.224874,13.110892],[80.225126,13.110821],[80.225352,13.111437],[80.225491,13.111405],[80.22563,13.111292],[80.22584,13.111213],[80.225695,13.110778],[80.226379,13.11055],[80.226767,13.111451],[80.226798,13.111886],[80.227016,13.112593],[80.227263,13.113513],[80.227277,13.113721],[80.227469,13.114184],[80.227559,13.114579],[80.227647,13.114948],[80.227827,13.115583],[80.227945,13.115992],[80.226829,13.116102],[80.226786,13.116172],[80.226803,13.116375],[80.226297,13.116328],[80.225975,13.116367],[80.225725,13.116513],[80.225107,13.116529],[80.225054,13.116461],[80.224839,13.11641],[80.22474,13.11664],[80.223855,13.116905],[80.223177,13.116996],[80.223211,13.117223],[80.223325,13.117388],[80.223528,13.117829],[80.223789,13.118309],[80.223907,13.118614],[80.223402,13.119002],[80.223528,13.119679],[80.223576,13.120088],[80.223163,13.120323],[80.222364,13.120368],[80.222366,13.120536],[80.222665,13.120707],[80.223425,13.120614],[80.22372,13.120818],[80.223822,13.120982],[80.224033,13.120897],[80.224772,13.120968],[80.225284,13.12098],[80.226089,13.121029],[80.226176,13.121298],[80.225586,13.121404],[80.225598,13.121581],[80.225607,13.121677],[80.226646,13.121754],[80.226627,13.122034],[80.226774,13.122115],[80.226779,13.122349],[80.225928,13.122357],[80.225907,13.122671],[80.226153,13.122705],[80.226121,13.12317],[80.225874,13.123235],[80.225876,13.123451],[80.225932,13.123621],[80.226365,13.123584],[80.226495,13.123854],[80.226538,13.124015],[80.22672,13.123996],[80.22671,13.123832],[80.226911,13.123839],[80.226965,13.12426],[80.22725,13.124242]]]}]}},{"type":"Feature","properties":{},"geometry":{"type":"GeometryCollection","geometries":[{"type":"LineString","coordinates":[[80.24013,13.11586],[80.240065,13.115859],[80.240072,13.11553],[80.240591,13.115496],[80.241397,13.115271],[80.241325,13.115008],[80.240737,13.115148],[80.240668,13.11492],[80.240054,13.114938],[80.240034,13.114711],[80.23967,13.11474],[80.239637,13.114527],[80.23967,13.113841],[80.239405,13.113852],[80.239109,13.11313],[80.23881,13.113078],[80.23877,13.113312],[80.238486,13.113251],[80.238006,13.112666],[80.237792,13.112711],[80.237334,13.112397],[80.236916,13.111669],[80.236769,13.111474],[80.236651,13.111122],[80.236701,13.111091],[80.236532,13.110902],[80.236316,13.110973],[80.236337,13.111073],[80.236526,13.111638],[80.236661,13.111893],[80.23667,13.112219],[80.235856,13.112683],[80.235527,13.11265],[80.235343,13.112635],[80.235175,13.112567],[80.23478,13.112662],[80.234377,13.112596],[80.23433,13.112535],[80.234249,13.112471],[80.234158,13.112391],[80.23302,13.112621],[80.232386,13.112734],[80.232312,13.112944],[80.232369,13.113446],[80.232436,13.114193],[80.232267,13.114401],[80.231674,13.114602],[80.231111,13.11443],[80.230403,13.115545],[80.230416,13.115853],[80.230095,13.116512],[80.228761,13.117182],[80.228935,13.11789],[80.228691,13.117954],[80.228655,13.118324],[80.228731,13.118676],[80.228789,13.118791],[80.228924,13.118903],[80.229112,13.119782],[80.229173,13.119937],[80.229144,13.120065],[80.229371,13.12072],[80.229534,13.121099],[80.229922,13.121174],[80.229979,13.121418],[80.229902,13.121572],[80.229777,13.121715],[80.229784,13.121956],[80.229781,13.121969],[80.22992,13.122016],[80.230688,13.1219],[80.230593,13.12109],[80.230541,13.120645],[80.230618,13.120636],[80.23085,13.120696],[80.231074,13.12067],[80.231357,13.120872],[80.231518,13.12124],[80.231645,13.121443],[80.231804,13.121513],[80.232124,13.121403],[80.232363,13.121173],[80.232447,13.121075],[80.232663,13.120964],[80.232571,13.120845],[80.232567,13.120638],[80.233019,13.12053],[80.234011,13.120346],[80.234125,13.120218],[80.234111,13.119678],[80.234131,13.119542],[80.234105,13.1195],[80.233784,13.119487],[80.233295,13.119603],[80.23263,13.119699],[80.232376,13.11972],[80.232251,13.118961],[80.233289,13.118725],[80.233423,13.118761],[80.233521,13.118699],[80.233497,13.118621],[80.233323,13.118459],[80.233249,13.117896],[80.233063,13.117702],[80.233073,13.117541],[80.233244,13.117502],[80.233107,13.117248],[80.233006,13.116524],[80.232883,13.115784],[80.233121,13.115686],[80.233198,13.115695],[80.233353,13.115713],[80.233417,13.115695],[80.233465,13.115902],[80.233908,13.115879],[80.234115,13.116146],[80.23415,13.116415],[80.234423,13.117137],[80.234444,13.11729],[80.234509,13.117792],[80.234493,13.118061],[80.234591,13.118187],[80.234724,13.118221],[80.235155,13.118123],[80.235285,13.118033],[80.235402,13.118023],[80.235534,13.118032],[80.235707,13.118004],[80.235945,13.117917],[80.236137,13.117894],[80.236158,13.117773],[80.236217,13.117726],[80.236355,13.117762],[80.236516,13.11774],[80.236673,13.117707],[80.236853,13.117888],[80.236919,13.11797],[80.237027,13.117942],[80.237154,13.117896],[80.237232,13.11776],[80.237611,13.117494],[80.237571,13.116364],[80.237765,13.116323],[80.237898,13.116249],[80.237959,13.11632],[80.237899,13.116425],[80.237851,13.116461],[80.237868,13.116517],[80.23792,13.116539],[80.238108,13.116606],[80.238097,13.116946],[80.238168,13.117061],[80.238472,13.117184],[80.238555,13.117206],[80.238974,13.117032],[80.238988,13.116568],[80.23902,13.116453],[80.239084,13.116415],[80.23927,13.11626],[80.23928,13.115968],[80.239268,13.11587],[80.239166,13.115717],[80.239159,13.115555],[80.239223,13.115387],[80.239348,13.115273],[80.239402,13.115326],[80.239477,13.11545],[80.239657,13.115659],[80.23981,13.115832],[80.239793,13.115944],[80.2398,13.116092],[80.239934,13.116112],[80.24013,13.11612],[80.24013,13.11586]]},{"type":"Polygon","coordinates":[[[80.24013,13.11586],[80.240065,13.115859],[80.240072,13.11553],[80.240591,13.115496],[80.241397,13.115271],[80.241325,13.115008],[80.240737,13.115148],[80.240668,13.11492],[80.240054,13.114938],[80.240034,13.114711],[80.23967,13.11474],[80.239637,13.114527],[80.23967,13.113841],[80.239405,13.113852],[80.239109,13.11313],[80.23881,13.113078],[80.23877,13.113312],[80.238486,13.113251],[80.238006,13.112666],[80.237792,13.112711],[80.237334,13.112397],[80.236916,13.111669],[80.236769,13.111474],[80.236651,13.111122],[80.236701,13.111091],[80.236532,13.110902],[80.236316,13.110973],[80.236337,13.111073],[80.236526,13.111638],[80.236661,13.111893],[80.23667,13.112219],[80.235856,13.112683],[80.235527,13.11265],[80.235343,13.112635],[80.235175,13.112567],[80.23478,13.112662],[80.234377,13.112596],[80.23433,13.112535],[80.234249,13.112471],[80.234158,13.112391],[80.23302,13.112621],[80.232386,13.112734],[80.232312,13.112944],[80.232369,13.113446],[80.232436,13.114193],[80.232267,13.114401],[80.231674,13.114602],[80.231111,13.11443],[80.230403,13.115545],[80.230416,13.115853],[80.230095,13.116512],[80.228761,13.117182],[80.228935,13.11789],[80.228691,13.117954],[80.228655,13.118324],[80.228731,13.118676],[80.228789,13.118791],[80.228924,13.118903],[80.229112,13.119782],[80.229173,13.119937],[80.229144,13.120065],[80.229371,13.12072],[80.229534,13.121099],[80.229922,13.121174],[80.229979,13.121418],[80.229902,13.121572],[80.229777,13.121715],[80.229784,13.121956],[80.229781,13.121969],[80.22992,13.122016],[80.230688,13.1219],[80.230593,13.12109],[80.230541,13.120645],[80.230618,13.120636],[80.23085,13.120696],[80.231074,13.12067],[80.231357,13.120872],[80.231518,13.12124],[80.231645,13.121443],[80.231804,13.121513],[80.232124,13.121403],[80.232363,13.121173],[80.232447,13.121075],[80.232663,13.120964],[80.232571,13.120845],[80.232567,13.120638],[80.233019,13.12053],[80.234011,13.120346],[80.234125,13.120218],[80.234111,13.119678],[80.234131,13.119542],[80.234105,13.1195],[80.233784,13.119487],[80.233295,13.119603],[80.23263,13.119699],[80.232376,13.11972],[80.232251,13.118961],[80.233289,13.118725],[80.233423,13.118761],[80.233521,13.118699],[80.233497,13.118621],[80.233323,13.118459],[80.233249,13.117896],[80.233063,13.117702],[80.233073,13.117541],[80.233244,13.117502],[80.233107,13.117248],[80.233006,13.116524],[80.232883,13.115784],[80.233121,13.115686],[80.233198,13.115695],[80.233353,13.115713],[80.233417,13.115695],[80.233465,13.115902],[80.233908,13.115879],[80.234115,13.116146],[80.23415,13.116415],[80.234423,13.117137],[80.234444,13.11729],[80.234509,13.117792],[80.234493,13.118061],[80.234591,13.118187],[80.234724,13.118221],[80.235155,13.118123],[80.235285,13.118033],[80.235402,13.118023],[80.235534,13.118032],[80.235707,13.118004],[80.235945,13.117917],[80.236137,13.117894],[80.236158,13.117773],[80.236217,13.117726],[80.236355,13.117762],[80.236516,13.11774],[80.236673,13.117707],[80.236853,13.117888],[80.236919,13.11797],[80.237027,13.117942],[80.237154,13.117896],[80.237232,13.11776],[80.237611,13.117494],[80.237571,13.116364],[80.237765,13.116323],[80.237898,13.116249],[80.237959,13.11632],[80.237899,13.116425],[80.237851,13.116461],[80.237868,13.116517],[80.23792,13.116539],[80.238108,13.116606],[80.238097,13.116946],[80.238168,13.117061],[80.238472,13.117184],[80.238555,13.117206],[80.238974,13.117032],[80.238988,13.116568],[80.23902,13.116453],[80.239084,13.116415],[80.23927,13.11626],[80.23928,13.115968],[80.239268,13.11587],[80.239166,13.115717],[80.239159,13.115555],[80.239223,13.115387],[80.239348,13.115273],[80.239402,13.115326],[80.239477,13.11545],[80.239657,13.115659],[80.23981,13.115832],[80.239793,13.115944],[80.2398,13.116092],[80.239934,13.116112],[80.24013,13.11612],[80.24013,13.11586]]]}]}},{"type":"Feature","properties":{},"geometry":{"type":"GeometryCollection","geometries":[{"type":"LineString","coordinates":[[80.27354,13.102359],[80.27376,13.101566],[80.273899,13.101089],[80.274136,13.100259],[80.274055,13.096127],[80.272567,13.093777],[80.269826,13.091968],[80.269122,13.092481],[80.269065,13.092582],[80.268799,13.092714],[80.266723,13.093012],[80.26677,13.09346],[80.265831,13.093538],[80.265835,13.093578],[80.26553,13.093606],[80.265649,13.094211],[80.265386,13.094245],[80.265461,13.094505],[80.265039,13.094582],[80.265089,13.094818],[80.264825,13.094886],[80.264987,13.095491],[80.26491,13.095523],[80.264917,13.095625],[80.264765,13.095673],[80.264727,13.095524],[80.264146,13.095626],[80.264175,13.095738],[80.263109,13.095912],[80.263261,13.096796],[80.262636,13.09704],[80.262704,13.097408],[80.264223,13.097082],[80.264255,13.097353],[80.264206,13.097583],[80.264056,13.098712],[80.263765,13.098734],[80.263835,13.099465],[80.26392,13.101087],[80.264482,13.101085],[80.264489,13.101347],[80.265171,13.101414],[80.265074,13.101111],[80.264918,13.101122],[80.264774,13.10027],[80.266005,13.100143],[80.266373,13.100154],[80.266363,13.10004],[80.266454,13.10002],[80.266487,13.100133],[80.266568,13.100144],[80.267664,13.100061],[80.267784,13.101773],[80.268516,13.101757],[80.268532,13.10245],[80.273502,13.102496],[80.27354,13.102359]]},{"type":"Polygon","coordinates":[[[80.27354,13.102359],[80.27376,13.101566],[80.273899,13.101089],[80.274136,13.100259],[80.274055,13.096127],[80.272567,13.093777],[80.269826,13.091968],[80.269122,13.092481],[80.269065,13.092582],[80.268799,13.092714],[80.266723,13.093012],[80.26677,13.09346],[80.265831,13.093538],[80.265835,13.093578],[80.26553,13.093606],[80.265649,13.094211],[80.265386,13.094245],[80.265461,13.094505],[80.265039,13.094582],[80.265089,13.094818],[80.264825,13.094886],[80.264987,13.095491],[80.26491,13.095523],[80.264917,13.095625],[80.264765,13.095673],[80.264727,13.095524],[80.264146,13.095626],[80.264175,13.095738],[80.263109,13.095912],[80.263261,13.096796],[80.262636,13.09704],[80.262704,13.097408],[80.264223,13.097082],[80.264255,13.097353],[80.264206,13.097583],[80.264056,13.098712],[80.263765,13.098734],[80.263835,13.099465],[80.26392,13.101087],[80.264482,13.101085],[80.264489,13.101347],[80.265171,13.101414],[80.265074,13.101111],[80.264918,13.101122],[80.264774,13.10027],[80.266005,13.100143],[80.266373,13.100154],[80.266363,13.10004],[80.266454,13.10002],[80.266487,13.100133],[80.266568,13.100144],[80.267664,13.100061],[80.267784,13.101773],[80.268516,13.101757],[80.268532,13.10245],[80.273502,13.102496],[80.27354,13.102359]]]}]}},{"type":"Feature","properties":{},"geometry":{"type":"GeometryCollection","geometries":[{"type":"LineString","coordinates":[[80.250935,13.098136],[80.250941,13.098297],[80.251456,13.098327],[80.251435,13.098534],[80.251778,13.098574],[80.252707,13.098745],[80.253013,13.098799],[80.253042,13.098843],[80.253174,13.098893],[80.253416,13.098647],[80.253964,13.099163],[80.254292,13.098973],[80.254051,13.098635],[80.253951,13.098642],[80.253821,13.098342],[80.253735,13.09784],[80.253205,13.097867],[80.253233,13.098388],[80.250935,13.098136]]},{"type":"Polygon","coordinates":[[[80.250935,13.098136],[80.250941,13.098297],[80.251456,13.098327],[80.251435,13.098534],[80.251778,13.098574],[80.252707,13.098745],[80.253013,13.098799],[80.253042,13.098843],[80.253174,13.098893],[80.253416,13.098647],[80.253964,13.099163],[80.254292,13.098973],[80.254051,13.098635],[80.253951,13.098642],[80.253821,13.098342],[80.253735,13.09784],[80.253205,13.097867],[80.253233,13.098388],[80.250935,13.098136]]]}]}},{"type":"Feature","properties":{},"geometry":{"type":"GeometryCollection","geometries":[{"type":"LineString","coordinates":[[80.246796,13.099408],[80.245339,13.103245],[80.245463,13.103783],[80.246053,13.103594],[80.24635,13.103251],[80.246868,13.10217],[80.247012,13.101656],[80.24774,13.10177],[80.247676,13.10209],[80.248615,13.102163],[80.248638,13.102904],[80.249733,13.102666],[80.249611,13.101578],[80.250005,13.101515],[80.249932,13.100717],[80.248206,13.100671],[80.248223,13.100502],[80.247404,13.100337],[80.247396,13.100107],[80.247403,13.100024],[80.247467,13.099989],[80.247453,13.099776],[80.247781,13.099779],[80.247635,13.099487],[80.246796,13.099408]]},{"type":"Polygon","coordinates":[[[80.246796,13.099408],[80.245339,13.103245],[80.245463,13.103783],[80.246053,13.103594],[80.24635,13.103251],[80.246868,13.10217],[80.247012,13.101656],[80.24774,13.10177],[80.247676,13.10209],[80.248615,13.102163],[80.248638,13.102904],[80.249733,13.102666],[80.249611,13.101578],[80.250005,13.101515],[80.249932,13.100717],[80.248206,13.100671],[80.248223,13.100502],[80.247404,13.100337],[80.247396,13.100107],[80.247403,13.100024],[80.247467,13.099989],[80.247453,13.099776],[80.247781,13.099779],[80.247635,13.099487],[80.246796,13.099408]]]}]}},{"type":"Feature","properties":{},"geometry":{"type":"GeometryCollection","geometries":[{"type":"LineString","coordinates":[[80.262372,13.104392],[80.26205,13.102827],[80.260494,13.103083],[80.260122,13.106636],[80.261103,13.1067],[80.261099,13.106566],[80.261028,13.106435],[80.260965,13.106283],[80.260966,13.106174],[80.260998,13.106058],[80.261721,13.106023],[80.261717,13.105892],[80.261593,13.105906],[80.261579,13.10576],[80.261771,13.105735],[80.261761,13.10566],[80.261719,13.105648],[80.261698,13.105637],[80.261697,13.105508],[80.26175,13.105502],[80.261744,13.105445],[80.261704,13.105447],[80.261702,13.105333],[80.262264,13.105287],[80.262251,13.105174],[80.262286,13.105167],[80.262261,13.105012],[80.26221,13.10499],[80.262202,13.104911],[80.262256,13.104903],[80.262235,13.104716],[80.261728,13.104759],[80.261645,13.104731],[80.261612,13.104698],[80.261611,13.104672],[80.261597,13.104467],[80.262372,13.104392]]},{"type":"Polygon","coordinates":[[[80.262372,13.104392],[80.26205,13.102827],[80.260494,13.103083],[80.260122,13.106636],[80.261103,13.1067],[80.261099,13.106566],[80.261028,13.106435],[80.260965,13.106283],[80.260966,13.106174],[80.260998,13.106058],[80.261721,13.106023],[80.261717,13.105892],[80.261593,13.105906],[80.261579,13.10576],[80.261771,13.105735],[80.261761,13.10566],[80.261719,13.105648],[80.261698,13.105637],[80.261697,13.105508],[80.26175,13.105502],[80.261744,13.105445],[80.261704,13.105447],[80.261702,13.105333],[80.262264,13.105287],[80.262251,13.105174],[80.262286,13.105167],[80.262261,13.105012],[80.26221,13.10499],[80.262202,13.104911],[80.262256,13.104903],[80.262235,13.104716],[80.261728,13.104759],[80.261645,13.104731],[80.261612,13.104698],[80.261611,13.104672],[80.261597,13.104467],[80.262372,13.104392]]]}]}},{"type":"Feature","properties":{},"geometry":{"type":"GeometryCollection","geometries":[{"type":"LineString","coordinates":[[80.227355,13.067083],[80.227303,13.066853],[80.227149,13.066614],[80.226413,13.066851],[80.226511,13.067219],[80.227355,13.067083]]},{"type":"Polygon","coordinates":[[[80.227355,13.067083],[80.227303,13.066853],[80.227149,13.066614],[80.226413,13.066851],[80.226511,13.067219],[80.227355,13.067083]]]}]}},{"type":"Feature","properties":{},"geometry":{"type":"GeometryCollection","geometries":[{"type":"LineString","coordinates":[[80.237216,13.076505],[80.237278,13.076075],[80.238351,13.076401],[80.238643,13.076355],[80.238872,13.076153],[80.24056,13.076089],[80.24125,13.07389],[80.247465,13.075141],[80.248787,13.075407],[80.251093,13.075925],[80.251134,13.075842],[80.25119,13.075729],[80.251003,13.075275],[80.250422,13.073867],[80.250418,13.071884],[80.24956,13.071639],[80.249554,13.071547],[80.249215,13.071479],[80.24845,13.07134],[80.248096,13.071248],[80.247224,13.07091],[80.246358,13.070465],[80.245343,13.06996],[80.245066,13.069872],[80.244178,13.06959],[80.244019,13.069512],[80.243967,13.069409],[80.243367,13.068994],[80.243,13.068739],[80.242901,13.06862],[80.242098,13.068356],[80.242076,13.067966],[80.242026,13.067115],[80.235629,13.066127],[80.233363,13.067677],[80.231659,13.068221],[80.231637,13.068212],[80.231516,13.068176],[80.231389,13.068178],[80.231224,13.068146],[80.231122,13.06814],[80.231009,13.06812],[80.23086,13.068116],[80.23051,13.067992],[80.230113,13.067904],[80.230053,13.067879],[80.229943,13.06785],[80.229759,13.067824],[80.22965,13.067808],[80.229583,13.067785],[80.229518,13.067764],[80.229414,13.067746],[80.229323,13.067779],[80.229203,13.067782],[80.228931,13.067946],[80.228845,13.067972],[80.228729,13.068034],[80.228694,13.068045],[80.228485,13.068198],[80.22864,13.069365],[80.229485,13.07078],[80.229577,13.072193],[80.229916,13.073144],[80.230024,13.074302],[80.230541,13.074443],[80.231013,13.074855],[80.233036,13.075554],[80.234498,13.075861],[80.234614,13.075583],[80.235414,13.075762],[80.236098,13.07631],[80.237216,13.076505]]},{"type":"Polygon","coordinates":[[[80.237216,13.076505],[80.237278,13.076075],[80.238351,13.076401],[80.238643,13.076355],[80.238872,13.076153],[80.24056,13.076089],[80.24125,13.07389],[80.247465,13.075141],[80.248787,13.075407],[80.251093,13.075925],[80.251134,13.075842],[80.25119,13.075729],[80.251003,13.075275],[80.250422,13.073867],[80.250418,13.071884],[80.24956,13.071639],[80.249554,13.071547],[80.249215,13.071479],[80.24845,13.07134],[80.248096,13.071248],[80.247224,13.07091],[80.246358,13.070465],[80.245343,13.06996],[80.245066,13.069872],[80.244178,13.06959],[80.244019,13.069512],[80.243967,13.069409],[80.243367,13.068994],[80.243,13.068739],[80.242901,13.06862],[80.242098,13.068356],[80.242076,13.067966],[80.242026,13.067115],[80.235629,13.066127],[80.233363,13.067677],[80.231659,13.068221],[80.231637,13.068212],[80.231516,13.068176],[80.231389,13.068178],[80.231224,13.068146],[80.231122,13.06814],[80.231009,13.06812],[80.23086,13.068116],[80.23051,13.067992],[80.230113,13.067904],[80.230053,13.067879],[80.229943,13.06785],[80.229759,13.067824],[80.22965,13.067808],[80.229583,13.067785],[80.229518,13.067764],[80.229414,13.067746],[80.229323,13.067779],[80.229203,13.067782],[80.228931,13.067946],[80.228845,13.067972],[80.228729,13.068034],[80.228694,13.068045],[80.228485,13.068198],[80.22864,13.069365],[80.229485,13.07078],[80.229577,13.072193],[80.229916,13.073144],[80.230024,13.074302],[80.230541,13.074443],[80.231013,13.074855],[80.233036,13.075554],[80.234498,13.075861],[80.234614,13.075583],[80.235414,13.075762],[80.236098,13.07631],[80.237216,13.076505]]]}]}},{"type":"Feature","properties":{},"geometry":{"type":"GeometryCollection","geometries":[{"type":"LineString","coordinates":[[80.246701,13.07726],[80.246688,13.076411],[80.246808,13.076296],[80.24694,13.076554],[80.247008,13.076984],[80.247037,13.07712],[80.247149,13.077176],[80.247501,13.077129],[80.247481,13.076531],[80.247013,13.076261],[80.247029,13.075962],[80.247465,13.075141],[80.24125,13.07389],[80.24056,13.076089],[80.240722,13.076911],[80.241639,13.077177],[80.244167,13.077515],[80.24513,13.0769],[80.246701,13.07726]]},{"type":"Polygon","coordinates":[[[80.246701,13.07726],[80.246688,13.076411],[80.246808,13.076296],[80.24694,13.076554],[80.247008,13.076984],[80.247037,13.07712],[80.247149,13.077176],[80.247501,13.077129],[80.247481,13.076531],[80.247013,13.076261],[80.247029,13.075962],[80.247465,13.075141],[80.24125,13.07389],[80.24056,13.076089],[80.240722,13.076911],[80.241639,13.077177],[80.244167,13.077515],[80.24513,13.0769],[80.246701,13.07726]]]}]}},{"type":"Feature","properties":{},"geometry":{"type":"GeometryCollection","geometries":[{"type":"LineString","coordinates":[[80.250167,13.078052],[80.251093,13.075925],[80.248787,13.075407],[80.247465,13.075141],[80.247029,13.075962],[80.247013,13.076261],[80.247481,13.076531],[80.247501,13.077129],[80.247149,13.077176],[80.247037,13.07712],[80.247008,13.076984],[80.24694,13.076554],[80.246808,13.076296],[80.246688,13.076411],[80.246701,13.07726],[80.246932,13.077813],[80.247023,13.078178],[80.248267,13.078411],[80.249179,13.078413],[80.249989,13.078589],[80.250167,13.078052]]},{"type":"Polygon","coordinates":[[[80.250167,13.078052],[80.251093,13.075925],[80.248787,13.075407],[80.247465,13.075141],[80.247029,13.075962],[80.247013,13.076261],[80.247481,13.076531],[80.247501,13.077129],[80.247149,13.077176],[80.247037,13.07712],[80.247008,13.076984],[80.24694,13.076554],[80.246808,13.076296],[80.246688,13.076411],[80.246701,13.07726],[80.246932,13.077813],[80.247023,13.078178],[80.248267,13.078411],[80.249179,13.078413],[80.249989,13.078589],[80.250167,13.078052]]]}]}},{"type":"Feature","properties":{},"geometry":{"type":"GeometryCollection","geometries":[{"type":"LineString","coordinates":[[80.253105,13.090201],[80.253215,13.090172],[80.253233,13.090078],[80.253292,13.089854],[80.25328,13.089675],[80.253781,13.089769],[80.253779,13.089465],[80.253781,13.089284],[80.253799,13.088713],[80.253769,13.088622],[80.253781,13.088343],[80.253795,13.088319],[80.2539,13.088122],[80.254728,13.088391],[80.254773,13.088248],[80.254846,13.088012],[80.25437,13.087861],[80.253954,13.08773],[80.253997,13.087619],[80.254014,13.087574],[80.254082,13.087395],[80.254148,13.087223],[80.254289,13.086851],[80.25429,13.08685],[80.254477,13.086321],[80.254375,13.086279],[80.253908,13.086085],[80.253866,13.085734],[80.253772,13.085724],[80.253768,13.085603],[80.253662,13.085602],[80.253645,13.085601],[80.253486,13.085654],[80.253166,13.085666],[80.253117,13.085654],[80.252964,13.085619],[80.252936,13.085632],[80.252654,13.085762],[80.252489,13.085721],[80.252447,13.08571],[80.252274,13.085667],[80.252265,13.085673],[80.252003,13.085842],[80.251972,13.085862],[80.251915,13.085869],[80.251826,13.08588],[80.251738,13.08589],[80.251676,13.085898],[80.251613,13.085905],[80.25143,13.08592],[80.251182,13.085939],[80.251174,13.08594],[80.250757,13.085963],[80.250725,13.08601],[80.25065,13.086119],[80.250697,13.086511],[80.250698,13.086518],[80.250794,13.087315],[80.250802,13.087384],[80.250836,13.087416],[80.250851,13.087429],[80.25091,13.087538],[80.251277,13.08752],[80.251312,13.087518],[80.251371,13.088073],[80.251369,13.088113],[80.251364,13.088188],[80.251326,13.088749],[80.251088,13.088998],[80.251054,13.089082],[80.251068,13.089138],[80.251087,13.089217],[80.251694,13.089244],[80.251688,13.089304],[80.251895,13.089253],[80.251864,13.090481],[80.252015,13.090508],[80.252172,13.090481],[80.252262,13.090466],[80.252555,13.090486],[80.252554,13.090359],[80.252553,13.090199],[80.252553,13.090145],[80.252635,13.090154],[80.252961,13.090189],[80.25301,13.090194],[80.253066,13.090201],[80.253094,13.090204],[80.253105,13.090201]]},{"type":"Polygon","coordinates":[[[80.253105,13.090201],[80.253215,13.090172],[80.253233,13.090078],[80.253292,13.089854],[80.25328,13.089675],[80.253781,13.089769],[80.253779,13.089465],[80.253781,13.089284],[80.253799,13.088713],[80.253769,13.088622],[80.253781,13.088343],[80.253795,13.088319],[80.2539,13.088122],[80.254728,13.088391],[80.254773,13.088248],[80.254846,13.088012],[80.25437,13.087861],[80.253954,13.08773],[80.253997,13.087619],[80.254014,13.087574],[80.254082,13.087395],[80.254148,13.087223],[80.254289,13.086851],[80.25429,13.08685],[80.254477,13.086321],[80.254375,13.086279],[80.253908,13.086085],[80.253866,13.085734],[80.253772,13.085724],[80.253768,13.085603],[80.253662,13.085602],[80.253645,13.085601],[80.253486,13.085654],[80.253166,13.085666],[80.253117,13.085654],[80.252964,13.085619],[80.252936,13.085632],[80.252654,13.085762],[80.252489,13.085721],[80.252447,13.08571],[80.252274,13.085667],[80.252265,13.085673],[80.252003,13.085842],[80.251972,13.085862],[80.251915,13.085869],[80.251826,13.08588],[80.251738,13.08589],[80.251676,13.085898],[80.251613,13.085905],[80.25143,13.08592],[80.251182,13.085939],[80.251174,13.08594],[80.250757,13.085963],[80.250725,13.08601],[80.25065,13.086119],[80.250697,13.086511],[80.250698,13.086518],[80.250794,13.087315],[80.250802,13.087384],[80.250836,13.087416],[80.250851,13.087429],[80.25091,13.087538],[80.251277,13.08752],[80.251312,13.087518],[80.251371,13.088073],[80.251369,13.088113],[80.251364,13.088188],[80.251326,13.088749],[80.251088,13.088998],[80.251054,13.089082],[80.251068,13.089138],[80.251087,13.089217],[80.251694,13.089244],[80.251688,13.089304],[80.251895,13.089253],[80.251864,13.090481],[80.252015,13.090508],[80.252172,13.090481],[80.252262,13.090466],[80.252555,13.090486],[80.252554,13.090359],[80.252553,13.090199],[80.252553,13.090145],[80.252635,13.090154],[80.252961,13.090189],[80.25301,13.090194],[80.253066,13.090201],[80.253094,13.090204],[80.253105,13.090201]]]}]}},{"type":"Feature","properties":{},"geometry":{"type":"GeometryCollection","geometries":[{"type":"LineString","coordinates":[[80.248517,13.018885],[80.25064,13.019099],[80.251342,13.01956],[80.251728,13.018953],[80.252736,13.020931],[80.252931,13.020638],[80.253033,13.020572],[80.253219,13.020505],[80.253273,13.020309],[80.253269,13.020099],[80.254058,13.019603],[80.254954,13.01904],[80.25347,13.017005],[80.248406,13.017421],[80.248517,13.018885]]},{"type":"Polygon","coordinates":[[[80.248517,13.018885],[80.25064,13.019099],[80.251342,13.01956],[80.251728,13.018953],[80.252736,13.020931],[80.252931,13.020638],[80.253033,13.020572],[80.253219,13.020505],[80.253273,13.020309],[80.253269,13.020099],[80.254058,13.019603],[80.254954,13.01904],[80.25347,13.017005],[80.248406,13.017421],[80.248517,13.018885]]]}]}},{"type":"Feature","properties":{},"geometry":{"type":"GeometryCollection","geometries":[{"type":"LineString","coordinates":[[80.285192,13.10785],[80.283986,13.104147],[80.282618,13.104347],[80.282745,13.105212],[80.283419,13.105147],[80.283456,13.106037],[80.283001,13.10615],[80.282654,13.10697],[80.283144,13.107237],[80.283201,13.107567],[80.283653,13.108329],[80.283496,13.108607],[80.283782,13.109214],[80.284003,13.109135],[80.283878,13.108769],[80.284029,13.108721],[80.284359,13.10954],[80.284429,13.10974],[80.284459,13.110338],[80.284861,13.110265],[80.284908,13.110421],[80.284743,13.110472],[80.284948,13.111144],[80.285237,13.111095],[80.285092,13.110697],[80.285066,13.110555],[80.285018,13.110417],[80.284968,13.110164],[80.284882,13.109853],[80.284759,13.109636],[80.28476,13.109564],[80.284956,13.109487],[80.284829,13.109048],[80.285396,13.108915],[80.285399,13.108755],[80.285192,13.10785]]},{"type":"Polygon","coordinates":[[[80.285192,13.10785],[80.283986,13.104147],[80.282618,13.104347],[80.282745,13.105212],[80.283419,13.105147],[80.283456,13.106037],[80.283001,13.10615],[80.282654,13.10697],[80.283144,13.107237],[80.283201,13.107567],[80.283653,13.108329],[80.283496,13.108607],[80.283782,13.109214],[80.284003,13.109135],[80.283878,13.108769],[80.284029,13.108721],[80.284359,13.10954],[80.284429,13.10974],[80.284459,13.110338],[80.284861,13.110265],[80.284908,13.110421],[80.284743,13.110472],[80.284948,13.111144],[80.285237,13.111095],[80.285092,13.110697],[80.285066,13.110555],[80.285018,13.110417],[80.284968,13.110164],[80.284882,13.109853],[80.284759,13.109636],[80.28476,13.109564],[80.284956,13.109487],[80.284829,13.109048],[80.285396,13.108915],[80.285399,13.108755],[80.285192,13.10785]]]}]}},{"type":"Feature","properties":{},"geometry":{"type":"GeometryCollection","geometries":[{"type":"LineString","coordinates":[[80.201915,13.117408],[80.202188,13.117962],[80.201841,13.118254],[80.202074,13.118456],[80.202359,13.11831],[80.202477,13.118593],[80.202598,13.118542],[80.202798,13.118532],[80.202923,13.118497],[80.203893,13.118228],[80.205095,13.118472],[80.206055,13.118395],[80.205986,13.117928],[80.20532,13.117858],[80.205414,13.116807],[80.205674,13.116703],[80.206109,13.116439],[80.206188,13.116335],[80.206406,13.116049],[80.206425,13.11586],[80.206438,13.115723],[80.205956,13.115583],[80.206014,13.115304],[80.20607,13.11522],[80.206059,13.115131],[80.205773,13.114768],[80.20578,13.114406],[80.20523,13.114402],[80.204654,13.114447],[80.204631,13.114406],[80.204631,13.1143],[80.204695,13.114238],[80.204674,13.113896],[80.204806,13.113655],[80.204602,13.113499],[80.204541,13.113381],[80.204229,13.11339],[80.204155,13.1134],[80.20416,13.112536],[80.203526,13.113436],[80.203131,13.113724],[80.203136,13.113957],[80.203025,13.114654],[80.202337,13.115805],[80.20223,13.115836],[80.201169,13.11614],[80.201361,13.11666],[80.201915,13.117408]]},{"type":"Polygon","coordinates":[[[80.201915,13.117408],[80.202188,13.117962],[80.201841,13.118254],[80.202074,13.118456],[80.202359,13.11831],[80.202477,13.118593],[80.202598,13.118542],[80.202798,13.118532],[80.202923,13.118497],[80.203893,13.118228],[80.205095,13.118472],[80.206055,13.118395],[80.205986,13.117928],[80.20532,13.117858],[80.205414,13.116807],[80.205674,13.116703],[80.206109,13.116439],[80.206188,13.116335],[80.206406,13.116049],[80.206425,13.11586],[80.206438,13.115723],[80.205956,13.115583],[80.206014,13.115304],[80.20607,13.11522],[80.206059,13.115131],[80.205773,13.114768],[80.20578,13.114406],[80.20523,13.114402],[80.204654,13.114447],[80.204631,13.114406],[80.204631,13.1143],[80.204695,13.114238],[80.204674,13.113896],[80.204806,13.113655],[80.204602,13.113499],[80.204541,13.113381],[80.204229,13.11339],[80.204155,13.1134],[80.20416,13.112536],[80.203526,13.113436],[80.203131,13.113724],[80.203136,13.113957],[80.203025,13.114654],[80.202337,13.115805],[80.20223,13.115836],[80.201169,13.11614],[80.201361,13.11666],[80.201915,13.117408]]]}]}},{"type":"Feature","properties":{},"geometry":{"type":"GeometryCollection","geometries":[{"type":"LineString","coordinates":[[80.283457,13.1191],[80.283595,13.118572],[80.283596,13.118106],[80.283635,13.116941],[80.283394,13.116178],[80.283354,13.11606],[80.283507,13.115665],[80.283574,13.115171],[80.283827,13.115071],[80.284539,13.114904],[80.284755,13.11501],[80.284751,13.11487],[80.284705,13.114723],[80.284529,13.114716],[80.284512,13.114624],[80.284463,13.114562],[80.283803,13.114704],[80.283801,13.114573],[80.284407,13.114388],[80.284383,13.114225],[80.284551,13.114097],[80.284771,13.114044],[80.284588,13.113091],[80.284416,13.112893],[80.284403,13.112358],[80.28443,13.111576],[80.28448,13.11156],[80.284497,13.111586],[80.284839,13.111513],[80.284948,13.111144],[80.284743,13.110472],[80.284908,13.110421],[80.284861,13.110265],[80.284459,13.110338],[80.284375,13.110475],[80.284535,13.111022],[80.284301,13.111031],[80.28422,13.111184],[80.283617,13.111522],[80.283406,13.111578],[80.282925,13.111235],[80.282119,13.111448],[80.282043,13.111349],[80.282076,13.111087],[80.281593,13.111125],[80.281525,13.11085],[80.281456,13.110522],[80.281895,13.11032],[80.282172,13.110247],[80.28221,13.110388],[80.282872,13.110145],[80.282751,13.109997],[80.28253,13.110013],[80.282171,13.108983],[80.280487,13.109311],[80.280831,13.109584],[80.280948,13.109855],[80.281112,13.110566],[80.281253,13.11054],[80.281251,13.110733],[80.281349,13.111601],[80.28133,13.112294],[80.281707,13.113131],[80.281602,13.113657],[80.281315,13.113662],[80.281014,13.113124],[80.280978,13.112984],[80.28061,13.113026],[80.280619,13.113604],[80.280631,13.11391],[80.280641,13.114112],[80.280117,13.114236],[80.280237,13.114865],[80.280247,13.115217],[80.279646,13.115258],[80.279565,13.115336],[80.279597,13.115482],[80.279733,13.115473],[80.279841,13.116292],[80.280593,13.116203],[80.2809,13.116127],[80.280994,13.11618],[80.280909,13.116386],[80.280988,13.11644],[80.282405,13.116386],[80.282625,13.117363],[80.282325,13.117402],[80.282303,13.11756],[80.281918,13.117601],[80.282074,13.118531],[80.28179,13.118564],[80.281958,13.119464],[80.282654,13.119358],[80.282659,13.119778],[80.282715,13.120483],[80.283057,13.120454],[80.283043,13.119694],[80.283404,13.11969],[80.283457,13.1191]]},{"type":"Polygon","coordinates":[[[80.283457,13.1191],[80.283595,13.118572],[80.283596,13.118106],[80.283635,13.116941],[80.283394,13.116178],[80.283354,13.11606],[80.283507,13.115665],[80.283574,13.115171],[80.283827,13.115071],[80.284539,13.114904],[80.284755,13.11501],[80.284751,13.11487],[80.284705,13.114723],[80.284529,13.114716],[80.284512,13.114624],[80.284463,13.114562],[80.283803,13.114704],[80.283801,13.114573],[80.284407,13.114388],[80.284383,13.114225],[80.284551,13.114097],[80.284771,13.114044],[80.284588,13.113091],[80.284416,13.112893],[80.284403,13.112358],[80.28443,13.111576],[80.28448,13.11156],[80.284497,13.111586],[80.284839,13.111513],[80.284948,13.111144],[80.284743,13.110472],[80.284908,13.110421],[80.284861,13.110265],[80.284459,13.110338],[80.284375,13.110475],[80.284535,13.111022],[80.284301,13.111031],[80.28422,13.111184],[80.283617,13.111522],[80.283406,13.111578],[80.282925,13.111235],[80.282119,13.111448],[80.282043,13.111349],[80.282076,13.111087],[80.281593,13.111125],[80.281525,13.11085],[80.281456,13.110522],[80.281895,13.11032],[80.282172,13.110247],[80.28221,13.110388],[80.282872,13.110145],[80.282751,13.109997],[80.28253,13.110013],[80.282171,13.108983],[80.280487,13.109311],[80.280831,13.109584],[80.280948,13.109855],[80.281112,13.110566],[80.281253,13.11054],[80.281251,13.110733],[80.281349,13.111601],[80.28133,13.112294],[80.281707,13.113131],[80.281602,13.113657],[80.281315,13.113662],[80.281014,13.113124],[80.280978,13.112984],[80.28061,13.113026],[80.280619,13.113604],[80.280631,13.11391],[80.280641,13.114112],[80.280117,13.114236],[80.280237,13.114865],[80.280247,13.115217],[80.279646,13.115258],[80.279565,13.115336],[80.279597,13.115482],[80.279733,13.115473],[80.279841,13.116292],[80.280593,13.116203],[80.2809,13.116127],[80.280994,13.11618],[80.280909,13.116386],[80.280988,13.11644],[80.282405,13.116386],[80.282625,13.117363],[80.282325,13.117402],[80.282303,13.11756],[80.281918,13.117601],[80.282074,13.118531],[80.28179,13.118564],[80.281958,13.119464],[80.282654,13.119358],[80.282659,13.119778],[80.282715,13.120483],[80.283057,13.120454],[80.283043,13.119694],[80.283404,13.11969],[80.283457,13.1191]]]}]}},{"type":"Feature","properties":{},"geometry":{"type":"GeometryCollection","geometries":[{"type":"LineString","coordinates":[[80.252568,13.076841],[80.251321,13.076647],[80.25119,13.075729],[80.251093,13.075925],[80.250167,13.078052],[80.249989,13.078589],[80.250503,13.078533],[80.250799,13.078401],[80.251644,13.078515],[80.251657,13.078514],[80.252579,13.078462],[80.252568,13.076841]]},{"type":"Polygon","coordinates":[[[80.252568,13.076841],[80.251321,13.076647],[80.25119,13.075729],[80.251093,13.075925],[80.250167,13.078052],[80.249989,13.078589],[80.250503,13.078533],[80.250799,13.078401],[80.251644,13.078515],[80.251657,13.078514],[80.252579,13.078462],[80.252568,13.076841]]]}]}},{"type":"Feature","properties":{},"geometry":{"type":"GeometryCollection","geometries":[{"type":"LineString","coordinates":[[80.170337,13.078893],[80.167598,13.07895],[80.167802,13.079763],[80.167246,13.079804],[80.165225,13.079783],[80.16488,13.08072],[80.166397,13.081199],[80.166379,13.081345],[80.166352,13.081568],[80.165911,13.081405],[80.165585,13.082366],[80.164854,13.082076],[80.16436,13.082936],[80.16521,13.083309],[80.16498,13.083802],[80.16562,13.083768],[80.166105,13.083757],[80.166111,13.083845],[80.167216,13.083755],[80.167249,13.084056],[80.166961,13.084062],[80.166979,13.084411],[80.167034,13.084828],[80.166551,13.084886],[80.166742,13.086166],[80.166757,13.08617],[80.166987,13.086151],[80.166997,13.086269],[80.166829,13.086307],[80.166802,13.086212],[80.16676,13.086216],[80.166401,13.086281],[80.16745,13.092432],[80.176181,13.092411],[80.17632,13.087428],[80.177073,13.08744],[80.177052,13.086658],[80.177824,13.086618],[80.177818,13.086975],[80.178326,13.086979],[80.178347,13.086345],[80.177513,13.086295],[80.177528,13.086077],[80.177036,13.086071],[80.17705,13.08582],[80.177699,13.085851],[80.178792,13.086089],[80.179265,13.086096],[80.179271,13.08578],[80.181624,13.085864],[80.181613,13.08617],[80.182852,13.086207],[80.18292,13.085299],[80.184329,13.085422],[80.184319,13.0856],[80.184877,13.085619],[80.184892,13.085345],[80.185908,13.085459],[80.187873,13.08576],[80.187898,13.085385],[80.18823,13.085432],[80.188211,13.08569],[80.188107,13.086563],[80.188085,13.08681],[80.188269,13.086823],[80.188332,13.086258],[80.18885,13.086317],[80.188889,13.08571],[80.189837,13.085728],[80.189741,13.085318],[80.18932,13.085379],[80.189206,13.084775],[80.189389,13.084734],[80.189227,13.083947],[80.18934,13.083926],[80.18928,13.083672],[80.189201,13.083603],[80.189109,13.083492],[80.188987,13.082741],[80.188878,13.082459],[80.1889,13.082151],[80.188916,13.08205],[80.188847,13.081765],[80.188767,13.081783],[80.188716,13.081595],[80.188869,13.081547],[80.18879,13.08132],[80.188656,13.081348],[80.188501,13.080821],[80.187995,13.080936],[80.187964,13.081423],[80.184798,13.08104],[80.184906,13.080022],[80.184603,13.079985],[80.184461,13.080979],[80.183588,13.080891],[80.182341,13.080769],[80.182486,13.079674],[80.182787,13.079706],[80.18282,13.079474],[80.181968,13.079371],[80.182157,13.077581],[80.184459,13.077714],[80.1845,13.077309],[80.185635,13.07742],[80.18564,13.075751],[80.185421,13.075747],[80.181548,13.075645],[80.181506,13.075107],[80.181351,13.074471],[80.181202,13.0739],[80.181267,13.072853],[80.18201,13.072874],[80.182027,13.07248],[80.178649,13.072245],[80.177122,13.072929],[80.176066,13.073485],[80.175599,13.073024],[80.174701,13.074256],[80.175027,13.074693],[80.173903,13.075952],[80.173644,13.076884],[80.172264,13.078793],[80.170337,13.078893]]},{"type":"Polygon","coordinates":[[[80.170337,13.078893],[80.167598,13.07895],[80.167802,13.079763],[80.167246,13.079804],[80.165225,13.079783],[80.16488,13.08072],[80.166397,13.081199],[80.166379,13.081345],[80.166352,13.081568],[80.165911,13.081405],[80.165585,13.082366],[80.164854,13.082076],[80.16436,13.082936],[80.16521,13.083309],[80.16498,13.083802],[80.16562,13.083768],[80.166105,13.083757],[80.166111,13.083845],[80.167216,13.083755],[80.167249,13.084056],[80.166961,13.084062],[80.166979,13.084411],[80.167034,13.084828],[80.166551,13.084886],[80.166742,13.086166],[80.166757,13.08617],[80.166987,13.086151],[80.166997,13.086269],[80.166829,13.086307],[80.166802,13.086212],[80.16676,13.086216],[80.166401,13.086281],[80.16745,13.092432],[80.176181,13.092411],[80.17632,13.087428],[80.177073,13.08744],[80.177052,13.086658],[80.177824,13.086618],[80.177818,13.086975],[80.178326,13.086979],[80.178347,13.086345],[80.177513,13.086295],[80.177528,13.086077],[80.177036,13.086071],[80.17705,13.08582],[80.177699,13.085851],[80.178792,13.086089],[80.179265,13.086096],[80.179271,13.08578],[80.181624,13.085864],[80.181613,13.08617],[80.182852,13.086207],[80.18292,13.085299],[80.184329,13.085422],[80.184319,13.0856],[80.184877,13.085619],[80.184892,13.085345],[80.185908,13.085459],[80.187873,13.08576],[80.187898,13.085385],[80.18823,13.085432],[80.188211,13.08569],[80.188107,13.086563],[80.188085,13.08681],[80.188269,13.086823],[80.188332,13.086258],[80.18885,13.086317],[80.188889,13.08571],[80.189837,13.085728],[80.189741,13.085318],[80.18932,13.085379],[80.189206,13.084775],[80.189389,13.084734],[80.189227,13.083947],[80.18934,13.083926],[80.18928,13.083672],[80.189201,13.083603],[80.189109,13.083492],[80.188987,13.082741],[80.188878,13.082459],[80.1889,13.082151],[80.188916,13.08205],[80.188847,13.081765],[80.188767,13.081783],[80.188716,13.081595],[80.188869,13.081547],[80.18879,13.08132],[80.188656,13.081348],[80.188501,13.080821],[80.187995,13.080936],[80.187964,13.081423],[80.184798,13.08104],[80.184906,13.080022],[80.184603,13.079985],[80.184461,13.080979],[80.183588,13.080891],[80.182341,13.080769],[80.182486,13.079674],[80.182787,13.079706],[80.18282,13.079474],[80.181968,13.079371],[80.182157,13.077581],[80.184459,13.077714],[80.1845,13.077309],[80.185635,13.07742],[80.18564,13.075751],[80.185421,13.075747],[80.181548,13.075645],[80.181506,13.075107],[80.181351,13.074471],[80.181202,13.0739],[80.181267,13.072853],[80.18201,13.072874],[80.182027,13.07248],[80.178649,13.072245],[80.177122,13.072929],[80.176066,13.073485],[80.175599,13.073024],[80.174701,13.074256],[80.175027,13.074693],[80.173903,13.075952],[80.173644,13.076884],[80.172264,13.078793],[80.170337,13.078893]]]}]}},{"type":"Feature","properties":{},"geometry":{"type":"GeometryCollection","geometries":[{"type":"LineString","coordinates":[[80.165786,13.138302],[80.164749,13.134066],[80.165823,13.133898],[80.165313,13.132195],[80.164181,13.132039],[80.162702,13.131726],[80.162572,13.133397],[80.162236,13.133378],[80.162229,13.132618],[80.158803,13.132625],[80.158867,13.131848],[80.158556,13.131811],[80.15866,13.130684],[80.15753,13.130136],[80.15738,13.131194],[80.157069,13.131121],[80.157189,13.129881],[80.156486,13.129382],[80.15539,13.128658],[80.154824,13.130827],[80.154086,13.130863],[80.154081,13.132293],[80.154844,13.132259],[80.154864,13.132657],[80.155349,13.132614],[80.155423,13.134253],[80.156054,13.134267],[80.156032,13.134694],[80.154323,13.134665],[80.153971,13.135055],[80.153979,13.13519],[80.153397,13.135197],[80.153306,13.136689],[80.154374,13.136764],[80.154354,13.137096],[80.15206,13.136981],[80.151978,13.138575],[80.15157,13.138552],[80.151598,13.13834],[80.14969,13.13835],[80.150013,13.13918],[80.150386,13.139742],[80.151485,13.140301],[80.152364,13.140963],[80.152788,13.141166],[80.153395,13.141397],[80.154392,13.141442],[80.155372,13.141466],[80.156773,13.141018],[80.157321,13.140987],[80.158324,13.140778],[80.159117,13.140864],[80.159209,13.140827],[80.159965,13.140525],[80.160334,13.140386],[80.161211,13.139875],[80.165786,13.138302]]},{"type":"Polygon","coordinates":[[[80.165786,13.138302],[80.164749,13.134066],[80.165823,13.133898],[80.165313,13.132195],[80.164181,13.132039],[80.162702,13.131726],[80.162572,13.133397],[80.162236,13.133378],[80.162229,13.132618],[80.158803,13.132625],[80.158867,13.131848],[80.158556,13.131811],[80.15866,13.130684],[80.15753,13.130136],[80.15738,13.131194],[80.157069,13.131121],[80.157189,13.129881],[80.156486,13.129382],[80.15539,13.128658],[80.154824,13.130827],[80.154086,13.130863],[80.154081,13.132293],[80.154844,13.132259],[80.154864,13.132657],[80.155349,13.132614],[80.155423,13.134253],[80.156054,13.134267],[80.156032,13.134694],[80.154323,13.134665],[80.153971,13.135055],[80.153979,13.13519],[80.153397,13.135197],[80.153306,13.136689],[80.154374,13.136764],[80.154354,13.137096],[80.15206,13.136981],[80.151978,13.138575],[80.15157,13.138552],[80.151598,13.13834],[80.14969,13.13835],[80.150013,13.13918],[80.150386,13.139742],[80.151485,13.140301],[80.152364,13.140963],[80.152788,13.141166],[80.153395,13.141397],[80.154392,13.141442],[80.155372,13.141466],[80.156773,13.141018],[80.157321,13.140987],[80.158324,13.140778],[80.159117,13.140864],[80.159209,13.140827],[80.159965,13.140525],[80.160334,13.140386],[80.161211,13.139875],[80.165786,13.138302]]]}]}},{"type":"Feature","properties":{},"geometry":{"type":"GeometryCollection","geometries":[{"type":"LineString","coordinates":[[80.15539,13.128658],[80.154101,13.127785],[80.15415,13.127599],[80.153828,13.127311],[80.153195,13.126121],[80.152536,13.12502],[80.151824,13.124645],[80.150158,13.123678],[80.14776,13.122342],[80.147687,13.122503],[80.148644,13.12307],[80.149108,13.123445],[80.149328,13.12431],[80.149503,13.124465],[80.149749,13.124215],[80.150323,13.124525],[80.150602,13.124225],[80.151129,13.124485],[80.151317,13.125117],[80.151647,13.125039],[80.151759,13.125517],[80.151557,13.125577],[80.151762,13.126543],[80.152076,13.127979],[80.153556,13.127704],[80.153584,13.128074],[80.15243,13.128178],[80.151793,13.128176],[80.150878,13.128144],[80.151175,13.129067],[80.150926,13.129149],[80.15045,13.12811],[80.14964,13.128305],[80.149909,13.128859],[80.150199,13.128773],[80.150289,13.129043],[80.15015,13.129078],[80.150201,13.12924],[80.150439,13.129198],[80.150595,13.129582],[80.149741,13.12978],[80.149784,13.130053],[80.150652,13.12988],[80.150966,13.130673],[80.151146,13.131016],[80.151748,13.132844],[80.151779,13.13344],[80.146374,13.133439],[80.144916,13.136093],[80.144926,13.136435],[80.144979,13.138327],[80.146093,13.138219],[80.147388,13.138085],[80.148763,13.137935],[80.149496,13.137852],[80.14969,13.13835],[80.151598,13.13834],[80.15157,13.138552],[80.151978,13.138575],[80.15206,13.136981],[80.154354,13.137096],[80.154374,13.136764],[80.153306,13.136689],[80.153397,13.135197],[80.153979,13.13519],[80.153971,13.135055],[80.154323,13.134665],[80.156032,13.134694],[80.156054,13.134267],[80.155423,13.134253],[80.155349,13.132614],[80.154864,13.132657],[80.154844,13.132259],[80.154081,13.132293],[80.154086,13.130863],[80.154824,13.130827],[80.15539,13.128658]]},{"type":"Polygon","coordinates":[[[80.15539,13.128658],[80.154101,13.127785],[80.15415,13.127599],[80.153828,13.127311],[80.153195,13.126121],[80.152536,13.12502],[80.151824,13.124645],[80.150158,13.123678],[80.14776,13.122342],[80.147687,13.122503],[80.148644,13.12307],[80.149108,13.123445],[80.149328,13.12431],[80.149503,13.124465],[80.149749,13.124215],[80.150323,13.124525],[80.150602,13.124225],[80.151129,13.124485],[80.151317,13.125117],[80.151647,13.125039],[80.151759,13.125517],[80.151557,13.125577],[80.151762,13.126543],[80.152076,13.127979],[80.153556,13.127704],[80.153584,13.128074],[80.15243,13.128178],[80.151793,13.128176],[80.150878,13.128144],[80.151175,13.129067],[80.150926,13.129149],[80.15045,13.12811],[80.14964,13.128305],[80.149909,13.128859],[80.150199,13.128773],[80.150289,13.129043],[80.15015,13.129078],[80.150201,13.12924],[80.150439,13.129198],[80.150595,13.129582],[80.149741,13.12978],[80.149784,13.130053],[80.150652,13.12988],[80.150966,13.130673],[80.151146,13.131016],[80.151748,13.132844],[80.151779,13.13344],[80.146374,13.133439],[80.144916,13.136093],[80.144926,13.136435],[80.144979,13.138327],[80.146093,13.138219],[80.147388,13.138085],[80.148763,13.137935],[80.149496,13.137852],[80.14969,13.13835],[80.151598,13.13834],[80.15157,13.138552],[80.151978,13.138575],[80.15206,13.136981],[80.154354,13.137096],[80.154374,13.136764],[80.153306,13.136689],[80.153397,13.135197],[80.153979,13.13519],[80.153971,13.135055],[80.154323,13.134665],[80.156032,13.134694],[80.156054,13.134267],[80.155423,13.134253],[80.155349,13.132614],[80.154864,13.132657],[80.154844,13.132259],[80.154081,13.132293],[80.154086,13.130863],[80.154824,13.130827],[80.15539,13.128658]]]}]}},{"type":"Feature","properties":{},"geometry":{"type":"GeometryCollection","geometries":[{"type":"LineString","coordinates":[[80.14776,13.122342],[80.147626,13.122145],[80.143864,13.12459],[80.146842,13.131639],[80.146763,13.132733],[80.146374,13.133439],[80.151779,13.13344],[80.151748,13.132844],[80.151146,13.131016],[80.150966,13.130673],[80.150652,13.12988],[80.149784,13.130053],[80.149741,13.12978],[80.150595,13.129582],[80.150439,13.129198],[80.150201,13.12924],[80.15015,13.129078],[80.150289,13.129043],[80.150199,13.128773],[80.149909,13.128859],[80.14964,13.128305],[80.15045,13.12811],[80.150926,13.129149],[80.151175,13.129067],[80.150878,13.128144],[80.151793,13.128176],[80.15243,13.128178],[80.153584,13.128074],[80.153556,13.127704],[80.152076,13.127979],[80.151762,13.126543],[80.151557,13.125577],[80.151759,13.125517],[80.151647,13.125039],[80.151317,13.125117],[80.151129,13.124485],[80.150602,13.124225],[80.150323,13.124525],[80.149749,13.124215],[80.149503,13.124465],[80.149328,13.12431],[80.149108,13.123445],[80.148644,13.12307],[80.147687,13.122503],[80.14776,13.122342]]},{"type":"Polygon","coordinates":[[[80.14776,13.122342],[80.147626,13.122145],[80.143864,13.12459],[80.146842,13.131639],[80.146763,13.132733],[80.146374,13.133439],[80.151779,13.13344],[80.151748,13.132844],[80.151146,13.131016],[80.150966,13.130673],[80.150652,13.12988],[80.149784,13.130053],[80.149741,13.12978],[80.150595,13.129582],[80.150439,13.129198],[80.150201,13.12924],[80.15015,13.129078],[80.150289,13.129043],[80.150199,13.128773],[80.149909,13.128859],[80.14964,13.128305],[80.15045,13.12811],[80.150926,13.129149],[80.151175,13.129067],[80.150878,13.128144],[80.151793,13.128176],[80.15243,13.128178],[80.153584,13.128074],[80.153556,13.127704],[80.152076,13.127979],[80.151762,13.126543],[80.151557,13.125577],[80.151759,13.125517],[80.151647,13.125039],[80.151317,13.125117],[80.151129,13.124485],[80.150602,13.124225],[80.150323,13.124525],[80.149749,13.124215],[80.149503,13.124465],[80.149328,13.12431],[80.149108,13.123445],[80.148644,13.12307],[80.147687,13.122503],[80.14776,13.122342]]]}]}},{"type":"Feature","properties":{},"geometry":{"type":"GeometryCollection","geometries":[{"type":"LineString","coordinates":[[80.147626,13.122145],[80.14906,13.121232],[80.149731,13.119254],[80.148519,13.119479],[80.148394,13.119106],[80.149772,13.118488],[80.146916,13.114412],[80.141906,13.11524],[80.142137,13.116209],[80.142913,13.120479],[80.143111,13.123289],[80.14308,13.123994],[80.143723,13.124483],[80.143864,13.12459],[80.147626,13.122145]]},{"type":"Polygon","coordinates":[[[80.147626,13.122145],[80.14906,13.121232],[80.149731,13.119254],[80.148519,13.119479],[80.148394,13.119106],[80.149772,13.118488],[80.146916,13.114412],[80.141906,13.11524],[80.142137,13.116209],[80.142913,13.120479],[80.143111,13.123289],[80.14308,13.123994],[80.143723,13.124483],[80.143864,13.12459],[80.147626,13.122145]]]}]}},{"type":"Feature","properties":{},"geometry":{"type":"GeometryCollection","geometries":[{"type":"LineString","coordinates":[[80.170821,13.140091],[80.170528,13.139113],[80.170284,13.139218],[80.169523,13.13755],[80.170036,13.137317],[80.169794,13.13669],[80.169335,13.136884],[80.168966,13.136132],[80.169616,13.135842],[80.169346,13.135114],[80.169981,13.134858],[80.169562,13.133292],[80.169327,13.132201],[80.167937,13.132149],[80.16766,13.132141],[80.167657,13.13204],[80.166348,13.132022],[80.165513,13.132002],[80.164494,13.131909],[80.16332,13.131702],[80.162503,13.131548],[80.161422,13.131345],[80.160603,13.131213],[80.160178,13.131107],[80.159005,13.130637],[80.158292,13.130344],[80.157521,13.129932],[80.156465,13.129172],[80.154551,13.127863],[80.15415,13.127599],[80.154101,13.127785],[80.15539,13.128658],[80.156486,13.129382],[80.157189,13.129881],[80.157069,13.131121],[80.15738,13.131194],[80.15753,13.130136],[80.15866,13.130684],[80.158556,13.131811],[80.158867,13.131848],[80.158803,13.132625],[80.162229,13.132618],[80.162236,13.133378],[80.162572,13.133397],[80.162702,13.131726],[80.164181,13.132039],[80.165313,13.132195],[80.165823,13.133898],[80.164749,13.134066],[80.165786,13.138302],[80.16668,13.137995],[80.167106,13.139095],[80.167124,13.139433],[80.16805,13.140631],[80.168394,13.141101],[80.168407,13.141119],[80.168413,13.141127],[80.168419,13.141125],[80.168726,13.141023],[80.168977,13.140941],[80.169034,13.140922],[80.169066,13.140911],[80.169168,13.140878],[80.169911,13.140524],[80.170289,13.140344],[80.170545,13.140222],[80.170723,13.140138],[80.170821,13.140091]]},{"type":"Polygon","coordinates":[[[80.170821,13.140091],[80.170528,13.139113],[80.170284,13.139218],[80.169523,13.13755],[80.170036,13.137317],[80.169794,13.13669],[80.169335,13.136884],[80.168966,13.136132],[80.169616,13.135842],[80.169346,13.135114],[80.169981,13.134858],[80.169562,13.133292],[80.169327,13.132201],[80.167937,13.132149],[80.16766,13.132141],[80.167657,13.13204],[80.166348,13.132022],[80.165513,13.132002],[80.164494,13.131909],[80.16332,13.131702],[80.162503,13.131548],[80.161422,13.131345],[80.160603,13.131213],[80.160178,13.131107],[80.159005,13.130637],[80.158292,13.130344],[80.157521,13.129932],[80.156465,13.129172],[80.154551,13.127863],[80.15415,13.127599],[80.154101,13.127785],[80.15539,13.128658],[80.156486,13.129382],[80.157189,13.129881],[80.157069,13.131121],[80.15738,13.131194],[80.15753,13.130136],[80.15866,13.130684],[80.158556,13.131811],[80.158867,13.131848],[80.158803,13.132625],[80.162229,13.132618],[80.162236,13.133378],[80.162572,13.133397],[80.162702,13.131726],[80.164181,13.132039],[80.165313,13.132195],[80.165823,13.133898],[80.164749,13.134066],[80.165786,13.138302],[80.16668,13.137995],[80.167106,13.139095],[80.167124,13.139433],[80.16805,13.140631],[80.168394,13.141101],[80.168407,13.141119],[80.168413,13.141127],[80.168419,13.141125],[80.168726,13.141023],[80.168977,13.140941],[80.169034,13.140922],[80.169066,13.140911],[80.169168,13.140878],[80.169911,13.140524],[80.170289,13.140344],[80.170545,13.140222],[80.170723,13.140138],[80.170821,13.140091]]]}]}},{"type":"Feature","properties":{},"geometry":{"type":"GeometryCollection","geometries":[{"type":"LineString","coordinates":[[80.176399,13.137895],[80.174272,13.135768],[80.173682,13.135985],[80.172775,13.134486],[80.171714,13.132121],[80.169906,13.13209],[80.167657,13.13204],[80.16766,13.132141],[80.167937,13.132149],[80.169327,13.132201],[80.169562,13.133292],[80.169981,13.134858],[80.169346,13.135114],[80.169616,13.135842],[80.168966,13.136132],[80.169335,13.136884],[80.169794,13.13669],[80.170036,13.137317],[80.169523,13.13755],[80.170284,13.139218],[80.170528,13.139113],[80.170821,13.140091],[80.171061,13.139977],[80.175895,13.1382],[80.176399,13.137895]]},{"type":"Polygon","coordinates":[[[80.176399,13.137895],[80.174272,13.135768],[80.173682,13.135985],[80.172775,13.134486],[80.171714,13.132121],[80.169906,13.13209],[80.167657,13.13204],[80.16766,13.132141],[80.167937,13.132149],[80.169327,13.132201],[80.169562,13.133292],[80.169981,13.134858],[80.169346,13.135114],[80.169616,13.135842],[80.168966,13.136132],[80.169335,13.136884],[80.169794,13.13669],[80.170036,13.137317],[80.169523,13.13755],[80.170284,13.139218],[80.170528,13.139113],[80.170821,13.140091],[80.171061,13.139977],[80.175895,13.1382],[80.176399,13.137895]]]}]}},{"type":"Feature","properties":{},"geometry":{"type":"GeometryCollection","geometries":[{"type":"LineString","coordinates":[[80.179483,13.13603],[80.172064,13.123041],[80.171366,13.120097],[80.176627,13.11607],[80.174588,13.112882],[80.164038,13.114475],[80.164154,13.116174],[80.164548,13.118002],[80.166266,13.12241],[80.168122,13.125825],[80.169626,13.128605],[80.171269,13.132113],[80.171714,13.132121],[80.172775,13.134486],[80.173682,13.135985],[80.174272,13.135768],[80.176399,13.137895],[80.179483,13.13603]]},{"type":"Polygon","coordinates":[[[80.179483,13.13603],[80.172064,13.123041],[80.171366,13.120097],[80.176627,13.11607],[80.174588,13.112882],[80.164038,13.114475],[80.164154,13.116174],[80.164548,13.118002],[80.166266,13.12241],[80.168122,13.125825],[80.169626,13.128605],[80.171269,13.132113],[80.171714,13.132121],[80.172775,13.134486],[80.173682,13.135985],[80.174272,13.135768],[80.176399,13.137895],[80.179483,13.13603]]]}]}},{"type":"Feature","properties":{},"geometry":{"type":"GeometryCollection","geometries":[{"type":"LineString","coordinates":[[80.167068,13.123886],[80.164593,13.124767],[80.164042,13.123733],[80.163424,13.123934],[80.163023,13.123418],[80.162507,13.123706],[80.162601,13.123939],[80.161498,13.124528],[80.161023,13.125082],[80.159639,13.124977],[80.159303,13.125605],[80.159209,13.125978],[80.159235,13.12627],[80.160224,13.126175],[80.160688,13.127339],[80.160815,13.127406],[80.160829,13.127509],[80.160961,13.127689],[80.159826,13.128255],[80.159906,13.128497],[80.159207,13.128672],[80.159177,13.128853],[80.158858,13.130072],[80.158769,13.13054],[80.159005,13.130637],[80.160178,13.131107],[80.160603,13.131213],[80.161422,13.131345],[80.162503,13.131548],[80.16332,13.131702],[80.164494,13.131909],[80.165513,13.132002],[80.166348,13.132022],[80.167657,13.13204],[80.169906,13.13209],[80.171269,13.132113],[80.169626,13.128605],[80.168122,13.125825],[80.167068,13.123886]]},{"type":"Polygon","coordinates":[[[80.167068,13.123886],[80.164593,13.124767],[80.164042,13.123733],[80.163424,13.123934],[80.163023,13.123418],[80.162507,13.123706],[80.162601,13.123939],[80.161498,13.124528],[80.161023,13.125082],[80.159639,13.124977],[80.159303,13.125605],[80.159209,13.125978],[80.159235,13.12627],[80.160224,13.126175],[80.160688,13.127339],[80.160815,13.127406],[80.160829,13.127509],[80.160961,13.127689],[80.159826,13.128255],[80.159906,13.128497],[80.159207,13.128672],[80.159177,13.128853],[80.158858,13.130072],[80.158769,13.13054],[80.159005,13.130637],[80.160178,13.131107],[80.160603,13.131213],[80.161422,13.131345],[80.162503,13.131548],[80.16332,13.131702],[80.164494,13.131909],[80.165513,13.132002],[80.166348,13.132022],[80.167657,13.13204],[80.169906,13.13209],[80.171269,13.132113],[80.169626,13.128605],[80.168122,13.125825],[80.167068,13.123886]]]}]}},{"type":"Feature","properties":{},"geometry":{"type":"GeometryCollection","geometries":[{"type":"LineString","coordinates":[[80.188149,13.072907],[80.188275,13.075801],[80.188637,13.078358],[80.188921,13.078314],[80.189726,13.079168],[80.189792,13.079282],[80.191656,13.078307],[80.192453,13.079756],[80.196355,13.079357],[80.196123,13.077699],[80.192456,13.076319],[80.189829,13.073706],[80.188149,13.072907]]},{"type":"Polygon","coordinates":[[[80.188149,13.072907],[80.188275,13.075801],[80.188637,13.078358],[80.188921,13.078314],[80.189726,13.079168],[80.189792,13.079282],[80.191656,13.078307],[80.192453,13.079756],[80.196355,13.079357],[80.196123,13.077699],[80.192456,13.076319],[80.189829,13.073706],[80.188149,13.072907]]]}]}},{"type":"Feature","properties":{},"geometry":{"type":"GeometryCollection","geometries":[{"type":"LineString","coordinates":[[80.164038,13.114475],[80.162154,13.114456],[80.1592,13.114428],[80.154436,13.114381],[80.146916,13.114412],[80.149772,13.118488],[80.148394,13.119106],[80.148519,13.119479],[80.149731,13.119254],[80.14906,13.121232],[80.147626,13.122145],[80.14776,13.122342],[80.150158,13.123678],[80.151824,13.124645],[80.152536,13.12502],[80.153195,13.126121],[80.153828,13.127311],[80.15415,13.127599],[80.154551,13.127863],[80.156465,13.129172],[80.157521,13.129932],[80.158292,13.130344],[80.158769,13.13054],[80.158858,13.130072],[80.159177,13.128853],[80.159207,13.128672],[80.159906,13.128497],[80.159826,13.128255],[80.160961,13.127689],[80.160829,13.127509],[80.160815,13.127406],[80.160688,13.127339],[80.160224,13.126175],[80.159235,13.12627],[80.159209,13.125978],[80.159303,13.125605],[80.159639,13.124977],[80.161023,13.125082],[80.161498,13.124528],[80.162601,13.123939],[80.162507,13.123706],[80.163023,13.123418],[80.163424,13.123934],[80.164042,13.123733],[80.164593,13.124767],[80.167068,13.123886],[80.166266,13.12241],[80.164548,13.118002],[80.164154,13.116174],[80.164038,13.114475]]},{"type":"Polygon","coordinates":[[[80.164038,13.114475],[80.162154,13.114456],[80.1592,13.114428],[80.154436,13.114381],[80.146916,13.114412],[80.149772,13.118488],[80.148394,13.119106],[80.148519,13.119479],[80.149731,13.119254],[80.14906,13.121232],[80.147626,13.122145],[80.14776,13.122342],[80.150158,13.123678],[80.151824,13.124645],[80.152536,13.12502],[80.153195,13.126121],[80.153828,13.127311],[80.15415,13.127599],[80.154551,13.127863],[80.156465,13.129172],[80.157521,13.129932],[80.158292,13.130344],[80.158769,13.13054],[80.158858,13.130072],[80.159177,13.128853],[80.159207,13.128672],[80.159906,13.128497],[80.159826,13.128255],[80.160961,13.127689],[80.160829,13.127509],[80.160815,13.127406],[80.160688,13.127339],[80.160224,13.126175],[80.159235,13.12627],[80.159209,13.125978],[80.159303,13.125605],[80.159639,13.124977],[80.161023,13.125082],[80.161498,13.124528],[80.162601,13.123939],[80.162507,13.123706],[80.163023,13.123418],[80.163424,13.123934],[80.164042,13.123733],[80.164593,13.124767],[80.167068,13.123886],[80.166266,13.12241],[80.164548,13.118002],[80.164154,13.116174],[80.164038,13.114475]]]}]}},{"type":"Feature","properties":{},"geometry":{"type":"GeometryCollection","geometries":[{"type":"LineString","coordinates":[[80.199041,13.122728],[80.198073,13.122361],[80.196307,13.124042],[80.195291,13.125079],[80.191676,13.126879],[80.193321,13.128247],[80.19481,13.128144],[80.19483,13.128664],[80.196152,13.128568],[80.197601,13.128652],[80.198061,13.127328],[80.199006,13.127312],[80.199089,13.126285],[80.199644,13.125519],[80.200638,13.125503],[80.201371,13.125425],[80.201376,13.124],[80.200995,13.123989],[80.200783,13.123466],[80.201248,13.123496],[80.201213,13.123216],[80.200358,13.122737],[80.199041,13.122728]]},{"type":"Polygon","coordinates":[[[80.199041,13.122728],[80.198073,13.122361],[80.196307,13.124042],[80.195291,13.125079],[80.191676,13.126879],[80.193321,13.128247],[80.19481,13.128144],[80.19483,13.128664],[80.196152,13.128568],[80.197601,13.128652],[80.198061,13.127328],[80.199006,13.127312],[80.199089,13.126285],[80.199644,13.125519],[80.200638,13.125503],[80.201371,13.125425],[80.201376,13.124],[80.200995,13.123989],[80.200783,13.123466],[80.201248,13.123496],[80.201213,13.123216],[80.200358,13.122737],[80.199041,13.122728]]]}]}},{"type":"Feature","properties":{},"geometry":{"type":"GeometryCollection","geometries":[{"type":"LineString","coordinates":[[80.193321,13.128247],[80.191676,13.126879],[80.195291,13.125079],[80.196307,13.124042],[80.198073,13.122361],[80.199646,13.120863],[80.198694,13.11909],[80.198189,13.118166],[80.198075,13.117957],[80.197833,13.117287],[80.197713,13.11667],[80.197582,13.115367],[80.197356,13.113017],[80.197195,13.111438],[80.198294,13.111116],[80.195538,13.107085],[80.194171,13.107177],[80.195842,13.111202],[80.187636,13.112791],[80.183033,13.11347],[80.175667,13.114569],[80.176627,13.11607],[80.171366,13.120097],[80.172064,13.123041],[80.179483,13.13603],[80.185304,13.136454],[80.18932,13.132045],[80.193321,13.128247]]},{"type":"Polygon","coordinates":[[[80.193321,13.128247],[80.191676,13.126879],[80.195291,13.125079],[80.196307,13.124042],[80.198073,13.122361],[80.199646,13.120863],[80.198694,13.11909],[80.198189,13.118166],[80.198075,13.117957],[80.197833,13.117287],[80.197713,13.11667],[80.197582,13.115367],[80.197356,13.113017],[80.197195,13.111438],[80.198294,13.111116],[80.195538,13.107085],[80.194171,13.107177],[80.195842,13.111202],[80.187636,13.112791],[80.183033,13.11347],[80.175667,13.114569],[80.176627,13.11607],[80.171366,13.120097],[80.172064,13.123041],[80.179483,13.13603],[80.185304,13.136454],[80.18932,13.132045],[80.193321,13.128247]]]}]}},{"type":"Feature","properties":{},"geometry":{"type":"GeometryCollection","geometries":[{"type":"LineString","coordinates":[[80.146867,13.10872],[80.146905,13.113158],[80.15012,13.113113],[80.151017,13.111987],[80.152417,13.110676],[80.150751,13.109891],[80.150288,13.109616],[80.150335,13.108698],[80.146867,13.10872]]},{"type":"Polygon","coordinates":[[[80.146867,13.10872],[80.146905,13.113158],[80.15012,13.113113],[80.151017,13.111987],[80.152417,13.110676],[80.150751,13.109891],[80.150288,13.109616],[80.150335,13.108698],[80.146867,13.10872]]]}]}},{"type":"Feature","properties":{},"geometry":{"type":"GeometryCollection","geometries":[{"type":"LineString","coordinates":[[80.1592,13.114428],[80.15931,13.108164],[80.15476,13.108216],[80.153793,13.108414],[80.15264,13.108669],[80.150335,13.108698],[80.150288,13.109616],[80.150751,13.109891],[80.152417,13.110676],[80.151017,13.111987],[80.15012,13.113113],[80.146905,13.113158],[80.146916,13.114412],[80.154436,13.114381],[80.1592,13.114428]]},{"type":"Polygon","coordinates":[[[80.1592,13.114428],[80.15931,13.108164],[80.15476,13.108216],[80.153793,13.108414],[80.15264,13.108669],[80.150335,13.108698],[80.150288,13.109616],[80.150751,13.109891],[80.152417,13.110676],[80.151017,13.111987],[80.15012,13.113113],[80.146905,13.113158],[80.146916,13.114412],[80.154436,13.114381],[80.1592,13.114428]]]}]}},{"type":"Feature","properties":{},"geometry":{"type":"GeometryCollection","geometries":[{"type":"LineString","coordinates":[[80.150335,13.108698],[80.15264,13.108669],[80.153793,13.108414],[80.15476,13.108216],[80.15931,13.108164],[80.1592,13.114428],[80.162154,13.114456],[80.162286,13.1028],[80.159601,13.102887],[80.159622,13.103892],[80.150335,13.103873],[80.150335,13.108698]]},{"type":"Polygon","coordinates":[[[80.150335,13.108698],[80.15264,13.108669],[80.153793,13.108414],[80.15476,13.108216],[80.15931,13.108164],[80.1592,13.114428],[80.162154,13.114456],[80.162286,13.1028],[80.159601,13.102887],[80.159622,13.103892],[80.150335,13.103873],[80.150335,13.108698]]]}]}},{"type":"Feature","properties":{},"geometry":{"type":"GeometryCollection","geometries":[{"type":"LineString","coordinates":[[80.159815,13.10288],[80.159728,13.099729],[80.159401,13.099704],[80.158395,13.099647],[80.158403,13.098944],[80.152551,13.098941],[80.150359,13.098939],[80.150335,13.103873],[80.159622,13.103892],[80.159601,13.102887],[80.159815,13.10288]]},{"type":"Polygon","coordinates":[[[80.159815,13.10288],[80.159728,13.099729],[80.159401,13.099704],[80.158395,13.099647],[80.158403,13.098944],[80.152551,13.098941],[80.150359,13.098939],[80.150335,13.103873],[80.159622,13.103892],[80.159601,13.102887],[80.159815,13.10288]]]}]}},{"type":"Feature","properties":{},"geometry":{"type":"GeometryCollection","geometries":[{"type":"LineString","coordinates":[[80.152551,13.098941],[80.152696,13.095764],[80.152776,13.091895],[80.149597,13.083437],[80.144802,13.08568],[80.13985,13.097909],[80.13985,13.097979],[80.139789,13.099535],[80.146786,13.099385],[80.150357,13.099297],[80.150359,13.098939],[80.152551,13.098941]]},{"type":"Polygon","coordinates":[[[80.152551,13.098941],[80.152696,13.095764],[80.152776,13.091895],[80.149597,13.083437],[80.144802,13.08568],[80.13985,13.097909],[80.13985,13.097979],[80.139789,13.099535],[80.146786,13.099385],[80.150357,13.099297],[80.150359,13.098939],[80.152551,13.098941]]]}]}},{"type":"Feature","properties":{},"geometry":{"type":"GeometryCollection","geometries":[{"type":"LineString","coordinates":[[80.149597,13.083437],[80.152776,13.091895],[80.152696,13.095764],[80.152551,13.098941],[80.158403,13.098944],[80.158395,13.099647],[80.159401,13.099704],[80.159728,13.099729],[80.159815,13.10288],[80.162286,13.1028],[80.162302,13.092731],[80.160902,13.083718],[80.1602,13.078558],[80.149597,13.083437]]},{"type":"Polygon","coordinates":[[[80.149597,13.083437],[80.152776,13.091895],[80.152696,13.095764],[80.152551,13.098941],[80.158403,13.098944],[80.158395,13.099647],[80.159401,13.099704],[80.159728,13.099729],[80.159815,13.10288],[80.162286,13.1028],[80.162302,13.092731],[80.160902,13.083718],[80.1602,13.078558],[80.149597,13.083437]]]}]}},{"type":"Feature","properties":{},"geometry":{"type":"GeometryCollection","geometries":[{"type":"LineString","coordinates":[[80.194923,13.102726],[80.186147,13.102962],[80.186044,13.104528],[80.184569,13.104261],[80.183615,13.104026],[80.183521,13.104498],[80.182999,13.104626],[80.183168,13.106133],[80.182362,13.106331],[80.180048,13.106766],[80.18047,13.108281],[80.173879,13.109797],[80.174588,13.112882],[80.175667,13.114569],[80.183033,13.11347],[80.187636,13.112791],[80.195842,13.111202],[80.194171,13.107177],[80.195538,13.107085],[80.195195,13.106317],[80.194923,13.102726]]},{"type":"Polygon","coordinates":[[[80.194923,13.102726],[80.186147,13.102962],[80.186044,13.104528],[80.184569,13.104261],[80.183615,13.104026],[80.183521,13.104498],[80.182999,13.104626],[80.183168,13.106133],[80.182362,13.106331],[80.180048,13.106766],[80.18047,13.108281],[80.173879,13.109797],[80.174588,13.112882],[80.175667,13.114569],[80.183033,13.11347],[80.187636,13.112791],[80.195842,13.111202],[80.194171,13.107177],[80.195538,13.107085],[80.195195,13.106317],[80.194923,13.102726]]]}]}},{"type":"Feature","properties":{},"geometry":{"type":"GeometryCollection","geometries":[{"type":"LineString","coordinates":[[80.177484,13.108968],[80.175988,13.102843],[80.174774,13.102647],[80.174629,13.102306],[80.175656,13.101699],[80.175655,13.101554],[80.175652,13.101155],[80.175705,13.099911],[80.17623,13.099865],[80.176057,13.096874],[80.176181,13.092411],[80.16745,13.092432],[80.162302,13.092731],[80.162286,13.1028],[80.162154,13.114456],[80.164038,13.114475],[80.174588,13.112882],[80.173879,13.109797],[80.177484,13.108968]]},{"type":"Polygon","coordinates":[[[80.177484,13.108968],[80.175988,13.102843],[80.174774,13.102647],[80.174629,13.102306],[80.175656,13.101699],[80.175655,13.101554],[80.175652,13.101155],[80.175705,13.099911],[80.17623,13.099865],[80.176057,13.096874],[80.176181,13.092411],[80.16745,13.092432],[80.162302,13.092731],[80.162286,13.1028],[80.162154,13.114456],[80.164038,13.114475],[80.174588,13.112882],[80.173879,13.109797],[80.177484,13.108968]]]}]}},{"type":"Feature","properties":{},"geometry":{"type":"GeometryCollection","geometries":[{"type":"LineString","coordinates":[[80.176157,13.098614],[80.17623,13.099865],[80.175705,13.099911],[80.175652,13.101155],[80.175655,13.101554],[80.177281,13.1013],[80.1774,13.102234],[80.179836,13.102088],[80.179849,13.099524],[80.181349,13.099127],[80.181215,13.098265],[80.176157,13.098614]]},{"type":"Polygon","coordinates":[[[80.176157,13.098614],[80.17623,13.099865],[80.175705,13.099911],[80.175652,13.101155],[80.175655,13.101554],[80.177281,13.1013],[80.1774,13.102234],[80.179836,13.102088],[80.179849,13.099524],[80.181349,13.099127],[80.181215,13.098265],[80.176157,13.098614]]]}]}},{"type":"Feature","properties":{},"geometry":{"type":"GeometryCollection","geometries":[{"type":"LineString","coordinates":[[80.187475,13.102926],[80.187313,13.099945],[80.186996,13.099836],[80.186258,13.099822],[80.186241,13.099397],[80.184667,13.099458],[80.184589,13.0988],[80.181349,13.099127],[80.179849,13.099524],[80.179836,13.102088],[80.1774,13.102234],[80.177281,13.1013],[80.175655,13.101554],[80.175656,13.101699],[80.174629,13.102306],[80.174774,13.102647],[80.175988,13.102843],[80.177484,13.108968],[80.18047,13.108281],[80.180048,13.106766],[80.182362,13.106331],[80.183168,13.106133],[80.182999,13.104626],[80.183521,13.104498],[80.183615,13.104026],[80.184569,13.104261],[80.186044,13.104528],[80.186147,13.102962],[80.187475,13.102926]]},{"type":"Polygon","coordinates":[[[80.187475,13.102926],[80.187313,13.099945],[80.186996,13.099836],[80.186258,13.099822],[80.186241,13.099397],[80.184667,13.099458],[80.184589,13.0988],[80.181349,13.099127],[80.179849,13.099524],[80.179836,13.102088],[80.1774,13.102234],[80.177281,13.1013],[80.175655,13.101554],[80.175656,13.101699],[80.174629,13.102306],[80.174774,13.102647],[80.175988,13.102843],[80.177484,13.108968],[80.18047,13.108281],[80.180048,13.106766],[80.182362,13.106331],[80.183168,13.106133],[80.182999,13.104626],[80.183521,13.104498],[80.183615,13.104026],[80.184569,13.104261],[80.186044,13.104528],[80.186147,13.102962],[80.187475,13.102926]]]}]}},{"type":"Feature","properties":{},"geometry":{"type":"GeometryCollection","geometries":[{"type":"LineString","coordinates":[[80.192702,13.090014],[80.190235,13.090205],[80.190308,13.091555],[80.18859,13.091664],[80.18849,13.090098],[80.186989,13.090161],[80.187131,13.09147],[80.185543,13.091745],[80.185275,13.090704],[80.184804,13.091145],[80.183794,13.092195],[80.183378,13.09257],[80.182408,13.09237],[80.182458,13.092035],[80.182062,13.091956],[80.182024,13.092264],[80.181774,13.092269],[80.179599,13.092358],[80.1796,13.091903],[80.179085,13.091887],[80.179086,13.092344],[80.177799,13.092406],[80.177797,13.092131],[80.177232,13.092147],[80.177082,13.093286],[80.176615,13.094319],[80.176565,13.096794],[80.17664,13.097913],[80.178239,13.09778],[80.178299,13.098466],[80.181215,13.098265],[80.181349,13.099127],[80.184589,13.0988],[80.184667,13.099458],[80.186241,13.099397],[80.186258,13.099822],[80.186996,13.099836],[80.187313,13.099945],[80.187475,13.102926],[80.192165,13.1028],[80.192051,13.09973],[80.191151,13.099576],[80.191169,13.098407],[80.191558,13.098315],[80.191948,13.09823],[80.191959,13.098043],[80.190763,13.098078],[80.190559,13.096115],[80.191072,13.096055],[80.191124,13.096433],[80.191539,13.096382],[80.191549,13.094898],[80.192814,13.09485],[80.192702,13.090014]]},{"type":"LineString","coordinates":[[80.185118,13.098211],[80.185118,13.098219],[80.185117,13.098211],[80.185119,13.09821],[80.185118,13.098211]]},{"type":"Polygon","coordinates":[[[80.192702,13.090014],[80.190235,13.090205],[80.190308,13.091555],[80.18859,13.091664],[80.18849,13.090098],[80.186989,13.090161],[80.187131,13.09147],[80.185543,13.091745],[80.185275,13.090704],[80.184804,13.091145],[80.183794,13.092195],[80.183378,13.09257],[80.182408,13.09237],[80.182458,13.092035],[80.182062,13.091956],[80.182024,13.092264],[80.181774,13.092269],[80.179599,13.092358],[80.1796,13.091903],[80.179085,13.091887],[80.179086,13.092344],[80.177799,13.092406],[80.177797,13.092131],[80.177232,13.092147],[80.177082,13.093286],[80.176615,13.094319],[80.176565,13.096794],[80.17664,13.097913],[80.178239,13.09778],[80.178299,13.098466],[80.181215,13.098265],[80.181349,13.099127],[80.184589,13.0988],[80.184667,13.099458],[80.186241,13.099397],[80.186258,13.099822],[80.186996,13.099836],[80.187313,13.099945],[80.187475,13.102926],[80.192165,13.1028],[80.192051,13.09973],[80.191151,13.099576],[80.191169,13.098407],[80.191558,13.098315],[80.191948,13.09823],[80.191959,13.098043],[80.190763,13.098078],[80.190559,13.096115],[80.191072,13.096055],[80.191124,13.096433],[80.191539,13.096382],[80.191549,13.094898],[80.192814,13.09485],[80.192702,13.090014]]]}]}},{"type":"Feature","properties":{},"geometry":{"type":"GeometryCollection","geometries":[{"type":"LineString","coordinates":[[80.192618,13.087361],[80.192062,13.087483],[80.190769,13.084546],[80.189341,13.080632],[80.188501,13.080821],[80.188656,13.081348],[80.18879,13.08132],[80.188869,13.081547],[80.188716,13.081595],[80.188767,13.081783],[80.188847,13.081765],[80.188916,13.08205],[80.1889,13.082151],[80.188878,13.082459],[80.188987,13.082741],[80.189109,13.083492],[80.189201,13.083603],[80.18928,13.083672],[80.18934,13.083926],[80.189227,13.083947],[80.189389,13.084734],[80.189206,13.084775],[80.18932,13.085379],[80.189741,13.085318],[80.189837,13.085728],[80.188889,13.08571],[80.18885,13.086317],[80.188332,13.086258],[80.188269,13.086823],[80.188085,13.08681],[80.188107,13.086563],[80.188211,13.08569],[80.18823,13.085432],[80.187898,13.085385],[80.187873,13.08576],[80.185908,13.085459],[80.184892,13.085345],[80.184877,13.085619],[80.184319,13.0856],[80.184329,13.085422],[80.18292,13.085299],[80.182852,13.086207],[80.181613,13.08617],[80.181624,13.085864],[80.179271,13.08578],[80.179265,13.086096],[80.178792,13.086089],[80.177699,13.085851],[80.17705,13.08582],[80.177036,13.086071],[80.177528,13.086077],[80.177513,13.086295],[80.178347,13.086345],[80.178326,13.086979],[80.177818,13.086975],[80.177824,13.086618],[80.177052,13.086658],[80.177073,13.08744],[80.17632,13.087428],[80.176181,13.092411],[80.176057,13.096874],[80.176157,13.098614],[80.178299,13.098466],[80.178239,13.09778],[80.17664,13.097913],[80.176565,13.096794],[80.176615,13.094319],[80.177082,13.093286],[80.177232,13.092147],[80.177797,13.092131],[80.177799,13.092406],[80.179086,13.092344],[80.179085,13.091887],[80.1796,13.091903],[80.179599,13.092358],[80.181774,13.092269],[80.182024,13.092264],[80.182062,13.091956],[80.182458,13.092035],[80.182408,13.09237],[80.183378,13.09257],[80.183794,13.092195],[80.184804,13.091145],[80.185275,13.090704],[80.185543,13.091745],[80.187131,13.09147],[80.186989,13.090161],[80.18849,13.090098],[80.18859,13.091664],[80.190308,13.091555],[80.190235,13.090205],[80.192702,13.090014],[80.192685,13.089309],[80.192618,13.087361]]},{"type":"Polygon","coordinates":[[[80.192618,13.087361],[80.192062,13.087483],[80.190769,13.084546],[80.189341,13.080632],[80.188501,13.080821],[80.188656,13.081348],[80.18879,13.08132],[80.188869,13.081547],[80.188716,13.081595],[80.188767,13.081783],[80.188847,13.081765],[80.188916,13.08205],[80.1889,13.082151],[80.188878,13.082459],[80.188987,13.082741],[80.189109,13.083492],[80.189201,13.083603],[80.18928,13.083672],[80.18934,13.083926],[80.189227,13.083947],[80.189389,13.084734],[80.189206,13.084775],[80.18932,13.085379],[80.189741,13.085318],[80.189837,13.085728],[80.188889,13.08571],[80.18885,13.086317],[80.188332,13.086258],[80.188269,13.086823],[80.188085,13.08681],[80.188107,13.086563],[80.188211,13.08569],[80.18823,13.085432],[80.187898,13.085385],[80.187873,13.08576],[80.185908,13.085459],[80.184892,13.085345],[80.184877,13.085619],[80.184319,13.0856],[80.184329,13.085422],[80.18292,13.085299],[80.182852,13.086207],[80.181613,13.08617],[80.181624,13.085864],[80.179271,13.08578],[80.179265,13.086096],[80.178792,13.086089],[80.177699,13.085851],[80.17705,13.08582],[80.177036,13.086071],[80.177528,13.086077],[80.177513,13.086295],[80.178347,13.086345],[80.178326,13.086979],[80.177818,13.086975],[80.177824,13.086618],[80.177052,13.086658],[80.177073,13.08744],[80.17632,13.087428],[80.176181,13.092411],[80.176057,13.096874],[80.176157,13.098614],[80.178299,13.098466],[80.178239,13.09778],[80.17664,13.097913],[80.176565,13.096794],[80.176615,13.094319],[80.177082,13.093286],[80.177232,13.092147],[80.177797,13.092131],[80.177799,13.092406],[80.179086,13.092344],[80.179085,13.091887],[80.1796,13.091903],[80.179599,13.092358],[80.181774,13.092269],[80.182024,13.092264],[80.182062,13.091956],[80.182458,13.092035],[80.182408,13.09237],[80.183378,13.09257],[80.183794,13.092195],[80.184804,13.091145],[80.185275,13.090704],[80.185543,13.091745],[80.187131,13.09147],[80.186989,13.090161],[80.18849,13.090098],[80.18859,13.091664],[80.190308,13.091555],[80.190235,13.090205],[80.192702,13.090014],[80.192685,13.089309],[80.192618,13.087361]]]}]}},{"type":"Feature","properties":{},"geometry":{"type":"GeometryCollection","geometries":[{"type":"LineString","coordinates":[[80.16562,13.083768],[80.16498,13.083802],[80.16521,13.083309],[80.16436,13.082936],[80.163935,13.0833],[80.160902,13.083718],[80.162302,13.092731],[80.16745,13.092432],[80.166401,13.086281],[80.16676,13.086216],[80.166802,13.086212],[80.166829,13.086307],[80.166997,13.086269],[80.166987,13.086151],[80.166757,13.08617],[80.166742,13.086166],[80.166551,13.084886],[80.167034,13.084828],[80.166979,13.084411],[80.166961,13.084062],[80.167249,13.084056],[80.167216,13.083755],[80.166111,13.083845],[80.166105,13.083757],[80.16562,13.083768]]},{"type":"Polygon","coordinates":[[[80.16562,13.083768],[80.16498,13.083802],[80.16521,13.083309],[80.16436,13.082936],[80.163935,13.0833],[80.160902,13.083718],[80.162302,13.092731],[80.16745,13.092432],[80.166401,13.086281],[80.16676,13.086216],[80.166802,13.086212],[80.166829,13.086307],[80.166997,13.086269],[80.166987,13.086151],[80.166757,13.08617],[80.166742,13.086166],[80.166551,13.084886],[80.167034,13.084828],[80.166979,13.084411],[80.166961,13.084062],[80.167249,13.084056],[80.167216,13.083755],[80.166111,13.083845],[80.166105,13.083757],[80.16562,13.083768]]]}]}},{"type":"Feature","properties":{},"geometry":{"type":"GeometryCollection","geometries":[{"type":"LineString","coordinates":[[80.170126,13.081732],[80.170097,13.081852],[80.169925,13.082047],[80.169668,13.082461],[80.170295,13.082647],[80.171948,13.083143],[80.172513,13.083315],[80.172566,13.08313],[80.170514,13.082429],[80.170676,13.081892],[80.170126,13.081732]]},{"type":"Polygon","coordinates":[[[80.170126,13.081732],[80.170097,13.081852],[80.169925,13.082047],[80.169668,13.082461],[80.170295,13.082647],[80.171948,13.083143],[80.172513,13.083315],[80.172566,13.08313],[80.170514,13.082429],[80.170676,13.081892],[80.170126,13.081732]]]}]}},{"type":"Feature","properties":{},"geometry":{"type":"GeometryCollection","geometries":[{"type":"LineString","coordinates":[[80.193138,13.086502],[80.193011,13.086203],[80.192705,13.0863],[80.192647,13.08619],[80.192475,13.086238],[80.192609,13.087082],[80.193202,13.087048],[80.193138,13.086502]]},{"type":"Polygon","coordinates":[[[80.193138,13.086502],[80.193011,13.086203],[80.192705,13.0863],[80.192647,13.08619],[80.192475,13.086238],[80.192609,13.087082],[80.193202,13.087048],[80.193138,13.086502]]]}]}},{"type":"Feature","properties":{},"geometry":{"type":"GeometryCollection","geometries":[{"type":"LineString","coordinates":[[80.190151,13.079992],[80.189563,13.079277],[80.188829,13.079811],[80.188819,13.079988],[80.189042,13.0807],[80.189341,13.080632],[80.190769,13.084546],[80.192062,13.087483],[80.192618,13.087361],[80.192609,13.087082],[80.192475,13.086238],[80.192647,13.08619],[80.192705,13.0863],[80.193011,13.086203],[80.193138,13.086502],[80.19338,13.086407],[80.193505,13.086363],[80.193376,13.085692],[80.194133,13.08559],[80.194094,13.085315],[80.195257,13.085202],[80.195201,13.08452],[80.195584,13.084234],[80.196867,13.083022],[80.196355,13.079357],[80.190151,13.079992]]},{"type":"Polygon","coordinates":[[[80.190151,13.079992],[80.189563,13.079277],[80.188829,13.079811],[80.188819,13.079988],[80.189042,13.0807],[80.189341,13.080632],[80.190769,13.084546],[80.192062,13.087483],[80.192618,13.087361],[80.192609,13.087082],[80.192475,13.086238],[80.192647,13.08619],[80.192705,13.0863],[80.193011,13.086203],[80.193138,13.086502],[80.19338,13.086407],[80.193505,13.086363],[80.193376,13.085692],[80.194133,13.08559],[80.194094,13.085315],[80.195257,13.085202],[80.195201,13.08452],[80.195584,13.084234],[80.196867,13.083022],[80.196355,13.079357],[80.190151,13.079992]]]}]}},{"type":"Feature","properties":{},"geometry":{"type":"GeometryCollection","geometries":[{"type":"LineString","coordinates":[[80.192453,13.079756],[80.191656,13.078307],[80.189792,13.079282],[80.189726,13.079168],[80.189563,13.079277],[80.190151,13.079992],[80.192453,13.079756]]},{"type":"Polygon","coordinates":[[[80.192453,13.079756],[80.191656,13.078307],[80.189792,13.079282],[80.189726,13.079168],[80.189563,13.079277],[80.190151,13.079992],[80.192453,13.079756]]]}]}},{"type":"Feature","properties":{},"geometry":{"type":"GeometryCollection","geometries":[{"type":"LineString","coordinates":[[80.188501,13.080821],[80.189042,13.0807],[80.188819,13.079988],[80.188829,13.079811],[80.189563,13.079277],[80.189726,13.079168],[80.188921,13.078314],[80.188637,13.078358],[80.188275,13.075801],[80.188149,13.072907],[80.182027,13.07248],[80.18201,13.072874],[80.181267,13.072853],[80.181202,13.0739],[80.181351,13.074471],[80.181506,13.075107],[80.181548,13.075645],[80.185421,13.075747],[80.18564,13.075751],[80.185635,13.07742],[80.1845,13.077309],[80.184459,13.077714],[80.182157,13.077581],[80.181968,13.079371],[80.18282,13.079474],[80.182787,13.079706],[80.182486,13.079674],[80.182341,13.080769],[80.183588,13.080891],[80.184461,13.080979],[80.184603,13.079985],[80.184906,13.080022],[80.184798,13.08104],[80.187964,13.081423],[80.187995,13.080936],[80.188501,13.080821]]},{"type":"Polygon","coordinates":[[[80.188501,13.080821],[80.189042,13.0807],[80.188819,13.079988],[80.188829,13.079811],[80.189563,13.079277],[80.189726,13.079168],[80.188921,13.078314],[80.188637,13.078358],[80.188275,13.075801],[80.188149,13.072907],[80.182027,13.07248],[80.18201,13.072874],[80.181267,13.072853],[80.181202,13.0739],[80.181351,13.074471],[80.181506,13.075107],[80.181548,13.075645],[80.185421,13.075747],[80.18564,13.075751],[80.185635,13.07742],[80.1845,13.077309],[80.184459,13.077714],[80.182157,13.077581],[80.181968,13.079371],[80.18282,13.079474],[80.182787,13.079706],[80.182486,13.079674],[80.182341,13.080769],[80.183588,13.080891],[80.184461,13.080979],[80.184603,13.079985],[80.184906,13.080022],[80.184798,13.08104],[80.187964,13.081423],[80.187995,13.080936],[80.188501,13.080821]]]}]}},{"type":"Feature","properties":{},"geometry":{"type":"GeometryCollection","geometries":[{"type":"LineString","coordinates":[[80.160902,13.083718],[80.163935,13.0833],[80.16436,13.082936],[80.164854,13.082076],[80.165585,13.082366],[80.165911,13.081405],[80.166352,13.081568],[80.166397,13.081199],[80.16488,13.08072],[80.165225,13.079783],[80.167246,13.079804],[80.167802,13.079763],[80.167495,13.078539],[80.167427,13.078179],[80.167319,13.077295],[80.167835,13.077207],[80.167979,13.078047],[80.168397,13.077912],[80.169185,13.076594],[80.1696,13.076008],[80.168695,13.068952],[80.167932,13.069082],[80.16604,13.069345],[80.16595,13.068908],[80.162788,13.069412],[80.162601,13.068837],[80.162738,13.067904],[80.162446,13.067862],[80.162533,13.067288],[80.159838,13.067238],[80.159955,13.076342],[80.15999,13.076945],[80.160077,13.077636],[80.1602,13.078558],[80.160244,13.078881],[80.16028,13.079152],[80.160333,13.079542],[80.160458,13.080475],[80.160662,13.081998],[80.160837,13.083294],[80.160873,13.083527],[80.160902,13.083718]]},{"type":"Polygon","coordinates":[[[80.160902,13.083718],[80.163935,13.0833],[80.16436,13.082936],[80.164854,13.082076],[80.165585,13.082366],[80.165911,13.081405],[80.166352,13.081568],[80.166397,13.081199],[80.16488,13.08072],[80.165225,13.079783],[80.167246,13.079804],[80.167802,13.079763],[80.167495,13.078539],[80.167427,13.078179],[80.167319,13.077295],[80.167835,13.077207],[80.167979,13.078047],[80.168397,13.077912],[80.169185,13.076594],[80.1696,13.076008],[80.168695,13.068952],[80.167932,13.069082],[80.16604,13.069345],[80.16595,13.068908],[80.162788,13.069412],[80.162601,13.068837],[80.162738,13.067904],[80.162446,13.067862],[80.162533,13.067288],[80.159838,13.067238],[80.159955,13.076342],[80.15999,13.076945],[80.160077,13.077636],[80.1602,13.078558],[80.160244,13.078881],[80.16028,13.079152],[80.160333,13.079542],[80.160458,13.080475],[80.160662,13.081998],[80.160837,13.083294],[80.160873,13.083527],[80.160902,13.083718]]]}]}},{"type":"Feature","properties":{},"geometry":{"type":"GeometryCollection","geometries":[{"type":"LineString","coordinates":[[80.164769,13.069096],[80.164719,13.0662],[80.159823,13.066094],[80.159838,13.067238],[80.162533,13.067288],[80.162446,13.067862],[80.162738,13.067904],[80.162601,13.068837],[80.162788,13.069412],[80.164769,13.069096]]},{"type":"Polygon","coordinates":[[[80.164769,13.069096],[80.164719,13.0662],[80.159823,13.066094],[80.159838,13.067238],[80.162533,13.067288],[80.162446,13.067862],[80.162738,13.067904],[80.162601,13.068837],[80.162788,13.069412],[80.164769,13.069096]]]}]}},{"type":"Feature","properties":{},"geometry":{"type":"GeometryCollection","geometries":[{"type":"LineString","coordinates":[[80.159805,13.064669],[80.159823,13.066094],[80.164719,13.0662],[80.164769,13.069096],[80.16595,13.068908],[80.16604,13.069345],[80.167932,13.069082],[80.168695,13.068952],[80.169048,13.071704],[80.17508,13.07091],[80.173832,13.067662],[80.17243,13.066518],[80.172463,13.065332],[80.159805,13.064669]]},{"type":"Polygon","coordinates":[[[80.159805,13.064669],[80.159823,13.066094],[80.164719,13.0662],[80.164769,13.069096],[80.16595,13.068908],[80.16604,13.069345],[80.167932,13.069082],[80.168695,13.068952],[80.169048,13.071704],[80.17508,13.07091],[80.173832,13.067662],[80.17243,13.066518],[80.172463,13.065332],[80.159805,13.064669]]]}]}},{"type":"Feature","properties":{},"geometry":{"type":"GeometryCollection","geometries":[{"type":"LineString","coordinates":[[80.170337,13.078893],[80.172264,13.078793],[80.173644,13.076884],[80.173903,13.075952],[80.175027,13.074693],[80.174701,13.074256],[80.175599,13.073024],[80.176066,13.073485],[80.177122,13.072929],[80.17508,13.07091],[80.169048,13.071704],[80.1696,13.076008],[80.169185,13.076594],[80.168397,13.077912],[80.167979,13.078047],[80.167835,13.077207],[80.167319,13.077295],[80.167427,13.078179],[80.167495,13.078539],[80.167598,13.07895],[80.170337,13.078893]]},{"type":"Polygon","coordinates":[[[80.170337,13.078893],[80.172264,13.078793],[80.173644,13.076884],[80.173903,13.075952],[80.175027,13.074693],[80.174701,13.074256],[80.175599,13.073024],[80.176066,13.073485],[80.177122,13.072929],[80.17508,13.07091],[80.169048,13.071704],[80.1696,13.076008],[80.169185,13.076594],[80.168397,13.077912],[80.167979,13.078047],[80.167835,13.077207],[80.167319,13.077295],[80.167427,13.078179],[80.167495,13.078539],[80.167598,13.07895],[80.170337,13.078893]]]}]}},{"type":"Feature","properties":{},"geometry":{"type":"GeometryCollection","geometries":[{"type":"LineString","coordinates":[[80.174009,13.068122],[80.17508,13.07091],[80.177122,13.072929],[80.181645,13.070905],[80.181237,13.07008],[80.180315,13.068556],[80.178775,13.067996],[80.174009,13.068122]]},{"type":"Polygon","coordinates":[[[80.174009,13.068122],[80.17508,13.07091],[80.177122,13.072929],[80.181645,13.070905],[80.181237,13.07008],[80.180315,13.068556],[80.178775,13.067996],[80.174009,13.068122]]]}]}},{"type":"Feature","properties":{},"geometry":{"type":"GeometryCollection","geometries":[{"type":"LineString","coordinates":[[80.177587,13.068027],[80.177653,13.065661],[80.177423,13.063342],[80.178422,13.063237],[80.178401,13.062936],[80.178451,13.062398],[80.178475,13.061698],[80.178422,13.05995],[80.178297,13.059096],[80.178045,13.057814],[80.177631,13.057834],[80.176163,13.057948],[80.175606,13.05804],[80.174471,13.058373],[80.174703,13.058919],[80.174714,13.059092],[80.174424,13.059116],[80.173169,13.059148],[80.172276,13.059123],[80.172458,13.060703],[80.172438,13.060952],[80.172354,13.061212],[80.172503,13.062626],[80.172214,13.063544],[80.171978,13.064218],[80.171936,13.065304],[80.172463,13.065332],[80.17243,13.066518],[80.173832,13.067662],[80.174009,13.068122],[80.177587,13.068027]]},{"type":"Polygon","coordinates":[[[80.177587,13.068027],[80.177653,13.065661],[80.177423,13.063342],[80.178422,13.063237],[80.178401,13.062936],[80.178451,13.062398],[80.178475,13.061698],[80.178422,13.05995],[80.178297,13.059096],[80.178045,13.057814],[80.177631,13.057834],[80.176163,13.057948],[80.175606,13.05804],[80.174471,13.058373],[80.174703,13.058919],[80.174714,13.059092],[80.174424,13.059116],[80.173169,13.059148],[80.172276,13.059123],[80.172458,13.060703],[80.172438,13.060952],[80.172354,13.061212],[80.172503,13.062626],[80.172214,13.063544],[80.171978,13.064218],[80.171936,13.065304],[80.172463,13.065332],[80.17243,13.066518],[80.173832,13.067662],[80.174009,13.068122],[80.177587,13.068027]]]}]}},{"type":"Feature","properties":{},"geometry":{"type":"GeometryCollection","geometries":[{"type":"LineString","coordinates":[[80.171972,13.06438],[80.167706,13.064151],[80.167634,13.065079],[80.171936,13.065304],[80.171972,13.06438]]},{"type":"Polygon","coordinates":[[[80.171972,13.06438],[80.167706,13.064151],[80.167634,13.065079],[80.171936,13.065304],[80.171972,13.06438]]]}]}},{"type":"Feature","properties":{},"geometry":{"type":"GeometryCollection","geometries":[{"type":"LineString","coordinates":[[80.172276,13.059123],[80.172316,13.058551],[80.171824,13.058541],[80.171859,13.057381],[80.17178,13.055307],[80.1712,13.055358],[80.171171,13.055117],[80.171189,13.055004],[80.17124,13.054941],[80.171393,13.054695],[80.171368,13.05426],[80.171327,13.053466],[80.170673,13.05346],[80.170778,13.052634],[80.170777,13.052064],[80.168367,13.052083],[80.168555,13.055427],[80.168067,13.055512],[80.168552,13.057709],[80.166183,13.058458],[80.166069,13.059012],[80.165872,13.059533],[80.16467,13.059845],[80.164001,13.060101],[80.163351,13.060338],[80.161886,13.060654],[80.159755,13.060786],[80.159805,13.064669],[80.167634,13.065079],[80.167706,13.064151],[80.171972,13.06438],[80.171978,13.064218],[80.172214,13.063544],[80.172503,13.062626],[80.172354,13.061212],[80.172438,13.060952],[80.172458,13.060703],[80.172276,13.059123]]},{"type":"Polygon","coordinates":[[[80.172276,13.059123],[80.172316,13.058551],[80.171824,13.058541],[80.171859,13.057381],[80.17178,13.055307],[80.1712,13.055358],[80.171171,13.055117],[80.171189,13.055004],[80.17124,13.054941],[80.171393,13.054695],[80.171368,13.05426],[80.171327,13.053466],[80.170673,13.05346],[80.170778,13.052634],[80.170777,13.052064],[80.168367,13.052083],[80.168555,13.055427],[80.168067,13.055512],[80.168552,13.057709],[80.166183,13.058458],[80.166069,13.059012],[80.165872,13.059533],[80.16467,13.059845],[80.164001,13.060101],[80.163351,13.060338],[80.161886,13.060654],[80.159755,13.060786],[80.159805,13.064669],[80.167634,13.065079],[80.167706,13.064151],[80.171972,13.06438],[80.171978,13.064218],[80.172214,13.063544],[80.172503,13.062626],[80.172354,13.061212],[80.172438,13.060952],[80.172458,13.060703],[80.172276,13.059123]]]}]}},{"type":"Feature","properties":{},"geometry":{"type":"GeometryCollection","geometries":[{"type":"LineString","coordinates":[[80.168499,13.054418],[80.166699,13.054339],[80.165873,13.054253],[80.165846,13.053239],[80.164705,13.053175],[80.164687,13.053322],[80.162668,13.053213],[80.162652,13.052364],[80.162442,13.052349],[80.162482,13.052127],[80.161433,13.052064],[80.161363,13.05166],[80.161355,13.051593],[80.161311,13.051595],[80.161211,13.051591],[80.161177,13.051589],[80.161134,13.051584],[80.161133,13.051609],[80.161122,13.051659],[80.159638,13.051686],[80.159755,13.060786],[80.161886,13.060654],[80.163351,13.060338],[80.164001,13.060101],[80.16467,13.059845],[80.165872,13.059533],[80.166069,13.059012],[80.166183,13.058458],[80.168552,13.057709],[80.168067,13.055512],[80.168555,13.055427],[80.168499,13.054418]]},{"type":"Polygon","coordinates":[[[80.168499,13.054418],[80.166699,13.054339],[80.165873,13.054253],[80.165846,13.053239],[80.164705,13.053175],[80.164687,13.053322],[80.162668,13.053213],[80.162652,13.052364],[80.162442,13.052349],[80.162482,13.052127],[80.161433,13.052064],[80.161363,13.05166],[80.161355,13.051593],[80.161311,13.051595],[80.161211,13.051591],[80.161177,13.051589],[80.161134,13.051584],[80.161133,13.051609],[80.161122,13.051659],[80.159638,13.051686],[80.159755,13.060786],[80.161886,13.060654],[80.163351,13.060338],[80.164001,13.060101],[80.16467,13.059845],[80.165872,13.059533],[80.166069,13.059012],[80.166183,13.058458],[80.168552,13.057709],[80.168067,13.055512],[80.168555,13.055427],[80.168499,13.054418]]]}]}},{"type":"Feature","properties":{},"geometry":{"type":"GeometryCollection","geometries":[{"type":"LineString","coordinates":[[80.168673,13.05208],[80.168657,13.050885],[80.1697,13.050846],[80.169687,13.050106],[80.169883,13.050113],[80.169884,13.049788],[80.169171,13.049798],[80.169158,13.049444],[80.168389,13.04946],[80.168339,13.04914],[80.167817,13.049188],[80.166782,13.049324],[80.166683,13.048804],[80.166068,13.048872],[80.165857,13.048601],[80.165425,13.047886],[80.165304,13.046893],[80.167318,13.046469],[80.167182,13.04561],[80.164683,13.04586],[80.164468,13.045008],[80.163907,13.043649],[80.163738,13.043721],[80.164249,13.044947],[80.163988,13.044999],[80.163942,13.044747],[80.162925,13.044785],[80.16292,13.045154],[80.1627,13.045175],[80.162708,13.045918],[80.162057,13.046002],[80.162077,13.04649],[80.159579,13.04706],[80.159638,13.051686],[80.161122,13.051659],[80.161133,13.051609],[80.161134,13.051584],[80.161181,13.051589],[80.161216,13.051591],[80.161315,13.051595],[80.161355,13.051593],[80.161363,13.05166],[80.161433,13.052064],[80.162482,13.052127],[80.162442,13.052349],[80.162652,13.052364],[80.162668,13.053213],[80.164687,13.053322],[80.164705,13.053175],[80.165846,13.053239],[80.165873,13.054253],[80.166699,13.054339],[80.168499,13.054418],[80.168367,13.052083],[80.168673,13.05208]]},{"type":"Polygon","coordinates":[[[80.168673,13.05208],[80.168657,13.050885],[80.1697,13.050846],[80.169687,13.050106],[80.169883,13.050113],[80.169884,13.049788],[80.169171,13.049798],[80.169158,13.049444],[80.168389,13.04946],[80.168339,13.04914],[80.167817,13.049188],[80.166782,13.049324],[80.166683,13.048804],[80.166068,13.048872],[80.165857,13.048601],[80.165425,13.047886],[80.165304,13.046893],[80.167318,13.046469],[80.167182,13.04561],[80.164683,13.04586],[80.164468,13.045008],[80.163907,13.043649],[80.163738,13.043721],[80.164249,13.044947],[80.163988,13.044999],[80.163942,13.044747],[80.162925,13.044785],[80.16292,13.045154],[80.1627,13.045175],[80.162708,13.045918],[80.162057,13.046002],[80.162077,13.04649],[80.159579,13.04706],[80.159638,13.051686],[80.161122,13.051659],[80.161133,13.051609],[80.161134,13.051584],[80.161181,13.051589],[80.161216,13.051591],[80.161315,13.051595],[80.161355,13.051593],[80.161363,13.05166],[80.161433,13.052064],[80.162482,13.052127],[80.162442,13.052349],[80.162652,13.052364],[80.162668,13.053213],[80.164687,13.053322],[80.164705,13.053175],[80.165846,13.053239],[80.165873,13.054253],[80.166699,13.054339],[80.168499,13.054418],[80.168367,13.052083],[80.168673,13.05208]]]}]}},{"type":"Feature","properties":{},"geometry":{"type":"GeometryCollection","geometries":[{"type":"LineString","coordinates":[[80.165496,13.045779],[80.16527,13.04464],[80.165836,13.044518],[80.165659,13.043498],[80.165357,13.043219],[80.165301,13.042626],[80.165672,13.042627],[80.165631,13.041579],[80.166266,13.041548],[80.166193,13.040031],[80.164959,13.039835],[80.165032,13.038276],[80.163681,13.038195],[80.162998,13.038073],[80.162753,13.040066],[80.160777,13.041246],[80.155874,13.045422],[80.159579,13.04706],[80.162077,13.04649],[80.162057,13.046002],[80.162708,13.045918],[80.1627,13.045175],[80.16292,13.045154],[80.162925,13.044785],[80.163942,13.044747],[80.163988,13.044999],[80.164249,13.044947],[80.163738,13.043721],[80.163907,13.043649],[80.164468,13.045008],[80.164683,13.04586],[80.165496,13.045779]]},{"type":"Polygon","coordinates":[[[80.165496,13.045779],[80.16527,13.04464],[80.165836,13.044518],[80.165659,13.043498],[80.165357,13.043219],[80.165301,13.042626],[80.165672,13.042627],[80.165631,13.041579],[80.166266,13.041548],[80.166193,13.040031],[80.164959,13.039835],[80.165032,13.038276],[80.163681,13.038195],[80.162998,13.038073],[80.162753,13.040066],[80.160777,13.041246],[80.155874,13.045422],[80.159579,13.04706],[80.162077,13.04649],[80.162057,13.046002],[80.162708,13.045918],[80.1627,13.045175],[80.16292,13.045154],[80.162925,13.044785],[80.163942,13.044747],[80.163988,13.044999],[80.164249,13.044947],[80.163738,13.043721],[80.163907,13.043649],[80.164468,13.045008],[80.164683,13.04586],[80.165496,13.045779]]]}]}},{"type":"Feature","properties":{},"geometry":{"type":"GeometryCollection","geometries":[{"type":"LineString","coordinates":[[80.178045,13.057814],[80.178003,13.056897],[80.177975,13.056463],[80.177977,13.056007],[80.178,13.055631],[80.178067,13.055365],[80.177991,13.052817],[80.176182,13.052908],[80.174246,13.052942],[80.173956,13.04988],[80.172667,13.04998],[80.172396,13.049767],[80.171978,13.049524],[80.171642,13.048644],[80.169581,13.049244],[80.16837,13.049337],[80.168389,13.04946],[80.169158,13.049444],[80.169171,13.049798],[80.169884,13.049788],[80.169883,13.050113],[80.169687,13.050106],[80.1697,13.050846],[80.168657,13.050885],[80.168673,13.05208],[80.170777,13.052064],[80.170778,13.052634],[80.170673,13.05346],[80.171327,13.053466],[80.171368,13.05426],[80.171393,13.054695],[80.17124,13.054941],[80.171189,13.055004],[80.171171,13.055117],[80.1712,13.055358],[80.17178,13.055307],[80.171859,13.057381],[80.171824,13.058541],[80.172316,13.058551],[80.172276,13.059123],[80.173169,13.059148],[80.174424,13.059116],[80.174714,13.059092],[80.174703,13.058919],[80.174471,13.058373],[80.175606,13.05804],[80.176163,13.057948],[80.177631,13.057834],[80.178045,13.057814]]},{"type":"Polygon","coordinates":[[[80.178045,13.057814],[80.178003,13.056897],[80.177975,13.056463],[80.177977,13.056007],[80.178,13.055631],[80.178067,13.055365],[80.177991,13.052817],[80.176182,13.052908],[80.174246,13.052942],[80.173956,13.04988],[80.172667,13.04998],[80.172396,13.049767],[80.171978,13.049524],[80.171642,13.048644],[80.169581,13.049244],[80.16837,13.049337],[80.168389,13.04946],[80.169158,13.049444],[80.169171,13.049798],[80.169884,13.049788],[80.169883,13.050113],[80.169687,13.050106],[80.1697,13.050846],[80.168657,13.050885],[80.168673,13.05208],[80.170777,13.052064],[80.170778,13.052634],[80.170673,13.05346],[80.171327,13.053466],[80.171368,13.05426],[80.171393,13.054695],[80.17124,13.054941],[80.171189,13.055004],[80.171171,13.055117],[80.1712,13.055358],[80.17178,13.055307],[80.171859,13.057381],[80.171824,13.058541],[80.172316,13.058551],[80.172276,13.059123],[80.173169,13.059148],[80.174424,13.059116],[80.174714,13.059092],[80.174703,13.058919],[80.174471,13.058373],[80.175606,13.05804],[80.176163,13.057948],[80.177631,13.057834],[80.178045,13.057814]]]}]}},{"type":"Feature","properties":{},"geometry":{"type":"GeometryCollection","geometries":[{"type":"LineString","coordinates":[[80.18592,13.051637],[80.185873,13.051507],[80.185868,13.051237],[80.185846,13.049861],[80.185842,13.049605],[80.18589,13.049316],[80.185928,13.049132],[80.18609,13.047844],[80.185764,13.047768],[80.185794,13.047386],[80.186419,13.047397],[80.186453,13.047292],[80.186608,13.047274],[80.18689,13.045775],[80.186357,13.045635],[80.186512,13.044957],[80.18318,13.043582],[80.182078,13.042966],[80.180823,13.042331],[80.18043,13.042132],[80.179808,13.042053],[80.178695,13.041938],[80.178134,13.041958],[80.176999,13.042002],[80.176426,13.041922],[80.175774,13.041738],[80.172017,13.040617],[80.171916,13.041109],[80.171827,13.041701],[80.17003,13.040283],[80.170155,13.039659],[80.169173,13.039184],[80.168927,13.039694],[80.168905,13.039993],[80.169252,13.04021],[80.169342,13.04076],[80.169564,13.041778],[80.168587,13.041933],[80.168728,13.042678],[80.169549,13.04257],[80.169778,13.043387],[80.17047,13.044421],[80.17095,13.044926],[80.171022,13.045022],[80.171642,13.048644],[80.171978,13.049524],[80.172396,13.049767],[80.172667,13.04998],[80.173956,13.04988],[80.174246,13.052942],[80.176182,13.052908],[80.177991,13.052817],[80.178371,13.052766],[80.180496,13.05196],[80.180809,13.051887],[80.181771,13.051577],[80.182642,13.051553],[80.182709,13.051989],[80.182963,13.051992],[80.18294,13.051633],[80.185241,13.051507],[80.185488,13.051919],[80.185744,13.051974],[80.185902,13.05314],[80.186116,13.053116],[80.18592,13.051637]]},{"type":"LineString","coordinates":[[80.184367,13.044094],[80.184367,13.044093],[80.184373,13.044096],[80.184367,13.044094]]},{"type":"Polygon","coordinates":[[[80.18592,13.051637],[80.185873,13.051507],[80.185868,13.051237],[80.185846,13.049861],[80.185842,13.049605],[80.18589,13.049316],[80.185928,13.049132],[80.18609,13.047844],[80.185764,13.047768],[80.185794,13.047386],[80.186419,13.047397],[80.186453,13.047292],[80.186608,13.047274],[80.18689,13.045775],[80.186357,13.045635],[80.186512,13.044957],[80.18318,13.043582],[80.182078,13.042966],[80.180823,13.042331],[80.18043,13.042132],[80.179808,13.042053],[80.178695,13.041938],[80.178134,13.041958],[80.176999,13.042002],[80.176426,13.041922],[80.175774,13.041738],[80.172017,13.040617],[80.171916,13.041109],[80.171827,13.041701],[80.17003,13.040283],[80.170155,13.039659],[80.169173,13.039184],[80.168927,13.039694],[80.168905,13.039993],[80.169252,13.04021],[80.169342,13.04076],[80.169564,13.041778],[80.168587,13.041933],[80.168728,13.042678],[80.169549,13.04257],[80.169778,13.043387],[80.17047,13.044421],[80.17095,13.044926],[80.171022,13.045022],[80.171642,13.048644],[80.171978,13.049524],[80.172396,13.049767],[80.172667,13.04998],[80.173956,13.04988],[80.174246,13.052942],[80.176182,13.052908],[80.177991,13.052817],[80.178371,13.052766],[80.180496,13.05196],[80.180809,13.051887],[80.181771,13.051577],[80.182642,13.051553],[80.182709,13.051989],[80.182963,13.051992],[80.18294,13.051633],[80.185241,13.051507],[80.185488,13.051919],[80.185744,13.051974],[80.185902,13.05314],[80.186116,13.053116],[80.18592,13.051637]]]}]}},{"type":"Feature","properties":{},"geometry":{"type":"GeometryCollection","geometries":[{"type":"LineString","coordinates":[[80.169173,13.039184],[80.165032,13.038276],[80.164959,13.039835],[80.166193,13.040031],[80.166266,13.041548],[80.165631,13.041579],[80.165672,13.042627],[80.165301,13.042626],[80.165357,13.043219],[80.165659,13.043498],[80.165836,13.044518],[80.16527,13.04464],[80.165496,13.045779],[80.167182,13.04561],[80.167318,13.046469],[80.165304,13.046893],[80.165425,13.047886],[80.165857,13.048601],[80.166068,13.048872],[80.166683,13.048804],[80.166782,13.049324],[80.167817,13.049188],[80.168339,13.04914],[80.16837,13.049337],[80.169581,13.049244],[80.171642,13.048644],[80.171022,13.045022],[80.17095,13.044926],[80.17047,13.044421],[80.169778,13.043387],[80.169549,13.04257],[80.168728,13.042678],[80.168587,13.041933],[80.169564,13.041778],[80.169342,13.04076],[80.169252,13.04021],[80.168905,13.039993],[80.168927,13.039694],[80.169173,13.039184]]},{"type":"Polygon","coordinates":[[[80.169173,13.039184],[80.165032,13.038276],[80.164959,13.039835],[80.166193,13.040031],[80.166266,13.041548],[80.165631,13.041579],[80.165672,13.042627],[80.165301,13.042626],[80.165357,13.043219],[80.165659,13.043498],[80.165836,13.044518],[80.16527,13.04464],[80.165496,13.045779],[80.167182,13.04561],[80.167318,13.046469],[80.165304,13.046893],[80.165425,13.047886],[80.165857,13.048601],[80.166068,13.048872],[80.166683,13.048804],[80.166782,13.049324],[80.167817,13.049188],[80.168339,13.04914],[80.16837,13.049337],[80.169581,13.049244],[80.171642,13.048644],[80.171022,13.045022],[80.17095,13.044926],[80.17047,13.044421],[80.169778,13.043387],[80.169549,13.04257],[80.168728,13.042678],[80.168587,13.041933],[80.169564,13.041778],[80.169342,13.04076],[80.169252,13.04021],[80.168905,13.039993],[80.168927,13.039694],[80.169173,13.039184]]]}]}},{"type":"Feature","properties":{},"geometry":{"type":"GeometryCollection","geometries":[{"type":"LineString","coordinates":[[80.18318,13.043582],[80.186512,13.044957],[80.186357,13.045635],[80.18689,13.045775],[80.187325,13.043465],[80.187935,13.042994],[80.188865,13.043402],[80.188671,13.042966],[80.188401,13.039846],[80.188344,13.039333],[80.188608,13.039181],[80.188628,13.039023],[80.188262,13.03894],[80.188278,13.038754],[80.187331,13.038746],[80.187398,13.03763],[80.187291,13.037631],[80.187319,13.036992],[80.186843,13.036987],[80.186819,13.03764],[80.185886,13.037576],[80.185899,13.036873],[80.184721,13.036812],[80.184726,13.037451],[80.184136,13.037445],[80.183985,13.03746],[80.183958,13.037498],[80.182508,13.037122],[80.181969,13.037024],[80.181418,13.036745],[80.180958,13.036533],[80.179346,13.03614],[80.179233,13.037975],[80.180528,13.038127],[80.180349,13.039986],[80.180193,13.042102],[80.18043,13.042132],[80.180823,13.042331],[80.182078,13.042966],[80.18318,13.043582]]},{"type":"Polygon","coordinates":[[[80.18318,13.043582],[80.186512,13.044957],[80.186357,13.045635],[80.18689,13.045775],[80.187325,13.043465],[80.187935,13.042994],[80.188865,13.043402],[80.188671,13.042966],[80.188401,13.039846],[80.188344,13.039333],[80.188608,13.039181],[80.188628,13.039023],[80.188262,13.03894],[80.188278,13.038754],[80.187331,13.038746],[80.187398,13.03763],[80.187291,13.037631],[80.187319,13.036992],[80.186843,13.036987],[80.186819,13.03764],[80.185886,13.037576],[80.185899,13.036873],[80.184721,13.036812],[80.184726,13.037451],[80.184136,13.037445],[80.183985,13.03746],[80.183958,13.037498],[80.182508,13.037122],[80.181969,13.037024],[80.181418,13.036745],[80.180958,13.036533],[80.179346,13.03614],[80.179233,13.037975],[80.180528,13.038127],[80.180349,13.039986],[80.180193,13.042102],[80.18043,13.042132],[80.180823,13.042331],[80.182078,13.042966],[80.18318,13.043582]]]}]}},{"type":"Feature","properties":{},"geometry":{"type":"GeometryCollection","geometries":[{"type":"LineString","coordinates":[[80.170726,13.025017],[80.171418,13.027676],[80.170455,13.028422],[80.170658,13.028982],[80.171229,13.02884],[80.171496,13.029497],[80.172756,13.029132],[80.17305,13.030219],[80.175482,13.029624],[80.175549,13.029888],[80.176301,13.029785],[80.176501,13.030314],[80.176966,13.031986],[80.17713,13.031951],[80.177211,13.032159],[80.178375,13.031857],[80.178341,13.031685],[80.178722,13.031598],[80.179858,13.031402],[80.179675,13.030236],[80.180302,13.030045],[80.180806,13.029941],[80.180886,13.030519],[80.181642,13.030441],[80.181622,13.029971],[80.181837,13.02995],[80.181895,13.030657],[80.182609,13.030621],[80.182599,13.030284],[80.183563,13.030177],[80.183486,13.029451],[80.183032,13.029512],[80.182692,13.027649],[80.18318,13.027574],[80.183046,13.026794],[80.182201,13.026897],[80.182135,13.026428],[80.18152,13.026483],[80.181217,13.02363],[80.179558,13.02363],[80.171949,13.024977],[80.170726,13.025017]]},{"type":"Polygon","coordinates":[[[80.170726,13.025017],[80.171418,13.027676],[80.170455,13.028422],[80.170658,13.028982],[80.171229,13.02884],[80.171496,13.029497],[80.172756,13.029132],[80.17305,13.030219],[80.175482,13.029624],[80.175549,13.029888],[80.176301,13.029785],[80.176501,13.030314],[80.176966,13.031986],[80.17713,13.031951],[80.177211,13.032159],[80.178375,13.031857],[80.178341,13.031685],[80.178722,13.031598],[80.179858,13.031402],[80.179675,13.030236],[80.180302,13.030045],[80.180806,13.029941],[80.180886,13.030519],[80.181642,13.030441],[80.181622,13.029971],[80.181837,13.02995],[80.181895,13.030657],[80.182609,13.030621],[80.182599,13.030284],[80.183563,13.030177],[80.183486,13.029451],[80.183032,13.029512],[80.182692,13.027649],[80.18318,13.027574],[80.183046,13.026794],[80.182201,13.026897],[80.182135,13.026428],[80.18152,13.026483],[80.181217,13.02363],[80.179558,13.02363],[80.171949,13.024977],[80.170726,13.025017]]]}]}},{"type":"Feature","properties":{},"geometry":{"type":"GeometryCollection","geometries":[{"type":"LineString","coordinates":[[80.313971,13.175894],[80.307717,13.177762],[80.305659,13.178377],[80.305528,13.180459],[80.307364,13.183895],[80.309056,13.186598],[80.311781,13.187891],[80.313098,13.187842],[80.313027,13.185833],[80.312779,13.184881],[80.312692,13.184522],[80.312096,13.184643],[80.311644,13.184824],[80.310804,13.185008],[80.309173,13.185363],[80.309109,13.185162],[80.309071,13.184814],[80.312736,13.183819],[80.312533,13.183],[80.316844,13.181291],[80.316135,13.178995],[80.314527,13.177612],[80.313971,13.175894]]},{"type":"Polygon","coordinates":[[[80.313971,13.175894],[80.307717,13.177762],[80.305659,13.178377],[80.305528,13.180459],[80.307364,13.183895],[80.309056,13.186598],[80.311781,13.187891],[80.313098,13.187842],[80.313027,13.185833],[80.312779,13.184881],[80.312692,13.184522],[80.312096,13.184643],[80.311644,13.184824],[80.310804,13.185008],[80.309173,13.185363],[80.309109,13.185162],[80.309071,13.184814],[80.312736,13.183819],[80.312533,13.183],[80.316844,13.181291],[80.316135,13.178995],[80.314527,13.177612],[80.313971,13.175894]]]}]}},{"type":"Feature","properties":{},"geometry":{"type":"GeometryCollection","geometries":[{"type":"LineString","coordinates":[[80.166342,13.023156],[80.166103,13.021636],[80.165091,13.021663],[80.165113,13.022219],[80.164924,13.02238],[80.164989,13.023032],[80.164799,13.023049],[80.164865,13.02342],[80.164918,13.02409],[80.162525,13.024525],[80.162274,13.023041],[80.162458,13.02282],[80.159486,13.023325],[80.159617,13.024163],[80.159601,13.024972],[80.158541,13.025114],[80.15859,13.02544],[80.159432,13.025341],[80.159451,13.026009],[80.158797,13.026091],[80.158914,13.027228],[80.159629,13.027165],[80.159627,13.027102],[80.160041,13.02709],[80.160036,13.027419],[80.160491,13.027371],[80.160527,13.028246],[80.159055,13.028369],[80.159132,13.029122],[80.159209,13.029953],[80.159136,13.031506],[80.159548,13.031345],[80.159554,13.030916],[80.159981,13.030879],[80.15998,13.032382],[80.160103,13.032317],[80.160332,13.032001],[80.162118,13.031749],[80.16222,13.033003],[80.163952,13.032054],[80.165161,13.031379],[80.168557,13.029413],[80.170455,13.028422],[80.171418,13.027676],[80.170643,13.024699],[80.17042,13.024743],[80.169722,13.024936],[80.169427,13.024079],[80.169124,13.022756],[80.168818,13.022814],[80.168637,13.022769],[80.168327,13.02251],[80.167205,13.02279],[80.166929,13.022859],[80.16694,13.02314],[80.166342,13.023156]]},{"type":"Polygon","coordinates":[[[80.166342,13.023156],[80.166103,13.021636],[80.165091,13.021663],[80.165113,13.022219],[80.164924,13.02238],[80.164989,13.023032],[80.164799,13.023049],[80.164865,13.02342],[80.164918,13.02409],[80.162525,13.024525],[80.162274,13.023041],[80.162458,13.02282],[80.159486,13.023325],[80.159617,13.024163],[80.159601,13.024972],[80.158541,13.025114],[80.15859,13.02544],[80.159432,13.025341],[80.159451,13.026009],[80.158797,13.026091],[80.158914,13.027228],[80.159629,13.027165],[80.159627,13.027102],[80.160041,13.02709],[80.160036,13.027419],[80.160491,13.027371],[80.160527,13.028246],[80.159055,13.028369],[80.159132,13.029122],[80.159209,13.029953],[80.159136,13.031506],[80.159548,13.031345],[80.159554,13.030916],[80.159981,13.030879],[80.15998,13.032382],[80.160103,13.032317],[80.160332,13.032001],[80.162118,13.031749],[80.16222,13.033003],[80.163952,13.032054],[80.165161,13.031379],[80.168557,13.029413],[80.170455,13.028422],[80.171418,13.027676],[80.170643,13.024699],[80.17042,13.024743],[80.169722,13.024936],[80.169427,13.024079],[80.169124,13.022756],[80.168818,13.022814],[80.168637,13.022769],[80.168327,13.02251],[80.167205,13.02279],[80.166929,13.022859],[80.16694,13.02314],[80.166342,13.023156]]]}]}},{"type":"Feature","properties":{},"geometry":{"type":"GeometryCollection","geometries":[{"type":"LineString","coordinates":[[80.149086,13.026227],[80.153762,13.032913],[80.152813,13.03413],[80.153281,13.034283],[80.153823,13.034327],[80.154621,13.034165],[80.155229,13.034167],[80.155718,13.034613],[80.156509,13.034422],[80.157136,13.034355],[80.158068,13.034396],[80.158699,13.034443],[80.159084,13.034435],[80.159579,13.034408],[80.159777,13.034376],[80.160011,13.03424],[80.160976,13.033724],[80.16222,13.033003],[80.162118,13.031749],[80.160332,13.032001],[80.160103,13.032317],[80.15998,13.032382],[80.159981,13.030879],[80.159554,13.030916],[80.159548,13.031345],[80.159136,13.031506],[80.159209,13.029953],[80.159132,13.029122],[80.159055,13.028369],[80.160527,13.028246],[80.160491,13.027371],[80.160036,13.027419],[80.160041,13.02709],[80.159627,13.027102],[80.159629,13.027165],[80.158914,13.027228],[80.158797,13.026091],[80.159451,13.026009],[80.159432,13.025341],[80.15859,13.02544],[80.158541,13.025114],[80.159601,13.024972],[80.159617,13.024163],[80.158787,13.024232],[80.157933,13.024403],[80.153222,13.025039],[80.153224,13.025284],[80.151203,13.025579],[80.150929,13.024545],[80.150665,13.024616],[80.150737,13.025047],[80.14955,13.025244],[80.149086,13.026227]]},{"type":"Polygon","coordinates":[[[80.149086,13.026227],[80.153762,13.032913],[80.152813,13.03413],[80.153281,13.034283],[80.153823,13.034327],[80.154621,13.034165],[80.155229,13.034167],[80.155718,13.034613],[80.156509,13.034422],[80.157136,13.034355],[80.158068,13.034396],[80.158699,13.034443],[80.159084,13.034435],[80.159579,13.034408],[80.159777,13.034376],[80.160011,13.03424],[80.160976,13.033724],[80.16222,13.033003],[80.162118,13.031749],[80.160332,13.032001],[80.160103,13.032317],[80.15998,13.032382],[80.159981,13.030879],[80.159554,13.030916],[80.159548,13.031345],[80.159136,13.031506],[80.159209,13.029953],[80.159132,13.029122],[80.159055,13.028369],[80.160527,13.028246],[80.160491,13.027371],[80.160036,13.027419],[80.160041,13.02709],[80.159627,13.027102],[80.159629,13.027165],[80.158914,13.027228],[80.158797,13.026091],[80.159451,13.026009],[80.159432,13.025341],[80.15859,13.02544],[80.158541,13.025114],[80.159601,13.024972],[80.159617,13.024163],[80.158787,13.024232],[80.157933,13.024403],[80.153222,13.025039],[80.153224,13.025284],[80.151203,13.025579],[80.150929,13.024545],[80.150665,13.024616],[80.150737,13.025047],[80.14955,13.025244],[80.149086,13.026227]]]}]}},{"type":"Feature","properties":{},"geometry":{"type":"GeometryCollection","geometries":[{"type":"LineString","coordinates":[[80.186666,13.031557],[80.186581,13.030528],[80.185942,13.030612],[80.186061,13.031631],[80.185119,13.031686],[80.183728,13.031738],[80.183563,13.030177],[80.182599,13.030284],[80.182609,13.030621],[80.181895,13.030657],[80.181837,13.02995],[80.181622,13.029971],[80.181642,13.030441],[80.180886,13.030519],[80.180806,13.029941],[80.180302,13.030045],[80.179675,13.030236],[80.179858,13.031402],[80.178722,13.031598],[80.178341,13.031685],[80.178375,13.031857],[80.177211,13.032159],[80.177711,13.03294],[80.1781,13.033679],[80.178847,13.0351],[80.179346,13.03614],[80.180958,13.036533],[80.181418,13.036745],[80.181969,13.037024],[80.182508,13.037122],[80.183958,13.037498],[80.183985,13.03746],[80.184136,13.037445],[80.184726,13.037451],[80.184721,13.036812],[80.185899,13.036873],[80.185886,13.037576],[80.186819,13.03764],[80.186843,13.036987],[80.187319,13.036992],[80.187291,13.037631],[80.187595,13.037628],[80.187643,13.036365],[80.188587,13.0363],[80.188629,13.03475],[80.188724,13.034069],[80.188478,13.03219],[80.188756,13.032119],[80.188691,13.031466],[80.186666,13.031557]]},{"type":"Polygon","coordinates":[[[80.186666,13.031557],[80.186581,13.030528],[80.185942,13.030612],[80.186061,13.031631],[80.185119,13.031686],[80.183728,13.031738],[80.183563,13.030177],[80.182599,13.030284],[80.182609,13.030621],[80.181895,13.030657],[80.181837,13.02995],[80.181622,13.029971],[80.181642,13.030441],[80.180886,13.030519],[80.180806,13.029941],[80.180302,13.030045],[80.179675,13.030236],[80.179858,13.031402],[80.178722,13.031598],[80.178341,13.031685],[80.178375,13.031857],[80.177211,13.032159],[80.177711,13.03294],[80.1781,13.033679],[80.178847,13.0351],[80.179346,13.03614],[80.180958,13.036533],[80.181418,13.036745],[80.181969,13.037024],[80.182508,13.037122],[80.183958,13.037498],[80.183985,13.03746],[80.184136,13.037445],[80.184726,13.037451],[80.184721,13.036812],[80.185899,13.036873],[80.185886,13.037576],[80.186819,13.03764],[80.186843,13.036987],[80.187319,13.036992],[80.187291,13.037631],[80.187595,13.037628],[80.187643,13.036365],[80.188587,13.0363],[80.188629,13.03475],[80.188724,13.034069],[80.188478,13.03219],[80.188756,13.032119],[80.188691,13.031466],[80.186666,13.031557]]]}]}},{"type":"Feature","properties":{},"geometry":{"type":"GeometryCollection","geometries":[{"type":"LineString","coordinates":[[80.162978,13.032588],[80.16222,13.033003],[80.160976,13.033724],[80.160011,13.03424],[80.159777,13.034376],[80.159579,13.034408],[80.159084,13.034435],[80.158699,13.034443],[80.158068,13.034396],[80.157136,13.034355],[80.156509,13.034422],[80.155718,13.034613],[80.156888,13.03626],[80.157793,13.036901],[80.15916,13.037384],[80.15995,13.037669],[80.162998,13.038073],[80.163681,13.038195],[80.165032,13.038276],[80.168746,13.03909],[80.168066,13.035972],[80.167881,13.036052],[80.167809,13.03587],[80.167661,13.035454],[80.167477,13.035483],[80.167397,13.035392],[80.166538,13.035533],[80.166404,13.034661],[80.165994,13.034713],[80.165865,13.033923],[80.165533,13.033965],[80.165322,13.032711],[80.163261,13.033273],[80.162978,13.032588]]},{"type":"Polygon","coordinates":[[[80.162978,13.032588],[80.16222,13.033003],[80.160976,13.033724],[80.160011,13.03424],[80.159777,13.034376],[80.159579,13.034408],[80.159084,13.034435],[80.158699,13.034443],[80.158068,13.034396],[80.157136,13.034355],[80.156509,13.034422],[80.155718,13.034613],[80.156888,13.03626],[80.157793,13.036901],[80.15916,13.037384],[80.15995,13.037669],[80.162998,13.038073],[80.163681,13.038195],[80.165032,13.038276],[80.168746,13.03909],[80.168066,13.035972],[80.167881,13.036052],[80.167809,13.03587],[80.167661,13.035454],[80.167477,13.035483],[80.167397,13.035392],[80.166538,13.035533],[80.166404,13.034661],[80.165994,13.034713],[80.165865,13.033923],[80.165533,13.033965],[80.165322,13.032711],[80.163261,13.033273],[80.162978,13.032588]]]}]}},{"type":"Feature","properties":{},"geometry":{"type":"GeometryCollection","geometries":[{"type":"LineString","coordinates":[[80.179346,13.03614],[80.178847,13.0351],[80.178372,13.035192],[80.178218,13.035262],[80.178179,13.035329],[80.17806,13.035572],[80.177973,13.035728],[80.177782,13.035876],[80.1774,13.036076],[80.176878,13.036218],[80.17658,13.036212],[80.175648,13.036214],[80.175639,13.035975],[80.175136,13.035997],[80.174609,13.036048],[80.17436,13.036124],[80.174179,13.036333],[80.174001,13.036964],[80.172654,13.037022],[80.172623,13.036171],[80.172227,13.036208],[80.172317,13.037227],[80.168389,13.037454],[80.168746,13.03909],[80.169173,13.039184],[80.170155,13.039659],[80.17003,13.040283],[80.171827,13.041701],[80.171916,13.041109],[80.172017,13.040617],[80.175774,13.041738],[80.176426,13.041922],[80.176999,13.042002],[80.178134,13.041958],[80.178695,13.041938],[80.179808,13.042053],[80.180193,13.042102],[80.180349,13.039986],[80.180528,13.038127],[80.179233,13.037975],[80.179346,13.03614]]},{"type":"Polygon","coordinates":[[[80.179346,13.03614],[80.178847,13.0351],[80.178372,13.035192],[80.178218,13.035262],[80.178179,13.035329],[80.17806,13.035572],[80.177973,13.035728],[80.177782,13.035876],[80.1774,13.036076],[80.176878,13.036218],[80.17658,13.036212],[80.175648,13.036214],[80.175639,13.035975],[80.175136,13.035997],[80.174609,13.036048],[80.17436,13.036124],[80.174179,13.036333],[80.174001,13.036964],[80.172654,13.037022],[80.172623,13.036171],[80.172227,13.036208],[80.172317,13.037227],[80.168389,13.037454],[80.168746,13.03909],[80.169173,13.039184],[80.170155,13.039659],[80.17003,13.040283],[80.171827,13.041701],[80.171916,13.041109],[80.172017,13.040617],[80.175774,13.041738],[80.176426,13.041922],[80.176999,13.042002],[80.178134,13.041958],[80.178695,13.041938],[80.179808,13.042053],[80.180193,13.042102],[80.180349,13.039986],[80.180528,13.038127],[80.179233,13.037975],[80.179346,13.03614]]]}]}},{"type":"Feature","properties":{},"geometry":{"type":"GeometryCollection","geometries":[{"type":"LineString","coordinates":[[80.172623,13.036171],[80.172649,13.0359],[80.173256,13.035848],[80.173123,13.035223],[80.172486,13.0353],[80.172324,13.034348],[80.172183,13.033968],[80.172106,13.033013],[80.172787,13.032875],[80.172243,13.031384],[80.172104,13.03143],[80.171699,13.029929],[80.171496,13.029497],[80.171229,13.02884],[80.170658,13.028982],[80.170455,13.028422],[80.168557,13.029413],[80.165161,13.031379],[80.163952,13.032054],[80.162978,13.032588],[80.163261,13.033273],[80.165322,13.032711],[80.165533,13.033965],[80.165865,13.033923],[80.165994,13.034713],[80.166404,13.034661],[80.166538,13.035533],[80.167397,13.035392],[80.167477,13.035483],[80.167661,13.035454],[80.167809,13.03587],[80.167881,13.036052],[80.168066,13.035972],[80.168389,13.037454],[80.172317,13.037227],[80.172227,13.036208],[80.172623,13.036171]]},{"type":"Polygon","coordinates":[[[80.172623,13.036171],[80.172649,13.0359],[80.173256,13.035848],[80.173123,13.035223],[80.172486,13.0353],[80.172324,13.034348],[80.172183,13.033968],[80.172106,13.033013],[80.172787,13.032875],[80.172243,13.031384],[80.172104,13.03143],[80.171699,13.029929],[80.171496,13.029497],[80.171229,13.02884],[80.170658,13.028982],[80.170455,13.028422],[80.168557,13.029413],[80.165161,13.031379],[80.163952,13.032054],[80.162978,13.032588],[80.163261,13.033273],[80.165322,13.032711],[80.165533,13.033965],[80.165865,13.033923],[80.165994,13.034713],[80.166404,13.034661],[80.166538,13.035533],[80.167397,13.035392],[80.167477,13.035483],[80.167661,13.035454],[80.167809,13.03587],[80.167881,13.036052],[80.168066,13.035972],[80.168389,13.037454],[80.172317,13.037227],[80.172227,13.036208],[80.172623,13.036171]]]}]}},{"type":"Feature","properties":{},"geometry":{"type":"GeometryCollection","geometries":[{"type":"LineString","coordinates":[[80.178847,13.0351],[80.177711,13.03294],[80.177211,13.032159],[80.17713,13.031951],[80.176966,13.031986],[80.176501,13.030314],[80.176301,13.029785],[80.175549,13.029888],[80.175482,13.029624],[80.17305,13.030219],[80.172756,13.029132],[80.171496,13.029497],[80.171699,13.029929],[80.172104,13.03143],[80.172243,13.031384],[80.172787,13.032875],[80.172106,13.033013],[80.172183,13.033968],[80.172324,13.034348],[80.172486,13.0353],[80.173123,13.035223],[80.173256,13.035848],[80.172649,13.0359],[80.172623,13.036171],[80.172654,13.037022],[80.174001,13.036964],[80.174179,13.036333],[80.17436,13.036124],[80.174609,13.036048],[80.175136,13.035997],[80.175639,13.035975],[80.175648,13.036214],[80.17658,13.036212],[80.176878,13.036218],[80.1774,13.036076],[80.177782,13.035876],[80.177973,13.035728],[80.17806,13.035572],[80.178179,13.035329],[80.178218,13.035262],[80.178372,13.035192],[80.178847,13.0351]]},{"type":"Polygon","coordinates":[[[80.178847,13.0351],[80.177711,13.03294],[80.177211,13.032159],[80.17713,13.031951],[80.176966,13.031986],[80.176501,13.030314],[80.176301,13.029785],[80.175549,13.029888],[80.175482,13.029624],[80.17305,13.030219],[80.172756,13.029132],[80.171496,13.029497],[80.171699,13.029929],[80.172104,13.03143],[80.172243,13.031384],[80.172787,13.032875],[80.172106,13.033013],[80.172183,13.033968],[80.172324,13.034348],[80.172486,13.0353],[80.173123,13.035223],[80.173256,13.035848],[80.172649,13.0359],[80.172623,13.036171],[80.172654,13.037022],[80.174001,13.036964],[80.174179,13.036333],[80.17436,13.036124],[80.174609,13.036048],[80.175136,13.035997],[80.175639,13.035975],[80.175648,13.036214],[80.17658,13.036212],[80.176878,13.036218],[80.1774,13.036076],[80.177782,13.035876],[80.177973,13.035728],[80.17806,13.035572],[80.178179,13.035329],[80.178218,13.035262],[80.178372,13.035192],[80.178847,13.0351]]]}]}},{"type":"Feature","properties":{},"geometry":{"type":"GeometryCollection","geometries":[{"type":"LineString","coordinates":[[80.201915,13.117408],[80.201361,13.11666],[80.201169,13.11614],[80.200921,13.116436],[80.200714,13.116938],[80.200282,13.116864],[80.198903,13.117578],[80.198189,13.118166],[80.198694,13.11909],[80.199646,13.120863],[80.20006,13.121649],[80.200522,13.122345],[80.201189,13.122883],[80.201388,13.122976],[80.201406,13.122881],[80.201708,13.123024],[80.20178,13.122462],[80.201839,13.122286],[80.202096,13.121165],[80.202219,13.119703],[80.202305,13.119557],[80.202853,13.119241],[80.202873,13.118721],[80.202923,13.118497],[80.202798,13.118532],[80.202598,13.118542],[80.202477,13.118593],[80.202359,13.11831],[80.202074,13.118456],[80.201841,13.118254],[80.202189,13.117964],[80.201915,13.117408]]},{"type":"Polygon","coordinates":[[[80.201915,13.117408],[80.201361,13.11666],[80.201169,13.11614],[80.200921,13.116436],[80.200714,13.116938],[80.200282,13.116864],[80.198903,13.117578],[80.198189,13.118166],[80.198694,13.11909],[80.199646,13.120863],[80.20006,13.121649],[80.200522,13.122345],[80.201189,13.122883],[80.201388,13.122976],[80.201406,13.122881],[80.201708,13.123024],[80.20178,13.122462],[80.201839,13.122286],[80.202096,13.121165],[80.202219,13.119703],[80.202305,13.119557],[80.202853,13.119241],[80.202873,13.118721],[80.202923,13.118497],[80.202798,13.118532],[80.202598,13.118542],[80.202477,13.118593],[80.202359,13.11831],[80.202074,13.118456],[80.201841,13.118254],[80.202189,13.117964],[80.201915,13.117408]]]}]}},{"type":"Feature","properties":{},"geometry":{"type":"GeometryCollection","geometries":[{"type":"LineString","coordinates":[[80.296963,13.156246],[80.296829,13.155307],[80.297831,13.15507],[80.29871,13.154924],[80.298695,13.155156],[80.29979,13.154798],[80.299613,13.153948],[80.300277,13.153791],[80.30027,13.153409],[80.300061,13.152739],[80.299483,13.150928],[80.301138,13.150406],[80.300999,13.149939],[80.303898,13.149074],[80.303396,13.147802],[80.300291,13.148431],[80.299891,13.147261],[80.299627,13.147217],[80.299239,13.147252],[80.299111,13.146886],[80.299414,13.146638],[80.299383,13.14642],[80.298975,13.146479],[80.298695,13.146205],[80.298506,13.145425],[80.297355,13.145554],[80.297209,13.145303],[80.296825,13.144255],[80.294567,13.144497],[80.293355,13.144584],[80.29342,13.145047],[80.292292,13.145256],[80.292335,13.145504],[80.292614,13.145436],[80.29266,13.145496],[80.292728,13.145773],[80.292696,13.145936],[80.292609,13.146218],[80.292633,13.146363],[80.292901,13.146375],[80.292947,13.146639],[80.292863,13.147057],[80.293456,13.146985],[80.293504,13.14719],[80.292894,13.147299],[80.292934,13.147529],[80.293549,13.147498],[80.293632,13.147901],[80.292874,13.148276],[80.292947,13.148636],[80.293291,13.148769],[80.293448,13.149098],[80.293692,13.149095],[80.293994,13.149254],[80.294217,13.150009],[80.293997,13.150134],[80.294111,13.150601],[80.294661,13.150549],[80.294937,13.150487],[80.295245,13.150467],[80.295251,13.150513],[80.294968,13.150538],[80.294698,13.150567],[80.294391,13.150598],[80.294202,13.150615],[80.294089,13.150626],[80.293964,13.150466],[80.293251,13.150584],[80.293385,13.15133],[80.292215,13.151704],[80.293394,13.155537],[80.294368,13.155694],[80.29507,13.156463],[80.295098,13.1566],[80.295501,13.15662],[80.295397,13.156164],[80.296404,13.156122],[80.296963,13.156246]]},{"type":"Polygon","coordinates":[[[80.296963,13.156246],[80.296829,13.155307],[80.297831,13.15507],[80.29871,13.154924],[80.298695,13.155156],[80.29979,13.154798],[80.299613,13.153948],[80.300277,13.153791],[80.30027,13.153409],[80.300061,13.152739],[80.299483,13.150928],[80.301138,13.150406],[80.300999,13.149939],[80.303898,13.149074],[80.303396,13.147802],[80.300291,13.148431],[80.299891,13.147261],[80.299627,13.147217],[80.299239,13.147252],[80.299111,13.146886],[80.299414,13.146638],[80.299383,13.14642],[80.298975,13.146479],[80.298695,13.146205],[80.298506,13.145425],[80.297355,13.145554],[80.297209,13.145303],[80.296825,13.144255],[80.294567,13.144497],[80.293355,13.144584],[80.29342,13.145047],[80.292292,13.145256],[80.292335,13.145504],[80.292614,13.145436],[80.29266,13.145496],[80.292728,13.145773],[80.292696,13.145936],[80.292609,13.146218],[80.292633,13.146363],[80.292901,13.146375],[80.292947,13.146639],[80.292863,13.147057],[80.293456,13.146985],[80.293504,13.14719],[80.292894,13.147299],[80.292934,13.147529],[80.293549,13.147498],[80.293632,13.147901],[80.292874,13.148276],[80.292947,13.148636],[80.293291,13.148769],[80.293448,13.149098],[80.293692,13.149095],[80.293994,13.149254],[80.294217,13.150009],[80.293997,13.150134],[80.294111,13.150601],[80.294661,13.150549],[80.294937,13.150487],[80.295245,13.150467],[80.295251,13.150513],[80.294968,13.150538],[80.294698,13.150567],[80.294391,13.150598],[80.294202,13.150615],[80.294089,13.150626],[80.293964,13.150466],[80.293251,13.150584],[80.293385,13.15133],[80.292215,13.151704],[80.293394,13.155537],[80.294368,13.155694],[80.29507,13.156463],[80.295098,13.1566],[80.295501,13.15662],[80.295397,13.156164],[80.296404,13.156122],[80.296963,13.156246]]]}]}},{"type":"Feature","properties":{},"geometry":{"type":"GeometryCollection","geometries":[{"type":"LineString","coordinates":[[80.322284,13.215955],[80.320165,13.221521],[80.319072,13.222975],[80.321512,13.227805],[80.326502,13.23105],[80.331075,13.232936],[80.331494,13.232328],[80.330894,13.230683],[80.330482,13.229552],[80.330271,13.229109],[80.329845,13.22773],[80.32972,13.227325],[80.329298,13.225772],[80.328978,13.224592],[80.32741,13.219667],[80.326849,13.217919],[80.325955,13.215132],[80.322284,13.215955]]},{"type":"Polygon","coordinates":[[[80.322284,13.215955],[80.320165,13.221521],[80.319072,13.222975],[80.321512,13.227805],[80.326502,13.23105],[80.331075,13.232936],[80.331494,13.232328],[80.330894,13.230683],[80.330482,13.229552],[80.330271,13.229109],[80.329845,13.22773],[80.32972,13.227325],[80.329298,13.225772],[80.328978,13.224592],[80.32741,13.219667],[80.326849,13.217919],[80.325955,13.215132],[80.322284,13.215955]]]}]}},{"type":"Feature","properties":{},"geometry":{"type":"GeometryCollection","geometries":[{"type":"LineString","coordinates":[[80.325955,13.215132],[80.325818,13.214706],[80.325309,13.213115],[80.325156,13.212576],[80.324414,13.209945],[80.3238,13.207666],[80.323473,13.206429],[80.322952,13.204487],[80.322814,13.203908],[80.31748,13.205253],[80.322284,13.215955],[80.325955,13.215132]]},{"type":"Polygon","coordinates":[[[80.325955,13.215132],[80.325818,13.214706],[80.325309,13.213115],[80.325156,13.212576],[80.324414,13.209945],[80.3238,13.207666],[80.323473,13.206429],[80.322952,13.204487],[80.322814,13.203908],[80.31748,13.205253],[80.322284,13.215955],[80.325955,13.215132]]]}]}},{"type":"Feature","properties":{},"geometry":{"type":"GeometryCollection","geometries":[{"type":"LineString","coordinates":[[80.319428,13.209593],[80.316746,13.209779],[80.31325,13.211366],[80.31501,13.214913],[80.316623,13.214221],[80.317662,13.214662],[80.317786,13.215128],[80.318841,13.215041],[80.319236,13.21515],[80.319733,13.216626],[80.32186,13.217069],[80.322284,13.215955],[80.319428,13.209593]]},{"type":"Polygon","coordinates":[[[80.319428,13.209593],[80.316746,13.209779],[80.31325,13.211366],[80.31501,13.214913],[80.316623,13.214221],[80.317662,13.214662],[80.317786,13.215128],[80.318841,13.215041],[80.319236,13.21515],[80.319733,13.216626],[80.32186,13.217069],[80.322284,13.215955],[80.319428,13.209593]]]}]}},{"type":"Feature","properties":{},"geometry":{"type":"GeometryCollection","geometries":[{"type":"LineString","coordinates":[[80.32186,13.217069],[80.319733,13.216626],[80.319236,13.21515],[80.318841,13.215041],[80.317786,13.215128],[80.317662,13.214662],[80.316623,13.214221],[80.31501,13.214913],[80.315606,13.216114],[80.319072,13.222975],[80.320165,13.221521],[80.32186,13.217069]]},{"type":"Polygon","coordinates":[[[80.32186,13.217069],[80.319733,13.216626],[80.319236,13.21515],[80.318841,13.215041],[80.317786,13.215128],[80.317662,13.214662],[80.316623,13.214221],[80.31501,13.214913],[80.315606,13.216114],[80.319072,13.222975],[80.320165,13.221521],[80.32186,13.217069]]]}]}},{"type":"Feature","properties":{},"geometry":{"type":"GeometryCollection","geometries":[{"type":"LineString","coordinates":[[80.319428,13.209593],[80.31748,13.205253],[80.313442,13.206272],[80.311089,13.207013],[80.31325,13.211366],[80.316746,13.209779],[80.319428,13.209593]]},{"type":"Polygon","coordinates":[[[80.319428,13.209593],[80.31748,13.205253],[80.313442,13.206272],[80.311089,13.207013],[80.31325,13.211366],[80.316746,13.209779],[80.319428,13.209593]]]}]}},{"type":"Feature","properties":{},"geometry":{"type":"GeometryCollection","geometries":[{"type":"LineString","coordinates":[[80.320511,13.194523],[80.314748,13.196228],[80.310897,13.197192],[80.313442,13.206272],[80.322814,13.203908],[80.322273,13.201638],[80.321904,13.20009],[80.321156,13.19702],[80.321023,13.196477],[80.320587,13.194815],[80.320511,13.194523]]},{"type":"Polygon","coordinates":[[[80.320511,13.194523],[80.314748,13.196228],[80.310897,13.197192],[80.313442,13.206272],[80.322814,13.203908],[80.322273,13.201638],[80.321904,13.20009],[80.321156,13.19702],[80.321023,13.196477],[80.320587,13.194815],[80.320511,13.194523]]]}]}},{"type":"Feature","properties":{},"geometry":{"type":"GeometryCollection","geometries":[{"type":"LineString","coordinates":[[80.317478,13.183409],[80.313271,13.184933],[80.313222,13.185044],[80.313045,13.185128],[80.313107,13.185287],[80.313665,13.185323],[80.313962,13.185658],[80.314623,13.186363],[80.315095,13.186852],[80.315048,13.187412],[80.315003,13.187668],[80.314993,13.18777],[80.311781,13.187891],[80.311282,13.189396],[80.311976,13.193126],[80.309912,13.193676],[80.310897,13.197192],[80.314748,13.196228],[80.320511,13.194523],[80.319189,13.189483],[80.318933,13.188654],[80.318567,13.187471],[80.317621,13.183863],[80.317478,13.183409]]},{"type":"Polygon","coordinates":[[[80.317478,13.183409],[80.313271,13.184933],[80.313222,13.185044],[80.313045,13.185128],[80.313107,13.185287],[80.313665,13.185323],[80.313962,13.185658],[80.314623,13.186363],[80.315095,13.186852],[80.315048,13.187412],[80.315003,13.187668],[80.314993,13.18777],[80.311781,13.187891],[80.311282,13.189396],[80.311976,13.193126],[80.309912,13.193676],[80.310897,13.197192],[80.314748,13.196228],[80.320511,13.194523],[80.319189,13.189483],[80.318933,13.188654],[80.318567,13.187471],[80.317621,13.183863],[80.317478,13.183409]]]}]}},{"type":"Feature","properties":{},"geometry":{"type":"GeometryCollection","geometries":[{"type":"LineString","coordinates":[[80.311485,13.190488],[80.310494,13.190727],[80.307742,13.191218],[80.307587,13.191146],[80.3075,13.19107],[80.30723,13.190031],[80.306976,13.189113],[80.305922,13.188612],[80.30532,13.18876],[80.305188,13.188516],[80.303576,13.189303],[80.30456,13.191448],[80.30385,13.191758],[80.304393,13.192927],[80.306252,13.191917],[80.307505,13.194291],[80.309912,13.193676],[80.311976,13.193126],[80.311485,13.190488]]},{"type":"Polygon","coordinates":[[[80.311485,13.190488],[80.310494,13.190727],[80.307742,13.191218],[80.307587,13.191146],[80.3075,13.19107],[80.30723,13.190031],[80.306976,13.189113],[80.305922,13.188612],[80.30532,13.18876],[80.305188,13.188516],[80.303576,13.189303],[80.30456,13.191448],[80.30385,13.191758],[80.304393,13.192927],[80.306252,13.191917],[80.307505,13.194291],[80.309912,13.193676],[80.311976,13.193126],[80.311485,13.190488]]]}]}},{"type":"Feature","properties":{},"geometry":{"type":"GeometryCollection","geometries":[{"type":"LineString","coordinates":[[80.316844,13.181291],[80.312533,13.183],[80.312736,13.183819],[80.309071,13.184814],[80.309109,13.185162],[80.309173,13.185363],[80.310804,13.185008],[80.311644,13.184824],[80.312096,13.184643],[80.312692,13.184522],[80.312779,13.184881],[80.313027,13.185833],[80.313098,13.187842],[80.314993,13.18777],[80.315003,13.187668],[80.315048,13.187412],[80.315095,13.186852],[80.314623,13.186363],[80.313962,13.185658],[80.313665,13.185323],[80.313107,13.185287],[80.313045,13.185128],[80.313222,13.185044],[80.313271,13.184933],[80.317478,13.183409],[80.317242,13.182662],[80.317078,13.182087],[80.316947,13.181626],[80.316844,13.181291]]},{"type":"Polygon","coordinates":[[[80.316844,13.181291],[80.312533,13.183],[80.312736,13.183819],[80.309071,13.184814],[80.309109,13.185162],[80.309173,13.185363],[80.310804,13.185008],[80.311644,13.184824],[80.312096,13.184643],[80.312692,13.184522],[80.312779,13.184881],[80.313027,13.185833],[80.313098,13.187842],[80.314993,13.18777],[80.315003,13.187668],[80.315048,13.187412],[80.315095,13.186852],[80.314623,13.186363],[80.313962,13.185658],[80.313665,13.185323],[80.313107,13.185287],[80.313045,13.185128],[80.313222,13.185044],[80.313271,13.184933],[80.317478,13.183409],[80.317242,13.182662],[80.317078,13.182087],[80.316947,13.181626],[80.316844,13.181291]]]}]}},{"type":"Feature","properties":{},"geometry":{"type":"GeometryCollection","geometries":[{"type":"LineString","coordinates":[[80.305659,13.178377],[80.302215,13.177883],[80.300634,13.178041],[80.297547,13.179313],[80.297125,13.180141],[80.30205,13.185973],[80.303576,13.189303],[80.305188,13.188516],[80.30532,13.18876],[80.305922,13.188612],[80.306976,13.189113],[80.30723,13.190031],[80.3075,13.19107],[80.307587,13.191146],[80.307742,13.191218],[80.310494,13.190727],[80.311485,13.190488],[80.311282,13.189396],[80.311781,13.187891],[80.309056,13.186598],[80.307364,13.183895],[80.305528,13.180459],[80.305659,13.178377]]},{"type":"Polygon","coordinates":[[[80.305659,13.178377],[80.302215,13.177883],[80.300634,13.178041],[80.297547,13.179313],[80.297125,13.180141],[80.30205,13.185973],[80.303576,13.189303],[80.305188,13.188516],[80.30532,13.18876],[80.305922,13.188612],[80.306976,13.189113],[80.30723,13.190031],[80.3075,13.19107],[80.307587,13.191146],[80.307742,13.191218],[80.310494,13.190727],[80.311485,13.190488],[80.311282,13.189396],[80.311781,13.187891],[80.309056,13.186598],[80.307364,13.183895],[80.305528,13.180459],[80.305659,13.178377]]]}]}},{"type":"Feature","properties":{},"geometry":{"type":"GeometryCollection","geometries":[{"type":"LineString","coordinates":[[80.305975,13.171629],[80.301952,13.171541],[80.301952,13.171542],[80.302416,13.173227],[80.303329,13.174703],[80.303387,13.174908],[80.304305,13.178183],[80.305659,13.178377],[80.307717,13.177762],[80.305975,13.171629]]},{"type":"Polygon","coordinates":[[[80.305975,13.171629],[80.301952,13.171541],[80.301952,13.171542],[80.302416,13.173227],[80.303329,13.174703],[80.303387,13.174908],[80.304305,13.178183],[80.305659,13.178377],[80.307717,13.177762],[80.305975,13.171629]]]}]}},{"type":"Feature","properties":{},"geometry":{"type":"GeometryCollection","geometries":[{"type":"LineString","coordinates":[[80.309557,13.163343],[80.306824,13.163598],[80.306488,13.163267],[80.304264,13.163831],[80.30411,13.163242],[80.303558,13.163312],[80.303557,13.163518],[80.304122,13.164541],[80.303783,13.164585],[80.303882,13.165245],[80.304728,13.165823],[80.304759,13.165906],[80.304738,13.16595],[80.304544,13.16614],[80.303881,13.166401],[80.304005,13.166647],[80.303703,13.166718],[80.303848,13.167244],[80.304327,13.168989],[80.30453,13.169148],[80.304486,13.169295],[80.304902,13.17122],[80.305975,13.171629],[80.309069,13.168613],[80.310431,13.165526],[80.309557,13.163343]]},{"type":"Polygon","coordinates":[[[80.309557,13.163343],[80.306824,13.163598],[80.306488,13.163267],[80.304264,13.163831],[80.30411,13.163242],[80.303558,13.163312],[80.303557,13.163518],[80.304122,13.164541],[80.303783,13.164585],[80.303882,13.165245],[80.304728,13.165823],[80.304759,13.165906],[80.304738,13.16595],[80.304544,13.16614],[80.303881,13.166401],[80.304005,13.166647],[80.303703,13.166718],[80.303848,13.167244],[80.304327,13.168989],[80.30453,13.169148],[80.304486,13.169295],[80.304902,13.17122],[80.305975,13.171629],[80.309069,13.168613],[80.310431,13.165526],[80.309557,13.163343]]]}]}},{"type":"Feature","properties":{},"geometry":{"type":"GeometryCollection","geometries":[{"type":"LineString","coordinates":[[80.29631,13.169655],[80.296266,13.168016],[80.296501,13.167841],[80.296503,13.16784],[80.296459,13.167015],[80.296423,13.166452],[80.296856,13.166281],[80.297127,13.166148],[80.299066,13.16573],[80.298567,13.164231],[80.297977,13.162618],[80.29514,13.162593],[80.288362,13.16288],[80.288942,13.165102],[80.289828,13.171917],[80.290596,13.174661],[80.292797,13.173615],[80.293427,13.171876],[80.293358,13.168928],[80.293297,13.168496],[80.293474,13.167961],[80.293397,13.167482],[80.293389,13.166898],[80.2934,13.166494],[80.294101,13.166486],[80.294208,13.167127],[80.294234,13.16867],[80.294185,13.169901],[80.29631,13.169655]]},{"type":"Polygon","coordinates":[[[80.29631,13.169655],[80.296266,13.168016],[80.296501,13.167841],[80.296503,13.16784],[80.296459,13.167015],[80.296423,13.166452],[80.296856,13.166281],[80.297127,13.166148],[80.299066,13.16573],[80.298567,13.164231],[80.297977,13.162618],[80.29514,13.162593],[80.288362,13.16288],[80.288942,13.165102],[80.289828,13.171917],[80.290596,13.174661],[80.292797,13.173615],[80.293427,13.171876],[80.293358,13.168928],[80.293297,13.168496],[80.293474,13.167961],[80.293397,13.167482],[80.293389,13.166898],[80.2934,13.166494],[80.294101,13.166486],[80.294208,13.167127],[80.294234,13.16867],[80.294185,13.169901],[80.29631,13.169655]]]}]}},{"type":"Feature","properties":{},"geometry":{"type":"GeometryCollection","geometries":[{"type":"LineString","coordinates":[[80.304305,13.178183],[80.303387,13.174908],[80.30261,13.175069],[80.301514,13.17526],[80.301454,13.175015],[80.301342,13.173993],[80.300997,13.172939],[80.30085,13.172758],[80.300175,13.172957],[80.298021,13.173278],[80.298019,13.17327],[80.297891,13.172635],[80.297594,13.1717],[80.297562,13.170877],[80.297209,13.169479],[80.29631,13.169655],[80.294185,13.169901],[80.294234,13.16867],[80.294208,13.167127],[80.294101,13.166486],[80.2934,13.166494],[80.293389,13.166898],[80.293397,13.167482],[80.293474,13.167961],[80.293297,13.168496],[80.293358,13.168928],[80.293427,13.171876],[80.292797,13.173615],[80.290596,13.174661],[80.291748,13.176372],[80.294429,13.180428],[80.297125,13.180141],[80.297547,13.179313],[80.300634,13.178041],[80.302215,13.177883],[80.304305,13.178183]]},{"type":"Polygon","coordinates":[[[80.304305,13.178183],[80.303387,13.174908],[80.30261,13.175069],[80.301514,13.17526],[80.301454,13.175015],[80.301342,13.173993],[80.300997,13.172939],[80.30085,13.172758],[80.300175,13.172957],[80.298021,13.173278],[80.298019,13.17327],[80.297891,13.172635],[80.297594,13.1717],[80.297562,13.170877],[80.297209,13.169479],[80.29631,13.169655],[80.294185,13.169901],[80.294234,13.16867],[80.294208,13.167127],[80.294101,13.166486],[80.2934,13.166494],[80.293389,13.166898],[80.293397,13.167482],[80.293474,13.167961],[80.293297,13.168496],[80.293358,13.168928],[80.293427,13.171876],[80.292797,13.173615],[80.290596,13.174661],[80.291748,13.176372],[80.294429,13.180428],[80.297125,13.180141],[80.297547,13.179313],[80.300634,13.178041],[80.302215,13.177883],[80.304305,13.178183]]]}]}},{"type":"Feature","properties":{},"geometry":{"type":"GeometryCollection","geometries":[{"type":"LineString","coordinates":[[80.290119,13.155012],[80.290468,13.157221],[80.294589,13.15729],[80.29514,13.162593],[80.297977,13.162618],[80.296192,13.158714],[80.29562,13.157148],[80.295501,13.15662],[80.295098,13.1566],[80.29507,13.156463],[80.294368,13.155694],[80.293394,13.155537],[80.290119,13.155012]]},{"type":"Polygon","coordinates":[[[80.290119,13.155012],[80.290468,13.157221],[80.294589,13.15729],[80.29514,13.162593],[80.297977,13.162618],[80.296192,13.158714],[80.29562,13.157148],[80.295501,13.15662],[80.295098,13.1566],[80.29507,13.156463],[80.294368,13.155694],[80.293394,13.155537],[80.290119,13.155012]]]}]}},{"type":"Feature","properties":{},"geometry":{"type":"GeometryCollection","geometries":[{"type":"LineString","coordinates":[[80.292335,13.145504],[80.292068,13.14556],[80.291545,13.145107],[80.290985,13.145023],[80.290789,13.14444],[80.290238,13.144573],[80.290342,13.145768],[80.291464,13.149264],[80.292215,13.151704],[80.293385,13.15133],[80.293251,13.150584],[80.293964,13.150466],[80.294089,13.150626],[80.294202,13.150615],[80.294391,13.150598],[80.294698,13.150567],[80.294968,13.150538],[80.295251,13.150513],[80.295245,13.150467],[80.294937,13.150487],[80.294661,13.150549],[80.294111,13.150601],[80.293997,13.150134],[80.294217,13.150009],[80.293994,13.149254],[80.293692,13.149095],[80.293448,13.149098],[80.293291,13.148769],[80.292947,13.148636],[80.292874,13.148276],[80.293632,13.147901],[80.293549,13.147498],[80.292934,13.147529],[80.292894,13.147299],[80.293504,13.14719],[80.293456,13.146985],[80.292863,13.147057],[80.292947,13.146639],[80.292901,13.146375],[80.292633,13.146363],[80.292609,13.146218],[80.292696,13.145936],[80.292728,13.145773],[80.29266,13.145496],[80.292614,13.145436],[80.292335,13.145504]]},{"type":"Polygon","coordinates":[[[80.292335,13.145504],[80.292068,13.14556],[80.291545,13.145107],[80.290985,13.145023],[80.290789,13.14444],[80.290238,13.144573],[80.290342,13.145768],[80.291464,13.149264],[80.292215,13.151704],[80.293385,13.15133],[80.293251,13.150584],[80.293964,13.150466],[80.294089,13.150626],[80.294202,13.150615],[80.294391,13.150598],[80.294698,13.150567],[80.294968,13.150538],[80.295251,13.150513],[80.295245,13.150467],[80.294937,13.150487],[80.294661,13.150549],[80.294111,13.150601],[80.293997,13.150134],[80.294217,13.150009],[80.293994,13.149254],[80.293692,13.149095],[80.293448,13.149098],[80.293291,13.148769],[80.292947,13.148636],[80.292874,13.148276],[80.293632,13.147901],[80.293549,13.147498],[80.292934,13.147529],[80.292894,13.147299],[80.293504,13.14719],[80.293456,13.146985],[80.292863,13.147057],[80.292947,13.146639],[80.292901,13.146375],[80.292633,13.146363],[80.292609,13.146218],[80.292696,13.145936],[80.292728,13.145773],[80.29266,13.145496],[80.292614,13.145436],[80.292335,13.145504]]]}]}},{"type":"Feature","properties":{},"geometry":{"type":"GeometryCollection","geometries":[{"type":"LineString","coordinates":[[80.308004,13.15946],[80.307532,13.158282],[80.307295,13.157679],[80.305604,13.158282],[80.305701,13.158853],[80.305981,13.159026],[80.306505,13.159426],[80.307028,13.159686],[80.308004,13.15946]]},{"type":"Polygon","coordinates":[[[80.308004,13.15946],[80.307532,13.158282],[80.307295,13.157679],[80.305604,13.158282],[80.305701,13.158853],[80.305981,13.159026],[80.306505,13.159426],[80.307028,13.159686],[80.308004,13.15946]]]}]}},{"type":"Feature","properties":{},"geometry":{"type":"GeometryCollection","geometries":[{"type":"LineString","coordinates":[[80.303703,13.166718],[80.303689,13.166224],[80.303716,13.16604],[80.303703,13.165959],[80.30274,13.166013],[80.301616,13.166063],[80.300853,13.166201],[80.300664,13.165919],[80.300587,13.165921],[80.300535,13.165882],[80.300277,13.165939],[80.300278,13.166141],[80.299437,13.166421],[80.299951,13.167379],[80.301089,13.170779],[80.301952,13.171541],[80.305975,13.171629],[80.304902,13.17122],[80.304486,13.169295],[80.30453,13.169148],[80.304327,13.168989],[80.303848,13.167244],[80.303703,13.166718]]},{"type":"Polygon","coordinates":[[[80.303703,13.166718],[80.303689,13.166224],[80.303716,13.16604],[80.303703,13.165959],[80.30274,13.166013],[80.301616,13.166063],[80.300853,13.166201],[80.300664,13.165919],[80.300587,13.165921],[80.300535,13.165882],[80.300277,13.165939],[80.300278,13.166141],[80.299437,13.166421],[80.299951,13.167379],[80.301089,13.170779],[80.301952,13.171541],[80.305975,13.171629],[80.304902,13.17122],[80.304486,13.169295],[80.30453,13.169148],[80.304327,13.168989],[80.303848,13.167244],[80.303703,13.166718]]]}]}},{"type":"Feature","properties":{},"geometry":{"type":"GeometryCollection","geometries":[{"type":"LineString","coordinates":[[80.297977,13.162618],[80.298567,13.164231],[80.299066,13.16573],[80.299437,13.166421],[80.300278,13.166141],[80.300277,13.165939],[80.300535,13.165882],[80.300587,13.165921],[80.300664,13.165919],[80.300853,13.166201],[80.301616,13.166063],[80.30274,13.166013],[80.303703,13.165959],[80.303716,13.16604],[80.303689,13.166224],[80.303703,13.166718],[80.304005,13.166647],[80.303881,13.166401],[80.304544,13.16614],[80.304738,13.16595],[80.304759,13.165906],[80.304728,13.165823],[80.303882,13.165245],[80.303783,13.164585],[80.304122,13.164541],[80.303557,13.163518],[80.303558,13.163312],[80.303637,13.162688],[80.303215,13.161872],[80.302648,13.160631],[80.30252,13.15984],[80.302455,13.159474],[80.302349,13.158124],[80.302111,13.157004],[80.302888,13.156857],[80.302758,13.155981],[80.302349,13.155729],[80.302197,13.155197],[80.302585,13.155083],[80.302245,13.153964],[80.302024,13.153476],[80.302039,13.153344],[80.302064,13.153099],[80.302004,13.152812],[80.301693,13.152925],[80.301369,13.152999],[80.301315,13.152832],[80.301227,13.15279],[80.301108,13.152789],[80.301053,13.152634],[80.301051,13.152445],[80.300895,13.152376],[80.300061,13.152739],[80.30027,13.153409],[80.300277,13.153791],[80.299613,13.153948],[80.29979,13.154798],[80.298695,13.155156],[80.298669,13.155454],[80.298518,13.155521],[80.298339,13.155657],[80.298335,13.155779],[80.298425,13.156131],[80.298084,13.156198],[80.298139,13.156446],[80.299065,13.156341],[80.299212,13.15642],[80.299076,13.156538],[80.298695,13.15658],[80.29882,13.157496],[80.298051,13.157609],[80.297646,13.157301],[80.297338,13.157303],[80.297201,13.157186],[80.297232,13.156938],[80.29738,13.156823],[80.297145,13.156695],[80.296909,13.156501],[80.296963,13.156246],[80.296404,13.156122],[80.295397,13.156164],[80.29562,13.157148],[80.296192,13.158714],[80.297977,13.162618]]},{"type":"Polygon","coordinates":[[[80.297977,13.162618],[80.298567,13.164231],[80.299066,13.16573],[80.299437,13.166421],[80.300278,13.166141],[80.300277,13.165939],[80.300535,13.165882],[80.300587,13.165921],[80.300664,13.165919],[80.300853,13.166201],[80.301616,13.166063],[80.30274,13.166013],[80.303703,13.165959],[80.303716,13.16604],[80.303689,13.166224],[80.303703,13.166718],[80.304005,13.166647],[80.303881,13.166401],[80.304544,13.16614],[80.304738,13.16595],[80.304759,13.165906],[80.304728,13.165823],[80.303882,13.165245],[80.303783,13.164585],[80.304122,13.164541],[80.303557,13.163518],[80.303558,13.163312],[80.303637,13.162688],[80.303215,13.161872],[80.302648,13.160631],[80.30252,13.15984],[80.302455,13.159474],[80.302349,13.158124],[80.302111,13.157004],[80.302888,13.156857],[80.302758,13.155981],[80.302349,13.155729],[80.302197,13.155197],[80.302585,13.155083],[80.302245,13.153964],[80.302024,13.153476],[80.302039,13.153344],[80.302064,13.153099],[80.302004,13.152812],[80.301693,13.152925],[80.301369,13.152999],[80.301315,13.152832],[80.301227,13.15279],[80.301108,13.152789],[80.301053,13.152634],[80.301051,13.152445],[80.300895,13.152376],[80.300061,13.152739],[80.30027,13.153409],[80.300277,13.153791],[80.299613,13.153948],[80.29979,13.154798],[80.298695,13.155156],[80.298669,13.155454],[80.298518,13.155521],[80.298339,13.155657],[80.298335,13.155779],[80.298425,13.156131],[80.298084,13.156198],[80.298139,13.156446],[80.299065,13.156341],[80.299212,13.15642],[80.299076,13.156538],[80.298695,13.15658],[80.29882,13.157496],[80.298051,13.157609],[80.297646,13.157301],[80.297338,13.157303],[80.297201,13.157186],[80.297232,13.156938],[80.29738,13.156823],[80.297145,13.156695],[80.296909,13.156501],[80.296963,13.156246],[80.296404,13.156122],[80.295397,13.156164],[80.29562,13.157148],[80.296192,13.158714],[80.297977,13.162618]]]}]}},{"type":"Feature","properties":{},"geometry":{"type":"GeometryCollection","geometries":[{"type":"LineString","coordinates":[[80.303898,13.149074],[80.300999,13.149939],[80.301138,13.150406],[80.299483,13.150928],[80.300061,13.152739],[80.300895,13.152376],[80.301051,13.152445],[80.301053,13.152634],[80.301108,13.152789],[80.301227,13.15279],[80.301315,13.152832],[80.301369,13.152999],[80.301693,13.152925],[80.302004,13.152812],[80.302064,13.153099],[80.302039,13.153344],[80.302024,13.153476],[80.302245,13.153964],[80.302585,13.155083],[80.302197,13.155197],[80.302349,13.155729],[80.302758,13.155981],[80.302888,13.156857],[80.302111,13.157004],[80.302349,13.158124],[80.302455,13.159474],[80.30252,13.15984],[80.302648,13.160631],[80.303215,13.161872],[80.303637,13.162688],[80.303558,13.163312],[80.30411,13.163242],[80.304264,13.163831],[80.306488,13.163267],[80.306824,13.163598],[80.309557,13.163343],[80.308004,13.15946],[80.307028,13.159686],[80.306505,13.159426],[80.305981,13.159026],[80.305701,13.158853],[80.305604,13.158282],[80.307295,13.157679],[80.303898,13.149074]]},{"type":"Polygon","coordinates":[[[80.303898,13.149074],[80.300999,13.149939],[80.301138,13.150406],[80.299483,13.150928],[80.300061,13.152739],[80.300895,13.152376],[80.301051,13.152445],[80.301053,13.152634],[80.301108,13.152789],[80.301227,13.15279],[80.301315,13.152832],[80.301369,13.152999],[80.301693,13.152925],[80.302004,13.152812],[80.302064,13.153099],[80.302039,13.153344],[80.302024,13.153476],[80.302245,13.153964],[80.302585,13.155083],[80.302197,13.155197],[80.302349,13.155729],[80.302758,13.155981],[80.302888,13.156857],[80.302111,13.157004],[80.302349,13.158124],[80.302455,13.159474],[80.30252,13.15984],[80.302648,13.160631],[80.303215,13.161872],[80.303637,13.162688],[80.303558,13.163312],[80.30411,13.163242],[80.304264,13.163831],[80.306488,13.163267],[80.306824,13.163598],[80.309557,13.163343],[80.308004,13.15946],[80.307028,13.159686],[80.306505,13.159426],[80.305981,13.159026],[80.305701,13.158853],[80.305604,13.158282],[80.307295,13.157679],[80.303898,13.149074]]]}]}},{"type":"Feature","properties":{},"geometry":{"type":"GeometryCollection","geometries":[{"type":"LineString","coordinates":[[80.303396,13.147802],[80.302797,13.146284],[80.301271,13.143662],[80.298756,13.144784],[80.29898,13.145311],[80.298506,13.145425],[80.298695,13.146205],[80.298975,13.146479],[80.299383,13.14642],[80.299414,13.146638],[80.299111,13.146886],[80.299239,13.147252],[80.299627,13.147217],[80.299891,13.147261],[80.300291,13.148431],[80.303396,13.147802]]},{"type":"Polygon","coordinates":[[[80.303396,13.147802],[80.302797,13.146284],[80.301271,13.143662],[80.298756,13.144784],[80.29898,13.145311],[80.298506,13.145425],[80.298695,13.146205],[80.298975,13.146479],[80.299383,13.14642],[80.299414,13.146638],[80.299111,13.146886],[80.299239,13.147252],[80.299627,13.147217],[80.299891,13.147261],[80.300291,13.148431],[80.303396,13.147802]]]}]}},{"type":"Feature","properties":{},"geometry":{"type":"GeometryCollection","geometries":[{"type":"LineString","coordinates":[[80.298506,13.145425],[80.29898,13.145311],[80.298756,13.144784],[80.301271,13.143662],[80.300724,13.142635],[80.296332,13.14365],[80.296825,13.144255],[80.297209,13.145303],[80.297355,13.145554],[80.298506,13.145425]]},{"type":"Polygon","coordinates":[[[80.298506,13.145425],[80.29898,13.145311],[80.298756,13.144784],[80.301271,13.143662],[80.300724,13.142635],[80.296332,13.14365],[80.296825,13.144255],[80.297209,13.145303],[80.297355,13.145554],[80.298506,13.145425]]]}]}},{"type":"Feature","properties":{},"geometry":{"type":"GeometryCollection","geometries":[{"type":"LineString","coordinates":[[80.298695,13.155156],[80.29871,13.154924],[80.297831,13.15507],[80.296829,13.155307],[80.296963,13.156246],[80.296909,13.156501],[80.297145,13.156695],[80.29738,13.156823],[80.297232,13.156938],[80.297201,13.157186],[80.297338,13.157303],[80.297646,13.157301],[80.298051,13.157609],[80.29882,13.157496],[80.298695,13.15658],[80.299076,13.156538],[80.299212,13.15642],[80.299065,13.156341],[80.298139,13.156446],[80.298084,13.156198],[80.298425,13.156131],[80.298335,13.155779],[80.298339,13.155657],[80.298518,13.155521],[80.298669,13.155454],[80.298695,13.155156]]},{"type":"Polygon","coordinates":[[[80.298695,13.155156],[80.29871,13.154924],[80.297831,13.15507],[80.296829,13.155307],[80.296963,13.156246],[80.296909,13.156501],[80.297145,13.156695],[80.29738,13.156823],[80.297232,13.156938],[80.297201,13.157186],[80.297338,13.157303],[80.297646,13.157301],[80.298051,13.157609],[80.29882,13.157496],[80.298695,13.15658],[80.299076,13.156538],[80.299212,13.15642],[80.299065,13.156341],[80.298139,13.156446],[80.298084,13.156198],[80.298425,13.156131],[80.298335,13.155779],[80.298339,13.155657],[80.298518,13.155521],[80.298669,13.155454],[80.298695,13.155156]]]}]}},{"type":"Feature","properties":{},"geometry":{"type":"GeometryCollection","geometries":[{"type":"LineString","coordinates":[[80.303387,13.174908],[80.303329,13.174703],[80.302416,13.173227],[80.301952,13.171542],[80.301089,13.170779],[80.299951,13.167379],[80.299437,13.166421],[80.299066,13.16573],[80.297127,13.166148],[80.296856,13.166281],[80.296423,13.166452],[80.296459,13.167015],[80.296503,13.16784],[80.296501,13.167841],[80.296501,13.167844],[80.296266,13.168016],[80.29631,13.169655],[80.297209,13.169479],[80.297562,13.170877],[80.297594,13.1717],[80.297891,13.172635],[80.298019,13.17327],[80.300175,13.172957],[80.30085,13.172758],[80.300997,13.172939],[80.301342,13.173993],[80.301454,13.175015],[80.301514,13.17526],[80.30261,13.175069],[80.303387,13.174908]]},{"type":"Polygon","coordinates":[[[80.303387,13.174908],[80.303329,13.174703],[80.302416,13.173227],[80.301952,13.171542],[80.301089,13.170779],[80.299951,13.167379],[80.299437,13.166421],[80.299066,13.16573],[80.297127,13.166148],[80.296856,13.166281],[80.296423,13.166452],[80.296459,13.167015],[80.296503,13.16784],[80.296501,13.167841],[80.296501,13.167844],[80.296266,13.168016],[80.29631,13.169655],[80.297209,13.169479],[80.297562,13.170877],[80.297594,13.1717],[80.297891,13.172635],[80.298019,13.17327],[80.300175,13.172957],[80.30085,13.172758],[80.300997,13.172939],[80.301342,13.173993],[80.301454,13.175015],[80.301514,13.17526],[80.30261,13.175069],[80.303387,13.174908]]]}]}},{"type":"Feature","properties":{},"geometry":{"type":"GeometryCollection","geometries":[{"type":"LineString","coordinates":[[80.16409,12.978246],[80.160558,12.985818],[80.173552,12.993015],[80.178018,12.985434],[80.16409,12.978246]]},{"type":"Polygon","coordinates":[[[80.16409,12.978246],[80.160558,12.985818],[80.173552,12.993015],[80.178018,12.985434],[80.16409,12.978246]]]}]}},{"type":"Feature","properties":{},"geometry":{"type":"GeometryCollection","geometries":[{"type":"LineString","coordinates":[[80.244801,12.959909],[80.244152,12.95829],[80.243646,12.9572],[80.241979,12.957595],[80.24211,12.958672],[80.240487,12.958709],[80.240459,12.959316],[80.239669,12.959254],[80.238893,12.959233],[80.239211,12.95604],[80.236761,12.956425],[80.233486,12.956623],[80.232864,12.957332],[80.231315,12.961418],[80.231959,12.967977],[80.234799,12.968026],[80.23547,12.968089],[80.235589,12.967561],[80.236226,12.967695],[80.236077,12.966629],[80.236416,12.966573],[80.236458,12.967038],[80.242619,12.966775],[80.242706,12.967953],[80.244273,12.968113],[80.24543,12.967529],[80.24565,12.967434],[80.245593,12.967068],[80.246078,12.967027],[80.246129,12.96661],[80.247725,12.966332],[80.246547,12.963541],[80.244611,12.959978],[80.244801,12.959909]]},{"type":"Polygon","coordinates":[[[80.244801,12.959909],[80.244152,12.95829],[80.243646,12.9572],[80.241979,12.957595],[80.24211,12.958672],[80.240487,12.958709],[80.240459,12.959316],[80.239669,12.959254],[80.238893,12.959233],[80.239211,12.95604],[80.236761,12.956425],[80.233486,12.956623],[80.232864,12.957332],[80.231315,12.961418],[80.231959,12.967977],[80.234799,12.968026],[80.23547,12.968089],[80.235589,12.967561],[80.236226,12.967695],[80.236077,12.966629],[80.236416,12.966573],[80.236458,12.967038],[80.242619,12.966775],[80.242706,12.967953],[80.244273,12.968113],[80.24543,12.967529],[80.24565,12.967434],[80.245593,12.967068],[80.246078,12.967027],[80.246129,12.96661],[80.247725,12.966332],[80.246547,12.963541],[80.244611,12.959978],[80.244801,12.959909]]]}]}},{"type":"Feature","properties":{},"geometry":{"type":"GeometryCollection","geometries":[{"type":"LineString","coordinates":[[80.197241,13.005561],[80.173552,12.993015],[80.160558,12.985818],[80.139282,13.024866],[80.148341,13.027804],[80.14955,13.025244],[80.150737,13.025047],[80.150665,13.024616],[80.150929,13.024545],[80.151203,13.025579],[80.153224,13.025284],[80.153222,13.025039],[80.154436,13.024876],[80.157933,13.024403],[80.158787,13.024232],[80.159617,13.024163],[80.159486,13.023325],[80.162458,13.02282],[80.162274,13.023041],[80.162525,13.024525],[80.164918,13.02409],[80.164865,13.02342],[80.164799,13.023049],[80.164989,13.023032],[80.164924,13.02238],[80.165113,13.022219],[80.165091,13.021663],[80.166103,13.021636],[80.166342,13.023156],[80.16694,13.02314],[80.166929,13.022859],[80.168327,13.02251],[80.168637,13.022769],[80.168818,13.022814],[80.169124,13.022756],[80.169427,13.024079],[80.169722,13.024936],[80.170313,13.024773],[80.17042,13.024743],[80.170643,13.024699],[80.170726,13.025017],[80.171949,13.024977],[80.179558,13.02363],[80.181217,13.02363],[80.181277,13.024194],[80.182862,13.024155],[80.185847,13.024082],[80.187201,13.024061],[80.189339,13.024087],[80.189875,13.024304],[80.190717,13.025186],[80.191598,13.025946],[80.193061,13.027352],[80.194057,13.028006],[80.194912,13.02853],[80.195401,13.028696],[80.195911,13.028868],[80.196667,13.028919],[80.19779,13.028922],[80.198653,13.028861],[80.200377,13.028739],[80.201686,13.028376],[80.202344,13.028196],[80.202223,13.027856],[80.202052,13.027037],[80.200851,13.02711],[80.200468,13.026009],[80.200262,13.025419],[80.199501,13.020674],[80.199448,13.01905],[80.199346,13.015901],[80.199093,13.015888],[80.198495,13.012206],[80.203834,13.010885],[80.205281,13.009752],[80.204405,13.009354],[80.203816,13.009042],[80.197241,13.005561]]},{"type":"Polygon","coordinates":[[[80.197241,13.005561],[80.173552,12.993015],[80.160558,12.985818],[80.139282,13.024866],[80.148341,13.027804],[80.14955,13.025244],[80.150737,13.025047],[80.150665,13.024616],[80.150929,13.024545],[80.151203,13.025579],[80.153224,13.025284],[80.153222,13.025039],[80.154436,13.024876],[80.157933,13.024403],[80.158787,13.024232],[80.159617,13.024163],[80.159486,13.023325],[80.162458,13.02282],[80.162274,13.023041],[80.162525,13.024525],[80.164918,13.02409],[80.164865,13.02342],[80.164799,13.023049],[80.164989,13.023032],[80.164924,13.02238],[80.165113,13.022219],[80.165091,13.021663],[80.166103,13.021636],[80.166342,13.023156],[80.16694,13.02314],[80.166929,13.022859],[80.168327,13.02251],[80.168637,13.022769],[80.168818,13.022814],[80.169124,13.022756],[80.169427,13.024079],[80.169722,13.024936],[80.170313,13.024773],[80.17042,13.024743],[80.170643,13.024699],[80.170726,13.025017],[80.171949,13.024977],[80.179558,13.02363],[80.181217,13.02363],[80.181277,13.024194],[80.182862,13.024155],[80.185847,13.024082],[80.187201,13.024061],[80.189339,13.024087],[80.189875,13.024304],[80.190717,13.025186],[80.191598,13.025946],[80.193061,13.027352],[80.194057,13.028006],[80.194912,13.02853],[80.195401,13.028696],[80.195911,13.028868],[80.196667,13.028919],[80.19779,13.028922],[80.198653,13.028861],[80.200377,13.028739],[80.201686,13.028376],[80.202344,13.028196],[80.202223,13.027856],[80.202052,13.027037],[80.200851,13.02711],[80.200468,13.026009],[80.200262,13.025419],[80.199501,13.020674],[80.199448,13.01905],[80.199346,13.015901],[80.199093,13.015888],[80.198495,13.012206],[80.203834,13.010885],[80.205281,13.009752],[80.204405,13.009354],[80.203816,13.009042],[80.197241,13.005561]]]}]}},{"type":"Feature","properties":{},"geometry":{"type":"GeometryCollection","geometries":[{"type":"LineString","coordinates":[[80.178018,12.985434],[80.173552,12.993015],[80.186874,13.000071],[80.189306,12.996228],[80.190226,12.995456],[80.189946,12.994546],[80.190378,12.993371],[80.190346,12.992383],[80.189471,12.991312],[80.187615,12.99144],[80.186875,12.990295],[80.18566,12.989384],[80.183503,12.988388],[80.178018,12.985434]]},{"type":"Polygon","coordinates":[[[80.178018,12.985434],[80.173552,12.993015],[80.186874,13.000071],[80.189306,12.996228],[80.190226,12.995456],[80.189946,12.994546],[80.190378,12.993371],[80.190346,12.992383],[80.189471,12.991312],[80.187615,12.99144],[80.186875,12.990295],[80.18566,12.989384],[80.183503,12.988388],[80.178018,12.985434]]]}]}},{"type":"Feature","properties":{},"geometry":{"type":"GeometryCollection","geometries":[{"type":"LineString","coordinates":[[80.189471,12.991312],[80.190346,12.992383],[80.190378,12.993371],[80.189946,12.994546],[80.190895,12.994543],[80.192869,12.994233],[80.19246,12.992102],[80.189471,12.991312]]},{"type":"Polygon","coordinates":[[[80.189471,12.991312],[80.190346,12.992383],[80.190378,12.993371],[80.189946,12.994546],[80.190895,12.994543],[80.192869,12.994233],[80.19246,12.992102],[80.189471,12.991312]]]}]}},{"type":"Feature","properties":{},"geometry":{"type":"GeometryCollection","geometries":[{"type":"LineString","coordinates":[[80.204405,13.009354],[80.205281,13.009752],[80.207621,13.00792],[80.207654,13.005661],[80.207059,13.005415],[80.207034,13.004672],[80.206962,13.003631],[80.206244,13.003681],[80.205637,13.003677],[80.205603,13.004014],[80.205281,13.00693],[80.204405,13.009354]]},{"type":"Polygon","coordinates":[[[80.204405,13.009354],[80.205281,13.009752],[80.207621,13.00792],[80.207654,13.005661],[80.207059,13.005415],[80.207034,13.004672],[80.206962,13.003631],[80.206244,13.003681],[80.205637,13.003677],[80.205603,13.004014],[80.205281,13.00693],[80.204405,13.009354]]]}]}},{"type":"Feature","properties":{},"geometry":{"type":"GeometryCollection","geometries":[{"type":"LineString","coordinates":[[80.191247,13.025645],[80.190868,13.026674],[80.190917,13.027518],[80.190405,13.027588],[80.190388,13.028144],[80.189655,13.028228],[80.189669,13.028442],[80.188824,13.028568],[80.18864,13.029317],[80.189226,13.029324],[80.189302,13.030066],[80.189015,13.030394],[80.189158,13.031244],[80.188691,13.031466],[80.188756,13.032119],[80.188478,13.03219],[80.188724,13.034069],[80.18896,13.034045],[80.189042,13.033581],[80.190237,13.033449],[80.190271,13.033098],[80.190845,13.032999],[80.190893,13.032686],[80.191161,13.032683],[80.191426,13.033859],[80.191518,13.034872],[80.192597,13.034898],[80.193233,13.030683],[80.19554,13.030992],[80.195401,13.028696],[80.194912,13.02853],[80.194011,13.027977],[80.193061,13.027352],[80.191598,13.025946],[80.191247,13.025645]]},{"type":"Polygon","coordinates":[[[80.191247,13.025645],[80.190868,13.026674],[80.190917,13.027518],[80.190405,13.027588],[80.190388,13.028144],[80.189655,13.028228],[80.189669,13.028442],[80.188824,13.028568],[80.18864,13.029317],[80.189226,13.029324],[80.189302,13.030066],[80.189015,13.030394],[80.189158,13.031244],[80.188691,13.031466],[80.188756,13.032119],[80.188478,13.03219],[80.188724,13.034069],[80.18896,13.034045],[80.189042,13.033581],[80.190237,13.033449],[80.190271,13.033098],[80.190845,13.032999],[80.190893,13.032686],[80.191161,13.032683],[80.191426,13.033859],[80.191518,13.034872],[80.192597,13.034898],[80.193233,13.030683],[80.19554,13.030992],[80.195401,13.028696],[80.194912,13.02853],[80.194011,13.027977],[80.193061,13.027352],[80.191598,13.025946],[80.191247,13.025645]]]}]}},{"type":"Feature","properties":{},"geometry":{"type":"GeometryCollection","geometries":[{"type":"LineString","coordinates":[[80.250157,13.166826],[80.249467,13.166768],[80.249441,13.167115],[80.247275,13.166875],[80.244828,13.166718],[80.24451,13.171089],[80.243881,13.171028],[80.243609,13.174089],[80.246441,13.174408],[80.251164,13.174775],[80.251611,13.172037],[80.252362,13.172141],[80.252304,13.17104],[80.25144,13.168131],[80.250998,13.16744],[80.250339,13.167309],[80.250157,13.166826]]},{"type":"Polygon","coordinates":[[[80.250157,13.166826],[80.249467,13.166768],[80.249441,13.167115],[80.247275,13.166875],[80.244828,13.166718],[80.24451,13.171089],[80.243881,13.171028],[80.243609,13.174089],[80.246441,13.174408],[80.251164,13.174775],[80.251611,13.172037],[80.252362,13.172141],[80.252304,13.17104],[80.25144,13.168131],[80.250998,13.16744],[80.250339,13.167309],[80.250157,13.166826]]]}]}},{"type":"Feature","properties":{},"geometry":{"type":"GeometryCollection","geometries":[{"type":"LineString","coordinates":[[80.275668,13.199192],[80.275155,13.201786],[80.275148,13.204392],[80.273586,13.204818],[80.273894,13.207273],[80.270757,13.20781],[80.272357,13.215754],[80.274732,13.21534],[80.274185,13.212085],[80.276344,13.211747],[80.278176,13.21018],[80.278749,13.208166],[80.278195,13.20783],[80.278063,13.206962],[80.279773,13.206638],[80.279374,13.205297],[80.280121,13.204659],[80.279666,13.201685],[80.279289,13.198832],[80.275668,13.199192]]},{"type":"Polygon","coordinates":[[[80.275668,13.199192],[80.275155,13.201786],[80.275148,13.204392],[80.273586,13.204818],[80.273894,13.207273],[80.270757,13.20781],[80.272357,13.215754],[80.274732,13.21534],[80.274185,13.212085],[80.276344,13.211747],[80.278176,13.21018],[80.278749,13.208166],[80.278195,13.20783],[80.278063,13.206962],[80.279773,13.206638],[80.279374,13.205297],[80.280121,13.204659],[80.279666,13.201685],[80.279289,13.198832],[80.275668,13.199192]]]}]}},{"type":"Feature","properties":{},"geometry":{"type":"GeometryCollection","geometries":[{"type":"LineString","coordinates":[[80.239733,13.156397],[80.238557,13.151327],[80.239766,13.151199],[80.239489,13.149883],[80.237224,13.150148],[80.237175,13.149598],[80.237124,13.14894],[80.236911,13.148962],[80.236961,13.149776],[80.235174,13.150029],[80.234769,13.146641],[80.233946,13.146701],[80.232517,13.146736],[80.231619,13.147077],[80.230408,13.146194],[80.230521,13.140954],[80.225012,13.141615],[80.225138,13.155978],[80.236964,13.159173],[80.239733,13.156397]]},{"type":"Polygon","coordinates":[[[80.239733,13.156397],[80.238557,13.151327],[80.239766,13.151199],[80.239489,13.149883],[80.237224,13.150148],[80.237175,13.149598],[80.237124,13.14894],[80.236911,13.148962],[80.236961,13.149776],[80.235174,13.150029],[80.234769,13.146641],[80.233946,13.146701],[80.232517,13.146736],[80.231619,13.147077],[80.230408,13.146194],[80.230521,13.140954],[80.225012,13.141615],[80.225138,13.155978],[80.236964,13.159173],[80.239733,13.156397]]]}]}},{"type":"Feature","properties":{},"geometry":{"type":"GeometryCollection","geometries":[{"type":"LineString","coordinates":[[80.211141,13.149121],[80.204867,13.147188],[80.201463,13.146038],[80.199128,13.145093],[80.197473,13.144954],[80.197491,13.146868],[80.195435,13.147278],[80.195353,13.146833],[80.192124,13.147564],[80.188479,13.152346],[80.207354,13.159891],[80.210544,13.151748],[80.211141,13.149121]]},{"type":"Polygon","coordinates":[[[80.211141,13.149121],[80.204867,13.147188],[80.201463,13.146038],[80.199128,13.145093],[80.197473,13.144954],[80.197491,13.146868],[80.195435,13.147278],[80.195353,13.146833],[80.192124,13.147564],[80.188479,13.152346],[80.207354,13.159891],[80.210544,13.151748],[80.211141,13.149121]]]}]}},{"type":"Feature","properties":{},"geometry":{"type":"GeometryCollection","geometries":[{"type":"LineString","coordinates":[[80.189921,13.150454],[80.189038,13.147714],[80.188501,13.144978],[80.188186,13.143611],[80.186542,13.141582],[80.187567,13.139635],[80.187722,13.139133],[80.185304,13.136454],[80.179483,13.13603],[80.176399,13.137895],[80.176713,13.147642],[80.188479,13.152346],[80.189921,13.150454]]},{"type":"Polygon","coordinates":[[[80.189921,13.150454],[80.189038,13.147714],[80.188501,13.144978],[80.188186,13.143611],[80.186542,13.141582],[80.187567,13.139635],[80.187722,13.139133],[80.185304,13.136454],[80.179483,13.13603],[80.176399,13.137895],[80.176713,13.147642],[80.188479,13.152346],[80.189921,13.150454]]]}]}},{"type":"Feature","properties":{},"geometry":{"type":"GeometryCollection","geometries":[{"type":"LineString","coordinates":[[80.197473,13.144954],[80.196601,13.142858],[80.194503,13.141467],[80.191153,13.14048],[80.187722,13.139133],[80.187567,13.139635],[80.186542,13.141582],[80.188186,13.143611],[80.188501,13.144978],[80.189038,13.147714],[80.189921,13.150454],[80.192124,13.147564],[80.195353,13.146833],[80.195435,13.147278],[80.197491,13.146868],[80.197473,13.144954]]},{"type":"Polygon","coordinates":[[[80.197473,13.144954],[80.196601,13.142858],[80.194503,13.141467],[80.191153,13.14048],[80.187722,13.139133],[80.187567,13.139635],[80.186542,13.141582],[80.188186,13.143611],[80.188501,13.144978],[80.189038,13.147714],[80.189921,13.150454],[80.192124,13.147564],[80.195353,13.146833],[80.195435,13.147278],[80.197491,13.146868],[80.197473,13.144954]]]}]}},{"type":"Feature","properties":{},"geometry":{"type":"GeometryCollection","geometries":[{"type":"LineString","coordinates":[[80.18932,13.132045],[80.185304,13.136454],[80.187722,13.139133],[80.191153,13.14048],[80.194503,13.141467],[80.196601,13.142858],[80.197096,13.142084],[80.196137,13.139545],[80.194571,13.137952],[80.193548,13.134131],[80.18932,13.132045]]},{"type":"Polygon","coordinates":[[[80.18932,13.132045],[80.185304,13.136454],[80.187722,13.139133],[80.191153,13.14048],[80.194503,13.141467],[80.196601,13.142858],[80.197096,13.142084],[80.196137,13.139545],[80.194571,13.137952],[80.193548,13.134131],[80.18932,13.132045]]]}]}},{"type":"Feature","properties":{},"geometry":{"type":"GeometryCollection","geometries":[{"type":"LineString","coordinates":[[80.209954,13.128844],[80.207086,13.127661],[80.205337,13.127735],[80.203001,13.127757],[80.203044,13.128742],[80.201776,13.128951],[80.200256,13.129287],[80.200155,13.129001],[80.198646,13.128712],[80.196152,13.128568],[80.19483,13.128664],[80.19481,13.128144],[80.193321,13.128247],[80.18932,13.132045],[80.193548,13.134131],[80.194571,13.137952],[80.196599,13.137773],[80.19665,13.138052],[80.197563,13.137914],[80.198555,13.137693],[80.198618,13.138145],[80.199286,13.13803],[80.199218,13.137608],[80.200405,13.137414],[80.20078,13.138358],[80.20194,13.137696],[80.203714,13.137108],[80.203888,13.136833],[80.205753,13.136486],[80.205532,13.135056],[80.205094,13.134627],[80.205092,13.134399],[80.206294,13.134361],[80.206292,13.133919],[80.207662,13.13398],[80.207601,13.13211],[80.208418,13.132095],[80.208453,13.131303],[80.208404,13.130535],[80.209701,13.130239],[80.209695,13.130016],[80.209785,13.129914],[80.209954,13.128844]]},{"type":"Polygon","coordinates":[[[80.209954,13.128844],[80.207086,13.127661],[80.205337,13.127735],[80.203001,13.127757],[80.203044,13.128742],[80.201776,13.128951],[80.200256,13.129287],[80.200155,13.129001],[80.198646,13.128712],[80.196152,13.128568],[80.19483,13.128664],[80.19481,13.128144],[80.193321,13.128247],[80.18932,13.132045],[80.193548,13.134131],[80.194571,13.137952],[80.196599,13.137773],[80.19665,13.138052],[80.197563,13.137914],[80.198555,13.137693],[80.198618,13.138145],[80.199286,13.13803],[80.199218,13.137608],[80.200405,13.137414],[80.20078,13.138358],[80.20194,13.137696],[80.203714,13.137108],[80.203888,13.136833],[80.205753,13.136486],[80.205532,13.135056],[80.205094,13.134627],[80.205092,13.134399],[80.206294,13.134361],[80.206292,13.133919],[80.207662,13.13398],[80.207601,13.13211],[80.208418,13.132095],[80.208453,13.131303],[80.208404,13.130535],[80.209701,13.130239],[80.209695,13.130016],[80.209785,13.129914],[80.209954,13.128844]]]}]}},{"type":"Feature","properties":{},"geometry":{"type":"GeometryCollection","geometries":[{"type":"LineString","coordinates":[[80.213515,13.138666],[80.212742,13.129994],[80.209954,13.128844],[80.209785,13.129914],[80.209695,13.130016],[80.209701,13.130239],[80.208404,13.130535],[80.208453,13.131303],[80.208418,13.132095],[80.207601,13.13211],[80.207662,13.13398],[80.206292,13.133919],[80.206294,13.134361],[80.205092,13.134399],[80.205094,13.134627],[80.205532,13.135056],[80.205753,13.136486],[80.203888,13.136833],[80.203714,13.137108],[80.20194,13.137696],[80.20078,13.138358],[80.200405,13.137414],[80.199218,13.137608],[80.199286,13.13803],[80.198618,13.138145],[80.198555,13.137693],[80.197563,13.137914],[80.19665,13.138052],[80.196599,13.137773],[80.194571,13.137952],[80.196137,13.139545],[80.197096,13.142084],[80.196601,13.142858],[80.197473,13.144954],[80.199128,13.145093],[80.201463,13.146038],[80.204867,13.147188],[80.211141,13.149121],[80.213515,13.138666]]},{"type":"Polygon","coordinates":[[[80.213515,13.138666],[80.212742,13.129994],[80.209954,13.128844],[80.209785,13.129914],[80.209695,13.130016],[80.209701,13.130239],[80.208404,13.130535],[80.208453,13.131303],[80.208418,13.132095],[80.207601,13.13211],[80.207662,13.13398],[80.206292,13.133919],[80.206294,13.134361],[80.205092,13.134399],[80.205094,13.134627],[80.205532,13.135056],[80.205753,13.136486],[80.203888,13.136833],[80.203714,13.137108],[80.20194,13.137696],[80.20078,13.138358],[80.200405,13.137414],[80.199218,13.137608],[80.199286,13.13803],[80.198618,13.138145],[80.198555,13.137693],[80.197563,13.137914],[80.19665,13.138052],[80.196599,13.137773],[80.194571,13.137952],[80.196137,13.139545],[80.197096,13.142084],[80.196601,13.142858],[80.197473,13.144954],[80.199128,13.145093],[80.201463,13.146038],[80.204867,13.147188],[80.211141,13.149121],[80.213515,13.138666]]]}]}},{"type":"Feature","properties":{},"geometry":{"type":"GeometryCollection","geometries":[{"type":"LineString","coordinates":[[80.227669,13.126201],[80.22717,13.126123],[80.226017,13.12606],[80.225724,13.126222],[80.224969,13.126333],[80.22479,13.128039],[80.224726,13.129375],[80.224238,13.129492],[80.223059,13.129914],[80.220446,13.130371],[80.218543,13.130311],[80.217787,13.13035],[80.216962,13.130746],[80.216469,13.130848],[80.216024,13.130823],[80.215881,13.130896],[80.212852,13.131233],[80.213515,13.138666],[80.225012,13.141615],[80.23162,13.136836],[80.231294,13.133451],[80.231279,13.132227],[80.230593,13.131385],[80.230569,13.129695],[80.228523,13.129743],[80.228506,13.129208],[80.228315,13.129207],[80.228298,13.128931],[80.228542,13.128928],[80.228537,13.128665],[80.228252,13.128078],[80.227928,13.126592],[80.227636,13.126396],[80.227669,13.126201]]},{"type":"Polygon","coordinates":[[[80.227669,13.126201],[80.22717,13.126123],[80.226017,13.12606],[80.225724,13.126222],[80.224969,13.126333],[80.22479,13.128039],[80.224726,13.129375],[80.224238,13.129492],[80.223059,13.129914],[80.220446,13.130371],[80.218543,13.130311],[80.217787,13.13035],[80.216962,13.130746],[80.216469,13.130848],[80.216024,13.130823],[80.215881,13.130896],[80.212852,13.131233],[80.213515,13.138666],[80.225012,13.141615],[80.23162,13.136836],[80.231294,13.133451],[80.231279,13.132227],[80.230593,13.131385],[80.230569,13.129695],[80.228523,13.129743],[80.228506,13.129208],[80.228315,13.129207],[80.228298,13.128931],[80.228542,13.128928],[80.228537,13.128665],[80.228252,13.128078],[80.227928,13.126592],[80.227636,13.126396],[80.227669,13.126201]]]}]}},{"type":"Feature","properties":{},"geometry":{"type":"GeometryCollection","geometries":[{"type":"LineString","coordinates":[[80.239743,13.128285],[80.234111,13.126188],[80.233427,13.126425],[80.232634,13.126419],[80.232532,13.126487],[80.232409,13.126335],[80.231735,13.126321],[80.231735,13.126402],[80.231296,13.12638],[80.231299,13.126265],[80.229164,13.126149],[80.229158,13.126246],[80.227669,13.126201],[80.227636,13.126396],[80.227928,13.126592],[80.228252,13.128078],[80.228537,13.128665],[80.228542,13.128928],[80.228298,13.128931],[80.228315,13.129207],[80.228506,13.129208],[80.228523,13.129743],[80.230569,13.129695],[80.230593,13.131385],[80.231279,13.132227],[80.231294,13.133451],[80.23162,13.136836],[80.239743,13.128285]]},{"type":"Polygon","coordinates":[[[80.239743,13.128285],[80.234111,13.126188],[80.233427,13.126425],[80.232634,13.126419],[80.232532,13.126487],[80.232409,13.126335],[80.231735,13.126321],[80.231735,13.126402],[80.231296,13.12638],[80.231299,13.126265],[80.229164,13.126149],[80.229158,13.126246],[80.227669,13.126201],[80.227636,13.126396],[80.227928,13.126592],[80.228252,13.128078],[80.228537,13.128665],[80.228542,13.128928],[80.228298,13.128931],[80.228315,13.129207],[80.228506,13.129208],[80.228523,13.129743],[80.230569,13.129695],[80.230593,13.131385],[80.231279,13.132227],[80.231294,13.133451],[80.23162,13.136836],[80.239743,13.128285]]]}]}},{"type":"Feature","properties":{},"geometry":{"type":"GeometryCollection","geometries":[{"type":"LineString","coordinates":[[80.239025,13.139609],[80.239439,13.139611],[80.239993,13.139613],[80.241204,13.13954],[80.240877,13.137801],[80.239931,13.13731],[80.238923,13.137348],[80.238534,13.137363],[80.238935,13.13575],[80.242252,13.131016],[80.241464,13.130167],[80.241746,13.129735],[80.241363,13.129092],[80.239743,13.128285],[80.23162,13.136836],[80.225012,13.141615],[80.232771,13.140685],[80.233421,13.140504],[80.233775,13.140488],[80.233906,13.141367],[80.23423,13.141284],[80.234555,13.142708],[80.235422,13.142525],[80.23553,13.143106],[80.236588,13.142748],[80.237376,13.141304],[80.237545,13.139926],[80.239025,13.139609]]},{"type":"Polygon","coordinates":[[[80.239025,13.139609],[80.239439,13.139611],[80.239993,13.139613],[80.241204,13.13954],[80.240877,13.137801],[80.239931,13.13731],[80.238923,13.137348],[80.238534,13.137363],[80.238935,13.13575],[80.242252,13.131016],[80.241464,13.130167],[80.241746,13.129735],[80.241363,13.129092],[80.239743,13.128285],[80.23162,13.136836],[80.225012,13.141615],[80.232771,13.140685],[80.233421,13.140504],[80.233775,13.140488],[80.233906,13.141367],[80.23423,13.141284],[80.234555,13.142708],[80.235422,13.142525],[80.23553,13.143106],[80.236588,13.142748],[80.237376,13.141304],[80.237545,13.139926],[80.239025,13.139609]]]}]}},{"type":"Feature","properties":{},"geometry":{"type":"GeometryCollection","geometries":[{"type":"LineString","coordinates":[[80.240189,13.144995],[80.240077,13.143907],[80.240125,13.143723],[80.240013,13.143725],[80.239685,13.141538],[80.239439,13.139611],[80.239025,13.139609],[80.237545,13.139926],[80.237376,13.141304],[80.236588,13.142748],[80.23553,13.143106],[80.235422,13.142525],[80.234555,13.142708],[80.23423,13.141284],[80.233906,13.141367],[80.233775,13.140488],[80.233421,13.140504],[80.232771,13.140685],[80.230521,13.140954],[80.230408,13.146194],[80.231619,13.147077],[80.232517,13.146736],[80.233946,13.146701],[80.234769,13.146641],[80.235174,13.150029],[80.236961,13.149776],[80.236911,13.148962],[80.237124,13.14894],[80.237175,13.149598],[80.237224,13.150148],[80.239489,13.149883],[80.239766,13.151199],[80.240815,13.151051],[80.241369,13.145437],[80.239852,13.14556],[80.23978,13.145154],[80.240189,13.144995]]},{"type":"Polygon","coordinates":[[[80.240189,13.144995],[80.240077,13.143907],[80.240125,13.143723],[80.240013,13.143725],[80.239685,13.141538],[80.239439,13.139611],[80.239025,13.139609],[80.237545,13.139926],[80.237376,13.141304],[80.236588,13.142748],[80.23553,13.143106],[80.235422,13.142525],[80.234555,13.142708],[80.23423,13.141284],[80.233906,13.141367],[80.233775,13.140488],[80.233421,13.140504],[80.232771,13.140685],[80.230521,13.140954],[80.230408,13.146194],[80.231619,13.147077],[80.232517,13.146736],[80.233946,13.146701],[80.234769,13.146641],[80.235174,13.150029],[80.236961,13.149776],[80.236911,13.148962],[80.237124,13.14894],[80.237175,13.149598],[80.237224,13.150148],[80.239489,13.149883],[80.239766,13.151199],[80.240815,13.151051],[80.241369,13.145437],[80.239852,13.14556],[80.23978,13.145154],[80.240189,13.144995]]]}]}},{"type":"Feature","properties":{},"geometry":{"type":"GeometryCollection","geometries":[{"type":"LineString","coordinates":[[80.243002,13.14519],[80.241479,13.145428],[80.241369,13.145437],[80.240815,13.151051],[80.239766,13.151199],[80.238557,13.151327],[80.239733,13.156397],[80.243017,13.153106],[80.247071,13.152125],[80.248417,13.147751],[80.249076,13.146462],[80.247187,13.146098],[80.247035,13.145199],[80.246021,13.145316],[80.24545,13.145371],[80.245467,13.145493],[80.243246,13.145903],[80.243233,13.145731],[80.243002,13.14519]]},{"type":"Polygon","coordinates":[[[80.243002,13.14519],[80.241479,13.145428],[80.241369,13.145437],[80.240815,13.151051],[80.239766,13.151199],[80.238557,13.151327],[80.239733,13.156397],[80.243017,13.153106],[80.247071,13.152125],[80.248417,13.147751],[80.249076,13.146462],[80.247187,13.146098],[80.247035,13.145199],[80.246021,13.145316],[80.24545,13.145371],[80.245467,13.145493],[80.243246,13.145903],[80.243233,13.145731],[80.243002,13.14519]]]}]}},{"type":"Feature","properties":{},"geometry":{"type":"GeometryCollection","geometries":[{"type":"LineString","coordinates":[[80.21846,12.9317],[80.213994,12.932066],[80.212521,12.932112],[80.210782,12.932261],[80.210793,12.932533],[80.209003,12.932847],[80.209034,12.933986],[80.208996,12.934933],[80.207733,12.934882],[80.207723,12.935073],[80.206177,12.934867],[80.204113,12.935005],[80.203564,12.935226],[80.203555,12.935051],[80.201791,12.935048],[80.199758,12.934788],[80.193802,12.934727],[80.194303,12.938591],[80.198474,12.938676],[80.200327,12.938457],[80.203439,12.941452],[80.198703,12.94327],[80.201294,12.947142],[80.201251,12.94841],[80.203583,12.9485],[80.211624,12.948231],[80.210284,12.944326],[80.213407,12.943953],[80.214958,12.947307],[80.219744,12.945503],[80.21846,12.9317]]},{"type":"Polygon","coordinates":[[[80.21846,12.9317],[80.213994,12.932066],[80.212521,12.932112],[80.210782,12.932261],[80.210793,12.932533],[80.209003,12.932847],[80.209034,12.933986],[80.208996,12.934933],[80.207733,12.934882],[80.207723,12.935073],[80.206177,12.934867],[80.204113,12.935005],[80.203564,12.935226],[80.203555,12.935051],[80.201791,12.935048],[80.199758,12.934788],[80.193802,12.934727],[80.194303,12.938591],[80.198474,12.938676],[80.200327,12.938457],[80.203439,12.941452],[80.198703,12.94327],[80.201294,12.947142],[80.201251,12.94841],[80.203583,12.9485],[80.211624,12.948231],[80.210284,12.944326],[80.213407,12.943953],[80.214958,12.947307],[80.219744,12.945503],[80.21846,12.9317]]]}]}},{"type":"Feature","properties":{},"geometry":{"type":"GeometryCollection","geometries":[{"type":"LineString","coordinates":[[80.197414,12.978505],[80.197482,12.977723],[80.197344,12.97772],[80.197278,12.978587],[80.196519,12.97851],[80.195607,12.978426],[80.195597,12.977685],[80.193942,12.977761],[80.193769,12.977033],[80.194243,12.976987],[80.194216,12.976255],[80.193537,12.976267],[80.193467,12.975372],[80.19281,12.974935],[80.19208,12.97432],[80.191908,12.973928],[80.191377,12.974034],[80.191418,12.974551],[80.19068,12.974668],[80.190148,12.975237],[80.190232,12.975614],[80.190312,12.976319],[80.190408,12.977173],[80.189936,12.977646],[80.189724,12.978344],[80.189792,12.979149],[80.189836,12.979676],[80.189723,12.980252],[80.189731,12.980795],[80.190308,12.980768],[80.190321,12.982148],[80.191723,12.981991],[80.191758,12.982497],[80.193775,12.982152],[80.194851,12.980881],[80.195053,12.980785],[80.195304,12.98123],[80.195583,12.98102],[80.196084,12.979966],[80.197481,12.97989],[80.197336,12.979504],[80.197399,12.978878],[80.197414,12.978505]]},{"type":"Polygon","coordinates":[[[80.197414,12.978505],[80.197482,12.977723],[80.197344,12.97772],[80.197278,12.978587],[80.196519,12.97851],[80.195607,12.978426],[80.195597,12.977685],[80.193942,12.977761],[80.193769,12.977033],[80.194243,12.976987],[80.194216,12.976255],[80.193537,12.976267],[80.193467,12.975372],[80.19281,12.974935],[80.19208,12.97432],[80.191908,12.973928],[80.191377,12.974034],[80.191418,12.974551],[80.19068,12.974668],[80.190148,12.975237],[80.190232,12.975614],[80.190312,12.976319],[80.190408,12.977173],[80.189936,12.977646],[80.189724,12.978344],[80.189792,12.979149],[80.189836,12.979676],[80.189723,12.980252],[80.189731,12.980795],[80.190308,12.980768],[80.190321,12.982148],[80.191723,12.981991],[80.191758,12.982497],[80.193775,12.982152],[80.194851,12.980881],[80.195053,12.980785],[80.195304,12.98123],[80.195583,12.98102],[80.196084,12.979966],[80.197481,12.97989],[80.197336,12.979504],[80.197399,12.978878],[80.197414,12.978505]]]}]}},{"type":"Feature","properties":{},"geometry":{"type":"GeometryCollection","geometries":[{"type":"LineString","coordinates":[[80.19208,12.97432],[80.192216,12.974197],[80.191661,12.972703],[80.193176,12.972765],[80.193185,12.97335],[80.194597,12.973595],[80.19568,12.973677],[80.195748,12.97297],[80.196462,12.972918],[80.19649,12.973216],[80.19862,12.972983],[80.198728,12.973528],[80.199614,12.97351],[80.200421,12.972794],[80.20094,12.972403],[80.200809,12.971526],[80.201614,12.971461],[80.201654,12.968894],[80.201393,12.964778],[80.200655,12.9649],[80.189312,12.968261],[80.190471,12.970579],[80.190876,12.972052],[80.190176,12.972232],[80.190247,12.972849],[80.190042,12.972876],[80.190023,12.97392],[80.189983,12.974289],[80.19068,12.974668],[80.191418,12.974551],[80.191377,12.974034],[80.191908,12.973928],[80.19208,12.97432]]},{"type":"Polygon","coordinates":[[[80.19208,12.97432],[80.192216,12.974197],[80.191661,12.972703],[80.193176,12.972765],[80.193185,12.97335],[80.194597,12.973595],[80.19568,12.973677],[80.195748,12.97297],[80.196462,12.972918],[80.19649,12.973216],[80.19862,12.972983],[80.198728,12.973528],[80.199614,12.97351],[80.200421,12.972794],[80.20094,12.972403],[80.200809,12.971526],[80.201614,12.971461],[80.201654,12.968894],[80.201393,12.964778],[80.200655,12.9649],[80.189312,12.968261],[80.190471,12.970579],[80.190876,12.972052],[80.190176,12.972232],[80.190247,12.972849],[80.190042,12.972876],[80.190023,12.97392],[80.189983,12.974289],[80.19068,12.974668],[80.191418,12.974551],[80.191377,12.974034],[80.191908,12.973928],[80.19208,12.97432]]]}]}},{"type":"Feature","properties":{},"geometry":{"type":"GeometryCollection","geometries":[{"type":"LineString","coordinates":[[80.215932,12.968914],[80.214499,12.965336],[80.21413,12.964294],[80.212361,12.962971],[80.201393,12.964778],[80.201654,12.968894],[80.201614,12.971461],[80.200809,12.971526],[80.20094,12.972403],[80.200421,12.972794],[80.199614,12.97351],[80.198728,12.973528],[80.19862,12.972983],[80.19649,12.973216],[80.196462,12.972918],[80.195748,12.97297],[80.19568,12.973677],[80.194597,12.973595],[80.193185,12.97335],[80.193176,12.972765],[80.191661,12.972703],[80.192216,12.974197],[80.19208,12.97432],[80.19281,12.974935],[80.193467,12.975372],[80.193537,12.976267],[80.194216,12.976255],[80.194243,12.976987],[80.193769,12.977033],[80.193942,12.977761],[80.195597,12.977685],[80.195607,12.978426],[80.196519,12.97851],[80.197278,12.978587],[80.197344,12.97772],[80.197482,12.977723],[80.197414,12.978505],[80.197851,12.978518],[80.197893,12.978194],[80.19832,12.978219],[80.19838,12.977899],[80.200582,12.978075],[80.200553,12.978381],[80.201231,12.978303],[80.202119,12.977981],[80.202053,12.977552],[80.203645,12.977159],[80.204134,12.978322],[80.205734,12.977023],[80.208126,12.975081],[80.210982,12.974917],[80.210853,12.971554],[80.215932,12.968914]]},{"type":"Polygon","coordinates":[[[80.215932,12.968914],[80.214499,12.965336],[80.21413,12.964294],[80.212361,12.962971],[80.201393,12.964778],[80.201654,12.968894],[80.201614,12.971461],[80.200809,12.971526],[80.20094,12.972403],[80.200421,12.972794],[80.199614,12.97351],[80.198728,12.973528],[80.19862,12.972983],[80.19649,12.973216],[80.196462,12.972918],[80.195748,12.97297],[80.19568,12.973677],[80.194597,12.973595],[80.193185,12.97335],[80.193176,12.972765],[80.191661,12.972703],[80.192216,12.974197],[80.19208,12.97432],[80.19281,12.974935],[80.193467,12.975372],[80.193537,12.976267],[80.194216,12.976255],[80.194243,12.976987],[80.193769,12.977033],[80.193942,12.977761],[80.195597,12.977685],[80.195607,12.978426],[80.196519,12.97851],[80.197278,12.978587],[80.197344,12.97772],[80.197482,12.977723],[80.197414,12.978505],[80.197851,12.978518],[80.197893,12.978194],[80.19832,12.978219],[80.19838,12.977899],[80.200582,12.978075],[80.200553,12.978381],[80.201231,12.978303],[80.202119,12.977981],[80.202053,12.977552],[80.203645,12.977159],[80.204134,12.978322],[80.205734,12.977023],[80.208126,12.975081],[80.210982,12.974917],[80.210853,12.971554],[80.215932,12.968914]]]}]}},{"type":"Feature","properties":{},"geometry":{"type":"GeometryCollection","geometries":[{"type":"LineString","coordinates":[[80.211624,12.948231],[80.203583,12.9485],[80.201251,12.94841],[80.201227,12.949115],[80.20774,12.949236],[80.209116,12.954981],[80.212361,12.962971],[80.21413,12.964294],[80.214499,12.965336],[80.215932,12.968914],[80.218308,12.967679],[80.211624,12.948231]]},{"type":"Polygon","coordinates":[[[80.211624,12.948231],[80.203583,12.9485],[80.201251,12.94841],[80.201227,12.949115],[80.20774,12.949236],[80.209116,12.954981],[80.212361,12.962971],[80.21413,12.964294],[80.214499,12.965336],[80.215932,12.968914],[80.218308,12.967679],[80.211624,12.948231]]]}]}},{"type":"Feature","properties":{},"geometry":{"type":"GeometryCollection","geometries":[{"type":"LineString","coordinates":[[80.201345,12.925372],[80.201375,12.927207],[80.201838,12.927218],[80.201893,12.928429],[80.202809,12.928736],[80.204097,12.929049],[80.204339,12.92896],[80.20484,12.930074],[80.205625,12.929938],[80.205931,12.93031],[80.207058,12.93121],[80.207123,12.932275],[80.205864,12.932441],[80.205993,12.93488],[80.206177,12.934867],[80.207723,12.935073],[80.207733,12.934882],[80.208996,12.934933],[80.209034,12.933986],[80.209003,12.932847],[80.210793,12.932533],[80.210782,12.932261],[80.212521,12.932112],[80.213994,12.932066],[80.21846,12.9317],[80.218411,12.931175],[80.214654,12.91965],[80.207203,12.919111],[80.203167,12.921816],[80.201345,12.925372]]},{"type":"Polygon","coordinates":[[[80.201345,12.925372],[80.201375,12.927207],[80.201838,12.927218],[80.201893,12.928429],[80.202809,12.928736],[80.204097,12.929049],[80.204339,12.92896],[80.20484,12.930074],[80.205625,12.929938],[80.205931,12.93031],[80.207058,12.93121],[80.207123,12.932275],[80.205864,12.932441],[80.205993,12.93488],[80.206177,12.934867],[80.207723,12.935073],[80.207733,12.934882],[80.208996,12.934933],[80.209034,12.933986],[80.209003,12.932847],[80.210793,12.932533],[80.210782,12.932261],[80.212521,12.932112],[80.213994,12.932066],[80.21846,12.9317],[80.218411,12.931175],[80.214654,12.91965],[80.207203,12.919111],[80.203167,12.921816],[80.201345,12.925372]]]}]}},{"type":"Feature","properties":{},"geometry":{"type":"GeometryCollection","geometries":[{"type":"LineString","coordinates":[[80.205993,12.93488],[80.205864,12.932441],[80.207123,12.932275],[80.207058,12.93121],[80.205931,12.93031],[80.205625,12.929938],[80.20484,12.930074],[80.204339,12.92896],[80.204097,12.929049],[80.202809,12.928736],[80.201893,12.928429],[80.201838,12.927218],[80.201375,12.927207],[80.201345,12.925372],[80.198558,12.922753],[80.194941,12.921791],[80.193862,12.923702],[80.193362,12.927528],[80.19462,12.930498],[80.197445,12.932038],[80.199616,12.932483],[80.199758,12.934788],[80.201791,12.935048],[80.203555,12.935051],[80.203564,12.935226],[80.204113,12.935005],[80.205993,12.93488]]},{"type":"Polygon","coordinates":[[[80.205993,12.93488],[80.205864,12.932441],[80.207123,12.932275],[80.207058,12.93121],[80.205931,12.93031],[80.205625,12.929938],[80.20484,12.930074],[80.204339,12.92896],[80.204097,12.929049],[80.202809,12.928736],[80.201893,12.928429],[80.201838,12.927218],[80.201375,12.927207],[80.201345,12.925372],[80.198558,12.922753],[80.194941,12.921791],[80.193862,12.923702],[80.193362,12.927528],[80.19462,12.930498],[80.197445,12.932038],[80.199616,12.932483],[80.199758,12.934788],[80.201791,12.935048],[80.203555,12.935051],[80.203564,12.935226],[80.204113,12.935005],[80.205993,12.93488]]]}]}},{"type":"Feature","properties":{},"geometry":{"type":"GeometryCollection","geometries":[{"type":"LineString","coordinates":[[80.247725,12.966332],[80.246129,12.96661],[80.246078,12.967027],[80.245593,12.967068],[80.24565,12.967434],[80.24543,12.967529],[80.244273,12.968113],[80.242706,12.967953],[80.242619,12.966775],[80.236458,12.967038],[80.236416,12.966573],[80.236077,12.966629],[80.236226,12.967695],[80.239636,12.96841],[80.241698,12.968117],[80.244326,12.968486],[80.244749,12.970804],[80.242723,12.972716],[80.244853,12.973596],[80.247323,12.971347],[80.24778,12.969956],[80.247978,12.966932],[80.247725,12.966332]]},{"type":"Polygon","coordinates":[[[80.247725,12.966332],[80.246129,12.96661],[80.246078,12.967027],[80.245593,12.967068],[80.24565,12.967434],[80.24543,12.967529],[80.244273,12.968113],[80.242706,12.967953],[80.242619,12.966775],[80.236458,12.967038],[80.236416,12.966573],[80.236077,12.966629],[80.236226,12.967695],[80.239636,12.96841],[80.241698,12.968117],[80.244326,12.968486],[80.244749,12.970804],[80.242723,12.972716],[80.244853,12.973596],[80.247323,12.971347],[80.24778,12.969956],[80.247978,12.966932],[80.247725,12.966332]]]}]}},{"type":"Feature","properties":{},"geometry":{"type":"GeometryCollection","geometries":[{"type":"LineString","coordinates":[[80.241147,12.95045],[80.241664,12.95215],[80.242239,12.953545],[80.24253,12.954284],[80.243646,12.9572],[80.244152,12.95829],[80.244801,12.959909],[80.247219,12.959024],[80.247897,12.954968],[80.247515,12.948364],[80.241147,12.95045]]},{"type":"Polygon","coordinates":[[[80.241147,12.95045],[80.241664,12.95215],[80.242239,12.953545],[80.24253,12.954284],[80.243646,12.9572],[80.244152,12.95829],[80.244801,12.959909],[80.247219,12.959024],[80.247897,12.954968],[80.247515,12.948364],[80.241147,12.95045]]]}]}},{"type":"Feature","properties":{},"geometry":{"type":"GeometryCollection","geometries":[{"type":"LineString","coordinates":[[80.243646,12.9572],[80.24253,12.954284],[80.242239,12.953545],[80.241664,12.95215],[80.241147,12.95045],[80.235026,12.952455],[80.23418,12.953995],[80.234247,12.955754],[80.233486,12.956623],[80.236761,12.956425],[80.239211,12.95604],[80.238893,12.959233],[80.239669,12.959254],[80.240459,12.959316],[80.240487,12.958709],[80.24211,12.958672],[80.241979,12.957595],[80.243646,12.9572]]},{"type":"Polygon","coordinates":[[[80.243646,12.9572],[80.24253,12.954284],[80.242239,12.953545],[80.241664,12.95215],[80.241147,12.95045],[80.235026,12.952455],[80.23418,12.953995],[80.234247,12.955754],[80.233486,12.956623],[80.236761,12.956425],[80.239211,12.95604],[80.238893,12.959233],[80.239669,12.959254],[80.240459,12.959316],[80.240487,12.958709],[80.24211,12.958672],[80.241979,12.957595],[80.243646,12.9572]]]}]}},{"type":"Feature","properties":{},"geometry":{"type":"GeometryCollection","geometries":[{"type":"LineString","coordinates":[[80.207958,12.875599],[80.21019,12.879664],[80.213751,12.87903],[80.212276,12.871289],[80.208592,12.872068],[80.207754,12.874792],[80.207958,12.875599]]},{"type":"Polygon","coordinates":[[[80.207958,12.875599],[80.21019,12.879664],[80.213751,12.87903],[80.212276,12.871289],[80.208592,12.872068],[80.207754,12.874792],[80.207958,12.875599]]]}]}},{"type":"Feature","properties":{},"geometry":{"type":"GeometryCollection","geometries":[{"type":"LineString","coordinates":[[80.243691,12.930963],[80.243111,12.928013],[80.242049,12.924038],[80.236524,12.925315],[80.235475,12.926095],[80.237192,12.931956],[80.238439,12.931961],[80.239575,12.931744],[80.239746,12.931509],[80.240301,12.931474],[80.240285,12.931354],[80.241709,12.931192],[80.24287,12.931061],[80.243691,12.930963]]},{"type":"Polygon","coordinates":[[[80.243691,12.930963],[80.243111,12.928013],[80.242049,12.924038],[80.236524,12.925315],[80.235475,12.926095],[80.237192,12.931956],[80.238439,12.931961],[80.239575,12.931744],[80.239746,12.931509],[80.240301,12.931474],[80.240285,12.931354],[80.241709,12.931192],[80.24287,12.931061],[80.243691,12.930963]]]}]}},{"type":"Feature","properties":{},"geometry":{"type":"GeometryCollection","geometries":[{"type":"LineString","coordinates":[[80.243691,12.930963],[80.24287,12.931061],[80.241709,12.931192],[80.240285,12.931354],[80.240301,12.931474],[80.239746,12.931509],[80.239575,12.931744],[80.238439,12.931961],[80.24021,12.935612],[80.244408,12.934691],[80.243807,12.931555],[80.243691,12.930963]]},{"type":"Polygon","coordinates":[[[80.243691,12.930963],[80.24287,12.931061],[80.241709,12.931192],[80.240285,12.931354],[80.240301,12.931474],[80.239746,12.931509],[80.239575,12.931744],[80.238439,12.931961],[80.24021,12.935612],[80.244408,12.934691],[80.243807,12.931555],[80.243691,12.930963]]]}]}},{"type":"Feature","properties":{},"geometry":{"type":"GeometryCollection","geometries":[{"type":"LineString","coordinates":[[80.254034,12.894784],[80.251872,12.878907],[80.251795,12.878583],[80.244527,12.879941],[80.245141,12.882739],[80.245399,12.884108],[80.245637,12.885634],[80.245745,12.886217],[80.245755,12.88646],[80.245746,12.886667],[80.245722,12.88687],[80.245678,12.887115],[80.245623,12.887371],[80.245457,12.888032],[80.245384,12.888582],[80.245382,12.888872],[80.245422,12.889325],[80.245564,12.889977],[80.24589,12.891356],[80.245984,12.891738],[80.246205,12.892565],[80.246369,12.893114],[80.246789,12.894643],[80.247012,12.895634],[80.247343,12.897315],[80.247415,12.897716],[80.24757,12.898386],[80.247781,12.899028],[80.248272,12.900321],[80.248561,12.901084],[80.248677,12.90145],[80.248777,12.902215],[80.248863,12.903074],[80.249038,12.904296],[80.249089,12.90495],[80.24939,12.904839],[80.249192,12.903841],[80.249021,12.903166],[80.249,12.902517],[80.248832,12.901323],[80.248554,12.900588],[80.248169,12.899551],[80.247922,12.898846],[80.247701,12.898179],[80.247424,12.896922],[80.247223,12.895835],[80.247409,12.895798],[80.254034,12.894784]]},{"type":"Polygon","coordinates":[[[80.254034,12.894784],[80.251872,12.878907],[80.251795,12.878583],[80.244527,12.879941],[80.245141,12.882739],[80.245399,12.884108],[80.245637,12.885634],[80.245745,12.886217],[80.245755,12.88646],[80.245746,12.886667],[80.245722,12.88687],[80.245678,12.887115],[80.245623,12.887371],[80.245457,12.888032],[80.245384,12.888582],[80.245382,12.888872],[80.245422,12.889325],[80.245564,12.889977],[80.24589,12.891356],[80.245984,12.891738],[80.246205,12.892565],[80.246369,12.893114],[80.246789,12.894643],[80.247012,12.895634],[80.247343,12.897315],[80.247415,12.897716],[80.24757,12.898386],[80.247781,12.899028],[80.248272,12.900321],[80.248561,12.901084],[80.248677,12.90145],[80.248777,12.902215],[80.248863,12.903074],[80.249038,12.904296],[80.249089,12.90495],[80.24939,12.904839],[80.249192,12.903841],[80.249021,12.903166],[80.249,12.902517],[80.248832,12.901323],[80.248554,12.900588],[80.248169,12.899551],[80.247922,12.898846],[80.247701,12.898179],[80.247424,12.896922],[80.247223,12.895835],[80.247409,12.895798],[80.254034,12.894784]]]}]}},{"type":"Feature","properties":{},"geometry":{"type":"GeometryCollection","geometries":[{"type":"LineString","coordinates":[[80.227741,12.899029],[80.227624,12.897455],[80.227533,12.895321],[80.227357,12.895325],[80.225524,12.894965],[80.224074,12.894415],[80.223366,12.894514],[80.22136,12.895197],[80.220907,12.892593],[80.220511,12.890566],[80.215235,12.891268],[80.21221,12.893501],[80.212474,12.897001],[80.216994,12.896613],[80.217287,12.897912],[80.222378,12.897958],[80.224025,12.897604],[80.224569,12.89922],[80.227741,12.899029]]},{"type":"Polygon","coordinates":[[[80.227741,12.899029],[80.227624,12.897455],[80.227533,12.895321],[80.227357,12.895325],[80.225524,12.894965],[80.224074,12.894415],[80.223366,12.894514],[80.22136,12.895197],[80.220907,12.892593],[80.220511,12.890566],[80.215235,12.891268],[80.21221,12.893501],[80.212474,12.897001],[80.216994,12.896613],[80.217287,12.897912],[80.222378,12.897958],[80.224025,12.897604],[80.224569,12.89922],[80.227741,12.899029]]]}]}},{"type":"Feature","properties":{},"geometry":{"type":"GeometryCollection","geometries":[{"type":"LineString","coordinates":[[80.235988,12.881887],[80.23213,12.88307],[80.230866,12.875426],[80.226796,12.87577],[80.225786,12.877852],[80.227357,12.895325],[80.227533,12.895321],[80.227624,12.897455],[80.230444,12.896881],[80.230483,12.897172],[80.23109,12.897103],[80.231567,12.897014],[80.231468,12.896261],[80.231237,12.894596],[80.231534,12.894588],[80.231944,12.894737],[80.231923,12.895225],[80.232347,12.89526],[80.232845,12.895595],[80.232768,12.896357],[80.232835,12.896888],[80.23279,12.89706],[80.232818,12.897433],[80.232802,12.897748],[80.23395,12.897762],[80.234158,12.895529],[80.233989,12.893389],[80.236726,12.893268],[80.235988,12.881887]]},{"type":"Polygon","coordinates":[[[80.235988,12.881887],[80.23213,12.88307],[80.230866,12.875426],[80.226796,12.87577],[80.225786,12.877852],[80.227357,12.895325],[80.227533,12.895321],[80.227624,12.897455],[80.230444,12.896881],[80.230483,12.897172],[80.23109,12.897103],[80.231567,12.897014],[80.231468,12.896261],[80.231237,12.894596],[80.231534,12.894588],[80.231944,12.894737],[80.231923,12.895225],[80.232347,12.89526],[80.232845,12.895595],[80.232768,12.896357],[80.232835,12.896888],[80.23279,12.89706],[80.232818,12.897433],[80.232802,12.897748],[80.23395,12.897762],[80.234158,12.895529],[80.233989,12.893389],[80.236726,12.893268],[80.235988,12.881887]]]}]}},{"type":"Feature","properties":{},"geometry":{"type":"GeometryCollection","geometries":[{"type":"LineString","coordinates":[[80.230112,12.920655],[80.229423,12.914689],[80.22896,12.914769],[80.228884,12.915576],[80.225302,12.916091],[80.226087,12.923105],[80.226177,12.924137],[80.23048,12.923251],[80.230112,12.920655]]},{"type":"Polygon","coordinates":[[[80.230112,12.920655],[80.229423,12.914689],[80.22896,12.914769],[80.228884,12.915576],[80.225302,12.916091],[80.226087,12.923105],[80.226177,12.924137],[80.23048,12.923251],[80.230112,12.920655]]]}]}},{"type":"Feature","properties":{},"geometry":{"type":"GeometryCollection","geometries":[{"type":"LineString","coordinates":[[80.238033,12.910658],[80.234524,12.910596],[80.234094,12.910207],[80.232587,12.910326],[80.231973,12.909957],[80.228761,12.910523],[80.229423,12.914689],[80.230112,12.920655],[80.234272,12.919614],[80.236789,12.919589],[80.238324,12.918708],[80.238033,12.910658]]},{"type":"Polygon","coordinates":[[[80.238033,12.910658],[80.234524,12.910596],[80.234094,12.910207],[80.232587,12.910326],[80.231973,12.909957],[80.228761,12.910523],[80.229423,12.914689],[80.230112,12.920655],[80.234272,12.919614],[80.236789,12.919589],[80.238324,12.918708],[80.238033,12.910658]]]}]}},{"type":"Feature","properties":{},"geometry":{"type":"GeometryCollection","geometries":[{"type":"LineString","coordinates":[[80.237649,12.900045],[80.239204,12.90005],[80.238907,12.897997],[80.236626,12.897493],[80.23395,12.897762],[80.232802,12.897748],[80.232818,12.897433],[80.23279,12.89706],[80.232835,12.896888],[80.232768,12.896357],[80.232845,12.895595],[80.232347,12.89526],[80.231923,12.895225],[80.231944,12.894737],[80.231534,12.894588],[80.231237,12.894596],[80.231468,12.896261],[80.231567,12.897014],[80.23109,12.897103],[80.230483,12.897172],[80.230444,12.896881],[80.227624,12.897455],[80.227741,12.899029],[80.228355,12.907972],[80.228761,12.910523],[80.231973,12.909957],[80.232587,12.910326],[80.234094,12.910207],[80.234524,12.910596],[80.238033,12.910658],[80.237649,12.900045]]},{"type":"Polygon","coordinates":[[[80.237649,12.900045],[80.239204,12.90005],[80.238907,12.897997],[80.236626,12.897493],[80.23395,12.897762],[80.232802,12.897748],[80.232818,12.897433],[80.23279,12.89706],[80.232835,12.896888],[80.232768,12.896357],[80.232845,12.895595],[80.232347,12.89526],[80.231923,12.895225],[80.231944,12.894737],[80.231534,12.894588],[80.231237,12.894596],[80.231468,12.896261],[80.231567,12.897014],[80.23109,12.897103],[80.230483,12.897172],[80.230444,12.896881],[80.227624,12.897455],[80.227741,12.899029],[80.228355,12.907972],[80.228761,12.910523],[80.231973,12.909957],[80.232587,12.910326],[80.234094,12.910207],[80.234524,12.910596],[80.238033,12.910658],[80.237649,12.900045]]]}]}},{"type":"Feature","properties":{},"geometry":{"type":"GeometryCollection","geometries":[{"type":"LineString","coordinates":[[80.239514,12.893801],[80.239168,12.895663],[80.238907,12.897997],[80.239086,12.899234],[80.240663,12.898943],[80.241935,12.898729],[80.243396,12.898455],[80.245636,12.898081],[80.247415,12.897716],[80.247343,12.897315],[80.247012,12.895634],[80.246789,12.894643],[80.246369,12.893114],[80.245805,12.893162],[80.239514,12.893801]]},{"type":"Polygon","coordinates":[[[80.239514,12.893801],[80.239168,12.895663],[80.238907,12.897997],[80.239086,12.899234],[80.240663,12.898943],[80.241935,12.898729],[80.243396,12.898455],[80.245636,12.898081],[80.247415,12.897716],[80.247343,12.897315],[80.247012,12.895634],[80.246789,12.894643],[80.246369,12.893114],[80.245805,12.893162],[80.239514,12.893801]]]}]}},{"type":"Feature","properties":{},"geometry":{"type":"GeometryCollection","geometries":[{"type":"LineString","coordinates":[[80.246369,12.893114],[80.246205,12.892565],[80.245984,12.891738],[80.24589,12.891356],[80.245564,12.889977],[80.245422,12.889325],[80.245382,12.888872],[80.245384,12.888582],[80.245457,12.888032],[80.245623,12.887371],[80.245678,12.887115],[80.245722,12.88687],[80.245746,12.886667],[80.245755,12.88646],[80.245745,12.886217],[80.245637,12.885634],[80.245399,12.884108],[80.245141,12.882739],[80.244527,12.879941],[80.244502,12.879946],[80.241044,12.880336],[80.239594,12.893365],[80.239514,12.893801],[80.245805,12.893162],[80.246369,12.893114]]},{"type":"Polygon","coordinates":[[[80.246369,12.893114],[80.246205,12.892565],[80.245984,12.891738],[80.24589,12.891356],[80.245564,12.889977],[80.245422,12.889325],[80.245382,12.888872],[80.245384,12.888582],[80.245457,12.888032],[80.245623,12.887371],[80.245678,12.887115],[80.245722,12.88687],[80.245746,12.886667],[80.245755,12.88646],[80.245745,12.886217],[80.245637,12.885634],[80.245399,12.884108],[80.245141,12.882739],[80.244527,12.879941],[80.244502,12.879946],[80.241044,12.880336],[80.239594,12.893365],[80.239514,12.893801],[80.245805,12.893162],[80.246369,12.893114]]]}]}},{"type":"Feature","properties":{},"geometry":{"type":"GeometryCollection","geometries":[{"type":"LineString","coordinates":[[80.247415,12.897716],[80.245636,12.898081],[80.243396,12.898455],[80.241935,12.898729],[80.240663,12.898943],[80.239086,12.899234],[80.239204,12.90005],[80.239828,12.903448],[80.247752,12.90161],[80.247866,12.902302],[80.248777,12.902215],[80.248677,12.90145],[80.248561,12.901084],[80.248272,12.900321],[80.247781,12.899028],[80.24757,12.898386],[80.247415,12.897716]]},{"type":"Polygon","coordinates":[[[80.247415,12.897716],[80.245636,12.898081],[80.243396,12.898455],[80.241935,12.898729],[80.240663,12.898943],[80.239086,12.899234],[80.239204,12.90005],[80.239828,12.903448],[80.247752,12.90161],[80.247866,12.902302],[80.248777,12.902215],[80.248677,12.90145],[80.248561,12.901084],[80.248272,12.900321],[80.247781,12.899028],[80.24757,12.898386],[80.247415,12.897716]]]}]}},{"type":"Feature","properties":{},"geometry":{"type":"GeometryCollection","geometries":[{"type":"LineString","coordinates":[[80.249278,12.905858],[80.249089,12.90495],[80.249038,12.904296],[80.248863,12.903074],[80.248777,12.902215],[80.247866,12.902302],[80.247752,12.90161],[80.239828,12.903448],[80.240545,12.907342],[80.249278,12.905858]]},{"type":"Polygon","coordinates":[[[80.249278,12.905858],[80.249089,12.90495],[80.249038,12.904296],[80.248863,12.903074],[80.248777,12.902215],[80.247866,12.902302],[80.247752,12.90161],[80.239828,12.903448],[80.240545,12.907342],[80.249278,12.905858]]]}]}},{"type":"Feature","properties":{},"geometry":{"type":"GeometryCollection","geometries":[{"type":"LineString","coordinates":[[80.254034,12.894784],[80.247409,12.895798],[80.247223,12.895835],[80.247424,12.896922],[80.247701,12.898179],[80.247922,12.898846],[80.248169,12.899551],[80.248554,12.900588],[80.248832,12.901323],[80.249,12.902517],[80.249021,12.903166],[80.249192,12.903841],[80.255153,12.903005],[80.254034,12.894784]]},{"type":"Polygon","coordinates":[[[80.254034,12.894784],[80.247409,12.895798],[80.247223,12.895835],[80.247424,12.896922],[80.247701,12.898179],[80.247922,12.898846],[80.248169,12.899551],[80.248554,12.900588],[80.248832,12.901323],[80.249,12.902517],[80.249021,12.903166],[80.249192,12.903841],[80.255153,12.903005],[80.254034,12.894784]]]}]}},{"type":"Feature","properties":{},"geometry":{"type":"GeometryCollection","geometries":[{"type":"LineString","coordinates":[[80.204667,13.125242],[80.204543,13.125227],[80.204544,13.126431],[80.202792,13.12638],[80.202776,13.126688],[80.201607,13.126665],[80.201591,13.1269],[80.202951,13.126954],[80.202973,13.127636],[80.202895,13.127648],[80.202907,13.128394],[80.204697,13.128955],[80.207856,13.128792],[80.210841,13.12983],[80.212129,13.129963],[80.212555,13.129443],[80.208861,13.127413],[80.20893,13.127241],[80.20565,13.125695],[80.204667,13.125242]]},{"type":"Polygon","coordinates":[[[80.204667,13.125242],[80.204543,13.125227],[80.204544,13.126431],[80.202792,13.12638],[80.202776,13.126688],[80.201607,13.126665],[80.201591,13.1269],[80.202951,13.126954],[80.202973,13.127636],[80.202895,13.127648],[80.202907,13.128394],[80.204697,13.128955],[80.207856,13.128792],[80.210841,13.12983],[80.212129,13.129963],[80.212555,13.129443],[80.208861,13.127413],[80.20893,13.127241],[80.20565,13.125695],[80.204667,13.125242]]]}]}}]}