{
"type": "FeatureCollection",
"name": "natural_water",
"crs": { "type": "name", "properties": { "name": "urn:ogc:def:crs:OGC:1.3:CRS84" } },
"features": [
{"type":"Feature","properties":{"full_id":"r27943","osm_id":"27943","osm_type":"relation","natural":"water","salt":null,"man_made":null,"layer":null,"covered":null,"landuse":null,"barrier":null,"tidal":null,"name:ta":null,"intermittent":null,"wikimedia_commons":null,"alt_name":null,"wetland":null,"place":null,"wikipedia":null,"wikidata":null,"name":null,"water":"river","type":"multipolygon"},"geometry":{"type":"MultiPolygon","coordinates":[[[[80.2725201,13.0108018],[80.2723663,13.0107497],[80.2723344,13.0107346],[80.2722848,13.0107282],[80.272245,13.0107314],[80.2719525,13.0107347],[80.271831,13.0107205],[80.2716374,13.0106813],[80.2715267,13.0106677],[80.2713745,13.0106929],[80.2712469,13.0106883],[80.271062,13.0106392],[80.27095,13.0106434],[80.2707998,13.0106785],[80.2706864,13.0107128],[80.2705845,13.010743],[80.2705928,13.0107518],[80.2706392,13.0107632],[80.2707437,13.0107573],[80.2708607,13.0107584],[80.2710412,13.0107758],[80.2712666,13.0107986],[80.2714062,13.0107963],[80.2714949,13.0108502],[80.2715399,13.0110004],[80.2716501,13.0111732],[80.2717009,13.0112926],[80.2716872,13.0113869],[80.2716003,13.0114095],[80.2714951,13.0113939],[80.2713822,13.0113685],[80.271087,13.0114142],[80.2708279,13.0114124],[80.2706583,13.0113752],[80.2705265,13.011375],[80.2704202,13.0113793],[80.2703186,13.011402],[80.2701694,13.0114392],[80.2699142,13.0114636],[80.2697573,13.011479],[80.2696399,13.0114838],[80.2694261,13.0115148],[80.2692816,13.0115528],[80.2691115,13.0115868],[80.26884,13.011607],[80.2676119,13.0116664],[80.2671645,13.0117103],[80.2669164,13.0117571],[80.2666592,13.0118675],[80.2663126,13.0119924],[80.2660138,13.0120561],[80.2656691,13.0120733],[80.2652269,13.0120709],[80.2648999,13.0120233],[80.2646003,13.0119669],[80.2642698,13.0119445],[80.2639712,13.0119517],[80.263688,13.0119311],[80.2631891,13.0118613],[80.2629858,13.0118032],[80.262681,13.0116816],[80.2624716,13.0116018],[80.2624061,13.0115817],[80.2623188,13.0115675],[80.2622217,13.0115743],[80.262098,13.0115938],[80.261825,13.0115987],[80.2612426,13.0116662],[80.260547,13.0117566],[80.2593981,13.0118367],[80.2589296,13.0117326],[80.2588989,13.0113271],[80.2588738,13.0112589],[80.2588247,13.0112046],[80.2587509,13.0111547],[80.2586064,13.0111008],[80.2583707,13.0110288],[80.2580758,13.0109515],[80.2578538,13.0108953],[80.2576579,13.0108436],[80.2575274,13.0108243],[80.2574135,13.0108204],[80.257252,13.0108361],[80.2571254,13.0108618],[80.2569802,13.0109012],[80.2568519,13.0109329],[80.2567316,13.0109426],[80.2563041,13.0109176],[80.2561821,13.0109138],[80.2561057,13.0109154],[80.2560326,13.010926],[80.2559349,13.010952],[80.2558376,13.0109821],[80.2556866,13.0110313],[80.2555594,13.0110667],[80.2554909,13.0110849],[80.2554393,13.0111074],[80.2553544,13.011161],[80.2551895,13.0112825],[80.2550155,13.0114384],[80.2546234,13.0117403],[80.2544446,13.0118796],[80.2538268,13.0123479],[80.2533301,13.0126893],[80.2531294,13.0128379],[80.2529764,13.0129726],[80.2526785,13.0131885],[80.2525213,13.0132975],[80.2523888,13.0133668],[80.2522233,13.0134225],[80.2520882,13.0134588],[80.2519947,13.0134879],[80.2519221,13.0135163],[80.2518695,13.0135414],[80.2518037,13.0135864],[80.2517292,13.0136628],[80.2515923,13.0138306],[80.2515143,13.0139191],[80.251447,13.0139786],[80.2513454,13.0140513],[80.2511258,13.0141977],[80.2510341,13.0142739],[80.2509267,13.0143703],[80.2506393,13.0146163],[80.2504688,13.0147782],[80.2502957,13.0149671],[80.2501826,13.0150953],[80.2500694,13.0152409],[80.2499557,13.0154067],[80.249819,13.0156765],[80.2495801,13.0161239],[80.2494165,13.0163779],[80.2492783,13.0165768],[80.249204,13.0167091],[80.2491461,13.0168658],[80.249116,13.0169784],[80.2490028,13.0172062],[80.2489222,13.0174362],[80.24885,13.0176132],[80.248786,13.017777],[80.2487219,13.0179171],[80.2486841,13.0179876],[80.2486268,13.0180536],[80.2485848,13.0180917],[80.248536,13.0181019],[80.2485292,13.0180576],[80.2485252,13.0180109],[80.2484677,13.0180112],[80.2484672,13.0181316],[80.2484691,13.0181844],[80.2484385,13.0182652],[80.2483982,13.0183807],[80.2483677,13.0184787],[80.2483119,13.0186219],[80.2482654,13.0187269],[80.2482564,13.0187829],[80.248256,13.0188739],[80.2482262,13.0189293],[80.2481764,13.0190179],[80.2481007,13.0191684],[80.2479803,13.0194586],[80.2479395,13.0195818],[80.2478867,13.0198108],[80.2478374,13.0200094],[80.2477824,13.0202919],[80.2477273,13.0205406],[80.2477084,13.0207097],[80.2476717,13.020966],[80.2476277,13.0210939],[80.2475506,13.0212543],[80.2474347,13.021479],[80.2473949,13.0215823],[80.2473453,13.0217194],[80.2472998,13.0217875],[80.247266,13.0218561],[80.2472455,13.0219497],[80.2472232,13.0220321],[80.2472024,13.0220925],[80.2471707,13.0221433],[80.2471279,13.0221905],[80.247008,13.0222979],[80.2468951,13.0223978],[80.2467674,13.0225095],[80.2464179,13.0227918],[80.246226,13.0229655],[80.24607,13.0231056],[80.2458733,13.0232708],[80.245714,13.0233859],[80.2456352,13.0234351],[80.2455752,13.023488],[80.245513,13.0235425],[80.2453997,13.0236238],[80.2453196,13.0236952],[80.2452143,13.0238061],[80.2451365,13.0239019],[80.2451095,13.0239563],[80.2450459,13.024041],[80.2448759,13.0242188],[80.2446598,13.0244555],[80.2444995,13.024612],[80.2444349,13.02469],[80.2444328,13.0247487],[80.2444016,13.0248089],[80.2443123,13.0248856],[80.2442881,13.0249332],[80.2441757,13.0250388],[80.2440659,13.0251758],[80.2439082,13.0253323],[80.2437228,13.0254977],[80.2434513,13.025712],[80.2428683,13.0259362],[80.2422431,13.025981],[80.2414531,13.0259026],[80.2412805,13.0258503],[80.240034,13.0252337],[80.2396571,13.0248964],[80.2393474,13.024481],[80.2386951,13.0231932],[80.2385235,13.0228587],[80.2382402,13.022081],[80.237957,13.0213786],[80.2374849,13.0206092],[80.2362164,13.018062],[80.2353676,13.0161896],[80.2349079,13.0156498],[80.2335593,13.0150554],[80.2330687,13.0147113],[80.2328048,13.0147275],[80.2325916,13.014758],[80.2322973,13.0149287],[80.2317761,13.0151576],[80.2310028,13.0153174],[80.2300888,13.0165382],[80.229162,13.0175646],[80.2286942,13.0182933],[80.2284856,13.0184896],[80.2282033,13.0185571],[80.2278474,13.0185326],[80.2274118,13.0183914],[80.2270314,13.0182503],[80.2266817,13.0179988],[80.225851,13.0173204],[80.2255845,13.0172235],[80.2254093,13.0169312],[80.2250967,13.0168023],[80.2249755,13.0167083],[80.2243505,13.0161875],[80.2240924,13.0159952],[80.2238692,13.0158288],[80.2233165,13.0156643],[80.2226665,13.0156859],[80.2226554,13.0155821],[80.2223585,13.0155793],[80.2222339,13.0156855],[80.2218907,13.0157152],[80.221863,13.0156451],[80.2213269,13.0158095],[80.2210911,13.01583],[80.2207968,13.015854],[80.2205083,13.0158925],[80.220159,13.0159579],[80.2200601,13.0159775],[80.2199532,13.0159854],[80.2197886,13.0159817],[80.2196172,13.0160071],[80.219416,13.016068],[80.2186222,13.0163016],[80.2181275,13.0164626],[80.2179234,13.0165388],[80.2178067,13.0165718],[80.2176137,13.0165928],[80.2174017,13.0165992],[80.2172318,13.0166001],[80.2171494,13.0166243],[80.2170838,13.0166711],[80.2170418,13.0167261],[80.2169854,13.0168117],[80.2168912,13.0169168],[80.2168004,13.0169744],[80.2167102,13.0170422],[80.216646,13.0171118],[80.2166135,13.0171905],[80.2165922,13.0172616],[80.2165701,13.0172987],[80.2165355,13.0173047],[80.2164805,13.0172975],[80.2164592,13.0172744],[80.2164174,13.0172683],[80.216381,13.0172491],[80.2163553,13.0172192],[80.2163556,13.0171727],[80.2163438,13.01714],[80.2163063,13.0171232],[80.2162746,13.0171127],[80.2162594,13.0170721],[80.2162396,13.0170695],[80.2162235,13.0170787],[80.216218,13.0171007],[80.2162089,13.0171339],[80.2161683,13.0171535],[80.2159908,13.0172038],[80.2157968,13.0172586],[80.2156655,13.0173174],[80.2155107,13.0173651],[80.2153756,13.017426],[80.2150954,13.0175664],[80.2150015,13.0176132],[80.2149578,13.0176397],[80.2149405,13.0176678],[80.214937,13.0176949],[80.2149208,13.0177109],[80.2148639,13.017717],[80.2148212,13.0177138],[80.2148036,13.0177082],[80.2147815,13.0177076],[80.2146925,13.0177391],[80.2146277,13.0177742],[80.2145316,13.0178308],[80.2144237,13.0178821],[80.2142645,13.0179463],[80.2142164,13.0179683],[80.2141983,13.0179822],[80.2141931,13.0180056],[80.2141932,13.0180343],[80.2141842,13.0180483],[80.2141688,13.0180552],[80.2141379,13.0180478],[80.2140909,13.0180255],[80.2140774,13.0180224],[80.2140542,13.0180281],[80.2139403,13.0180752],[80.2138266,13.0181171],[80.2138028,13.0181205],[80.2137854,13.0181165],[80.2137763,13.0181195],[80.2137702,13.018132],[80.2137372,13.018161],[80.213693,13.0182019],[80.2136344,13.0182413],[80.2135397,13.0182867],[80.2132847,13.0183992],[80.2131868,13.0184326],[80.2131069,13.018473],[80.2130352,13.0185264],[80.2128942,13.0186186],[80.212741,13.0187307],[80.212548,13.0188712],[80.2124232,13.0189712],[80.2122553,13.0191017],[80.2121773,13.0191826],[80.2121424,13.0192652],[80.212081,13.019328],[80.2120505,13.019357],[80.2120279,13.0193908],[80.2120263,13.0194299],[80.2119972,13.0194691],[80.2119365,13.0195198],[80.2119054,13.019574],[80.2118182,13.0197687],[80.2116738,13.0200698],[80.2115355,13.0203226],[80.2114815,13.020442],[80.2114674,13.020528],[80.2115046,13.0205563],[80.2115202,13.0206073],[80.2114853,13.0206558],[80.2114474,13.0206524],[80.2114178,13.0206639],[80.2113809,13.0207561],[80.2113778,13.0208413],[80.2114037,13.0209402],[80.2113934,13.0209769],[80.211352,13.0209818],[80.2113106,13.0209816],[80.2112789,13.0209977],[80.2112345,13.0210595],[80.2112077,13.021105],[80.211194,13.0211779],[80.2111595,13.0212815],[80.2111359,13.0213488],[80.2111266,13.0213995],[80.2111194,13.0215285],[80.2110854,13.0216464],[80.2110375,13.0217714],[80.2109977,13.0219525],[80.2109639,13.0221114],[80.2109521,13.0221717],[80.2109546,13.0222031],[80.2109923,13.0222447],[80.2110194,13.0222916],[80.2110339,13.022336],[80.2110588,13.0223529],[80.2110973,13.0223461],[80.2111422,13.0223112],[80.2111771,13.0222541],[80.2111831,13.0221923],[80.2111703,13.0221579],[80.211151,13.0221155],[80.2111482,13.0220638],[80.2111698,13.0220464],[80.2112022,13.0220017],[80.2112243,13.0219544],[80.2112357,13.0218497],[80.2112376,13.0217975],[80.2112647,13.0217757],[80.2113007,13.0217733],[80.2113337,13.021793],[80.2113543,13.0218083],[80.2113712,13.0217722],[80.2113986,13.0217623],[80.2114126,13.0217652],[80.2114365,13.0217937],[80.2114257,13.0218838],[80.2113724,13.0220661],[80.2113475,13.0221425],[80.2113392,13.0222323],[80.2113301,13.0223488],[80.2112922,13.0224947],[80.2112918,13.0225736],[80.2113131,13.0226402],[80.2113177,13.0227041],[80.211302,13.022777],[80.2112866,13.0228598],[80.2112727,13.0229495],[80.2112388,13.023072],[80.2112182,13.0231052],[80.2112118,13.0231504],[80.2111645,13.023193],[80.2110472,13.023205],[80.2109067,13.0231881],[80.2108068,13.0231832],[80.2107663,13.0231863],[80.2107427,13.0232117],[80.2107133,13.023335],[80.2106701,13.0234622],[80.2106652,13.0235287],[80.2106432,13.0236455],[80.2105915,13.0237663],[80.2105642,13.0238543],[80.2105737,13.0238746],[80.2106046,13.023907],[80.210611,13.0239449],[80.2105881,13.0239812],[80.2105462,13.024011],[80.2105256,13.0240419],[80.2105268,13.0240748],[80.2105375,13.0241435],[80.2105671,13.0242569],[80.2105804,13.0243748],[80.2105647,13.024472],[80.2105068,13.0246649],[80.2104236,13.0247856],[80.2103613,13.0248794],[80.2102276,13.0250405],[80.2100958,13.02519],[80.2100165,13.025264],[80.209933,13.0253017],[80.2098472,13.0253617],[80.2097696,13.0254304],[80.209673,13.0255334],[80.209433,13.0257669],[80.2091741,13.0259692],[80.2089004,13.0261339],[80.2080904,13.0264466],[80.2070176,13.0267824],[80.2054877,13.0271463],[80.2037245,13.0276127],[80.2023966,13.0279759],[80.2014389,13.0282378],[80.1998716,13.0285643],[80.1986682,13.0286296],[80.1968397,13.0285736],[80.1961867,13.028387],[80.1944049,13.0277433],[80.1935835,13.0271738],[80.1927493,13.0265711],[80.1921659,13.0259895],[80.1917275,13.0253831],[80.1913543,13.024982],[80.19058,13.0240771],[80.1895072,13.022743],[80.1884717,13.0212597],[80.1879866,13.0206347],[80.187119,13.0195339],[80.1865779,13.0189741],[80.185701,13.0186383],[80.1847961,13.0183584],[80.1835851,13.0178029],[80.1831878,13.0175],[80.18273,13.0158101],[80.1826929,13.0139123],[80.1821391,13.010703],[80.181278,13.0090937],[80.1809505,13.0064295],[80.180905,13.0052091],[80.1806484,13.0044006],[80.1779011,13.0015887],[80.1774526,13.0012387],[80.1771694,13.0011473],[80.1769853,13.0010489],[80.1753095,13.0013947],[80.1740255,13.0015214],[80.1735638,13.0015405],[80.1728086,13.0015403],[80.171898,13.0015419],[80.1708142,13.0015794],[80.1701516,13.0016299],[80.1699038,13.0014948],[80.1697968,13.0015513],[80.1696128,13.0018241],[80.1694733,13.0020449],[80.1692815,13.0022632],[80.1684701,13.0031256],[80.1673423,13.0043304],[80.1663619,13.0053496],[80.1663217,13.005364],[80.16626,13.0053627],[80.1661098,13.0052882],[80.165969,13.0051889],[80.1656511,13.0049654],[80.1654634,13.0046649],[80.1652676,13.0043173],[80.1651844,13.0041553],[80.1650839,13.0040246],[80.1650458,13.0040497],[80.1641855,13.0044866],[80.1633845,13.0048933],[80.1658056,13.0062806],[80.1660255,13.0061822],[80.16669,13.0061683],[80.1673228,13.0061189],[80.1681165,13.006059],[80.1687903,13.0056996],[80.1692096,13.0049808],[80.1698086,13.0033486],[80.1702279,13.0026897],[80.1709018,13.0024052],[80.1730132,13.0021057],[80.1745406,13.0020308],[80.1763754,13.0020991],[80.1769972,13.0022476],[80.1776469,13.0026282],[80.1781945,13.0033521],[80.1790837,13.0048121],[80.1802179,13.0071297],[80.1816008,13.0112599],[80.1817864,13.012318],[80.1817308,13.0162347],[80.1816379,13.016541],[80.1820834,13.0176733],[80.1825104,13.0181003],[80.1835313,13.0185458],[80.1846997,13.0189481],[80.1856524,13.0193327],[80.1863047,13.0199014],[80.1872029,13.0204668],[80.1878839,13.0212784],[80.1887177,13.0226672],[80.1904086,13.0249557],[80.1915018,13.0261364],[80.1925368,13.0270256],[80.1931344,13.0273171],[80.1934842,13.0278127],[80.1940527,13.0283666],[80.194971,13.0287019],[80.1963995,13.0290954],[80.1973616,13.0292266],[80.1978426,13.0291392],[80.1995918,13.0290954],[80.201647,13.0286727],[80.2038481,13.0280897],[80.2063261,13.0275941],[80.2074922,13.0274337],[80.2084397,13.0271568],[80.2095183,13.0265737],[80.2099954,13.0261114],[80.2107822,13.025474],[80.2111905,13.0249761],[80.2115092,13.0240399],[80.2117084,13.0222871],[80.2118478,13.0213012],[80.2122661,13.0204547],[80.2127641,13.0197276],[80.2133616,13.0191998],[80.2141086,13.0187616],[80.2153236,13.0183832],[80.2158116,13.018433],[80.2161402,13.0184728],[80.2164589,13.0184031],[80.2169867,13.0181641],[80.2173253,13.017706],[80.2175569,13.0174122],[80.2179275,13.0172515],[80.2189372,13.0169197],[80.2195862,13.0168017],[80.2203822,13.0166878],[80.2208898,13.0166114],[80.2211522,13.0166722],[80.2220533,13.0164678],[80.2222724,13.0164337],[80.2226436,13.0164394],[80.2229702,13.0164331],[80.2234342,13.0165705],[80.2238275,13.0169251],[80.2239743,13.0167914],[80.2240583,13.0169409],[80.2241417,13.0170917],[80.2242083,13.0171846],[80.2243005,13.0172922],[80.2244318,13.0174136],[80.2245467,13.0175319],[80.2246507,13.0176178],[80.2247383,13.0177173],[80.2247862,13.0177745],[80.2248524,13.0179312],[80.224842,13.0180301],[80.2247951,13.0182577],[80.224754,13.0183807],[80.2247422,13.0184267],[80.2247541,13.0184593],[80.2247762,13.0184725],[80.2248,13.0184791],[80.2248586,13.018484],[80.2248938,13.0184869],[80.2250249,13.018503],[80.2250687,13.0185136],[80.2250979,13.0185311],[80.2251185,13.0185652],[80.2251306,13.0185976],[80.2251281,13.0186351],[80.2251154,13.0186957],[80.2251112,13.0187654],[80.2251058,13.018854],[80.2251084,13.0189072],[80.225122,13.018935],[80.2251691,13.0189668],[80.2252239,13.0189846],[80.2253248,13.0189955],[80.2254732,13.0190022],[80.2255523,13.0190112],[80.2256458,13.0190246],[80.2258045,13.019064],[80.2259536,13.0191035],[80.2260491,13.0191255],[80.2261294,13.0191338],[80.2264259,13.0191927],[80.2265987,13.0192162],[80.2267713,13.0192332],[80.2268718,13.0192495],[80.2270025,13.0192857],[80.2271174,13.019305],[80.2273106,13.0192967],[80.227473,13.0192976],[80.2276294,13.0193],[80.2277354,13.0193119],[80.2278644,13.0193246],[80.2280675,13.0193197],[80.2282142,13.019307],[80.2283819,13.0192594],[80.22864,13.0191635],[80.2287607,13.0191052],[80.2290671,13.0187815],[80.2295053,13.0181242],[80.2309693,13.0165507],[80.2311226,13.0165765],[80.2313928,13.0165443],[80.2318802,13.0164367],[80.2321797,13.016362],[80.2326922,13.0161025],[80.2338176,13.0158575],[80.2343673,13.0160089],[80.2348613,13.0164392],[80.2351083,13.0170447],[80.2352597,13.0177856],[80.235674,13.0188453],[80.2366094,13.0206594],[80.2368351,13.0211912],[80.237026,13.0216453],[80.2372446,13.0219472],[80.2373755,13.0225224],[80.2377782,13.0234617],[80.2382985,13.0246692],[80.238431,13.0249282],[80.238896,13.0255529],[80.2389129,13.0255781],[80.2399227,13.0263794],[80.2405495,13.0265374],[80.2409357,13.026736],[80.2414942,13.0268152],[80.2416855,13.0268445],[80.2422716,13.0268116],[80.2426925,13.0268009],[80.2429566,13.0268516],[80.2430046,13.0268671],[80.2438409,13.0266509],[80.2437742,13.0264956],[80.2439984,13.0263742],[80.24453,13.0258715],[80.2456779,13.0248441],[80.2470834,13.023642],[80.2485476,13.0221569],[80.2493892,13.0211038],[80.2495844,13.0205181],[80.2494803,13.0200495],[80.2495063,13.0190473],[80.2497615,13.0185249],[80.2498455,13.0183671],[80.2499223,13.0182597],[80.2500076,13.0181447],[80.2500997,13.0180795],[80.2501622,13.0180658],[80.2502005,13.0180916],[80.2502984,13.0182],[80.2503808,13.0183292],[80.2504133,13.0183497],[80.2504616,13.0183153],[80.2506211,13.0181534],[80.2507701,13.0179521],[80.2509308,13.017805],[80.2510541,13.0176852],[80.2511351,13.0175925],[80.2511572,13.017506],[80.2511864,13.0174135],[80.2512354,13.0173072],[80.2512959,13.0172531],[80.2514431,13.0171753],[80.2515867,13.0171142],[80.2517309,13.0170433],[80.2519712,13.0169097],[80.2524017,13.0166504],[80.2527105,13.0164708],[80.2528464,13.0164077],[80.2530225,13.0163447],[80.2531773,13.0163124],[80.2532877,13.0163136],[80.2534247,13.016327],[80.2535793,13.0163097],[80.2537722,13.0162655],[80.2539074,13.0162069],[80.254031,13.0161728],[80.2541316,13.0161555],[80.2542358,13.0161243],[80.2543759,13.0160647],[80.2544516,13.0160055],[80.2545571,13.0159321],[80.2547657,13.0158066],[80.2550534,13.0156488],[80.2552706,13.0155678],[80.2555512,13.0154968],[80.2557802,13.0154468],[80.2559302,13.0154335],[80.2560217,13.0154418],[80.2561628,13.0154859],[80.2563668,13.0155333],[80.2564661,13.0155517],[80.2566759,13.0155556],[80.2568643,13.0155367],[80.2570471,13.015495],[80.2572339,13.0154528],[80.2574135,13.0153952],[80.2576175,13.0153073],[80.2578664,13.0152283],[80.2582097,13.0151459],[80.2584565,13.0151256],[80.2586477,13.0151273],[80.2587618,13.0151476],[80.2587963,13.0151506],[80.2588547,13.0151299],[80.2589361,13.015042],[80.2589755,13.0149523],[80.2589785,13.0148175],[80.2589794,13.0146846],[80.2590005,13.0145766],[80.2590335,13.0145054],[80.2590612,13.0144814],[80.2590851,13.0144699],[80.2591621,13.0144487],[80.2592933,13.0144353],[80.259412,13.0144393],[80.2595946,13.0145187],[80.259765,13.0145638],[80.2604786,13.0146512],[80.2614201,13.0148659],[80.2622308,13.0154156],[80.2622196,13.0154775],[80.2618722,13.015503],[80.2614612,13.0153938],[80.2611922,13.0153719],[80.2609643,13.0154484],[80.2605197,13.0154593],[80.2600004,13.015412],[80.2596211,13.0154826],[80.2596494,13.015637],[80.2609887,13.0158222],[80.2619405,13.0158096],[80.2626629,13.0156412],[80.2628977,13.0155758],[80.2631045,13.0156146],[80.2634318,13.015687],[80.2640021,13.0158534],[80.2648955,13.0161737],[80.2650675,13.0162366],[80.2655333,13.0163902],[80.2659342,13.0164904],[80.266402,13.016315],[80.2669616,13.0162399],[80.2674294,13.0162482],[80.2679222,13.0161647],[80.268248,13.0160477],[80.2684652,13.015889],[80.2684922,13.0157744],[80.2685676,13.0156795],[80.2686907,13.0155549],[80.2689377,13.0153017],[80.2692749,13.0151092],[80.2695589,13.015052],[80.269774,13.0150306],[80.2700529,13.0150585],[80.270193,13.0150566],[80.2703864,13.0150519],[80.270536,13.0150885],[80.2706799,13.0150947],[80.2708076,13.0151412],[80.2709345,13.0151599],[80.2710911,13.015193],[80.2712534,13.0152865],[80.2714734,13.0153863],[80.2721976,13.0156441],[80.2726536,13.0158041],[80.2732043,13.0160166],[80.2736192,13.0161392],[80.2738256,13.0161923],[80.2738971,13.0162403],[80.2739777,13.0162875],[80.2741161,13.0164088],[80.2741889,13.0165034],[80.2743794,13.016676],[80.2745222,13.0168298],[80.2746169,13.0169659],[80.27481,13.0172334],[80.2748919,13.0174127],[80.2749342,13.0175737],[80.2749898,13.0179984],[80.275029,13.0181449],[80.2751078,13.0182903],[80.2751592,13.0183835],[80.275283,13.0185187],[80.275379,13.018668],[80.2756431,13.0193583],[80.2757091,13.0196206],[80.2757442,13.0198653],[80.2757596,13.0199635],[80.2757849,13.0200832],[80.2757938,13.0201759],[80.2757932,13.0202644],[80.2757879,13.0203318],[80.2757694,13.020382],[80.2757259,13.0204264],[80.2756221,13.0204815],[80.2755635,13.0205256],[80.2754507,13.02059],[80.2753788,13.0206462],[80.2752887,13.0207211],[80.2752057,13.0207948],[80.2750534,13.0209498],[80.2749761,13.0210467],[80.2749525,13.0211141],[80.2749496,13.0212117],[80.27496,13.0214126],[80.2749456,13.0216111],[80.2748951,13.0217284],[80.2747726,13.0218698],[80.2744832,13.0221097],[80.2743824,13.0222045],[80.2740289,13.0225514],[80.2739494,13.0226039],[80.273852,13.0226313],[80.2736972,13.0226292],[80.2732485,13.0225953],[80.2731551,13.022598],[80.2729521,13.0225927],[80.2727348,13.022557],[80.2726141,13.0225351],[80.2725441,13.0225261],[80.2724833,13.0225559],[80.2724769,13.0225842],[80.2724867,13.0226156],[80.2725272,13.0226614],[80.2726865,13.0227912],[80.2727603,13.0228452],[80.2728504,13.0229276],[80.272758,13.0230373],[80.2728297,13.0230915],[80.2735277,13.0234248],[80.2737305,13.0237437],[80.2740447,13.0237739],[80.2756808,13.0228539],[80.275716,13.0223937],[80.2764858,13.0218408],[80.276468,13.021788],[80.2765472,13.0216093],[80.2765913,13.0215607],[80.2766322,13.0213569],[80.27669,13.0212419],[80.2766716,13.0211014],[80.2766355,13.0210291],[80.276531,13.0209312],[80.2765192,13.0209084],[80.2765315,13.0207945],[80.2764297,13.0205121],[80.2763028,13.0203447],[80.2759165,13.0203362],[80.2758732,13.0202469],[80.2758932,13.0201237],[80.2759525,13.0200683],[80.276386,13.0199567],[80.2764551,13.0197078],[80.2764053,13.0195966],[80.2763721,13.0195219],[80.2762488,13.0193378],[80.2762126,13.0192431],[80.2761821,13.0191894],[80.2761212,13.0188937],[80.2759463,13.018739],[80.2757856,13.0185745],[80.2757413,13.0184467],[80.2757373,13.0183992],[80.2757078,13.0182763],[80.2757591,13.0178827],[80.2757645,13.01784],[80.2757763,13.0177444],[80.2757964,13.0177236],[80.2759107,13.0176519],[80.2760476,13.0175933],[80.2761977,13.0175768],[80.2762658,13.0173888],[80.2764116,13.0170434],[80.2764155,13.0170143],[80.276416,13.0166328],[80.2764234,13.0164798],[80.2764411,13.0161166],[80.276612,13.0157854],[80.2768065,13.0157746],[80.2768608,13.0158323],[80.2769043,13.0158811],[80.2769296,13.0159112],[80.27695,13.0159465],[80.276971,13.015988],[80.276992,13.0160295],[80.2770192,13.0160396],[80.2770443,13.0160319],[80.277053,13.0160242],[80.2770524,13.0160009],[80.2770564,13.0159901],[80.2770667,13.0159796],[80.2770788,13.0159717],[80.2771067,13.0159702],[80.2771226,13.0159679],[80.2771422,13.0159659],[80.2771536,13.0159553],[80.2771606,13.0159363],[80.2771742,13.0158763],[80.2771838,13.0158269],[80.2771812,13.0157622],[80.2771688,13.015701],[80.2771423,13.0156463],[80.2770971,13.0155952],[80.277082,13.0155408],[80.2770845,13.0155101],[80.2770715,13.0154819],[80.2770303,13.0154531],[80.2770055,13.0154144],[80.2769806,13.015354],[80.2769572,13.0153324],[80.2768885,13.0152939],[80.2768611,13.0152556],[80.2768684,13.0152078],[80.2768724,13.0151791],[80.276841,13.0151422],[80.2768054,13.0150999],[80.2767702,13.0150678],[80.2767415,13.0150537],[80.276717,13.0150672],[80.2766901,13.0150986],[80.2766595,13.0151196],[80.2766351,13.0151396],[80.2766378,13.0151604],[80.2766617,13.0151775],[80.2767092,13.0151678],[80.2767445,13.0151727],[80.2767623,13.0151886],[80.2767666,13.0152181],[80.2767382,13.0152575],[80.2767173,13.0152854],[80.2767114,13.0153402],[80.276699,13.0154542],[80.2766821,13.0154854],[80.2766423,13.0154794],[80.276621,13.0154411],[80.2766293,13.0153728],[80.2766247,13.0153316],[80.2765971,13.0152442],[80.2765733,13.0151313],[80.2765802,13.0149976],[80.2765978,13.0149614],[80.2766355,13.0149215],[80.276715,13.0148738],[80.2768076,13.0148201],[80.2769574,13.0147446],[80.2771428,13.0146894],[80.2771958,13.014677],[80.2771936,13.0146406],[80.2771952,13.0146243],[80.277206,13.0146016],[80.2772208,13.0145871],[80.2772409,13.0145746],[80.2772853,13.014517],[80.2773103,13.0144432],[80.2773751,13.0143248],[80.277434,13.0142491],[80.2774787,13.0142041],[80.2775028,13.0141671],[80.2775083,13.0141319],[80.2774903,13.0140584],[80.277473,13.0139891],[80.2774884,13.0138189],[80.2774936,13.0137603],[80.2774852,13.0137373],[80.2774096,13.0137146],[80.2773536,13.0137235],[80.277314,13.0137115],[80.2773037,13.0136787],[80.2773039,13.0136451],[80.2772511,13.0136129],[80.2772206,13.0135779],[80.2772,13.0135212],[80.2771675,13.0134973],[80.2771171,13.0134937],[80.2770682,13.0135046],[80.2770013,13.0135497],[80.2769122,13.013567],[80.2768204,13.013565],[80.2767441,13.0135406],[80.2766468,13.0135019],[80.2765802,13.0134547],[80.2765451,13.0134522],[80.276494,13.0134712],[80.2764457,13.0134771],[80.2764091,13.0135029],[80.2763307,13.0135925],[80.2762606,13.0136789],[80.2762146,13.0137311],[80.2761695,13.0137803],[80.2761565,13.0138033],[80.2761554,13.0138146],[80.2761676,13.0138221],[80.2761967,13.0138118],[80.2762347,13.0137821],[80.2762557,13.0137782],[80.2762701,13.0137808],[80.2762797,13.0137904],[80.2762877,13.0138067],[80.2762918,13.0138195],[80.2762865,13.0138428],[80.2762764,13.0138738],[80.2762279,13.0139552],[80.2761717,13.0140124],[80.2761034,13.0140471],[80.2760558,13.0140538],[80.2759952,13.0140296],[80.2759542,13.0139894],[80.2759205,13.013969],[80.2758786,13.0139711],[80.2757694,13.0139909],[80.2757087,13.0139943],[80.2756696,13.0139913],[80.2756184,13.0139803],[80.275598,13.0139616],[80.27559,13.0139415],[80.2755905,13.0138868],[80.2756204,13.0138326],[80.2756861,13.0137785],[80.2758199,13.0136911],[80.2758639,13.0136625],[80.275895,13.0136338],[80.2759634,13.0135521],[80.2760154,13.0135162],[80.2761408,13.0134699],[80.2762058,13.0133978],[80.2762448,13.0133147],[80.2763017,13.0132632],[80.2764374,13.013195],[80.2766379,13.0131168],[80.2767343,13.0131043],[80.2768415,13.0131242],[80.2768967,13.0131361],[80.2769477,13.0131264],[80.2770088,13.0131],[80.2771103,13.0130315],[80.2771944,13.0129995],[80.2773145,13.0129883],[80.2773775,13.0129925],[80.277428,13.0130047],[80.2774842,13.0130333],[80.2775128,13.0130583],[80.2775416,13.0131003],[80.2774629,13.0126145],[80.2773716,13.0121204],[80.27729,13.0121235],[80.2771931,13.0121793],[80.2770709,13.0123886],[80.2768004,13.0122995],[80.2767555,13.0123354],[80.2767004,13.0123818],[80.276657,13.0124318],[80.2766139,13.0124741],[80.2765644,13.0124989],[80.2765044,13.0125081],[80.2768463,13.0121677],[80.2767598,13.0121119],[80.2765346,13.0121033],[80.2763986,13.0121736],[80.2763289,13.0121443],[80.2762829,13.0121431],[80.2762401,13.0121584],[80.2762284,13.0121234],[80.2761731,13.0120877],[80.2760629,13.0120552],[80.2759786,13.0120382],[80.2759544,13.0120304],[80.2759471,13.0120186],[80.2759486,13.0119929],[80.2759657,13.0119678],[80.2759868,13.0119435],[80.2760069,13.0119227],[80.2760302,13.0119005],[80.2760557,13.0118821],[80.2761646,13.0118188],[80.2762188,13.0117939],[80.276271,13.0117614],[80.2763024,13.0117409],[80.2763348,13.0117249],[80.2763545,13.0117054],[80.2763704,13.0116693],[80.2763793,13.0116165],[80.2763758,13.0116005],[80.276352,13.0115972],[80.2762896,13.0116119],[80.2762353,13.0116051],[80.2761951,13.0115956],[80.2761679,13.0115997],[80.276135,13.0116221],[80.2760507,13.0116624],[80.2759543,13.0117017],[80.275889,13.0117115],[80.275829,13.0117007],[80.2758018,13.0116687],[80.2758015,13.0116458],[80.275812,13.0116281],[80.2758289,13.0116105],[80.2758651,13.0115925],[80.2758845,13.0115749],[80.2758997,13.0115442],[80.2759037,13.0115081],[80.2759007,13.0114677],[80.2758972,13.0114087],[80.2759022,13.011365],[80.2758951,13.0113358],[80.2758733,13.0113086],[80.2758377,13.0112655],[80.2758081,13.0112439],[80.2757614,13.011212],[80.275734,13.0112351],[80.2757071,13.0112443],[80.2756695,13.0112435],[80.2756272,13.0112567],[80.2755926,13.0112717],[80.2755717,13.0112729],[80.27556,13.0112685],[80.2755412,13.0112614],[80.275516,13.0112269],[80.2754823,13.0111354],[80.2754594,13.0110864],[80.2754257,13.0110497],[80.2753535,13.0109978],[80.2752685,13.0109663],[80.2751521,13.010936],[80.2750159,13.01093],[80.274812,13.0109189],[80.274569,13.0108691],[80.2741966,13.0108016],[80.2739892,13.0107847],[80.2737358,13.0107485],[80.2735439,13.0107581],[80.2734546,13.0107771],[80.273427,13.0107859],[80.2733895,13.0107746],[80.273339,13.0107528],[80.2732676,13.0107595],[80.2730335,13.0108406],[80.2729453,13.0108588],[80.2728202,13.0108519],[80.2727792,13.0108355],[80.2726484,13.0108308],[80.2725201,13.0108018]],[[80.27243,13.0110829],[80.2724875,13.0110723],[80.2725551,13.0110704],[80.2726285,13.0110558],[80.2726821,13.0110568],[80.2727447,13.0110549],[80.2728251,13.0110462],[80.2728579,13.01105],[80.2728747,13.0110684],[80.2728638,13.0110907],[80.272842,13.0111032],[80.2727774,13.0111052],[80.2726365,13.0111468],[80.2725739,13.0111506],[80.2724975,13.0111439],[80.272431,13.01114],[80.2724133,13.0111283],[80.2724101,13.0111071],[80.27243,13.0110829]],[[80.2722359,13.0110723],[80.2722597,13.0110849],[80.2722717,13.0111284],[80.2722568,13.0111633],[80.2722141,13.0111981],[80.2721893,13.011229],[80.2721108,13.0112503],[80.2720642,13.0112339],[80.2720374,13.0111923],[80.2720374,13.0111507],[80.2720452,13.0111091],[80.2720741,13.0110878],[80.2721148,13.0110791],[80.2721664,13.0110733],[80.2722359,13.0110723]],[[80.2737229,13.0109773],[80.2737576,13.0109848],[80.2737717,13.0110411],[80.273755,13.0111137],[80.2737525,13.0111651],[80.273746,13.0111988],[80.2737229,13.0112014],[80.2736799,13.0111635],[80.2736381,13.0111125],[80.2735688,13.0110562],[80.2734968,13.0110424],[80.2734275,13.0110286],[80.2734146,13.0110011],[80.273421,13.0109786],[80.2734557,13.0109761],[80.2735033,13.0109798],[80.2735405,13.0109821],[80.2735803,13.0109936],[80.273617,13.0110034],[80.273664,13.0109966],[80.2737229,13.0109773]],[[80.2642134,13.0126069],[80.2652891,13.0127974],[80.2658606,13.0130103],[80.2662098,13.0132498],[80.2662304,13.0133464],[80.266124,13.0133962],[80.2659363,13.0133962],[80.2661294,13.0134641],[80.2664566,13.0135425],[80.2668536,13.0137829],[80.2673095,13.0139554],[80.2675295,13.0141279],[80.2674812,13.0142429],[80.2670035,13.0145006],[80.2666114,13.0145566],[80.265939,13.0145118],[80.2653623,13.0144363],[80.2648044,13.0142899],[80.2635075,13.0139067],[80.2627904,13.013649],[80.2625103,13.0134809],[80.2622637,13.0133576],[80.2618379,13.0131896],[80.2614906,13.0129991],[80.2614458,13.012887],[80.2616125,13.0126853],[80.2619451,13.0126383],[80.2633506,13.0125957],[80.2642134,13.0126069]],[[80.269466,13.0144154],[80.2692729,13.0145042],[80.2687955,13.0146767],[80.2686238,13.0148021],[80.2685723,13.01496],[80.2682751,13.0151314],[80.2679962,13.0152412],[80.2676086,13.0152849],[80.2670708,13.0152849],[80.266701,13.0151393],[80.2664566,13.0149955],[80.2664566,13.0148753],[80.2666175,13.0148439],[80.2670199,13.014776],[80.26739,13.0145513],[80.2676871,13.0144109],[80.2685162,13.0142429],[80.2693105,13.0142638],[80.2694982,13.0143004],[80.269466,13.0144154]],[[80.2156593,13.0183585],[80.2152838,13.0183167],[80.2152087,13.0182226],[80.2153408,13.0180995],[80.2154555,13.0179927],[80.2153134,13.01796],[80.2153829,13.0179081],[80.215448,13.0178756],[80.2155257,13.017826],[80.2155942,13.0177618],[80.2156658,13.0177209],[80.2158054,13.0176713],[80.2158959,13.0176513],[80.2159796,13.0176316],[80.2160908,13.0175899],[80.2161857,13.0175562],[80.2166035,13.0175432],[80.2170112,13.0174177],[80.2172472,13.0174073],[80.217333,13.0174909],[80.2170541,13.0178986],[80.2168502,13.0180658],[80.2165284,13.0182645],[80.2162923,13.0183899],[80.2160563,13.0183899],[80.2158524,13.0183272],[80.2156593,13.0183585]],[[80.2701179,13.0118841],[80.2698555,13.0117849],[80.2695983,13.0117378],[80.269374,13.0117512],[80.2688574,13.0117846],[80.2683477,13.0118006],[80.2680025,13.0117926],[80.2676518,13.0117685],[80.267312,13.0117926],[80.2670873,13.0118353],[80.2669214,13.0119171],[80.2667661,13.0120517],[80.266697,13.0121357],[80.2667143,13.0121727],[80.2667764,13.012203],[80.2668144,13.0122568],[80.2671492,13.0124149],[80.2677085,13.012573],[80.2681574,13.0126741],[80.2683386,13.0126959],[80.2684036,13.0127159],[80.2684365,13.0127666],[80.2684516,13.0127933],[80.2684763,13.0128054],[80.2684954,13.0128013],[80.2685256,13.0127706],[80.2685502,13.0127533],[80.2686516,13.0127573],[80.2686809,13.0127718],[80.2687179,13.0127845],[80.2687843,13.0127971],[80.2689323,13.0128072],[80.2690371,13.0128045],[80.2691049,13.0127898],[80.2693232,13.0127709],[80.269629,13.0127288],[80.2699501,13.0126548],[80.2701986,13.0125404],[80.2705007,13.0124126],[80.2707389,13.0123336],[80.2709132,13.0123184],[80.2709894,13.0123287],[80.2710273,13.0123505],[80.2710515,13.0123926],[80.2710981,13.0124144],[80.2711861,13.0124094],[80.27124,13.0124036],[80.2712638,13.012401],[80.2713603,13.012418],[80.2713881,13.0124228],[80.271436,13.01242],[80.2714683,13.0124156],[80.2714934,13.0124094],[80.2715166,13.0123915],[80.2715831,13.0123404],[80.2716263,13.0122614],[80.2716297,13.0121924],[80.2716108,13.0121218],[80.2715762,13.0121168],[80.2715331,13.0121353],[80.2715106,13.0121655],[80.2715158,13.0122328],[80.2715279,13.0122782],[80.2715198,13.0123071],[80.271502,13.0123388],[80.2714768,13.0123391],[80.2714647,13.0123316],[80.2714527,13.0123093],[80.2714558,13.0122863],[80.271463,13.0122537],[80.2714495,13.0122187],[80.2714251,13.0121891],[80.2714222,13.0121664],[80.2714347,13.0121437],[80.2715279,13.0121084],[80.2715662,13.0120956],[80.2716108,13.0120747],[80.271636,13.0120456],[80.2716572,13.0120127],[80.271653,13.0119869],[80.2716435,13.0119721],[80.2716128,13.0119631],[80.2715822,13.0119592],[80.271559,13.0119587],[80.2714944,13.0119721],[80.2714583,13.0119789],[80.2714157,13.0119856],[80.271377,13.0119877],[80.2712914,13.0119923],[80.2711275,13.0120579],[80.2709652,13.0121184],[80.2708323,13.0121302],[80.2705527,13.0120478],[80.2703628,13.0119822],[80.2701179,13.0118841]],[[80.2703561,13.0115807],[80.2704704,13.0116223],[80.2705487,13.0116461],[80.2706836,13.0116498],[80.2708018,13.0116661],[80.2709637,13.0116586],[80.270974,13.0116899],[80.2709573,13.0117149],[80.2708879,13.01174],[80.270699,13.0117738],[80.2705834,13.0117875],[80.2705039,13.011805],[80.2704049,13.0118126],[80.2701531,13.0118088],[80.270067,13.0118063],[80.2699437,13.0117763],[80.2698846,13.01175],[80.2698127,13.0117425],[80.2697497,13.0117024],[80.2697343,13.0116411],[80.2697805,13.0115835],[80.2698242,13.0115722],[80.2699514,13.011556],[80.2700644,13.0115435],[80.2701462,13.0115448],[80.2702439,13.0115585],[80.2703561,13.0115807]],[[80.2745446,13.0151163],[80.2745085,13.0150954],[80.2744997,13.0150825],[80.2744945,13.0150666],[80.2744884,13.0150621],[80.2744773,13.015066],[80.2744682,13.0150867],[80.2744522,13.0151213],[80.274443,13.0151296],[80.2744238,13.0151304],[80.2743915,13.0151185],[80.274329,13.0150913],[80.2742487,13.015061],[80.2741846,13.0150399],[80.2740269,13.015008],[80.2739309,13.0149786],[80.2738199,13.0149307],[80.2738,13.0149219],[80.2737765,13.0149115],[80.2737382,13.0148931],[80.2736913,13.0148626],[80.2736731,13.0148475],[80.2736638,13.0148374],[80.2736578,13.0148251],[80.2736518,13.0148042],[80.2736487,13.0147977],[80.2736411,13.014791],[80.2736311,13.0147876],[80.273591,13.0147901],[80.2735868,13.0147912],[80.2735809,13.0147946],[80.2735766,13.0148009],[80.2735805,13.0148226],[80.2735846,13.0148297],[80.2735925,13.0148338],[80.2736038,13.014835],[80.273623,13.0148395],[80.2736369,13.0148545],[80.2736619,13.014903],[80.273664,13.01493],[80.2736609,13.0149451],[80.2736499,13.014952],[80.2736296,13.0149511],[80.273541,13.014929],[80.2734905,13.0148994],[80.2734512,13.0148681],[80.2734134,13.0148355],[80.2734014,13.0148137],[80.2733987,13.0147817],[80.2734095,13.0147538],[80.2734402,13.0147285],[80.2734675,13.0147007],[80.2734823,13.0146597],[80.2734963,13.0146017],[80.2735259,13.0145461],[80.2735862,13.0144932],[80.2736128,13.0144765],[80.2736638,13.0144656],[80.2737228,13.014437],[80.273762,13.014395],[80.2738023,13.0143193],[80.2738307,13.0142513],[80.2738731,13.014208],[80.2739244,13.0142138],[80.2739825,13.0142416],[80.2740293,13.0142841],[80.2740754,13.0143276],[80.2741997,13.0144136],[80.2742771,13.0144531],[80.2743648,13.0144971],[80.2745,13.0145477],[80.2746234,13.0146214],[80.2747345,13.0146985],[80.2748234,13.0147457],[80.2748745,13.0147807],[80.2749329,13.0148177],[80.2750388,13.0148685],[80.2751503,13.0149237],[80.275232,13.0149582],[80.275294,13.014976],[80.2753723,13.0149875],[80.2754822,13.0149983],[80.2755359,13.0150198],[80.2755877,13.0150661],[80.275618,13.0151231],[80.2756182,13.0151436],[80.2756038,13.0151668],[80.2755758,13.0151747],[80.2754943,13.0151778],[80.2754364,13.0151578],[80.2753952,13.0151345],[80.275365,13.0151052],[80.275346,13.0150873],[80.2753245,13.0150755],[80.2752956,13.0150664],[80.2752304,13.015059],[80.2751892,13.015053],[80.2751547,13.0150421],[80.2751099,13.015022],[80.2750447,13.0149919],[80.2750328,13.0149901],[80.2750196,13.0149921],[80.2750146,13.0149988],[80.2750142,13.0150056],[80.2750192,13.0150187],[80.2750297,13.0150316],[80.2750651,13.0150517],[80.2751094,13.0150703],[80.2752146,13.015106],[80.2753219,13.0151316],[80.2753399,13.0151425],[80.2753577,13.0151608],[80.2753766,13.0152252],[80.2753801,13.0152868],[80.2753634,13.0153453],[80.2753402,13.015381],[80.2753082,13.0153925],[80.2752803,13.0153914],[80.2752688,13.0153882],[80.2752551,13.0153749],[80.2752474,13.0153574],[80.275249,13.0153436],[80.2752707,13.0153265],[80.275276,13.0153077],[80.2752722,13.0152869],[80.2752638,13.0152735],[80.2752431,13.0152661],[80.2752109,13.0152698],[80.2751873,13.015277],[80.2751114,13.0152951],[80.2750415,13.0153024],[80.2750272,13.0153017],[80.2750109,13.0152999],[80.2749812,13.0152931],[80.2749665,13.015289],[80.2749532,13.0152833],[80.2749376,13.0152727],[80.2749167,13.0152539],[80.2749007,13.0152375],[80.2748893,13.0152305],[80.2748696,13.0152178],[80.2748603,13.0152119],[80.274853,13.0152096],[80.2748422,13.015207],[80.2748278,13.0152074],[80.2748122,13.0152129],[80.274798,13.0152198],[80.2747597,13.0152287],[80.2747078,13.015229],[80.2746497,13.0152103],[80.2745856,13.0151557],[80.2745446,13.0151163]],[[80.2735695,13.0116973],[80.2735213,13.0116677],[80.2735088,13.0116661],[80.2734985,13.0116693],[80.2734852,13.0116745],[80.2734757,13.0116858],[80.273474,13.0117022],[80.2734808,13.0117146],[80.2734833,13.0117467],[80.2734867,13.0117706],[80.2735019,13.0117961],[80.273523,13.0118084],[80.2735306,13.0118191],[80.2735382,13.0118504],[80.2735272,13.0119023],[80.2735196,13.0119558],[80.2735247,13.0119912],[80.2735428,13.0120193],[80.2735523,13.0120521],[80.2735335,13.0120604],[80.2734793,13.0120627],[80.2733984,13.0120827],[80.2733749,13.0120958],[80.27336,13.0121147],[80.2733511,13.0121189],[80.2733316,13.0121041],[80.2733112,13.0120933],[80.2732835,13.0120884],[80.2732446,13.0120884],[80.2731474,13.0120942],[80.2730936,13.012099],[80.2730525,13.0121106],[80.2730116,13.0121383],[80.272919,13.0121487],[80.2728588,13.0121636],[80.2728261,13.0121635],[80.2727727,13.0121465],[80.2727444,13.0121145],[80.2726965,13.0120917],[80.2726221,13.012094],[80.2725678,13.0120826],[80.2724742,13.0120618],[80.2724241,13.0120722],[80.2723667,13.0120867],[80.2723209,13.0120784],[80.2722826,13.0120846],[80.2722517,13.0121168],[80.2722347,13.0121427],[80.2721919,13.0121715],[80.272155,13.0121675],[80.2721165,13.0121715],[80.2720674,13.0121891],[80.2720269,13.0121996],[80.2719641,13.0121974],[80.2719163,13.0121736],[80.2718545,13.0121663],[80.2718258,13.0122036],[80.2718109,13.0122617],[80.2717814,13.0123099],[80.2717417,13.0123322],[80.2717097,13.0123551],[80.2717002,13.0123862],[80.271697,13.012416],[80.2716577,13.0124528],[80.2716179,13.0124748],[80.2715622,13.0124891],[80.2715106,13.0124984],[80.2714648,13.0125034],[80.2714258,13.0125089],[80.2713979,13.0125245],[80.2713376,13.0125245],[80.271296,13.0125271],[80.2712799,13.0125223],[80.2712697,13.0125005],[80.2712256,13.0124725],[80.2711533,13.0124476],[80.271,13.0124351],[80.2707264,13.0124566],[80.2705237,13.0124945],[80.2703649,13.0125422],[80.2701824,13.0125982],[80.2699869,13.0126789],[80.2697486,13.0127332],[80.2695729,13.0127628],[80.2693171,13.0128013],[80.2691065,13.0128209],[80.2689375,13.0128326],[80.2688343,13.0128274],[80.2687109,13.0128156],[80.2686626,13.0128182],[80.2686237,13.0128444],[80.2686264,13.0128744],[80.268641,13.012894],[80.2686774,13.0128998],[80.2687272,13.0128998],[80.268788,13.0129146],[80.2688531,13.0129442],[80.268919,13.0129788],[80.269044,13.0130126],[80.2691142,13.013015],[80.2691597,13.0130042],[80.2692206,13.0130052],[80.2692679,13.0130175],[80.2693031,13.0130373],[80.2693864,13.013056],[80.2695353,13.0130612],[80.269644,13.013047],[80.2697899,13.013049],[80.2698516,13.0130428],[80.2698899,13.013021],[80.2699133,13.0130024],[80.26999,13.0130024],[80.2700315,13.013021],[80.2700953,13.0130231],[80.2701464,13.0130076],[80.2701733,13.0130023],[80.2701986,13.0130044],[80.2702305,13.0130117],[80.270249,13.0130115],[80.2702635,13.0130076],[80.2702806,13.012992],[80.2703434,13.0129775],[80.2704259,13.0129728],[80.2704982,13.0129728],[80.2705972,13.0129614],[80.2706418,13.0129498],[80.2706786,13.0129555],[80.2707146,13.0129684],[80.270787,13.0129658],[80.2708165,13.0129344],[80.2708889,13.0129135],[80.2709342,13.0129077],[80.2710002,13.0128991],[80.2710874,13.0128782],[80.2712551,13.0128299],[80.2713476,13.012822],[80.2714173,13.012839],[80.2714417,13.0128519],[80.2714495,13.012856],[80.2714881,13.0128615],[80.2715135,13.0128533],[80.2715397,13.0128459],[80.271554,13.012822],[80.2715532,13.0128072],[80.2715591,13.0127973],[80.271587,13.0127734],[80.2716309,13.0127603],[80.2716579,13.0127586],[80.2716732,13.0127652],[80.2716808,13.012771],[80.271674,13.0127767],[80.2716453,13.0127734],[80.2716301,13.0127751],[80.2715954,13.012799],[80.2715988,13.0128253],[80.2716047,13.0128508],[80.2716123,13.012864],[80.2716166,13.0128821],[80.2715997,13.0128895],[80.271554,13.0128846],[80.2714814,13.0129101],[80.2714652,13.0129265],[80.2714397,13.0129396],[80.2713928,13.0129573],[80.2713371,13.0129795],[80.2713083,13.0129853],[80.2712915,13.0129814],[80.2712862,13.0129726],[80.2712756,13.0129638],[80.2712491,13.0129596],[80.2712298,13.0129592],[80.2711708,13.0129723],[80.2711272,13.0129899],[80.2710669,13.0129945],[80.2710079,13.0130134],[80.2709355,13.0130278],[80.2709184,13.013034],[80.2709066,13.0130474],[80.2709019,13.0130768],[80.2709153,13.0130945],[80.2709878,13.0131029],[80.2710139,13.0130964],[80.2710454,13.0130775],[80.2710635,13.0130716],[80.2710803,13.0130696],[80.2710997,13.0130781],[80.2711205,13.0130788],[80.2711494,13.0130644],[80.2711611,13.0130574],[80.2711762,13.0130526],[80.271188,13.0130518],[80.271201,13.0130546],[80.2712191,13.0130709],[80.2712432,13.013084],[80.2712614,13.0130886],[80.271266,13.0130857],[80.2712674,13.013082],[80.27125,13.0130624],[80.2712352,13.0130422],[80.271237,13.0130348],[80.2712441,13.01303],[80.2712707,13.0130272],[80.2712911,13.0130283],[80.2713116,13.013037],[80.2713204,13.0130428],[80.2713339,13.0130436],[80.2713594,13.0130397],[80.2713686,13.0130402],[80.2713841,13.0130494],[80.2713945,13.0130513],[80.2714069,13.0130468],[80.2714444,13.0130304],[80.2715001,13.0129997],[80.2715423,13.0129821],[80.2715866,13.0129801],[80.2716395,13.0129801],[80.2716905,13.0129671],[80.2717401,13.0129422],[80.271788,13.0129188],[80.2718646,13.0129074],[80.2719402,13.0129053],[80.2720126,13.0128804],[80.2720935,13.0128379],[80.2721541,13.0128099],[80.272222,13.0127847],[80.2723902,13.0127162],[80.2724934,13.0126799],[80.2725434,13.0126654],[80.2726201,13.0126644],[80.2726733,13.0126488],[80.272768,13.0126374],[80.2728809,13.0126146],[80.2730404,13.0125606],[80.2732268,13.0124822],[80.2734642,13.012379],[80.2735876,13.0123019],[80.27366,13.0122143],[80.2737123,13.0121085],[80.2737163,13.0120262],[80.273715,13.0119373],[80.2736886,13.0118232],[80.2736523,13.0117582],[80.2735695,13.0116973]],[[80.2733589,13.0152634],[80.273393,13.0152824],[80.2734501,13.0153003],[80.2735539,13.0153192],[80.2736794,13.0153281],[80.2738084,13.0153378],[80.2738914,13.015346],[80.2740396,13.0153823],[80.274156,13.0154166],[80.2741809,13.0154425],[80.2742026,13.0154819],[80.2742155,13.0155021],[80.2742108,13.0155301],[80.2741569,13.0155621],[80.27409,13.0155732],[80.2739902,13.015598],[80.2739541,13.0156129],[80.2739085,13.0156696],[80.2738844,13.0156834],[80.2738503,13.0156956],[80.273806,13.0157109],[80.2737867,13.0157054],[80.2737692,13.0156884],[80.2737452,13.0156578],[80.2737262,13.0156542],[80.2737069,13.0156606],[80.2736956,13.0156686],[80.2736944,13.0156901],[80.2736917,13.0157131],[80.2736868,13.015725],[80.2736757,13.0157336],[80.2736471,13.0157418],[80.2736169,13.0157481],[80.2735911,13.0157442],[80.2735758,13.0157348],[80.2735611,13.0157232],[80.2735451,13.0157127],[80.2735116,13.015706],[80.273476,13.0157006],[80.273423,13.015684],[80.2733585,13.0156529],[80.2733232,13.0156379],[80.2732982,13.0156308],[80.2732793,13.0156277],[80.2732529,13.0156168],[80.2732388,13.0156076],[80.2731874,13.0155999],[80.2731666,13.0155908],[80.2731471,13.0155758],[80.2731171,13.015573],[80.27305,13.0155593],[80.2730103,13.0155321],[80.2729225,13.0155147],[80.2727781,13.0154632],[80.2727508,13.0154534],[80.2726819,13.0153992],[80.2726684,13.015346],[80.2726321,13.0153301],[80.2726255,13.0152661],[80.2726123,13.0152334],[80.2725687,13.0151982],[80.272552,13.0151922],[80.272534,13.015191],[80.2724974,13.0151997],[80.2724798,13.0151987],[80.2724674,13.0151886],[80.2724599,13.0151881],[80.2724492,13.0151985],[80.2724459,13.0152223],[80.2724365,13.0152502],[80.2724184,13.0152773],[80.2724013,13.0152886],[80.2723716,13.0153092],[80.2723507,13.0153304],[80.2723261,13.0153587],[80.2723131,13.0153904],[80.2722896,13.0154424],[80.2722648,13.0154763],[80.2722503,13.0154783],[80.2722294,13.0154665],[80.2722094,13.0154395],[80.2722017,13.0154],[80.2722121,13.0153481],[80.2722571,13.0152648],[80.2723195,13.0152077],[80.2723908,13.0151596],[80.2724064,13.0151388],[80.2724095,13.0151091],[80.2724203,13.0150769],[80.2724879,13.0150271],[80.2725593,13.0150029],[80.2726725,13.0149961],[80.2727659,13.0149775],[80.272884,13.0149323],[80.2729218,13.0149105],[80.2729849,13.014895],[80.2730253,13.0148937],[80.2730729,13.014895],[80.2731407,13.0148941],[80.2732098,13.0148908],[80.273301,13.0148831],[80.2733327,13.0148852],[80.2733639,13.014895],[80.2734008,13.0149306],[80.2734772,13.0149832],[80.2735473,13.0150393],[80.2736523,13.0150847],[80.2737276,13.0151246],[80.2737768,13.0151517],[80.2738109,13.0151741],[80.2738187,13.0151814],[80.2738198,13.0151888],[80.2738178,13.015195],[80.2738039,13.0152043],[80.273741,13.0152103],[80.2736664,13.0152128],[80.2736252,13.0152158],[80.273596,13.0152293],[80.273529,13.0152516],[80.2734901,13.0152701],[80.2734697,13.015275],[80.273445,13.0152746],[80.2734124,13.0152538],[80.2733697,13.0152326],[80.2733088,13.0152165],[80.2731832,13.0152117],[80.2730659,13.0152086],[80.2729732,13.0151957],[80.272917,13.0151762],[80.2728909,13.0151597],[80.2728692,13.015148],[80.2728409,13.0151444],[80.2728337,13.0151545],[80.2728329,13.0151639],[80.2728508,13.0151794],[80.2728651,13.0151961],[80.2728903,13.0152142],[80.2729212,13.0152354],[80.2730111,13.01526],[80.2731612,13.0152846],[80.273196,13.0152855],[80.2732309,13.0152828],[80.2732641,13.0152676],[80.2733238,13.015259],[80.2733589,13.0152634]]]]}},
{"type":"Feature","properties":{"full_id":"r2336606","osm_id":"2336606","osm_type":"relation","natural":"water","salt":null,"man_made":null,"layer":null,"covered":null,"landuse":null,"barrier":null,"tidal":null,"name:ta":null,"intermittent":null,"wikimedia_commons":null,"alt_name":null,"wetland":null,"place":null,"wikipedia":null,"wikidata":null,"name":null,"water":"reservoir","type":"multipolygon"},"geometry":{"type":"MultiPolygon","coordinates":[[[[80.2682643,13.111319],[80.2681838,13.111178],[80.2681248,13.1111101],[80.2679746,13.1110578],[80.2677262,13.1109209],[80.26732,13.1106066],[80.2677306,13.1106196],[80.2682738,13.1106489],[80.2686398,13.110713],[80.2687954,13.1107443],[80.2689617,13.1107391],[80.2691548,13.1107234],[80.2692943,13.1106869],[80.2694766,13.1106817],[80.2695517,13.1107182],[80.2697191,13.1107251],[80.2695383,13.1108416],[80.2695417,13.1108959],[80.2695391,13.1109659],[80.2695088,13.1110421],[80.2696268,13.1111048],[80.2696376,13.1111884],[80.2695839,13.1112877],[80.2695947,13.1114026],[80.2695732,13.1114758],[80.269482,13.1115437],[80.2693854,13.1116116],[80.2693908,13.11169],[80.2694445,13.1117266],[80.2694981,13.1118102],[80.2695035,13.1118676],[80.2693962,13.111852],[80.2693103,13.1118049],[80.2692513,13.1117266],[80.2691601,13.1117893],[80.2691011,13.111784],[80.2690636,13.1117318],[80.2689699,13.1116617],[80.2688814,13.1116005],[80.2687149,13.1115071],[80.2685701,13.111528],[80.268452,13.1114497],[80.2682643,13.111319]],[[80.2694176,13.1115071],[80.2694123,13.1113295],[80.2694176,13.1112616],[80.2694659,13.1112511],[80.2695035,13.1112877],[80.2694659,13.1114706],[80.2694176,13.1115071]],[[80.2692299,13.1113556],[80.2692031,13.1113034],[80.2692245,13.1112511],[80.269305,13.1112407],[80.2693479,13.1112668],[80.2693103,13.1113452],[80.2692299,13.1113556]]]]}},
{"type":"Feature","properties":{"full_id":"r2336642","osm_id":"2336642","osm_type":"relation","natural":"water","salt":null,"man_made":null,"layer":null,"covered":null,"landuse":null,"barrier":null,"tidal":null,"name:ta":null,"intermittent":null,"wikimedia_commons":null,"alt_name":null,"wetland":null,"place":null,"wikipedia":"en:Ennore Creek","wikidata":"Q5379239","name":"Ennore Creek","water":"river","type":"multipolygon"},"geometry":{"type":"MultiPolygon","coordinates":[[[[80.1965031,13.2733201],[80.1967403,13.2733871],[80.1981592,13.2767113],[80.1992273,13.2776264],[80.2000459,13.2788],[80.2011502,13.279482],[80.2015901,13.279743],[80.2020621,13.2798997],[80.2028843,13.2802253],[80.2034247,13.2801503],[80.2043259,13.2798475],[80.2048623,13.2799623],[80.2050125,13.2797222],[80.2052808,13.2795655],[80.2055597,13.2794193],[80.2058816,13.2793567],[80.2060622,13.2795587],[80.2060962,13.2795968],[80.2063,13.279837],[80.2067506,13.279837],[80.2073081,13.2799276],[80.2107736,13.2786581],[80.2117717,13.2779992],[80.2126347,13.277208],[80.2134669,13.2764538],[80.21469,13.2759526],[80.2158517,13.27557],[80.2166963,13.2751381],[80.217919,13.2748495],[80.220724,13.2751583],[80.2230572,13.2748152],[80.2263168,13.2737172],[80.2294735,13.2722761],[80.2302146,13.2720472],[80.2312577,13.2720359],[80.2337762,13.2726329],[80.235632,13.2729298],[80.2369603,13.2726329],[80.2394308,13.2712056],[80.2411326,13.2694762],[80.2423404,13.2676646],[80.2443168,13.2666764],[80.2453959,13.2659906],[80.2465546,13.2656878],[80.2486753,13.2653025],[80.2497303,13.2650403],[80.2503312,13.2645913],[80.2505752,13.2641236],[80.2521948,13.262257],[80.2527155,13.2614918],[80.2536631,13.2606179],[80.2541613,13.2597981],[80.2544601,13.2587304],[80.2546012,13.2568741],[80.2544639,13.2553803],[80.2544188,13.2540858],[80.2544296,13.2527178],[80.2541599,13.2499815],[80.2543187,13.2491085],[80.2546706,13.2475211],[80.2547049,13.2464935],[80.2546019,13.2452319],[80.2542929,13.2444299],[80.2532201,13.2443797],[80.2522158,13.2437782],[80.2513747,13.24255],[80.251143,13.241631],[80.2514777,13.2407621],[80.2517867,13.2397679],[80.2524218,13.2391412],[80.2535462,13.2388822],[80.2550483,13.2386232],[80.2557521,13.2381888],[80.2559924,13.2372864],[80.2562756,13.2360749],[80.256679,13.2349303],[80.2573196,13.2343915],[80.2584957,13.2342905],[80.259568,13.2342905],[80.2601638,13.2341031],[80.2612195,13.2334264],[80.2626271,13.2322316],[80.2634425,13.2311872],[80.2637515,13.2302347],[80.2639832,13.2274858],[80.2642579,13.2265667],[80.2652192,13.225422],[80.2663007,13.2247536],[80.2666354,13.2238512],[80.267013,13.2224391],[80.2680945,13.2217623],[80.2693219,13.2208683],[80.2701201,13.2196651],[80.2710557,13.2179187],[80.2715106,13.2167322],[80.2720685,13.2163144],[80.2725835,13.2160303],[80.273004,13.2159551],[80.2739911,13.2154371],[80.2747979,13.2145848],[80.2755704,13.2133816],[80.2762913,13.2127799],[80.2768901,13.2123394],[80.2774839,13.2118613],[80.2777614,13.2114927],[80.2780938,13.2107077],[80.2788663,13.2099222],[80.2797675,13.2086521],[80.2805915,13.2074154],[80.2810893,13.206914],[80.2810549,13.2059949],[80.2812609,13.2047582],[80.2814245,13.2040672],[80.2815012,13.2032722],[80.2815081,13.2030879],[80.2815092,13.2029328],[80.2815245,13.2027833],[80.2815488,13.2025913],[80.281543,13.202387],[80.2815065,13.2021428],[80.2814573,13.2019698],[80.2813949,13.2017928],[80.2812786,13.2014183],[80.2812357,13.2009252],[80.2814331,13.1992038],[80.2819481,13.1979671],[80.282506,13.1973487],[80.2836475,13.1968474],[80.2843342,13.1962791],[80.2853985,13.1955438],[80.287261,13.1947165],[80.2885227,13.1941816],[80.2894668,13.1936552],[80.2905655,13.1933126],[80.2915697,13.1931204],[80.2922821,13.1926023],[80.292634,13.1919755],[80.2929602,13.1909477],[80.2930889,13.1897109],[80.2930889,13.1885911],[80.2933636,13.1874379],[80.2937498,13.186552],[80.2942305,13.1859253],[80.2949085,13.1854322],[80.2952433,13.1849308],[80.2953368,13.1845824],[80.2943043,13.1836845],[80.2938965,13.183735],[80.2934662,13.183404],[80.2932511,13.1826593],[80.2932842,13.1821298],[80.2934993,13.1821132],[80.2937806,13.1823284],[80.2937641,13.1820801],[80.2935655,13.1815506],[80.2931518,13.1811203],[80.2927381,13.1808721],[80.2919903,13.1802677],[80.2912865,13.1792983],[80.2909174,13.1786548],[80.2903681,13.1782119],[80.2898102,13.1779612],[80.2892351,13.1779444],[80.2887201,13.1779779],[80.2881794,13.1778943],[80.2878704,13.1775517],[80.2875013,13.1767745],[80.287158,13.176482],[80.2868318,13.1763566],[80.2864027,13.1763065],[80.2855272,13.1764987],[80.2849436,13.1766909],[80.2842741,13.1771004],[80.2829866,13.1781367],[80.2822313,13.1785629],[80.2820339,13.1786214],[80.282403,13.1782035],[80.2837505,13.1771923],[80.2845831,13.1765572],[80.285207,13.1763367],[80.28546,13.1762523],[80.2855786,13.1762144],[80.2857113,13.1761816],[80.2862333,13.1760817],[80.2865008,13.1760776],[80.2868155,13.1761179],[80.2870562,13.1761782],[80.2872774,13.1762643],[80.2873924,13.176316],[80.2876387,13.176482],[80.2879991,13.1771923],[80.2883253,13.1775851],[80.2888145,13.1776436],[80.2894325,13.1775349],[80.2900677,13.1776436],[80.29072,13.1780614],[80.2912779,13.1784041],[80.2919216,13.1793735],[80.2926598,13.1801005],[80.2930117,13.1801089],[80.2933007,13.1802598],[80.2938137,13.1805411],[80.2947901,13.181865],[80.295932,13.1836357],[80.2965277,13.1843142],[80.2975868,13.1849762],[80.2986625,13.1855223],[80.2993906,13.1863166],[80.3022536,13.1905531],[80.3030479,13.192241],[80.3044711,13.1952529],[80.3057619,13.1983806],[80.3065562,13.2005154],[80.3073671,13.2017731],[80.3086579,13.2032625],[80.309899,13.2048677],[80.3110384,13.207572],[80.3115223,13.2081556],[80.3120575,13.2090072],[80.3130917,13.2115499],[80.3134159,13.2122633],[80.3145994,13.2143471],[80.316317,13.2171395],[80.3166988,13.2178236],[80.3167811,13.2182744],[80.317131,13.2188555],[80.3176095,13.2194052],[80.3177758,13.2194589],[80.3181031,13.2204213],[80.3181891,13.221086],[80.319026,13.2221058],[80.3201398,13.2249964],[80.3200826,13.2251921],[80.3205653,13.2261419],[80.3205759,13.226232],[80.3209892,13.2264587],[80.3212359,13.226892],[80.3226826,13.228055],[80.3254791,13.2297031],[80.3259627,13.230148],[80.3280389,13.2312586],[80.3282036,13.231435],[80.328481,13.2315709],[80.3286848,13.2316132],[80.3288366,13.2317335],[80.3289885,13.2317712],[80.3292073,13.2317543],[80.3293586,13.2317669],[80.3294215,13.2319968],[80.3295661,13.2321372],[80.3303197,13.2321936],[80.3305397,13.2322593],[80.330629,13.2322306],[80.3307706,13.2322119],[80.3311641,13.2324336],[80.3307993,13.2327922],[80.3304638,13.2331649],[80.3302485,13.2329239],[80.3300609,13.2328332],[80.3298309,13.2327838],[80.3297628,13.2327867],[80.3297253,13.2328221],[80.3296075,13.2328857],[80.3295394,13.2330655],[80.3295143,13.2333131],[80.3296088,13.2334875],[80.3295039,13.2337066],[80.3292616,13.2339089],[80.3291632,13.2341715],[80.3292096,13.2343189],[80.3295828,13.234474],[80.3297988,13.2344759],[80.3300995,13.2344163],[80.3301996,13.2344339],[80.3303166,13.2344652],[80.3304305,13.2344926],[80.3305581,13.2345656],[80.3306984,13.2347146],[80.3307327,13.2347833],[80.3306729,13.2348314],[80.3305632,13.2348438],[80.3303878,13.2347869],[80.3302513,13.2347291],[80.3298175,13.2346875],[80.3297138,13.2347967],[80.3296092,13.2351361],[80.3293544,13.2352667],[80.3288475,13.2353153],[80.3282661,13.2356024],[80.3280123,13.2356449],[80.3276998,13.2355955],[80.32747,13.2353797],[80.3271366,13.2351754],[80.3269255,13.2350954],[80.3268698,13.2351439],[80.3251955,13.2340806],[80.3252394,13.2339757],[80.323185,13.2331511],[80.318837,13.2324705],[80.3182816,13.2325844],[80.3178906,13.2322609],[80.317871,13.2313189],[80.3178222,13.2313379],[80.3176169,13.2318042],[80.3173899,13.2327224],[80.3162311,13.2339757],[80.316317,13.2361062],[80.3170465,13.239866],[80.3169607,13.242456],[80.3164028,13.2451713],[80.3151153,13.2460067],[80.3136991,13.2460485],[80.3136562,13.2442105],[80.3146004,13.2437927],[80.3152012,13.2406597],[80.314772,13.2388216],[80.3143201,13.2364603],[80.3143467,13.2363039],[80.3143308,13.2362003],[80.3142913,13.2361229],[80.3142409,13.2360732],[80.3141949,13.2359984],[80.3141367,13.2358499],[80.3140218,13.2356231],[80.3138997,13.235402],[80.3138128,13.2352344],[80.3137618,13.2351389],[80.3137283,13.2350491],[80.3136737,13.2349259],[80.3136534,13.2348717],[80.3136573,13.2348469],[80.3136735,13.234827],[80.3136745,13.2347909],[80.3136555,13.2347183],[80.3136395,13.2345755],[80.3136497,13.2344472],[80.3136818,13.2343661],[80.3137544,13.2343078],[80.313893,13.234223],[80.3140075,13.2341282],[80.3140483,13.2340144],[80.314091,13.2338533],[80.3140834,13.2337523],[80.3140116,13.2335795],[80.313886,13.2333982],[80.3137234,13.2331971],[80.31353,13.2329881],[80.3134406,13.2329279],[80.3130536,13.2326626],[80.3129076,13.2325031],[80.3172775,13.2271028],[80.3173832,13.2269013],[80.3174357,13.2266625],[80.3174083,13.2265869],[80.3172766,13.2265011],[80.3172544,13.226384],[80.3168016,13.226033],[80.316666,13.2260256],[80.3160677,13.226855],[80.3159925,13.2268689],[80.3149866,13.2259546],[80.3129696,13.2251191],[80.3120254,13.2234897],[80.3105663,13.2191448],[80.3094076,13.2180586],[80.3073047,13.2166381],[80.3062319,13.2150088],[80.306661,13.2131705],[80.3069883,13.2123844],[80.3072846,13.211673],[80.308973,13.2092531],[80.3091638,13.2080735],[80.3091389,13.2070658],[80.3089668,13.2058806],[80.3086418,13.2051351],[80.3079536,13.2044277],[80.3072846,13.2040645],[80.3065008,13.2039116],[80.3058415,13.2037769],[80.3053698,13.2036764],[80.3041424,13.2034173],[80.3033356,13.2035343],[80.3026919,13.2038518],[80.3020997,13.2045538],[80.3016705,13.2050551],[80.3010611,13.2053894],[80.3003831,13.2054896],[80.2994904,13.2053977],[80.2978768,13.2051554],[80.2972684,13.2051843],[80.296144,13.2050674],[80.2952342,13.2052595],[80.2944639,13.2054643],[80.2938094,13.2051927],[80.2930112,13.2053765],[80.2922988,13.2055771],[80.2913546,13.2056105],[80.2907195,13.2054601],[80.2901959,13.2050089],[80.2897925,13.2047749],[80.2890372,13.2048835],[80.2884536,13.2053849],[80.2882561,13.2060367],[80.2879386,13.2068472],[80.2878957,13.2080839],[80.287621,13.2086772],[80.287003,13.2090615],[80.2863507,13.2091952],[80.2855954,13.2090448],[80.2849431,13.2086855],[80.2842479,13.2085184],[80.2836556,13.2085853],[80.2829346,13.2089028],[80.2823853,13.209588],[80.2815442,13.2100476],[80.2802653,13.2109667],[80.2793641,13.2113845],[80.2786774,13.2120279],[80.2771926,13.2133648],[80.2757506,13.2147101],[80.2746777,13.2158549],[80.2734589,13.21654],[80.2723088,13.2171166],[80.2720513,13.2174007],[80.2716994,13.2181527],[80.2716651,13.218771],[80.2710728,13.2199157],[80.2707982,13.2206928],[80.2704291,13.2215033],[80.2703519,13.222155],[80.2705149,13.2229989],[80.2708239,13.223659],[80.2713818,13.2243525],[80.2720942,13.2248455],[80.2728238,13.2257813],[80.2731499,13.2262576],[80.2733216,13.2270346],[80.2732701,13.2287809],[80.2731156,13.2291067],[80.272841,13.2293741],[80.2725148,13.2300509],[80.272532,13.2306859],[80.2727895,13.2317721],[80.2729182,13.2327914],[80.2732615,13.2334682],[80.2735276,13.2344624],[80.2732873,13.2362086],[80.2728925,13.2376708],[80.2719483,13.2384979],[80.2706351,13.2397929],[80.2698025,13.241372],[80.2691417,13.2427088],[80.2681718,13.244079],[80.2673135,13.2451651],[80.265923,13.2461844],[80.2643094,13.2464434],[80.263494,13.2468527],[80.2618117,13.2479305],[80.2600264,13.2482145],[80.2575803,13.2485153],[80.2560525,13.2491001],[80.2553658,13.2495931],[80.2551341,13.2500526],[80.2555161,13.2539948],[80.256027,13.2592424],[80.2560604,13.2598242],[80.2557401,13.2608325],[80.2556473,13.2614846],[80.2555937,13.2619232],[80.255481,13.2620955],[80.2546012,13.2621268],[80.2542257,13.2623357],[80.2539535,13.2626323],[80.2532378,13.2634099],[80.2522731,13.2649881],[80.2517055,13.2658849],[80.2507603,13.2663665],[80.2498269,13.2666276],[80.2487443,13.267132],[80.2455794,13.2679391],[80.2431995,13.269288],[80.2419107,13.2709911],[80.2397053,13.2731545],[80.2386475,13.2736657],[80.2374115,13.2739666],[80.2362656,13.2742714],[80.2348193,13.2741427],[80.2316184,13.2736328],[80.2297137,13.2737309],[80.2295334,13.2737898],[80.2270486,13.2748038],[80.2259338,13.2754409],[80.224785,13.2760832],[80.2235949,13.2766313],[80.2223894,13.2769384],[80.2206766,13.2772683],[80.2197862,13.2772892],[80.2186805,13.277473],[80.2152478,13.2779307],[80.214057,13.278302],[80.2131828,13.2790388],[80.2112402,13.2813893],[80.2106452,13.2825623],[80.2101517,13.282886],[80.2096367,13.2824162],[80.2096045,13.2820611],[80.2090263,13.2817268],[80.2083814,13.2821238],[80.2079737,13.2822282],[80.207566,13.2821656],[80.207169,13.2823013],[80.205946,13.2823744],[80.2059352,13.282625],[80.2058494,13.2829278],[80.2056026,13.2829382],[80.2053881,13.2830844],[80.2052808,13.2832619],[80.2049267,13.2836587],[80.2043688,13.2839198],[80.2047409,13.2831813],[80.203472,13.2825696],[80.2015471,13.2814973],[80.1991628,13.2795405],[80.1981159,13.2782248],[80.196489,13.2765838],[80.1960079,13.2762301],[80.1948762,13.2757774],[80.1938434,13.2750559],[80.193666,13.2748946],[80.1934847,13.2747298],[80.1965031,13.2733201]],[[80.3102473,13.2092599],[80.3092182,13.2106024],[80.3084361,13.2117446],[80.3080244,13.2139487],[80.3081274,13.2153112],[80.3086007,13.2166136],[80.3093211,13.2170344],[80.3101856,13.2171145],[80.3105355,13.216794],[80.3103091,13.2158923],[80.310165,13.2148504],[80.3103091,13.2137082],[80.3103502,13.2134878],[80.311297,13.215171],[80.3119145,13.2161728],[80.3126966,13.2171546],[80.3133552,13.2179361],[80.3133141,13.2185772],[80.312923,13.2188978],[80.3129436,13.2193587],[80.3132935,13.2190381],[80.313808,13.2184971],[80.3140139,13.2177958],[80.3136845,13.216814],[80.3134675,13.2159622],[80.3131906,13.2152311],[80.312929,13.2149633],[80.3124311,13.2140286],[80.3122026,13.2133275],[80.3112353,13.2111635],[80.3106384,13.2098009],[80.3102473,13.2092599]],[[80.3133948,13.2141273],[80.3135039,13.2145878],[80.3137077,13.2148712],[80.3139915,13.2152892],[80.3139623,13.2149562],[80.3138386,13.2146162],[80.3136786,13.2143895],[80.3134966,13.2141061],[80.3133948,13.2141273]],[[80.3145736,13.2161038],[80.314399,13.2157567],[80.3143189,13.2154308],[80.3143771,13.2152041],[80.3145736,13.2154663],[80.314741,13.215693],[80.3148283,13.2159834],[80.3148429,13.2162951],[80.3148356,13.2165076],[80.3147119,13.2162597],[80.3145736,13.2161038]],[[80.3158689,13.2179528],[80.3156579,13.2175986],[80.3155487,13.2172798],[80.3154105,13.2168193],[80.3154105,13.2164014],[80.3154177,13.2163093],[80.3156142,13.2167202],[80.3158471,13.2171452],[80.3159926,13.2174144],[80.3160217,13.2177403],[80.3158689,13.2179528]],[[80.3158325,13.2182007],[80.3159489,13.218562],[80.3161454,13.2188029],[80.3164365,13.2190296],[80.316764,13.2192563],[80.3169604,13.2194263],[80.3167276,13.2190933],[80.3162837,13.2185762],[80.3159126,13.2182007],[80.3158325,13.2182007]],[[80.3136845,13.2196192],[80.3143432,13.2193186],[80.3145284,13.2188578],[80.3151253,13.2197795],[80.3158045,13.2204206],[80.316813,13.2209416],[80.3173482,13.2214024],[80.3178216,13.2225445],[80.3176569,13.2230454],[80.3174511,13.2237267],[80.3174305,13.2239471],[80.316669,13.2235263],[80.315434,13.2229252],[80.3146725,13.2224043],[80.3140344,13.2219835],[80.3135611,13.2211219],[80.3135199,13.2202804],[80.3136845,13.2196192]],[[80.2604384,13.2343789],[80.2616562,13.2335745],[80.2618804,13.2334264],[80.2632537,13.2320645],[80.2639403,13.2310034],[80.2641721,13.2301762],[80.2642751,13.2286806],[80.2643008,13.2272769],[80.2647042,13.226433],[80.2654767,13.2255223],[80.2665324,13.2249792],[80.2668414,13.2244779],[80.2669959,13.2237426],[80.2670529,13.2234958],[80.2671504,13.2230741],[80.2675366,13.2226396],[80.2682404,13.2222887],[80.2693219,13.2216955],[80.2698455,13.2209351],[80.2700429,13.221002],[80.269751,13.2217874],[80.2698025,13.2228235],[80.2702489,13.2239431],[80.27109,13.2247452],[80.2719655,13.2255139],[80.2724633,13.2261991],[80.2727122,13.227302],[80.2724633,13.2281041],[80.2720256,13.2289229],[80.2718367,13.2296916],[80.2718968,13.2306274],[80.2720771,13.2319893],[80.272223,13.2328666],[80.2722659,13.2337522],[80.2722144,13.2363256],[80.271914,13.2374535],[80.2710299,13.238523],[80.2697425,13.2395506],[80.2691962,13.2399067],[80.2688765,13.2405177],[80.2683263,13.2419568],[80.2676911,13.2432435],[80.2670903,13.2444299],[80.266232,13.2451985],[80.2652535,13.2456413],[80.2637086,13.2460173],[80.2627043,13.246577],[80.2615714,13.2473874],[80.2602324,13.2478052],[80.2592196,13.2477467],[80.258121,13.247471],[80.2570481,13.2469697],[80.2559924,13.2467274],[80.2555547,13.2466021],[80.2552628,13.2457833],[80.2549968,13.2444633],[80.2545504,13.2434356],[80.2538724,13.2425918],[80.2528338,13.2420153],[80.2525935,13.2412634],[80.2533917,13.2397177],[80.2545762,13.2395256],[80.255692,13.2392833],[80.2563615,13.2384645],[80.2568764,13.2365595],[80.257194,13.2353146],[80.2576309,13.2349303],[80.2587724,13.2347956],[80.2596718,13.2346946],[80.2604384,13.2343789]],[[80.2834844,13.205705],[80.2842998,13.2047607],[80.2853813,13.2036661],[80.2862654,13.2026968],[80.285819,13.2023709],[80.2850895,13.2030812],[80.2840338,13.2035658],[80.2827978,13.2035909],[80.2827635,13.2030561],[80.282609,13.2025129],[80.282094,13.2030644],[80.2819052,13.2030143],[80.2818964,13.2021642],[80.2818955,13.2020772],[80.2818204,13.2018899],[80.2817552,13.2016357],[80.2816691,13.2013488],[80.2816123,13.2011711],[80.2816196,13.2010253],[80.2816638,13.2008422],[80.2817147,13.2006116],[80.2818254,13.2003939],[80.2819238,13.2001778],[80.2819768,13.1999191],[80.2820124,13.1998003],[80.2820868,13.1996536],[80.2822426,13.1994639],[80.2824059,13.1992404],[80.2824932,13.1990811],[80.2844543,13.1981259],[80.2855701,13.1979003],[80.2866173,13.1981593],[80.2878699,13.1989422],[80.2890801,13.1994687],[80.2906422,13.200438],[80.2910628,13.201399],[80.2922559,13.2022764],[80.2929682,13.2030117],[80.2931227,13.203839],[80.2935433,13.2043184],[80.293303,13.2045576],[80.2923417,13.2050423],[80.2915349,13.2052345],[80.2907796,13.2049587],[80.2900843,13.2044824],[80.2895179,13.2042067],[80.2894234,13.2034797],[80.2889943,13.2028697],[80.2884278,13.2024519],[80.2880158,13.2024352],[80.288033,13.2027861],[80.2887368,13.2032374],[80.2889685,13.2039309],[80.2891059,13.2044406],[80.2887711,13.204683],[80.2881188,13.2052345],[80.2877326,13.2060868],[80.2872948,13.2071397],[80.2866339,13.2081006],[80.2859044,13.2085268],[80.2853465,13.2085268],[80.2844195,13.2081507],[80.2834239,13.2081758],[80.2828746,13.2082259],[80.2828574,13.2073402],[80.2830977,13.2063208],[80.2834844,13.205705]],[[80.3059049,13.2031004],[80.3052411,13.202941],[80.3042369,13.202799],[80.3034301,13.2027655],[80.3028378,13.2029661],[80.3023057,13.2033588],[80.3017049,13.2039103],[80.3015074,13.2044284],[80.30125,13.2047292],[80.3008466,13.2049298],[80.300426,13.2049883],[80.3000655,13.2048044],[80.2994733,13.2044535],[80.2990012,13.2042947],[80.2979712,13.2042529],[80.2973113,13.2042652],[80.2960667,13.2041983],[80.29532,13.2040646],[80.2947863,13.2037087],[80.2946934,13.2036468],[80.2941785,13.2029365],[80.2936721,13.2023934],[80.2922816,13.2012486],[80.2905478,13.1997194],[80.2897496,13.198725],[80.2884364,13.1977306],[80.2872348,13.1971038],[80.2867117,13.1968641],[80.2865486,13.1966552],[80.2866945,13.1962875],[80.2875528,13.1957861],[80.2887974,13.1948167],[80.2905054,13.1941566],[80.291398,13.1936886],[80.292325,13.1931204],[80.2928057,13.1925438],[80.2930975,13.1918335],[80.2935352,13.190463],[80.2938957,13.1889839],[80.2945738,13.1873042],[80.295166,13.1859838],[80.2957668,13.1853905],[80.2961598,13.1852408],[80.2966686,13.1853455],[80.2975964,13.1858244],[80.2982099,13.1866922],[80.298988,13.1877846],[80.2997104,13.1894641],[80.3001333,13.1905424],[80.3010423,13.1917897],[80.301888,13.1928679],[80.3024377,13.1947707],[80.3029028,13.1960814],[80.3030085,13.1969482],[80.3029239,13.1974979],[80.3025223,13.1975191],[80.3023108,13.1981744],[80.30248,13.1989778],[80.3030296,13.1996966],[80.3036428,13.2000772],[80.304425,13.2008383],[80.3050381,13.2014937],[80.3056512,13.2024662],[80.3062009,13.202741],[80.3063066,13.2029736],[80.3059049,13.2031004]]]]}},
{"type":"Feature","properties":{"full_id":"r9149085","osm_id":"9149085","osm_type":"relation","natural":"water","salt":null,"man_made":null,"layer":null,"covered":null,"landuse":null,"barrier":null,"tidal":null,"name:ta":null,"intermittent":null,"wikimedia_commons":null,"alt_name":null,"wetland":null,"place":null,"wikipedia":"en:Chetput Lake","wikidata":"Q5094189","name":"Chetpet Lake","water":"lake","type":"multipolygon"},"geometry":{"type":"MultiPolygon","coordinates":[[[[80.2407352,13.0760689],[80.240805,13.0761264],[80.2410303,13.0761369],[80.2413414,13.0761003],[80.2414755,13.0760167],[80.2414326,13.0755203],[80.2414648,13.075468],[80.2425055,13.0753896],[80.2426021,13.0753635],[80.2426825,13.0752799],[80.2427067,13.0752407],[80.2427523,13.0752381],[80.2428166,13.0753113],[80.242822,13.0756143],[80.2428756,13.0757502],[80.2431546,13.0757397],[80.2434282,13.0756718],[80.2441416,13.0756509],[80.2442168,13.07563],[80.2442436,13.0755568],[80.2442382,13.0754158],[80.2441846,13.0753269],[80.2428596,13.0750657],[80.2427737,13.0750866],[80.2427523,13.0751388],[80.2427013,13.0751336],[80.2425752,13.0747783],[80.2408532,13.0743236],[80.2407782,13.0743864],[80.2407567,13.0744386],[80.2407352,13.0760689]],[[80.2411912,13.0752433],[80.2412771,13.0752799],[80.2413897,13.0752538],[80.2414273,13.075144],[80.2413897,13.07505],[80.2412931,13.0750186],[80.2411966,13.0750448],[80.241159,13.0751493],[80.2411912,13.0752433]]]]}},
{"type":"Feature","properties":{"full_id":"r11915438","osm_id":"11915438","osm_type":"relation","natural":"water","salt":null,"man_made":null,"layer":null,"covered":null,"landuse":null,"barrier":null,"tidal":null,"name:ta":null,"intermittent":null,"wikimedia_commons":null,"alt_name":null,"wetland":null,"place":null,"wikipedia":null,"wikidata":null,"name":"Narayanapuram Lake","water":"reservoir","type":"multipolygon"},"geometry":{"type":"MultiPolygon","coordinates":[[[[80.2012631,12.9474962],[80.2009798,12.9459738],[80.2021471,12.9448864],[80.2033505,12.9435862],[80.203875,12.9428568],[80.2041962,12.9423969],[80.2043104,12.9426674],[80.203323,12.9475213],[80.2030226,12.9485],[80.2030398,12.948776],[80.2028811,12.9489965],[80.2027176,12.9491364],[80.2023598,12.9494679],[80.2021035,12.949666],[80.2018916,12.9497444],[80.2010452,12.9497851],[80.2000756,12.9496639],[80.200074,12.9487255],[80.2013273,12.9485382],[80.20124,12.9479676],[80.2007557,12.9480664],[80.2005604,12.948012],[80.200519,12.9478776],[80.2003568,12.9479014],[80.2005163,12.9476886],[80.2012631,12.9474962]]]]}},
{"type":"Feature","properties":{"full_id":"r12669711","osm_id":"12669711","osm_type":"relation","natural":"water","salt":null,"man_made":null,"layer":null,"covered":null,"landuse":null,"barrier":null,"tidal":null,"name:ta":null,"intermittent":null,"wikimedia_commons":null,"alt_name":null,"wetland":null,"place":null,"wikipedia":null,"wikidata":null,"name":null,"water":"river","type":"multipolygon"},"geometry":{"type":"MultiPolygon","coordinates":[[[[80.2904099,13.0683484],[80.2903113,13.0683908],[80.2901214,13.0684672],[80.2896458,13.068647],[80.28959,13.068622],[80.2895521,13.068549],[80.2894705,13.0684053],[80.2891106,13.0680509],[80.2890937,13.0680131],[80.2885928,13.068175],[80.2883818,13.0681216],[80.288243,13.0681634],[80.2879628,13.0682438],[80.2878773,13.0682883],[80.287752,13.068426],[80.2876418,13.0685836],[80.2869591,13.0688109],[80.2862463,13.0690126],[80.2860358,13.0689124],[80.285791,13.0690756],[80.2856478,13.0691844],[80.2850801,13.0693016],[80.2847945,13.0693711],[80.2846135,13.0694122],[80.2844851,13.0694487],[80.2844435,13.0694812],[80.2843941,13.0695453],[80.2843569,13.0696172],[80.2842987,13.0697649],[80.2842494,13.0699455],[80.2842068,13.0701463],[80.284178,13.0703],[80.284246,13.0704384],[80.2836895,13.0706398],[80.2831283,13.0700639],[80.282719,13.0696937],[80.2823412,13.0694187],[80.2821201,13.0692631],[80.2819359,13.0691838],[80.2817019,13.0691219],[80.2815059,13.0690818],[80.2813748,13.069055],[80.2812447,13.0690547],[80.2811132,13.0690756],[80.2806041,13.0691888],[80.2800403,13.0693264],[80.2797635,13.0694298],[80.2796015,13.069482],[80.2794518,13.0695414],[80.2793028,13.0696227],[80.2791699,13.0697017],[80.2789918,13.0698014],[80.2788797,13.0698807],[80.2788126,13.0699208],[80.2786505,13.0700242],[80.2782733,13.0702739],[80.2781352,13.0703687],[80.2780058,13.0704431],[80.2778693,13.0705266],[80.2777871,13.07059],[80.2774333,13.0708154],[80.2771863,13.07098],[80.2769653,13.0711606],[80.2768343,13.0712785],[80.2766552,13.0714211],[80.2764961,13.0715496],[80.2763006,13.0717153],[80.2761385,13.0718701],[80.2759933,13.0720009],[80.2759054,13.0720892],[80.2758468,13.0721501],[80.2757926,13.0722142],[80.2757334,13.0722992],[80.2756853,13.0723798],[80.2755706,13.0725347],[80.2752998,13.0728839],[80.2751952,13.0730956],[80.274986,13.0738898],[80.274708,13.0748919],[80.2745541,13.0753843],[80.2742481,13.0767138],[80.2739785,13.0775314],[80.2737682,13.0777851],[80.2736369,13.0779917],[80.2736127,13.0781563],[80.2735832,13.0782242],[80.2730881,13.0785898],[80.2725733,13.0788505],[80.2722351,13.0789636],[80.2703711,13.0798393],[80.2695947,13.0800781],[80.2688394,13.0800948],[80.2680669,13.0799443],[80.2671228,13.0795514],[80.2666507,13.0789662],[80.2661357,13.0779211],[80.2658941,13.077191],[80.265671,13.0764371],[80.265572,13.0760632],[80.265495,13.0758123],[80.2655034,13.0756852],[80.2655335,13.0752583],[80.2655837,13.0748412],[80.2656841,13.0743898],[80.265751,13.0741356],[80.265935,13.0737967],[80.266042,13.0736745],[80.2661792,13.0735295],[80.266202,13.0734276],[80.2670513,13.0724805],[80.268201,13.0713191],[80.2685006,13.0709116],[80.2687197,13.0704798],[80.2688485,13.0700757],[80.268883,13.0697637],[80.2688937,13.0695087],[80.2688638,13.0692235],[80.2688518,13.0691095],[80.2687331,13.0685701],[80.2687257,13.0684085],[80.2685756,13.0681468],[80.2684084,13.0679238],[80.268297,13.0677752],[80.267859,13.0675624],[80.2670079,13.0673455],[80.2665353,13.0672748],[80.2656229,13.0671161],[80.2648969,13.0670437],[80.2641627,13.066968],[80.2635571,13.0668848],[80.2630575,13.0666804],[80.2618327,13.0661172],[80.2613664,13.0658205],[80.2612571,13.0656888],[80.2610697,13.0654632],[80.2608456,13.0650635],[80.2605528,13.0642748],[80.2604702,13.0639492],[80.2604456,13.0638856],[80.2602825,13.0634648],[80.2600463,13.0630409],[80.2597859,13.0626836],[80.2594104,13.0622779],[80.2589562,13.0619085],[80.2585323,13.0615209],[80.2582174,13.0613513],[80.2578844,13.0612363],[80.2575816,13.0611999],[80.2572303,13.0612242],[80.2569821,13.0613392],[80.2567035,13.0615572],[80.2564128,13.0618661],[80.256081,13.0623449],[80.2558756,13.0628824],[80.2558394,13.0633474],[80.2558575,13.0640962],[80.2559058,13.0647847],[80.2558756,13.0653826],[80.2557549,13.0658415],[80.2554891,13.0662643],[80.2550604,13.0668923],[80.2547538,13.0671914],[80.2547165,13.067278],[80.2546869,13.067335],[80.2546658,13.0673731],[80.2546481,13.0673848],[80.2546244,13.0673969],[80.2545867,13.0674248],[80.2544927,13.0674902],[80.2530614,13.0690724],[80.2529794,13.0691544],[80.2527564,13.0693774],[80.25253,13.0696039],[80.2523154,13.0697811],[80.2519865,13.0700327],[80.2516919,13.0702219],[80.2513282,13.0704554],[80.2514491,13.0704186],[80.2506363,13.0708763],[80.2506035,13.0708963],[80.2502507,13.0710671],[80.2500298,13.0711741],[80.2494319,13.0712888],[80.2490092,13.0712888],[80.2485442,13.0712344],[80.2485005,13.0712204],[80.2480912,13.0710895],[80.2475111,13.070791],[80.2470585,13.0705581],[80.2466684,13.0703843],[80.2450444,13.0696285],[80.244823,13.069562],[80.244517,13.0692006],[80.2444994,13.069179],[80.2444863,13.0691548],[80.2444704,13.0691417],[80.2444422,13.0691329],[80.2444116,13.0691312],[80.2443965,13.0691359],[80.2443801,13.0691452],[80.2443637,13.069145],[80.2443419,13.0691333],[80.2443313,13.0691251],[80.2443222,13.0691208],[80.2443206,13.0691013],[80.2443172,13.0690779],[80.2443048,13.069061],[80.2442736,13.0690478],[80.2441999,13.0690287],[80.2441583,13.0690247],[80.2441165,13.0690261],[80.2440883,13.0690164],[80.2440509,13.0689906],[80.2440561,13.0689801],[80.2440209,13.0689636],[80.2440102,13.0689852],[80.2438568,13.068869],[80.2437873,13.0688294],[80.2436882,13.0687883],[80.243551,13.0687333],[80.2433806,13.0686468],[80.2432718,13.0686022],[80.2431895,13.0685641],[80.2431352,13.0685322],[80.2430607,13.0685003],[80.2429422,13.0684686],[80.2428701,13.0684526],[80.2428441,13.0684505],[80.2428147,13.0684519],[80.2427919,13.0684531],[80.2427606,13.0684489],[80.2427359,13.0684452],[80.2426806,13.0684309],[80.2424612,13.0683484],[80.2423058,13.0682805],[80.2417556,13.0680593],[80.2414705,13.0679423],[80.2409952,13.0677473],[80.2400684,13.0673632],[80.2399193,13.0673004],[80.239815,13.0672543],[80.2397788,13.0672311],[80.239741,13.0672002],[80.2396239,13.0671324],[80.2393718,13.0669892],[80.2390351,13.0668131],[80.2389433,13.0667607],[80.2387051,13.0666264],[80.2385117,13.0665291],[80.2383444,13.0664602],[80.2382158,13.0664095],[80.2380708,13.0663766],[80.2379612,13.0663574],[80.2378508,13.0663507],[80.2377035,13.0663409],[80.2375084,13.0663735],[80.2374196,13.0663861],[80.2372583,13.0663911],[80.237138,13.0663961],[80.237073,13.0664065],[80.2370347,13.0664301],[80.2370011,13.0664426],[80.2368914,13.0664576],[80.2368665,13.0664592],[80.2367787,13.0664647],[80.2365816,13.0665],[80.2363421,13.0665368],[80.2362643,13.0665506],[80.2361734,13.0665738],[80.2361466,13.0665833],[80.2361182,13.0665972],[80.2360993,13.0666096],[80.2360758,13.0666197],[80.2360425,13.0666288],[80.2360064,13.0666386],[80.2359752,13.0666456],[80.2359473,13.0666487],[80.2359311,13.0666489],[80.2359052,13.0666514],[80.2358724,13.0666584],[80.2358509,13.0666684],[80.2358311,13.0666806],[80.2357659,13.0667261],[80.2357015,13.0667671],[80.2355353,13.0668293],[80.2353927,13.0669001],[80.2352912,13.0669469],[80.235236,13.0669808],[80.2351106,13.0670664],[80.2350418,13.0671099],[80.2349621,13.0671602],[80.2348992,13.067199],[80.2348232,13.0672553],[80.2347297,13.0673319],[80.2346648,13.0674058],[80.2346009,13.067511],[80.2345071,13.0676276],[80.2344447,13.0676888],[80.2343539,13.067748],[80.2342669,13.0678069],[80.2342176,13.0678401],[80.234183,13.067868],[80.2341498,13.0678937],[80.2340896,13.0679382],[80.2340376,13.0679739],[80.2339804,13.0680083],[80.2339198,13.0680394],[80.2338602,13.0680668],[80.2337792,13.0681163],[80.2337418,13.0681355],[80.2336903,13.0681502],[80.2336495,13.0681548],[80.2335962,13.0681551],[80.2335572,13.06815],[80.2335362,13.0681426],[80.2335158,13.0681407],[80.2334835,13.068144],[80.2334376,13.0681552],[80.2334172,13.0681679],[80.233403,13.0681731],[80.2333761,13.0681747],[80.2333506,13.0681694],[80.2332533,13.068174],[80.2331391,13.0681805],[80.2330567,13.068185],[80.2329966,13.0681992],[80.2328067,13.0682267],[80.232702,13.0682375],[80.2325645,13.0682437],[80.232411,13.0682653],[80.2323098,13.0682784],[80.2322263,13.068287],[80.2321359,13.0682948],[80.2320337,13.0683013],[80.2319216,13.0683116],[80.2318454,13.0683225],[80.2317409,13.0683334],[80.2316242,13.0683377],[80.2314555,13.0683425],[80.2313634,13.0683432],[80.231276,13.0683362],[80.2311513,13.0683164],[80.2309687,13.0682831],[80.2306741,13.068218],[80.2305151,13.0681804],[80.2303581,13.0681488],[80.2301107,13.0681074],[80.2296862,13.0680167],[80.2295927,13.0679967],[80.2295008,13.0679841],[80.2293751,13.0679758],[80.229305,13.0679805],[80.2292423,13.0679954],[80.2291814,13.0680206],[80.2290713,13.0680715],[80.2290026,13.0681025],[80.2289071,13.0681358],[80.2288341,13.0681494],[80.2287719,13.0681614],[80.2287143,13.0681828],[80.2286771,13.06821],[80.2286425,13.0682466],[80.2285922,13.0682882],[80.2285263,13.0683439],[80.2285048,13.0683907],[80.2284914,13.0684421],[80.2284968,13.0685129],[80.228522,13.0687044],[80.2285507,13.0688609],[80.2285748,13.0689555],[80.2286433,13.0690884],[80.2287294,13.0692421],[80.2288079,13.0693784],[80.2288804,13.0694698],[80.2289531,13.0695355],[80.2290281,13.0695968],[80.2291537,13.0696962],[80.2292235,13.0697717],[80.229264,13.0698327],[80.22933,13.0699676],[80.2293942,13.0700957],[80.2294313,13.0701437],[80.229479,13.0701747],[80.2295077,13.0702252],[80.2295235,13.0702838],[80.22956,13.0703548],[80.2295936,13.0704062],[80.2296348,13.0704391],[80.2296563,13.0704687],[80.229668,13.0705181],[80.2296695,13.0705613],[80.2296716,13.0706006],[80.2296986,13.070654],[80.2297176,13.0707525],[80.2297195,13.0707928],[80.2297122,13.0708159],[80.2296907,13.070845],[80.2296718,13.0708826],[80.2296783,13.0709337],[80.2297162,13.0709875],[80.22975,13.0710189],[80.2297556,13.0710407],[80.2297566,13.0711348],[80.2297525,13.0712697],[80.2297162,13.071681],[80.2297131,13.0717057],[80.229708,13.07173],[80.2297007,13.0717446],[80.2296867,13.0717635],[80.2296739,13.071776],[80.2296604,13.0717869],[80.2296211,13.0718117],[80.2295378,13.0718772],[80.2295254,13.0718931],[80.2295185,13.0719101],[80.2295164,13.07193],[80.2295186,13.0719533],[80.2295223,13.0719732],[80.2295193,13.0719992],[80.2295148,13.072011],[80.2295093,13.0720299],[80.2295059,13.0720535],[80.2295038,13.0720716],[80.2294973,13.0720892],[80.2294875,13.0721093],[80.2294674,13.0721412],[80.2294423,13.0721838],[80.2294093,13.0722435],[80.2293858,13.0722821],[80.2293562,13.0723174],[80.2293268,13.0723448],[80.2293035,13.0723607],[80.2292688,13.0723766],[80.2292338,13.0723902],[80.2291969,13.0724007],[80.2291536,13.0724086],[80.2291159,13.0724084],[80.2290746,13.0724024],[80.2290385,13.0723967],[80.2289751,13.0724005],[80.2289068,13.0724159],[80.2288382,13.0724343],[80.2287755,13.0724427],[80.2287099,13.0724503],[80.228653,13.072454],[80.22859,13.0724521],[80.2285076,13.0724507],[80.2283921,13.0724496],[80.2283568,13.0724492],[80.2282845,13.0724397],[80.2281561,13.0724157],[80.2278768,13.0722408],[80.2274381,13.0722212],[80.2264274,13.0720096],[80.2254951,13.0720057],[80.225072,13.0718608],[80.2248527,13.071802],[80.2245079,13.071755],[80.2241554,13.0718099],[80.2237989,13.0719078],[80.2233523,13.0720997],[80.2230859,13.0722956],[80.2227921,13.0726286],[80.2225923,13.0730007],[80.2224317,13.0734121],[80.2224249,13.0739427],[80.2222347,13.0745624],[80.222329,13.0751312],[80.2221917,13.0761178],[80.2220286,13.0766194],[80.2215909,13.0773384],[80.2209632,13.0781033],[80.2206872,13.0785423],[80.2205609,13.078743],[80.2202691,13.0792446],[80.219531,13.0799469],[80.2188475,13.080368],[80.2187199,13.0804887],[80.2185354,13.0806333],[80.2183184,13.0807562],[80.2181975,13.0808133],[80.2181383,13.0808336],[80.2180814,13.0808443],[80.2179713,13.0808534],[80.2176548,13.0808846],[80.2174582,13.080891],[80.2163638,13.0805488],[80.2154454,13.0799134],[80.2151879,13.0794118],[80.2151536,13.0785423],[80.2150935,13.0772559],[80.2150102,13.0769069],[80.213909,13.0769467],[80.213394,13.0772252],[80.2125958,13.0779487],[80.211789,13.0782999],[80.2109651,13.0786259],[80.2094716,13.0787179],[80.2062529,13.0787513],[80.2059525,13.0786677],[80.2058495,13.0783751],[80.2056006,13.0782246],[80.2049912,13.0780741],[80.2035836,13.0779069],[80.2023477,13.0779069],[80.2009658,13.0779153],[80.1997126,13.0780741],[80.1986107,13.0782521],[80.1981561,13.0783979],[80.1971438,13.0785009],[80.196286,13.0786982],[80.1954281,13.0788869],[80.1946389,13.0790413],[80.193884,13.0791271],[80.1933264,13.0789641],[80.1929992,13.0786422],[80.1916385,13.0772604],[80.191428,13.0769308],[80.190888,13.0755981],[80.1898639,13.0744478],[80.188924,13.0739007],[80.1879982,13.073515],[80.1874182,13.073149],[80.1865539,13.0727776],[80.1854619,13.0726712],[80.1844761,13.0725281],[80.1836573,13.0725281],[80.1827144,13.0725443],[80.1822402,13.0725019],[80.181927,13.072491],[80.1813168,13.0725147],[80.1809679,13.0723851],[80.1795987,13.0721109],[80.1787015,13.0720819],[80.1781719,13.0720784],[80.177048,13.0721034],[80.1777963,13.070926],[80.1790087,13.0711735],[80.1799395,13.0712133],[80.1806846,13.0712153],[80.1807945,13.0711639],[80.1819303,13.0715623],[80.1833439,13.0716501],[80.1837097,13.0715854],[80.1843034,13.0716526],[80.1844227,13.0715359],[80.185447,13.0717005],[80.1858201,13.0720907],[80.1862298,13.0721227],[80.1870862,13.0723433],[80.1882251,13.0728522],[80.1888922,13.0732866],[80.1891121,13.0734453],[80.1899243,13.073893],[80.1901952,13.0742556],[80.1908338,13.0747938],[80.1913274,13.0751241],[80.1915184,13.0757132],[80.1920105,13.0769789],[80.1922759,13.0772657],[80.1929723,13.0780183],[80.1938807,13.0783911],[80.1940759,13.0785392],[80.1944934,13.0785527],[80.1948503,13.0784584],[80.1954765,13.0784315],[80.1965067,13.078115],[80.1967152,13.07804],[80.1974901,13.0780257],[80.19776,13.0780208],[80.1978447,13.0780192],[80.1981866,13.0778973],[80.1982419,13.0776602],[80.1983877,13.0775229],[80.1987394,13.077483],[80.1991633,13.0773886],[80.1993264,13.0770709],[80.1998586,13.0770207],[80.2002362,13.0768201],[80.2006225,13.0767699],[80.2010173,13.0770124],[80.2013606,13.0770876],[80.2022962,13.0771796],[80.2031677,13.0772407],[80.2032489,13.0772464],[80.2047166,13.0773886],[80.2058206,13.0777178],[80.2062442,13.0778973],[80.206523,13.0779931],[80.2065582,13.0781221],[80.2066973,13.0781874],[80.2068748,13.0783023],[80.2073646,13.0783721],[80.2074402,13.0783769],[80.2074903,13.0783895],[80.2075324,13.078406],[80.2075834,13.0784155],[80.207967,13.0784096],[80.2088229,13.0783878],[80.2092517,13.0784003],[80.2097399,13.0783794],[80.2097852,13.0783734],[80.2099537,13.0783513],[80.2101925,13.0782873],[80.2105385,13.0782476],[80.2107826,13.0781478],[80.2115777,13.0778798],[80.2120637,13.0777146],[80.2127847,13.0772214],[80.213099,13.0769243],[80.2133597,13.0766779],[80.2140206,13.076377],[80.214527,13.0762097],[80.2151562,13.0766106],[80.2157458,13.0770374],[80.2158746,13.0774304],[80.215866,13.0780658],[80.2159003,13.0789018],[80.2161831,13.0797588],[80.2166642,13.0801057],[80.2170333,13.080298],[80.2174576,13.0805655],[80.2175867,13.0805867],[80.2176918,13.0805936],[80.2179161,13.0805786],[80.21801,13.080564],[80.2181193,13.0805156],[80.218236,13.0804511],[80.2183398,13.0803772],[80.2184076,13.0803369],[80.2184963,13.080286],[80.2185654,13.0802413],[80.2186205,13.0802016],[80.218676,13.0801526],[80.2190331,13.0796375],[80.2197884,13.0789353],[80.2202004,13.0781577],[80.2209214,13.0772297],[80.2215566,13.076586],[80.2217797,13.0759338],[80.2219954,13.0747423],[80.2219915,13.0744641],[80.221931,13.0740593],[80.2219217,13.0740254],[80.2219226,13.0739821],[80.2220254,13.0730116],[80.2221914,13.072779],[80.2222351,13.0726916],[80.2222642,13.0726596],[80.2226276,13.0722604],[80.2228434,13.0719863],[80.2231173,13.0719078],[80.22336,13.0718464],[80.2236158,13.07179],[80.224097,13.0716863],[80.2244794,13.0716062],[80.2248183,13.0715459],[80.225119,13.0716571],[80.2253462,13.0717276],[80.2266311,13.0718451],[80.227348,13.0718843],[80.2280688,13.0720723],[80.2281964,13.072134],[80.2283,13.0721343],[80.2284311,13.0721444],[80.2286331,13.0721569],[80.2286874,13.0721615],[80.2287466,13.0721542],[80.2288974,13.0721268],[80.2289456,13.0721118],[80.2289834,13.0720932],[80.229044,13.0720522],[80.2290901,13.0720322],[80.2291368,13.0720223],[80.2291714,13.0720168],[80.22919,13.0720125],[80.2292035,13.0720046],[80.22923,13.0719836],[80.2292467,13.0719677],[80.2292607,13.0719487],[80.2292931,13.0718911],[80.2293196,13.0718267],[80.2293307,13.0717901],[80.2293406,13.0717526],[80.2293479,13.0717107],[80.2293491,13.0716712],[80.2293508,13.0716207],[80.2293603,13.0715675],[80.2293742,13.071522],[80.2293881,13.071465],[80.2293981,13.0713974],[80.2294055,13.0712676],[80.2294084,13.0711475],[80.2294029,13.0710804],[80.2293887,13.0709751],[80.229375,13.0709203],[80.2293393,13.0708265],[80.2293125,13.070761],[80.2292916,13.0707027],[80.2292836,13.0706704],[80.2292782,13.0706401],[80.2292616,13.0705975],[80.2292148,13.0705043],[80.2291484,13.0703613],[80.2290675,13.0702042],[80.2290139,13.0700884],[80.2289887,13.0700513],[80.228944,13.0699896],[80.2288973,13.0699409],[80.2288213,13.0698536],[80.2287375,13.0697638],[80.2286607,13.0696776],[80.2286145,13.0696215],[80.2285457,13.0695432],[80.2285152,13.0694858],[80.2285087,13.0694463],[80.2285049,13.0694253],[80.2284965,13.069409],[80.2284743,13.0693982],[80.2284461,13.0693857],[80.2284325,13.0693673],[80.2284329,13.0693482],[80.2284403,13.0693172],[80.2284247,13.0692679],[80.2284149,13.0692542],[80.2283881,13.0692432],[80.2283696,13.0692291],[80.228349,13.0692027],[80.2282986,13.0691036],[80.2282386,13.06897],[80.2282193,13.0689228],[80.2281851,13.0688497],[80.2281563,13.0688016],[80.2281252,13.068725],[80.2281022,13.0686215],[80.2280836,13.0685166],[80.228084,13.0684254],[80.2281229,13.0683339],[80.2281799,13.0682115],[80.2282294,13.0681432],[80.2282522,13.0681132],[80.2282786,13.0680878],[80.2283151,13.0680625],[80.2283497,13.0680414],[80.2284138,13.0680158],[80.2284682,13.0679942],[80.2285323,13.0679849],[80.2285721,13.06797],[80.2285919,13.0679672],[80.2286111,13.0679801],[80.2286394,13.0679867],[80.2286594,13.0679838],[80.2287089,13.0679484],[80.2287677,13.0679069],[80.228844,13.0678656],[80.228928,13.0678317],[80.2289908,13.0678108],[80.2290183,13.0678019],[80.2290364,13.0677908],[80.2290424,13.0677715],[80.2290426,13.0677352],[80.2290418,13.0676952],[80.2290483,13.0676806],[80.2290619,13.0676627],[80.2290966,13.0676519],[80.2292068,13.0676413],[80.2293139,13.0676391],[80.2293736,13.0676469],[80.2296072,13.0676883],[80.2297026,13.0677152],[80.2297534,13.0677456],[80.229789,13.0677591],[80.2298399,13.0677621],[80.2299659,13.0677753],[80.2303471,13.0678276],[80.2305082,13.0678536],[80.2306005,13.0678803],[80.2306642,13.067912],[80.2307647,13.0679559],[80.2308437,13.0679774],[80.2310098,13.0680068],[80.2311732,13.0680322],[80.2313413,13.0680555],[80.2314335,13.0680652],[80.2315373,13.0680686],[80.2315737,13.0680649],[80.2316143,13.0680561],[80.2316738,13.0680336],[80.2317157,13.0680113],[80.2317637,13.0679827],[80.2317896,13.0679748],[80.231826,13.0679669],[80.2319442,13.067954],[80.2319656,13.0679542],[80.2319853,13.0679557],[80.2320072,13.0679589],[80.2320372,13.0679665],[80.2320672,13.0679741],[80.2320999,13.0679819],[80.2321388,13.0679875],[80.2321663,13.0679894],[80.2322483,13.0679862],[80.2322894,13.067982],[80.2323157,13.0679793],[80.2323407,13.0679773],[80.2323769,13.0679749],[80.2323937,13.0679744],[80.2324022,13.0679763],[80.2324112,13.0679812],[80.2324181,13.0679844],[80.2324267,13.0679868],[80.2324354,13.0679885],[80.2324452,13.0679884],[80.2325689,13.0679739],[80.2327866,13.0679458],[80.2329024,13.0679301],[80.2329305,13.0679237],[80.2329638,13.0679114],[80.2330095,13.0678874],[80.2330653,13.0678678],[80.2330971,13.0678609],[80.2331518,13.0678561],[80.2332023,13.0678556],[80.2332507,13.0678583],[80.2333484,13.0678589],[80.2334327,13.0678535],[80.233508,13.0678454],[80.2335927,13.0678258],[80.233714,13.0678043],[80.2338353,13.0677804],[80.2339125,13.0677574],[80.2339675,13.067733],[80.2340505,13.0676893],[80.2341679,13.0676074],[80.2342553,13.06754],[80.2343668,13.0674234],[80.2344896,13.0672823],[80.23454,13.0672308],[80.2345947,13.0671783],[80.2346114,13.0671611],[80.2346218,13.0671459],[80.2346304,13.0671279],[80.2346343,13.0671081],[80.2346395,13.0670723],[80.2346452,13.0670461],[80.2346544,13.0670258],[80.23467,13.0670036],[80.2346914,13.0669802],[80.2347218,13.0669504],[80.2348069,13.0668886],[80.2348949,13.0668322],[80.2349591,13.0667945],[80.2350274,13.0667585],[80.2351195,13.0666983],[80.235173,13.0666639],[80.2352326,13.0666278],[80.2352624,13.066611],[80.2352889,13.0666012],[80.2353143,13.0665961],[80.2353732,13.0665803],[80.2354093,13.0665676],[80.2354469,13.0665502],[80.2355242,13.0665189],[80.2356872,13.0664558],[80.2358511,13.066406],[80.2361037,13.0663338],[80.2364707,13.0662291],[80.2366317,13.0661925],[80.2368175,13.0661583],[80.2370006,13.0661335],[80.2372632,13.0661047],[80.2374822,13.0660847],[80.2376094,13.06608],[80.2376898,13.0660845],[80.2377224,13.0660911],[80.2377659,13.0661051],[80.2377949,13.0661153],[80.2378058,13.0661141],[80.2378191,13.0661078],[80.2378339,13.0661015],[80.237856,13.0661017],[80.2379042,13.0661166],[80.2379481,13.0661304],[80.2380408,13.0661461],[80.2381534,13.0661579],[80.2382414,13.066171],[80.2383404,13.066195],[80.2385026,13.0662498],[80.2388139,13.0663894],[80.2390441,13.066521],[80.2392964,13.0666734],[80.239549,13.0667937],[80.2399741,13.0669939],[80.2401557,13.0670823],[80.2403081,13.0671442],[80.2404549,13.067196],[80.240646,13.0672642],[80.2411207,13.0674491],[80.24133,13.067512],[80.2414578,13.0675627],[80.2415895,13.067612],[80.2416161,13.067628],[80.2416511,13.0676544],[80.2416879,13.0676883],[80.241723,13.0677101],[80.2417555,13.0677277],[80.2417918,13.0677385],[80.2419216,13.0677729],[80.2420376,13.0678133],[80.2421353,13.0678504],[80.2422262,13.0678799],[80.2423587,13.0679071],[80.2424996,13.0679374],[80.2426453,13.0679817],[80.2428439,13.068059],[80.2429589,13.0681129],[80.2430785,13.0681743],[80.2431639,13.0682045],[80.2432496,13.0682379],[80.2433994,13.0683044],[80.243536,13.0683368],[80.2436885,13.0683824],[80.2437791,13.0684313],[80.2439005,13.0685103],[80.2440704,13.0685894],[80.2443078,13.0687092],[80.2445413,13.0688022],[80.2447701,13.0689216],[80.2448992,13.0690007],[80.24521,13.0691682],[80.2459293,13.0695667],[80.2463327,13.0697899],[80.2465391,13.0699025],[80.2469289,13.0701233],[80.2471917,13.0702605],[80.247321,13.0701442],[80.2476895,13.0704219],[80.2483978,13.0706821],[80.2487519,13.0707399],[80.2493301,13.0707399],[80.249836,13.0706171],[80.2502511,13.0704217],[80.2523275,13.0691009],[80.2529061,13.0685917],[80.2531996,13.0682142],[80.2540745,13.0673285],[80.2541777,13.0671961],[80.2542323,13.0671181],[80.2542427,13.0670871],[80.2542457,13.067041],[80.2542471,13.0670139],[80.2542598,13.0669955],[80.2542956,13.066959],[80.2543613,13.066892],[80.254395,13.0668576],[80.2544443,13.0668115],[80.2544861,13.0667797],[80.2549443,13.0661708],[80.2552959,13.0658113],[80.2554589,13.0653765],[80.2555073,13.0649598],[80.2554831,13.0640902],[80.2555193,13.0632085],[80.2556582,13.0626166],[80.2559723,13.0619282],[80.2562982,13.0613922],[80.2565682,13.0611705],[80.2569641,13.061004],[80.257378,13.0609115],[80.2578021,13.0609296],[80.2583017,13.0610219],[80.2587967,13.061277],[80.25926,13.0615857],[80.2598134,13.0620595],[80.2603437,13.0626672],[80.2605999,13.0630902],[80.2607548,13.0633286],[80.2607886,13.0635408],[80.2608282,13.0636454],[80.2608596,13.063688],[80.2608921,13.0637281],[80.2609047,13.0637516],[80.2609064,13.0637663],[80.260904,13.0637817],[80.2608905,13.0638233],[80.2608835,13.0638496],[80.2608762,13.063868],[80.2608736,13.0638864],[80.2608737,13.0640548],[80.2608758,13.0641156],[80.2608815,13.0641477],[80.2608958,13.0641838],[80.2609673,13.0644136],[80.2610267,13.0645661],[80.2610918,13.0647314],[80.2611925,13.0649851],[80.2613028,13.0652086],[80.2613705,13.0653157],[80.261452,13.0654152],[80.2615395,13.0655176],[80.2616334,13.0656085],[80.2618645,13.0657807],[80.2620475,13.0659002],[80.2621113,13.0659363],[80.2621775,13.0659852],[80.2622217,13.06603],[80.2622463,13.0660485],[80.2623251,13.0660833],[80.2624118,13.0661244],[80.2625151,13.0661741],[80.2627602,13.0662655],[80.2628485,13.0662859],[80.2628944,13.0663007],[80.2629159,13.066316],[80.2629217,13.0663567],[80.2629471,13.0663863],[80.2629796,13.0664033],[80.2630148,13.0664016],[80.2630422,13.0663922],[80.2630806,13.0663889],[80.26312,13.0663948],[80.2631613,13.0663976],[80.2631839,13.0664052],[80.263225,13.0664214],[80.263283,13.0664386],[80.2633333,13.0664435],[80.2634097,13.0664549],[80.2635424,13.0664846],[80.2636196,13.0665111],[80.263652,13.0665289],[80.2637299,13.0665842],[80.2641687,13.0665757],[80.265615,13.0666831],[80.2665203,13.0668133],[80.2673238,13.0669604],[80.2680198,13.0671301],[80.2686083,13.0673734],[80.2688629,13.0676224],[80.2691256,13.0681757],[80.2691801,13.0682617],[80.2692661,13.0683546],[80.2692886,13.0684337],[80.2693722,13.0686183],[80.2694401,13.0691445],[80.2694231,13.0697896],[80.2691175,13.0706157],[80.268829,13.0712042],[80.2684895,13.0716795],[80.2668712,13.0733261],[80.2663789,13.0739145],[80.2661129,13.0744464],[80.266045,13.07495],[80.2659758,13.0756015],[80.2662244,13.0763099],[80.2663363,13.0769741],[80.2665048,13.0775031],[80.2669683,13.0785231],[80.2675667,13.0791299],[80.2675949,13.0791585],[80.26831,13.0794365],[80.2688438,13.0794522],[80.269627,13.0793921],[80.2700374,13.0793241],[80.2703646,13.079136],[80.2710405,13.0787938],[80.271821,13.0784071],[80.2724165,13.0780884],[80.2728188,13.0778036],[80.2730951,13.0774666],[80.2734464,13.0767089],[80.2736825,13.07598],[80.2737844,13.07598],[80.2740982,13.0746971],[80.2743801,13.0732301],[80.2744113,13.0729476],[80.2744335,13.0727873],[80.2743342,13.0727428],[80.2743396,13.0727141],[80.2744469,13.0727115],[80.2745499,13.0722061],[80.2748268,13.0719195],[80.2752621,13.0717317],[80.2756469,13.0715388],[80.2770048,13.070442],[80.2773238,13.0702308],[80.2777479,13.0699603],[80.2781608,13.0696987],[80.2782873,13.0696225],[80.278384,13.0695712],[80.2784696,13.0695298],[80.2785359,13.0694748],[80.2785952,13.0694161],[80.2788643,13.0692308],[80.2789942,13.0691561],[80.2791397,13.0690976],[80.2792323,13.0690579],[80.2792899,13.0690058],[80.2793495,13.068953],[80.2794574,13.0688925],[80.2795202,13.0688437],[80.2796069,13.0687956],[80.2797021,13.0687588],[80.2797548,13.068747],[80.2798447,13.0687412],[80.2799746,13.0687213],[80.2802216,13.0686689],[80.2804132,13.0686125],[80.2804758,13.0685911],[80.280459,13.0685406],[80.280524,13.0685179],[80.2805445,13.0685676],[80.2806281,13.0685391],[80.280748,13.068507],[80.280951,13.0684649],[80.2811849,13.0684147],[80.2813784,13.0683654],[80.2815496,13.0683113],[80.2816749,13.0682739],[80.2818058,13.068239],[80.2818978,13.0682198],[80.2821183,13.0681958],[80.2822465,13.0681677],[80.2823092,13.0681375],[80.2823835,13.0680977],[80.2824339,13.0680623],[80.2826392,13.0680579],[80.2826756,13.0680964],[80.2827297,13.0681599],[80.2828094,13.0682101],[80.2829114,13.0682291],[80.2830582,13.068228],[80.2833704,13.0682057],[80.2837272,13.0681774],[80.2839275,13.0681608],[80.2839784,13.0681573],[80.2840122,13.0681621],[80.284093,13.0681705],[80.2841397,13.0681742],[80.2841758,13.0681737],[80.2847524,13.0680974],[80.2850099,13.0679302],[80.2868053,13.0673559],[80.2871803,13.0670958],[80.2875568,13.0668042],[80.2876913,13.0667041],[80.2878722,13.0665998],[80.2880525,13.0665073],[80.2881744,13.0664278],[80.2883436,13.0663805],[80.2884463,13.0663523],[80.2885948,13.0662909],[80.2887166,13.0662423],[80.2888904,13.0661707],[80.2890766,13.0660882],[80.28928,13.0660124],[80.289554,13.0659225],[80.2898058,13.065856],[80.289978,13.065829],[80.2901711,13.065812],[80.2903373,13.0658156],[80.2904303,13.0658328],[80.2905134,13.0658478],[80.2905781,13.0658628],[80.2906305,13.0658778],[80.2906737,13.0658959],[80.2907122,13.0659319],[80.2907846,13.0660114],[80.2908385,13.0660864],[80.290897,13.066175],[80.2909295,13.0662314],[80.2909525,13.0662635],[80.2909879,13.06628],[80.2910187,13.06628],[80.2910511,13.0662725],[80.2910942,13.0662425],[80.2912636,13.0668058],[80.291369,13.0671563],[80.2913319,13.0671649],[80.2913036,13.0671839],[80.2912876,13.0672322],[80.2912934,13.0673864],[80.2912934,13.0674795],[80.2912811,13.0675785],[80.2912595,13.067661],[80.2912241,13.0677481],[80.2911794,13.0678291],[80.2911019,13.0679235],[80.2910115,13.0679994],[80.290878,13.0680931],[80.2907407,13.0681799],[80.2905751,13.0682721],[80.2904099,13.0683484]]]]}},
{"type":"Feature","properties":{"full_id":"r19969911","osm_id":"19969911","osm_type":"relation","natural":"water","salt":null,"man_made":null,"layer":null,"covered":null,"landuse":null,"barrier":null,"tidal":null,"name:ta":null,"intermittent":null,"wikimedia_commons":null,"alt_name":null,"wetland":null,"place":null,"wikipedia":null,"wikidata":null,"name":"IIT Lake","water":"lake","type":"multipolygon"},"geometry":{"type":"MultiPolygon","coordinates":[[[[80.2421926,12.9984337],[80.2424121,12.9989236],[80.2427476,12.9995151],[80.2428967,12.9998672],[80.2429853,13.0001893],[80.2430222,13.000275],[80.2430734,13.0002979],[80.2431094,13.0002877],[80.2431214,13.0002235],[80.2431881,13.0001803],[80.2432605,13.0001991],[80.2433196,13.000231],[80.2433529,13.0002063],[80.2433684,13.000092],[80.2432131,12.9994202],[80.2432198,12.9991218],[80.2431791,12.9988844],[80.2430571,12.9984368],[80.2429268,12.9981948],[80.2428222,12.9978325],[80.242741,12.9973976],[80.2427306,12.9970962],[80.2424866,12.997096],[80.2422099,12.9970755],[80.2419396,12.9970457],[80.241857,12.997044],[80.2415709,12.9967651],[80.2412824,12.9964117],[80.241158,12.9960816],[80.2408518,12.9956127],[80.2404547,12.9950385],[80.2398374,12.9942634],[80.2398231,12.9940815],[80.2399331,12.9938375],[80.2401771,12.9936079],[80.2406843,12.9934117],[80.2410719,12.9932586],[80.2415887,12.993017],[80.2415629,12.9928837],[80.2410192,12.9929715],[80.2407704,12.993072],[80.2405073,12.9930433],[80.2402585,12.9929571],[80.2398996,12.9929428],[80.2393172,12.9930891],[80.2392214,12.9929987],[80.2390771,12.9930379],[80.2389837,12.993402],[80.2388886,12.9934346],[80.2387851,12.9933205],[80.2386495,12.9932504],[80.2382585,12.9934643],[80.2378805,12.9935217],[80.2375647,12.9935792],[80.2372633,12.9934787],[80.2372245,12.9934942],[80.2371436,12.9935265],[80.2372298,12.9936844],[80.2374403,12.9937753],[80.2378135,12.9937083],[80.2384009,12.9937555],[80.2388748,12.9939951],[80.2389953,12.9940108],[80.239151,12.9941304],[80.2393781,12.9941294],[80.2397992,12.9946174],[80.2406743,12.9957148],[80.2407035,12.9957514],[80.241048,12.9962825],[80.2412346,12.9966509],[80.2416962,12.9972811],[80.2417935,12.9974897],[80.2420036,12.9978757],[80.2421926,12.9984337]],[[80.2420988,12.9977967],[80.2421704,12.9976694],[80.2422957,12.9976206],[80.2425676,12.9976206],[80.242632,12.9978525],[80.2427358,12.9980844],[80.2428521,12.9984644],[80.2429738,12.9988951],[80.2430955,12.9993641],[80.242938,12.9994024],[80.2427591,12.9989683],[80.2425658,12.9986963],[80.242412,12.9984296],[80.2422599,12.9981314],[80.2420988,12.9977967]]]]}},
{"type":"Feature","properties":{"full_id":"r19970187","osm_id":"19970187","osm_type":"relation","natural":"water","salt":null,"man_made":null,"layer":null,"covered":null,"landuse":null,"barrier":null,"tidal":null,"name:ta":null,"intermittent":null,"wikimedia_commons":null,"alt_name":null,"wetland":null,"place":null,"wikipedia":null,"wikidata":null,"name":null,"water":null,"type":"multipolygon"},"geometry":{"type":"MultiPolygon","coordinates":[[[[80.2160928,13.0063261],[80.2161164,13.0062978],[80.2161473,13.006279],[80.2161828,13.0062709],[80.216219,13.0062743],[80.2162523,13.0062889],[80.216279,13.006313],[80.2162963,13.0063443],[80.2163024,13.0063793],[80.2162966,13.0064143],[80.2162796,13.0064457],[80.2162532,13.0064702],[80.2162192,13.0064853],[80.2160076,13.00657],[80.2159137,13.0066412],[80.2159008,13.006624],[80.2159919,13.0065566],[80.215971,13.0065298],[80.2158799,13.0065984],[80.2158639,13.0065766],[80.2159565,13.0065123],[80.2160928,13.0063261]],[[80.2162683,13.0064058],[80.2162548,13.0064307],[80.2162333,13.0064496],[80.2162091,13.0064597],[80.2160737,13.006515],[80.2160519,13.0065072],[80.2160377,13.006494],[80.2160302,13.0064793],[80.2160285,13.0064632],[80.2161114,13.0063496],[80.2161251,13.0063278],[80.216145,13.0063112],[80.2161719,13.0063008],[80.2162009,13.0063],[80.2162284,13.0063088],[80.2162511,13.0063263],[80.2162664,13.0063502],[80.2162724,13.0063778],[80.2162683,13.0064058]]]]}},
{"type":"Feature","properties":{"full_id":"w23047572","osm_id":"23047572","osm_type":"way","natural":"wetland","salt":null,"man_made":null,"layer":null,"covered":null,"landuse":null,"barrier":null,"tidal":null,"name:ta":null,"intermittent":null,"wikimedia_commons":null,"alt_name":null,"wetland":"mangrove","place":"islet","wikipedia":null,"wikidata":null,"name":"Whale Island","water":null,"type":null},"geometry":{"type":"MultiPolygon","coordinates":[[[[80.2642134,13.0126069],[80.2652891,13.0127974],[80.2658606,13.0130103],[80.2662098,13.0132498],[80.2662304,13.0133464],[80.266124,13.0133962],[80.2659363,13.0133962],[80.2661294,13.0134641],[80.2664566,13.0135425],[80.2668536,13.0137829],[80.2673095,13.0139554],[80.2675295,13.0141279],[80.2674812,13.0142429],[80.2670035,13.0145006],[80.2666114,13.0145566],[80.265939,13.0145118],[80.2653623,13.0144363],[80.2648044,13.0142899],[80.2635075,13.0139067],[80.2627904,13.013649],[80.2625103,13.0134809],[80.2622637,13.0133576],[80.2618379,13.0131896],[80.2614906,13.0129991],[80.2614458,13.012887],[80.2616125,13.0126853],[80.2619451,13.0126383],[80.2633506,13.0125957],[80.2642134,13.0126069]]]]}},
{"type":"Feature","properties":{"full_id":"w23047573","osm_id":"23047573","osm_type":"way","natural":"wetland","salt":null,"man_made":null,"layer":null,"covered":null,"landuse":null,"barrier":null,"tidal":null,"name:ta":null,"intermittent":null,"wikimedia_commons":null,"alt_name":null,"wetland":"mangrove","place":null,"wikipedia":null,"wikidata":null,"name":null,"water":null,"type":null},"geometry":{"type":"MultiPolygon","coordinates":[[[[80.269466,13.0144154],[80.2692729,13.0145042],[80.2687955,13.0146767],[80.2686238,13.0148021],[80.2685723,13.01496],[80.2682751,13.0151314],[80.2679962,13.0152412],[80.2676086,13.0152849],[80.2670708,13.0152849],[80.266701,13.0151393],[80.2664566,13.0149955],[80.2664566,13.0148753],[80.2666175,13.0148439],[80.2670199,13.014776],[80.26739,13.0145513],[80.2676871,13.0144109],[80.2685162,13.0142429],[80.2693105,13.0142638],[80.2694982,13.0143004],[80.269466,13.0144154]]]]}},
{"type":"Feature","properties":{"full_id":"w23633592","osm_id":"23633592","osm_type":"way","natural":"water","salt":null,"man_made":null,"layer":null,"covered":null,"landuse":null,"barrier":null,"tidal":null,"name:ta":null,"intermittent":null,"wikimedia_commons":null,"alt_name":null,"wetland":null,"place":null,"wikipedia":"en:Porur Lake","wikidata":"Q5185746","name":"Porur Lake","water":null,"type":null},"geometry":{"type":"MultiPolygon","coordinates":[[[[80.146736,13.0359975],[80.1525961,13.0360517],[80.1529996,13.0359915],[80.1528069,13.0354374],[80.153084,13.034546],[80.1537096,13.0330892],[80.1537183,13.0323867],[80.1535622,13.0319791],[80.1532668,13.0319487],[80.152566,13.0320534],[80.1523116,13.0320586],[80.152043,13.0320893],[80.151292,13.0322498],[80.1502202,13.0324096],[80.147677,13.0326341],[80.1472166,13.0326418],[80.1471322,13.0330024],[80.1473548,13.0334398],[80.1473624,13.033739],[80.1472166,13.0340153],[80.1465798,13.033693],[80.1462652,13.0340076],[80.1462115,13.0343682],[80.146736,13.0359975]]]]}},
{"type":"Feature","properties":{"full_id":"w23804000","osm_id":"23804000","osm_type":"way","natural":"water","salt":null,"man_made":null,"layer":null,"covered":null,"landuse":null,"barrier":null,"tidal":null,"name:ta":null,"intermittent":null,"wikimedia_commons":null,"alt_name":null,"wetland":null,"place":null,"wikipedia":"en:ICF Lake (Chennai)","wikidata":"Q56276877","name":"ICF Lake","water":"reservoir","type":null},"geometry":{"type":"MultiPolygon","coordinates":[[[[80.2152486,13.1027362],[80.2158723,13.105157],[80.2191083,13.1042554],[80.2198215,13.1040466],[80.2191942,13.101642],[80.217051,13.1021389],[80.2152486,13.1027362]]]]}},
{"type":"Feature","properties":{"full_id":"w23885099","osm_id":"23885099","osm_type":"way","natural":"water","salt":null,"man_made":null,"layer":null,"covered":null,"landuse":null,"barrier":null,"tidal":null,"name:ta":null,"intermittent":null,"wikimedia_commons":null,"alt_name":null,"wetland":null,"place":null,"wikipedia":null,"wikidata":null,"name":"Kandaswami Muthukumaraswami Koil Kulam","water":"pond","type":null},"geometry":{"type":"MultiPolygon","coordinates":[[[[80.2785635,13.0859725],[80.2788391,13.085899],[80.2787693,13.085612],[80.2784846,13.0856925],[80.2785635,13.0859725]]]]}},
{"type":"Feature","properties":{"full_id":"w24270420","osm_id":"24270420","osm_type":"way","natural":"water","salt":null,"man_made":null,"layer":null,"covered":null,"landuse":null,"barrier":null,"tidal":null,"name:ta":null,"intermittent":null,"wikimedia_commons":null,"alt_name":"Kapaleeswar Tank","wetland":null,"place":null,"wikipedia":null,"wikidata":null,"name":"Kapaleeshwara Koil Kulam","water":"pond","type":null},"geometry":{"type":"MultiPolygon","coordinates":[[[[80.2682586,13.0343349],[80.2694607,13.0341785],[80.2691716,13.0325385],[80.2679007,13.0326887],[80.2682586,13.0343349]]]]}},
{"type":"Feature","properties":{"full_id":"w24270487","osm_id":"24270487","osm_type":"way","natural":"water","salt":null,"man_made":null,"layer":null,"covered":null,"landuse":null,"barrier":null,"tidal":null,"name:ta":null,"intermittent":null,"wikimedia_commons":null,"alt_name":"Chitrakulam Tank","wetland":null,"place":null,"wikipedia":null,"wikidata":null,"name":"Athikesvara Perumal Koil Kulam","water":"pond","type":null},"geometry":{"type":"MultiPolygon","coordinates":[[[[80.2707025,13.0318443],[80.2715366,13.031569],[80.2713002,13.0310047],[80.2704998,13.0313214],[80.2707025,13.0318443]]]]}},
{"type":"Feature","properties":{"full_id":"w25391800","osm_id":"25391800","osm_type":"way","natural":"water","salt":null,"man_made":null,"layer":null,"covered":null,"landuse":null,"barrier":null,"tidal":null,"name:ta":null,"intermittent":null,"wikimedia_commons":null,"alt_name":null,"wetland":null,"place":null,"wikipedia":"en:Ambattur Lake","wikidata":"Q4741174","name":"Ambattur Lake","water":"reservoir","type":null},"geometry":{"type":"MultiPolygon","coordinates":[[[[80.1350681,13.1108528],[80.1347286,13.1080517],[80.1397287,13.1053356],[80.1396257,13.1028361],[80.1431534,13.1023763],[80.1424753,13.0978788],[80.1441194,13.0976837],[80.1460459,13.0976948],[80.1466519,13.0978705],[80.1471257,13.0982424],[80.1477796,13.0989655],[80.1491223,13.1012595],[80.1497045,13.1030607],[80.1499435,13.1040034],[80.1496765,13.1042488],[80.1494064,13.1043834],[80.1490903,13.1043681],[80.1487972,13.1044707],[80.1485135,13.1048754],[80.1477591,13.1063964],[80.1476674,13.1073166],[80.1475945,13.1082505],[80.147629,13.1086082],[80.1476105,13.1090158],[80.1465815,13.1093099],[80.145493,13.1104967],[80.1450989,13.1111169],[80.1448895,13.1110749],[80.1437585,13.1125147],[80.1440206,13.1126803],[80.1432362,13.1146099],[80.1416251,13.1148312],[80.1394157,13.1149765],[80.1384756,13.1107525],[80.1379005,13.1103178],[80.1350681,13.1108528]]]]}},
{"type":"Feature","properties":{"full_id":"w25394157","osm_id":"25394157","osm_type":"way","natural":"water","salt":null,"man_made":null,"layer":null,"covered":null,"landuse":null,"barrier":null,"tidal":null,"name:ta":null,"intermittent":null,"wikimedia_commons":"Category:Puzhal Lake","alt_name":null,"wetland":null,"place":null,"wikipedia":"en:Puzhal Lake","wikidata":"Q1340242","name":"Puzhal Lake","water":"reservoir","type":null},"geometry":{"type":"MultiPolygon","coordinates":[[[[80.1891306,13.1668736],[80.1893527,13.1666872],[80.1899975,13.1661465],[80.1917227,13.1657202],[80.1931474,13.1651519],[80.1941517,13.1643078],[80.1915604,13.1639484],[80.1911029,13.1589523],[80.1938065,13.1582001],[80.1922187,13.1545645],[80.1875838,13.1496751],[80.1830216,13.1474162],[80.1795657,13.1492135],[80.1772695,13.1491716],[80.176102,13.1459812],[80.1770583,13.143653],[80.1770992,13.142432],[80.1778195,13.1405891],[80.1780315,13.1398552],[80.1779511,13.139271],[80.1769503,13.1385199],[80.1759616,13.1385851],[80.1750932,13.1388611],[80.1703779,13.142429],[80.1694606,13.1424238],[80.1688544,13.1421887],[80.1682965,13.1417342],[80.167583,13.1407365],[80.1667699,13.1385169],[80.1661239,13.1359252],[80.1652602,13.1350789],[80.1651744,13.134849],[80.1638494,13.134943],[80.1636777,13.135899],[80.1634846,13.1367715],[80.1628462,13.1380775],[80.1618485,13.139979],[80.1611243,13.1400208],[80.1561973,13.1412761],[80.1539506,13.1416667],[80.1522254,13.1410064],[80.1501397,13.1397109],[80.1494703,13.137872],[80.1449384,13.1383401],[80.1447238,13.139878],[80.143548,13.1435891],[80.1400982,13.1446637],[80.1403636,13.1456034],[80.1388697,13.147192],[80.1378505,13.1476465],[80.1370678,13.1479684],[80.1354687,13.1496577],[80.1351253,13.1501017],[80.1348893,13.1506397],[80.1344011,13.1511255],[80.1348893,13.1531889],[80.1371712,13.1527523],[80.139831,13.1519316],[80.1404765,13.1527697],[80.1417137,13.1525602],[80.1426939,13.1519782],[80.1434889,13.1521121],[80.1435068,13.1526533],[80.1451684,13.1527465],[80.1465192,13.152566],[80.1472903,13.1526533],[80.14787,13.1535962],[80.1480673,13.1539687],[80.1492627,13.1545158],[80.1501487,13.1554975],[80.1525285,13.1568675],[80.1539954,13.1569841],[80.1551329,13.1563282],[80.1556119,13.1548416],[80.1561358,13.1543023],[80.1572193,13.1541786],[80.1580187,13.1545676],[80.1581265,13.1554887],[80.1590844,13.1596047],[80.1617547,13.1629277],[80.1631747,13.163278],[80.1641495,13.1643268],[80.1673466,13.1647466],[80.1680992,13.1644715],[80.1690589,13.1642102],[80.1700906,13.1655619],[80.1711755,13.1661825],[80.1715376,13.1668336],[80.1718707,13.1688925],[80.1714298,13.1699233],[80.1693583,13.1712058],[80.1674065,13.1717188],[80.1666147,13.1730415],[80.1670952,13.1747152],[80.1666641,13.1761143],[80.1655408,13.1763195],[80.1647003,13.1767672],[80.1620301,13.1778049],[80.1597276,13.1799669],[80.1588746,13.1802542],[80.1586601,13.1804474],[80.1588317,13.1810794],[80.1588746,13.1816644],[80.1590731,13.1822703],[80.159395,13.1825732],[80.1598349,13.1829127],[80.1600977,13.1835395],[80.1600816,13.1838999],[80.1602747,13.1840722],[80.1614162,13.1848718],[80.1630359,13.1869453],[80.1639427,13.1888088],[80.1652152,13.1891137],[80.1663054,13.1904297],[80.1668247,13.1905102],[80.1678566,13.1903288],[80.1679905,13.1903678],[80.1680975,13.1904441],[80.1682061,13.1905203],[80.1682421,13.1905491],[80.1682807,13.1905855],[80.168347,13.1906503],[80.1683603,13.1906703],[80.1683823,13.1907284],[80.1684478,13.1908943],[80.1685253,13.1910818],[80.1686451,13.1913739],[80.1687453,13.1915747],[80.1688165,13.1917794],[80.168883,13.191871],[80.1689495,13.1919192],[80.1690506,13.1919328],[80.1692562,13.1919024],[80.1693552,13.1918638],[80.1694223,13.1918051],[80.1694759,13.1917533],[80.1695117,13.191735],[80.1695246,13.1917002],[80.1695455,13.1916722],[80.1695649,13.191686],[80.1696367,13.1917865],[80.1696887,13.1918476],[80.1697371,13.1918953],[80.1697957,13.1919987],[80.1698704,13.1921605],[80.1699513,13.1922342],[80.1700741,13.1922954],[80.1714676,13.1926326],[80.1734462,13.1929956],[80.1736375,13.1935424],[80.1745752,13.194026],[80.1747861,13.1938445],[80.1785734,13.1950783],[80.1788652,13.1948108],[80.1789149,13.1930911],[80.1783999,13.1916705],[80.1785562,13.1912092],[80.1794575,13.1905323],[80.1816032,13.1895796],[80.1838073,13.1861969],[80.1855668,13.1868654],[80.1881435,13.1861032],[80.1887358,13.1861868],[80.1891392,13.1863205],[80.1895168,13.1862202],[80.1897725,13.1860715],[80.1907957,13.1849584],[80.1912678,13.184131],[80.1916969,13.1824095],[80.1918857,13.180103],[80.1916454,13.1766181],[80.1911133,13.1748297],[80.1908644,13.1727404],[80.1903751,13.1704589],[80.1891306,13.1668736]]]]}},
{"type":"Feature","properties":{"full_id":"w25474612","osm_id":"25474612","osm_type":"way","natural":"water","salt":null,"man_made":null,"layer":null,"covered":null,"landuse":null,"barrier":null,"tidal":null,"name:ta":null,"intermittent":null,"wikimedia_commons":null,"alt_name":null,"wetland":null,"place":null,"wikipedia":"en:Korattur Lake","wikidata":"Q17067756","name":"Korattur Lake","water":"lake","type":null},"geometry":{"type":"MultiPolygon","coordinates":[[[[80.1903381,13.132719],[80.1912682,13.1307483],[80.191545,13.1292501],[80.1916234,13.1273944],[80.1914808,13.1251218],[80.1911347,13.124543],[80.1906755,13.1242807],[80.1902179,13.1242294],[80.1898527,13.1242441],[80.1893414,13.1244376],[80.1891258,13.1244061],[80.1883786,13.1240079],[80.1881059,13.1239097],[80.1874306,13.1237176],[80.1871618,13.1234187],[80.1869526,13.1231313],[80.1864702,13.1222939],[80.1858153,13.1206524],[80.1858368,13.120224],[80.1859682,13.119968],[80.1859709,13.1197747],[80.1856944,13.1195024],[80.1854426,13.1192601],[80.1851239,13.1188955],[80.1854022,13.1173035],[80.1853384,13.1169311],[80.1840182,13.1164337],[80.1826101,13.1163057],[80.1802941,13.1157242],[80.1795453,13.1153022],[80.1796418,13.1143335],[80.1761142,13.114617],[80.1752821,13.114842],[80.1747002,13.114934],[80.1745434,13.11549],[80.1743865,13.1159606],[80.1746406,13.116404],[80.1761053,13.1168772],[80.1763048,13.117907],[80.1779771,13.1177106],[80.1781055,13.1196871],[80.1779279,13.1218519],[80.1755126,13.1221498],[80.1737473,13.1216712],[80.1731146,13.1216036],[80.172726,13.1216464],[80.1715408,13.1217624],[80.171527,13.1219749],[80.1712487,13.1224046],[80.1712228,13.1226221],[80.1712641,13.1228636],[80.1711833,13.1230888],[80.1717787,13.1240478],[80.1720643,13.1244832],[80.17218,13.1243947],[80.1725324,13.1249001],[80.1728942,13.1250645],[80.1736979,13.1248494],[80.17491,13.1279649],[80.1758744,13.1284898],[80.1762889,13.1288],[80.1774272,13.1292512],[80.1790015,13.129119],[80.1797675,13.1282253],[80.1797303,13.1278773],[80.1801695,13.1274247],[80.1807996,13.1271658],[80.1818619,13.1269226],[80.1831122,13.1268988],[80.1846147,13.1265658],[80.1867058,13.127456],[80.1886302,13.1286591],[80.1895497,13.1296159],[80.189961,13.1305054],[80.1894335,13.1322771],[80.1903381,13.132719]]]]}},
{"type":"Feature","properties":{"full_id":"w25474749","osm_id":"25474749","osm_type":"way","natural":"water","salt":null,"man_made":null,"layer":null,"covered":null,"landuse":null,"barrier":null,"tidal":null,"name:ta":null,"intermittent":null,"wikimedia_commons":null,"alt_name":null,"wetland":null,"place":null,"wikipedia":null,"wikidata":null,"name":"Retteri Lake","water":"reservoir","type":null},"geometry":{"type":"MultiPolygon","coordinates":[[[[80.2112284,13.1506818],[80.2115104,13.1504881],[80.2122977,13.1499075],[80.2131373,13.1491943],[80.2151601,13.1476054],[80.2146324,13.1386388],[80.2143492,13.1379702],[80.2139544,13.1340918],[80.2133824,13.1308416],[80.21257,13.131337],[80.2124566,13.1322447],[80.2122145,13.1328878],[80.2123934,13.1333831],[80.2123153,13.1338398],[80.2119751,13.1347012],[80.2121144,13.1373915],[80.2117934,13.1386221],[80.2099005,13.1394627],[80.2087432,13.1430143],[80.2082037,13.1434866],[80.2084021,13.1449916],[80.2068588,13.1450337],[80.2068111,13.145777],[80.2062125,13.1466711],[80.2068348,13.1464364],[80.2075357,13.1462741],[80.2080172,13.146],[80.2081631,13.1478923],[80.2097826,13.1478123],[80.210127,13.1487041],[80.2110477,13.1506516],[80.2112284,13.1506818]]]]}},
{"type":"Feature","properties":{"full_id":"w25504265","osm_id":"25504265","osm_type":"way","natural":"water","salt":null,"man_made":null,"layer":null,"covered":null,"landuse":null,"barrier":null,"tidal":"no","name:ta":"வேளச்சேரி ஏரி","intermittent":"yes","wikimedia_commons":null,"alt_name":null,"wetland":null,"place":null,"wikipedia":"en:Velachery Lake","wikidata":"Q7352533","name":"Velachery Lake","water":"lake","type":null},"geometry":{"type":"MultiPolygon","coordinates":[[[[80.2049011,12.9884708],[80.2062884,12.9883748],[80.2063362,12.9887609],[80.2092366,12.9885522],[80.209461,12.98967],[80.2111532,12.9891761],[80.2112803,12.9898132],[80.2150291,12.9887956],[80.2151378,12.9887988],[80.2163394,12.9879876],[80.2181113,12.9873087],[80.2180131,12.9866745],[80.21676,12.9868836],[80.2159148,12.9867728],[80.2155482,12.9869454],[80.2149408,12.9868866],[80.2147156,12.9870368],[80.213516,12.9871367],[80.2127455,12.9874456],[80.2116605,12.987554],[80.2106307,12.9878246],[80.209943,12.9876967],[80.2091039,12.9879374],[80.2069438,12.9879223],[80.2055166,12.9881146],[80.205223,12.9882247],[80.2048947,12.9883663],[80.2049011,12.9884708]]]]}},
{"type":"Feature","properties":{"full_id":"w25724261","osm_id":"25724261","osm_type":"way","natural":"water","salt":null,"man_made":null,"layer":null,"covered":null,"landuse":null,"barrier":null,"tidal":null,"name:ta":null,"intermittent":null,"wikimedia_commons":null,"alt_name":null,"wetland":null,"place":null,"wikipedia":null,"wikidata":null,"name":"Adambakkam Lake","water":"reservoir","type":null},"geometry":{"type":"MultiPolygon","coordinates":[[[[80.1962747,12.9843071],[80.1962949,12.9857201],[80.1962461,12.9860123],[80.1962289,12.9861992],[80.1962354,12.9862831],[80.196182,12.9863933],[80.1961179,12.9865815],[80.1960637,12.9868371],[80.1959889,12.9870778],[80.1960787,12.9871764],[80.1961511,12.9872828],[80.1961833,12.987351],[80.1962525,12.9874343],[80.1962721,12.9875799],[80.1963333,12.9876696],[80.1964172,12.9878672],[80.1965588,12.988025],[80.1966178,12.9880566],[80.1966274,12.9881774],[80.1967476,12.9881607],[80.1967819,12.9882777],[80.1971767,12.9882945],[80.197379,12.9881293],[80.1970249,12.9868957],[80.1968104,12.9858763],[80.1966333,12.9850557],[80.1966451,12.9847341],[80.196545,12.9844881],[80.1964268,12.9842899],[80.1962747,12.9843071]]]]}},
{"type":"Feature","properties":{"full_id":"w25724278","osm_id":"25724278","osm_type":"way","natural":"water","salt":null,"man_made":null,"layer":null,"covered":null,"landuse":null,"barrier":null,"tidal":null,"name:ta":null,"intermittent":null,"wikimedia_commons":null,"alt_name":"Nanganallur Temple Tank","wetland":null,"place":null,"wikipedia":null,"wikidata":null,"name":"Pannachiamman Koil Tank","water":"pond","type":null},"geometry":{"type":"MultiPolygon","coordinates":[[[[80.1875015,12.9849015],[80.1883586,12.9848968],[80.1883537,12.9840196],[80.1873791,12.9840359],[80.1875015,12.9849015]]]]}},
{"type":"Feature","properties":{"full_id":"w25725027","osm_id":"25725027","osm_type":"way","natural":"water","salt":null,"man_made":null,"layer":null,"covered":null,"landuse":null,"barrier":null,"tidal":null,"name:ta":"மடிப்பாக்கம் ஏரி","intermittent":null,"wikimedia_commons":null,"alt_name":"Karthikeyapuram Lake","wetland":null,"place":null,"wikipedia":null,"wikidata":null,"name":"Madipakkam Lake","water":"lake","type":null},"geometry":{"type":"MultiPolygon","coordinates":[[[[80.1894678,12.9580156],[80.1892636,12.958084],[80.1889845,12.9581369],[80.1886607,12.9582507],[80.1884744,12.958311],[80.188444,12.9583219],[80.1884315,12.9583513],[80.188447,12.9583954],[80.1884672,12.9583977],[80.1886298,12.9583798],[80.188874,12.958333],[80.1893629,12.958261],[80.1895121,12.9582136],[80.1895781,12.9582335],[80.1896243,12.9582744],[80.1896517,12.9586124],[80.1896517,12.9588132],[80.1896726,12.9589844],[80.1900331,12.9599881],[80.1905395,12.9616108],[80.1909172,12.9629491],[80.1911232,12.9637521],[80.1913388,12.9646355],[80.1914987,12.9646157],[80.1916215,12.9649745],[80.1921459,12.9648571],[80.19278,12.964681],[80.1930064,12.9645207],[80.1931255,12.9645798],[80.1932279,12.9643977],[80.1934135,12.9645083],[80.1933886,12.9643986],[80.1932295,12.9641635],[80.1930571,12.9640288],[80.1925788,12.9636759],[80.19249,12.9634379],[80.1924559,12.9628299],[80.1924887,12.962504],[80.1923431,12.9618129],[80.1923419,12.9614324],[80.1923387,12.9612527],[80.1923065,12.9609665],[80.1921494,12.9607788],[80.1920893,12.9606199],[80.1920979,12.9604275],[80.192012,12.9602184],[80.1918318,12.9599173],[80.1917374,12.9597332],[80.1916859,12.9595994],[80.1916773,12.959499],[80.1916601,12.9593067],[80.1915228,12.9585873],[80.1911704,12.9577925],[80.1908085,12.9577601],[80.190283,12.9578153],[80.1894678,12.9580156]]]]}},
{"type":"Feature","properties":{"full_id":"w25726316","osm_id":"25726316","osm_type":"way","natural":"water","salt":null,"man_made":null,"layer":null,"covered":null,"landuse":null,"barrier":null,"tidal":null,"name:ta":null,"intermittent":null,"wikimedia_commons":null,"alt_name":null,"wetland":null,"place":null,"wikipedia":null,"wikidata":null,"name":"Puzhuthivakkam Lake","water":"lake","type":null},"geometry":{"type":"MultiPolygon","coordinates":[[[[80.2014988,12.9658416],[80.2016275,12.9675647],[80.2015674,12.9681836],[80.2015846,12.9684596],[80.201473,12.9689196],[80.201422,12.9689843],[80.2013872,12.9690284],[80.2013872,12.9696473],[80.2013271,12.9698982],[80.2012498,12.9700321],[80.2011297,12.9700153],[80.2010175,12.9714573],[80.2013264,12.9713876],[80.2015849,12.9711082],[80.2017734,12.9708518],[80.2019193,12.9707096],[80.202606,12.9706343],[80.2028291,12.9704586],[80.2029235,12.9702077],[80.2028978,12.9699903],[80.2030265,12.9698146],[80.2032068,12.9691706],[80.2032239,12.9687858],[80.2030112,12.9684329],[80.2028276,12.967941],[80.2026784,12.9676273],[80.2018507,12.9661093],[80.2015159,12.9656743],[80.2014988,12.9658416]]]]}},
{"type":"Feature","properties":{"full_id":"w26800736","osm_id":"26800736","osm_type":"way","natural":"water","salt":null,"man_made":null,"layer":null,"covered":null,"landuse":null,"barrier":null,"tidal":null,"name:ta":null,"intermittent":null,"wikimedia_commons":null,"alt_name":null,"wetland":null,"place":null,"wikipedia":null,"wikidata":null,"name":"Retteri Lake","water":"reservoir","type":null},"geometry":{"type":"MultiPolygon","coordinates":[[[[80.2113405,13.1512602],[80.2113064,13.1516187],[80.2113401,13.1518872],[80.2114567,13.1526102],[80.2116997,13.1526131],[80.2117824,13.152658],[80.2120395,13.1534738],[80.2122209,13.1538092],[80.2122942,13.15439],[80.2125269,13.1556297],[80.2133763,13.1555969],[80.2150846,13.1556762],[80.2159919,13.1557556],[80.2165082,13.1555428],[80.2166794,13.1550419],[80.2165559,13.1543408],[80.2163707,13.1540236],[80.2159881,13.1529214],[80.215568,13.1506328],[80.2153822,13.1501895],[80.2152461,13.1493678],[80.2152086,13.1483901],[80.2116008,13.1510626],[80.2113405,13.1512602]]]]}},
{"type":"Feature","properties":{"full_id":"w27203001","osm_id":"27203001","osm_type":"way","natural":"water","salt":null,"man_made":null,"layer":null,"covered":null,"landuse":null,"barrier":null,"tidal":null,"name:ta":null,"intermittent":null,"wikimedia_commons":null,"alt_name":null,"wetland":null,"place":null,"wikipedia":null,"wikidata":null,"name":"Ellaiamman Koil Kulam","water":"pond","type":null},"geometry":{"type":"MultiPolygon","coordinates":[[[[80.2248537,13.0345647],[80.2253651,13.0345192],[80.2253189,13.033683],[80.2247869,13.0336485],[80.2248537,13.0345647]]]]}},
{"type":"Feature","properties":{"full_id":"w27771449","osm_id":"27771449","osm_type":"way","natural":"water","salt":null,"man_made":null,"layer":null,"covered":null,"landuse":null,"barrier":null,"tidal":null,"name:ta":null,"intermittent":null,"wikimedia_commons":null,"alt_name":null,"wetland":null,"place":null,"wikipedia":null,"wikidata":null,"name":"Vadapalani Murugan Temple Pond","water":"reservoir","type":null},"geometry":{"type":"MultiPolygon","coordinates":[[[[80.2139497,13.0532993],[80.2139519,13.052668],[80.2145785,13.05267],[80.2145764,13.0533013],[80.2139497,13.0532993]]]]}},
{"type":"Feature","properties":{"full_id":"w28310161","osm_id":"28310161","osm_type":"way","natural":"water","salt":null,"man_made":null,"layer":null,"covered":null,"landuse":null,"barrier":null,"tidal":null,"name:ta":null,"intermittent":null,"wikimedia_commons":null,"alt_name":null,"wetland":null,"place":null,"wikipedia":null,"wikidata":null,"name":null,"water":null,"type":null},"geometry":{"type":"MultiPolygon","coordinates":[[[[80.1723683,12.9797564],[80.1724627,12.9797564],[80.1725657,12.9797397],[80.1726429,12.9796979],[80.1727631,12.9796561],[80.1728575,12.9796561],[80.1729777,12.9796979],[80.1730978,12.9797481],[80.1730978,12.9798986],[80.1730978,12.9800074],[80.1731493,12.9800659],[80.1730721,12.9801997],[80.1730292,12.9803085],[80.1729605,12.9804172],[80.1728833,12.9805426],[80.1727888,12.980643],[80.1726515,12.9807015],[80.1725399,12.9807601],[80.1723854,12.980735],[80.1721966,12.9806932],[80.172085,12.9807768],[80.1719992,12.9807266],[80.1720421,12.9806681],[80.1720764,12.9806263],[80.172085,12.9805092],[80.172085,12.9804088],[80.172085,12.9802834],[80.1721279,12.9801663],[80.1721365,12.9800743],[80.1720679,12.979999],[80.1719992,12.9799488],[80.1719563,12.9798317],[80.1720335,12.9797899],[80.1721709,12.9797564],[80.1722739,12.9797564],[80.1723683,12.9797564]]]]}},
{"type":"Feature","properties":{"full_id":"w29047592","osm_id":"29047592","osm_type":"way","natural":"water","salt":null,"man_made":null,"layer":null,"covered":null,"landuse":null,"barrier":null,"tidal":null,"name:ta":null,"intermittent":null,"wikimedia_commons":null,"alt_name":null,"wetland":null,"place":null,"wikipedia":null,"wikidata":null,"name":"Marundeeshwara Temple Tank","water":"pond","type":null},"geometry":{"type":"MultiPolygon","coordinates":[[[[80.2618713,12.9859656],[80.2610399,12.985993],[80.2609834,12.9852008],[80.2618444,12.9851448],[80.2618713,12.9859656]]]]}},
{"type":"Feature","properties":{"full_id":"w29241216","osm_id":"29241216","osm_type":"way","natural":"water","salt":null,"man_made":null,"layer":null,"covered":null,"landuse":null,"barrier":null,"tidal":null,"name:ta":null,"intermittent":null,"wikimedia_commons":null,"alt_name":null,"wetland":null,"place":null,"wikipedia":null,"wikidata":null,"name":"Agathishwara Perumal Koil Kulam","water":"pond","type":null},"geometry":{"type":"MultiPolygon","coordinates":[[[[80.2416063,13.0603707],[80.2422306,13.0603402],[80.2422145,13.0597061],[80.241586,13.0597215],[80.2416063,13.0603707]]]]}},
{"type":"Feature","properties":{"full_id":"w29246065","osm_id":"29246065","osm_type":"way","natural":"water","salt":null,"man_made":null,"layer":null,"covered":null,"landuse":null,"barrier":null,"tidal":null,"name:ta":null,"intermittent":null,"wikimedia_commons":null,"alt_name":null,"wetland":null,"place":null,"wikipedia":null,"wikidata":null,"name":"Periyathoppu Lake","water":"reservoir","type":null},"geometry":{"type":"MultiPolygon","coordinates":[[[[80.2527039,13.1726598],[80.253691,13.1724425],[80.2545074,13.1718855],[80.2544766,13.1715784],[80.2543804,13.1713874],[80.2542317,13.171239],[80.252977,13.1686898],[80.2528928,13.1685146],[80.2520124,13.1663297],[80.2507678,13.1668132],[80.2526906,13.1726196],[80.2527039,13.1726598]]]]}},
{"type":"Feature","properties":{"full_id":"w30037018","osm_id":"30037018","osm_type":"way","natural":"water","salt":null,"man_made":null,"layer":null,"covered":null,"landuse":null,"barrier":null,"tidal":null,"name:ta":null,"intermittent":null,"wikimedia_commons":null,"alt_name":null,"wetland":null,"place":null,"wikipedia":null,"wikidata":null,"name":"Oxidation Pond","water":"pond","type":null},"geometry":{"type":"MultiPolygon","coordinates":[[[[80.2398833,12.9914769],[80.2397017,12.9903643],[80.2409039,12.990178],[80.2410856,12.9912906],[80.2398833,12.9914769]]]]}},
{"type":"Feature","properties":{"full_id":"w30037019","osm_id":"30037019","osm_type":"way","natural":"water","salt":null,"man_made":null,"layer":null,"covered":null,"landuse":null,"barrier":null,"tidal":null,"name:ta":null,"intermittent":null,"wikimedia_commons":null,"alt_name":null,"wetland":null,"place":null,"wikipedia":null,"wikidata":null,"name":"Oxidation Pond","water":"pond","type":null},"geometry":{"type":"MultiPolygon","coordinates":[[[[80.2396119,12.9896204],[80.2395112,12.9885071],[80.2406647,12.9884081],[80.2407115,12.9889253],[80.2401302,12.9889752],[80.2399723,12.9891247],[80.2400108,12.989583],[80.2397581,12.9896079],[80.2396119,12.9896204]]]]}},
{"type":"Feature","properties":{"full_id":"w30606822","osm_id":"30606822","osm_type":"way","natural":"water","salt":null,"man_made":null,"layer":null,"covered":null,"landuse":null,"barrier":null,"tidal":null,"name:ta":null,"intermittent":null,"wikimedia_commons":null,"alt_name":null,"wetland":null,"place":null,"wikipedia":null,"wikidata":null,"name":"Velachery Lake","water":null,"type":null},"geometry":{"type":"MultiPolygon","coordinates":[[[[80.2190026,12.9870579],[80.218683,12.987133],[80.2186907,12.9869744],[80.218693,12.9867749],[80.2186458,12.986652],[80.2195869,12.9865021],[80.2201331,12.9863407],[80.2207456,12.9861504],[80.2209856,12.9860387],[80.2214035,12.9858897],[80.2217677,12.9857324],[80.2219704,12.9856745],[80.2222311,12.9854924],[80.2222932,12.9851531],[80.2221484,12.9848924],[80.2220491,12.9847434],[80.2220656,12.9845324],[80.2222146,12.9844496],[80.2223429,12.9844745],[80.222496,12.98464],[80.2225994,12.9848676],[80.2227939,12.9848593],[80.2228601,12.9849876],[80.2228187,12.9851862],[80.2226863,12.9854428],[80.2226242,12.9856786],[80.222467,12.9857531],[80.2223429,12.985629],[80.2222022,12.9856207],[80.2218049,12.9857904],[80.2217097,12.9859228],[80.2215566,12.9860014],[80.2214614,12.9859518],[80.2210849,12.9860593],[80.2208031,12.9861696],[80.2202647,12.9863924],[80.2198932,12.9865553],[80.2198973,12.9866729],[80.2197297,12.986786],[80.2196506,12.986832],[80.2190873,12.9870391],[80.2190026,12.9870579]]]]}},
{"type":"Feature","properties":{"full_id":"w30609167","osm_id":"30609167","osm_type":"way","natural":"water","salt":null,"man_made":null,"layer":null,"covered":null,"landuse":null,"barrier":null,"tidal":null,"name:ta":null,"intermittent":null,"wikimedia_commons":null,"alt_name":null,"wetland":null,"place":null,"wikipedia":null,"wikidata":null,"name":"Kallu Kuttai Lake","water":"lake","type":null},"geometry":{"type":"MultiPolygon","coordinates":[[[[80.2358994,12.9784979],[80.2357816,12.9783533],[80.235861,12.9781347],[80.2357127,12.978086],[80.2356379,12.9783365],[80.2355211,12.978359],[80.2340846,12.9777954],[80.2332025,12.9778351],[80.2332917,12.9791542],[80.234076,12.9793124],[80.2340416,12.9794719],[80.2346335,12.9796008],[80.2346923,12.9798329],[80.2349763,12.9798254],[80.2351217,12.9802487],[80.2359669,12.9800627],[80.2366756,12.9799157],[80.2379587,12.9796863],[80.2380564,12.9793895],[80.2386138,12.9793167],[80.2386652,12.9788811],[80.2369897,12.9787612],[80.2358994,12.9784979]]]]}},
{"type":"Feature","properties":{"full_id":"w30624441","osm_id":"30624441","osm_type":"way","natural":"water","salt":null,"man_made":null,"layer":null,"covered":null,"landuse":null,"barrier":null,"tidal":null,"name:ta":null,"intermittent":null,"wikimedia_commons":null,"alt_name":null,"wetland":null,"place":null,"wikipedia":null,"wikidata":null,"name":null,"water":"river","type":null},"geometry":{"type":"MultiPolygon","coordinates":[[[[80.1777963,13.070926],[80.177048,13.0721034],[80.1762196,13.0716276],[80.175582,13.0711729],[80.1748677,13.0707775],[80.174434,13.0702482],[80.1738728,13.068571],[80.1735667,13.0677101],[80.1734749,13.0674878],[80.1729601,13.0669785],[80.1721353,13.066591],[80.1712994,13.0664913],[80.1700593,13.0664526],[80.1694006,13.0664249],[80.1687332,13.0663728],[80.1680466,13.0662859],[80.1669517,13.0658948],[80.1658219,13.065469],[80.1650311,13.0650867],[80.1637319,13.0645565],[80.1628412,13.0642785],[80.1623936,13.063744],[80.1607468,13.063492],[80.1588436,13.0631965],[80.1578008,13.0628272],[80.1565059,13.0623231],[80.1555152,13.0618365],[80.1547244,13.061541],[80.1542694,13.06148],[80.1536428,13.0614685],[80.1531661,13.0615954],[80.1525817,13.0619683],[80.1520897,13.0622181],[80.1514,13.0625342],[80.1507588,13.0628017],[80.1500114,13.0631339],[80.1496655,13.0633244],[80.1495009,13.0636006],[80.148349,13.0635242],[80.1461567,13.0630187],[80.1452281,13.0627484],[80.1453045,13.0621655],[80.146192,13.0622665],[80.1474497,13.0626191],[80.1483078,13.0628483],[80.1487604,13.0629012],[80.1494245,13.0627719],[80.1498038,13.0626864],[80.1503989,13.0625111],[80.1510263,13.0622527],[80.1515799,13.0620036],[80.1521427,13.06163],[80.1526917,13.0613578],[80.1534067,13.0611271],[80.1540433,13.0610072],[80.1544816,13.0609657],[80.1549199,13.0610441],[80.1557272,13.0612655],[80.1561931,13.06151],[80.1568113,13.0617684],[80.1573279,13.0619713],[80.1579922,13.0621743],[80.1580704,13.0622234],[80.1581906,13.0622989],[80.1591178,13.0624972],[80.1598467,13.0626403],[80.1607586,13.062753],[80.1613904,13.0628448],[80.1616424,13.0628836],[80.1622143,13.0630148],[80.1625777,13.0633415],[80.162813,13.0637059],[80.1632374,13.0639227],[80.1638602,13.0641119],[80.1642154,13.0641441],[80.1652672,13.0644532],[80.1662267,13.0647485],[80.1668541,13.0649791],[80.1673062,13.0652974],[80.1678506,13.0654266],[80.1684687,13.0654451],[80.1691469,13.0655004],[80.1698804,13.0656757],[80.1707984,13.0656619],[80.1715503,13.0657265],[80.172127,13.0659894],[80.1729666,13.0664369],[80.1734915,13.0667792],[80.1739067,13.0672885],[80.1742776,13.0679915],[80.1747094,13.0688717],[80.1751634,13.0699014],[80.1755841,13.0702501],[80.1760666,13.070548],[80.1769786,13.0707775],[80.1777963,13.070926]]]]}},
{"type":"Feature","properties":{"full_id":"w30625195","osm_id":"30625195","osm_type":"way","natural":"water","salt":null,"man_made":null,"layer":null,"covered":null,"landuse":null,"barrier":null,"tidal":null,"name:ta":null,"intermittent":null,"wikimedia_commons":null,"alt_name":null,"wetland":null,"place":null,"wikipedia":null,"wikidata":null,"name":"Alappakkam Madhuravoyal Eri","water":"lake","type":null},"geometry":{"type":"MultiPolygon","coordinates":[[[[80.1632154,13.0533926],[80.163564,13.0534044],[80.1638949,13.0531799],[80.1648343,13.0531149],[80.1654369,13.0529554],[80.1655374,13.0527663],[80.1654251,13.0514665],[80.1652833,13.0508698],[80.1648225,13.0507339],[80.1646629,13.0505743],[80.1644502,13.0506511],[80.1643971,13.0511415],[80.1646511,13.0513306],[80.164657,13.0516496],[80.1643203,13.0517619],[80.1643025,13.052075],[80.1640189,13.0521873],[80.1638181,13.0522582],[80.1635995,13.0526009],[80.163304,13.052654],[80.1632745,13.0529258],[80.1631741,13.0530263],[80.1630973,13.0533394],[80.1632154,13.0533926]]]]}},
{"type":"Feature","properties":{"full_id":"w30738635","osm_id":"30738635","osm_type":"way","natural":"water","salt":null,"man_made":null,"layer":null,"covered":null,"landuse":null,"barrier":null,"tidal":null,"name:ta":null,"intermittent":null,"wikimedia_commons":null,"alt_name":null,"wetland":null,"place":null,"wikipedia":null,"wikidata":null,"name":"ETPS Flyash Pond","water":"reservoir","type":null},"geometry":{"type":"MultiPolygon","coordinates":[[[[80.3030652,13.2059935],[80.3057774,13.2052248],[80.3065842,13.2057429],[80.304696,13.2099209],[80.3042496,13.2100462],[80.3030652,13.2059935]]]]}},
{"type":"Feature","properties":{"full_id":"w30738642","osm_id":"30738642","osm_type":"way","natural":"water","salt":null,"man_made":null,"layer":null,"covered":null,"landuse":null,"barrier":null,"tidal":null,"name:ta":null,"intermittent":null,"wikimedia_commons":null,"alt_name":null,"wetland":null,"place":null,"wikipedia":null,"wikidata":null,"name":"ETPS Flyash Pond","water":"reservoir","type":null},"geometry":{"type":"MultiPolygon","coordinates":[[[[80.2948067,13.2135426],[80.2941645,13.2167894],[80.2956237,13.2179592],[80.297366,13.2166055],[80.2978123,13.213071],[80.2996834,13.2124276],[80.3004903,13.2103136],[80.3037776,13.2108317],[80.3040951,13.2107398],[80.3026017,13.2054504],[80.3009452,13.2063111],[80.2981557,13.2062609],[80.2972717,13.2063761],[80.2961527,13.2123805],[80.2948067,13.2135426]]]]}},
{"type":"Feature","properties":{"full_id":"w30978033","osm_id":"30978033","osm_type":"way","natural":"water","salt":null,"man_made":null,"layer":null,"covered":null,"landuse":null,"barrier":null,"tidal":null,"name:ta":null,"intermittent":null,"wikimedia_commons":null,"alt_name":null,"wetland":null,"place":null,"wikipedia":null,"wikidata":null,"name":"Kandasamy Koil Tank","water":"reservoir","type":null},"geometry":{"type":"MultiPolygon","coordinates":[[[[80.2559794,13.0946197],[80.2559259,13.0948086],[80.2556251,13.0947128],[80.2556947,13.0945265],[80.2559794,13.0946197]]]]}},
{"type":"Feature","properties":{"full_id":"w31020934","osm_id":"31020934","osm_type":"way","natural":"water","salt":null,"man_made":null,"layer":null,"covered":null,"landuse":null,"barrier":null,"tidal":null,"name:ta":null,"intermittent":null,"wikimedia_commons":null,"alt_name":null,"wetland":null,"place":null,"wikipedia":null,"wikidata":null,"name":"Periyathoppu Lake","water":"reservoir","type":null},"geometry":{"type":"MultiPolygon","coordinates":[[[[80.2521435,13.1659947],[80.2515778,13.1662535],[80.2512047,13.1664136],[80.2506873,13.1665763],[80.2502658,13.1667478],[80.2501089,13.1662955],[80.2493682,13.1665369],[80.2494057,13.1668065],[80.2481414,13.1668093],[80.2474161,13.1641512],[80.2483366,13.1637479],[80.2469536,13.1592616],[80.246783,13.1587082],[80.2472379,13.1581232],[80.2490386,13.1607216],[80.2494827,13.1615036],[80.2498516,13.1621226],[80.2499613,13.1621405],[80.2500508,13.1622272],[80.2501817,13.1623844],[80.2503265,13.1624612],[80.2504234,13.1625209],[80.2505303,13.1626839],[80.2507142,13.1629632],[80.2510558,13.1628097],[80.2514754,13.1633841],[80.2519219,13.1640406],[80.2522257,13.1646223],[80.2528171,13.1654377],[80.2520835,13.1658384],[80.2521435,13.1659947]]]]}},
{"type":"Feature","properties":{"full_id":"w32306856","osm_id":"32306856","osm_type":"way","natural":"water","salt":null,"man_made":null,"layer":null,"covered":null,"landuse":null,"barrier":null,"tidal":null,"name:ta":null,"intermittent":null,"wikimedia_commons":null,"alt_name":null,"wetland":null,"place":null,"wikipedia":null,"wikidata":null,"name":"Balasubramani Temple Tank","water":"pond","type":null},"geometry":{"type":"MultiPolygon","coordinates":[[[[80.2494241,13.0382032],[80.2492116,13.0382377],[80.2492426,13.0384192],[80.2494552,13.0383847],[80.2494241,13.0382032]]]]}},
{"type":"Feature","properties":{"full_id":"w32945537","osm_id":"32945537","osm_type":"way","natural":"water","salt":null,"man_made":null,"layer":null,"covered":null,"landuse":null,"barrier":null,"tidal":null,"name:ta":null,"intermittent":null,"wikimedia_commons":null,"alt_name":null,"wetland":null,"place":null,"wikipedia":null,"wikidata":null,"name":null,"water":"reservoir","type":null},"geometry":{"type":"MultiPolygon","coordinates":[[[[80.1726901,13.0370289],[80.1738979,13.0370156],[80.1744985,13.0371224],[80.1744452,13.0375628],[80.1742049,13.0379699],[80.173978,13.0379699],[80.1737645,13.0381767],[80.1737111,13.0384503],[80.1735242,13.038477],[80.1734909,13.0386239],[80.1727835,13.0385771],[80.1727101,13.0377163],[80.1726901,13.0370289]]]]}},
{"type":"Feature","properties":{"full_id":"w32995619","osm_id":"32995619","osm_type":"way","natural":"water","salt":null,"man_made":null,"layer":null,"covered":null,"landuse":null,"barrier":null,"tidal":null,"name:ta":null,"intermittent":null,"wikimedia_commons":null,"alt_name":null,"wetland":null,"place":null,"wikipedia":null,"wikidata":null,"name":"Thamarai Kulam","water":"lake","type":null},"geometry":{"type":"MultiPolygon","coordinates":[[[[80.3228012,13.2215733],[80.3231359,13.2215064],[80.3235565,13.2232444],[80.323814,13.2249656],[80.3236166,13.2249907],[80.3234792,13.2248319],[80.3233934,13.2243139],[80.3230758,13.2243222],[80.3228183,13.2239295],[80.3227583,13.2235619],[80.3229299,13.2227263],[80.3228355,13.2218574],[80.3228012,13.2215733]]]]}},
{"type":"Feature","properties":{"full_id":"w33069045","osm_id":"33069045","osm_type":"way","natural":"water","salt":null,"man_made":null,"layer":null,"covered":null,"landuse":null,"barrier":null,"tidal":null,"name:ta":null,"intermittent":null,"wikimedia_commons":null,"alt_name":null,"wetland":null,"place":null,"wikipedia":null,"wikidata":null,"name":"ETPS Oxidation Pond","water":"pond","type":null},"geometry":{"type":"MultiPolygon","coordinates":[[[[80.3167784,13.2141658],[80.317085,13.2150191],[80.3176117,13.2148591],[80.3172917,13.2140258],[80.3167784,13.2141658]]]]}},
{"type":"Feature","properties":{"full_id":"w33071135","osm_id":"33071135","osm_type":"way","natural":"water","salt":null,"man_made":null,"layer":null,"covered":null,"landuse":null,"barrier":null,"tidal":null,"name:ta":null,"intermittent":null,"wikimedia_commons":null,"alt_name":null,"wetland":null,"place":null,"wikipedia":null,"wikidata":null,"name":"Thyagarajaswami Koil Tank","water":"pond","type":null},"geometry":{"type":"MultiPolygon","coordinates":[[[[80.2999907,13.1619412],[80.3007278,13.1618659],[80.3006802,13.1610892],[80.2999431,13.1611922],[80.2999907,13.1619412]]]]}},
{"type":"Feature","properties":{"full_id":"w35475053","osm_id":"35475053","osm_type":"way","natural":"water","salt":null,"man_made":null,"layer":null,"covered":null,"landuse":null,"barrier":"wall","tidal":null,"name:ta":null,"intermittent":null,"wikimedia_commons":null,"alt_name":null,"wetland":null,"place":null,"wikipedia":null,"wikidata":null,"name":"Karaneeswarar Temple Tank","water":"reservoir","type":null},"geometry":{"type":"MultiPolygon","coordinates":[[[[80.2221742,13.0244398],[80.2221466,13.0250508],[80.2227975,13.0250787],[80.2228252,13.0244678],[80.2221742,13.0244398]]]]}},
{"type":"Feature","properties":{"full_id":"w35475132","osm_id":"35475132","osm_type":"way","natural":"water","salt":null,"man_made":null,"layer":null,"covered":null,"landuse":null,"barrier":null,"tidal":null,"name:ta":null,"intermittent":null,"wikimedia_commons":null,"alt_name":null,"wetland":null,"place":null,"wikipedia":null,"wikidata":null,"name":"Prasanna Venkatesa Perumal Koil Kulam","water":"pond","type":null},"geometry":{"type":"MultiPolygon","coordinates":[[[[80.2171546,13.0222682],[80.2174301,13.0222426],[80.2174527,13.0224957],[80.2171761,13.0225309],[80.2171546,13.0222682]]]]}},
{"type":"Feature","properties":{"full_id":"w47109361","osm_id":"47109361","osm_type":"way","natural":"water","salt":null,"man_made":null,"layer":null,"covered":null,"landuse":null,"barrier":null,"tidal":null,"name:ta":null,"intermittent":null,"wikimedia_commons":null,"alt_name":null,"wetland":null,"place":null,"wikipedia":null,"wikidata":null,"name":"Kachaleeswara Temple Reservoir","water":"reservoir","type":null},"geometry":{"type":"MultiPolygon","coordinates":[[[[80.2872564,13.0936322],[80.2871826,13.0932113],[80.2875134,13.0931562],[80.2875871,13.0935772],[80.2872564,13.0936322]]]]}},
{"type":"Feature","properties":{"full_id":"w47109373","osm_id":"47109373","osm_type":"way","natural":"water","salt":null,"man_made":null,"layer":null,"covered":null,"landuse":null,"barrier":null,"tidal":null,"name:ta":null,"intermittent":null,"wikimedia_commons":null,"alt_name":null,"wetland":null,"place":null,"wikipedia":null,"wikidata":null,"name":"Malligeshwarar Temple Reservoir","water":"reservoir","type":null},"geometry":{"type":"MultiPolygon","coordinates":[[[[80.290199,13.0980103],[80.2901823,13.0977303],[80.2898731,13.0977478],[80.2898898,13.0980278],[80.290199,13.0980103]]]]}},
{"type":"Feature","properties":{"full_id":"w47415291","osm_id":"47415291","osm_type":"way","natural":"water","salt":null,"man_made":null,"layer":null,"covered":null,"landuse":null,"barrier":null,"tidal":null,"name:ta":null,"intermittent":null,"wikimedia_commons":null,"alt_name":"Krishnappa Tank","wetland":null,"place":null,"wikipedia":null,"wikidata":null,"name":"Kondithope Kasi Viswanathar Koil","water":"pond","type":null},"geometry":{"type":"MultiPolygon","coordinates":[[[[80.2782506,13.1004935],[80.2776172,13.1005257],[80.2775832,13.0998413],[80.2782203,13.0997895],[80.2782506,13.1004935]]]]}},
{"type":"Feature","properties":{"full_id":"w47571166","osm_id":"47571166","osm_type":"way","natural":"water","salt":null,"man_made":null,"layer":null,"covered":null,"landuse":null,"barrier":null,"tidal":null,"name:ta":null,"intermittent":null,"wikimedia_commons":null,"alt_name":null,"wetland":null,"place":null,"wikipedia":null,"wikidata":null,"name":"Thiruvateeswaran Koil Kulam","water":"pond","type":null},"geometry":{"type":"MultiPolygon","coordinates":[[[[80.272301,13.061857],[80.2723087,13.0614923],[80.2727811,13.0615015],[80.2727761,13.0618594],[80.272301,13.061857]]]]}},
{"type":"Feature","properties":{"full_id":"w48057021","osm_id":"48057021","osm_type":"way","natural":"water","salt":null,"man_made":null,"layer":null,"covered":null,"landuse":null,"barrier":null,"tidal":null,"name:ta":null,"intermittent":null,"wikimedia_commons":null,"alt_name":null,"wetland":null,"place":null,"wikipedia":null,"wikidata":null,"name":"Gangadeeshwarar Koil Kulam","water":"pond","type":null},"geometry":{"type":"MultiPolygon","coordinates":[[[[80.2540074,13.0854349],[80.2539867,13.0848525],[80.2545437,13.0848726],[80.2545821,13.0854671],[80.2540074,13.0854349]]]]}},
{"type":"Feature","properties":{"full_id":"w48737652","osm_id":"48737652","osm_type":"way","natural":"water","salt":null,"man_made":null,"layer":null,"covered":null,"landuse":null,"barrier":null,"tidal":null,"name:ta":null,"intermittent":null,"wikimedia_commons":null,"alt_name":null,"wetland":null,"place":null,"wikipedia":null,"wikidata":null,"name":null,"water":"reservoir","type":null},"geometry":{"type":"MultiPolygon","coordinates":[[[[80.2379157,13.1057869],[80.2379037,13.1051613],[80.2387681,13.1051379],[80.2387741,13.1057635],[80.2379157,13.1057869]]]]}},
{"type":"Feature","properties":{"full_id":"w48738675","osm_id":"48738675","osm_type":"way","natural":"water","salt":null,"man_made":null,"layer":null,"covered":null,"landuse":null,"barrier":null,"tidal":null,"name:ta":null,"intermittent":null,"wikimedia_commons":null,"alt_name":null,"wetland":null,"place":null,"wikipedia":null,"wikidata":null,"name":null,"water":"reservoir","type":null},"geometry":{"type":"MultiPolygon","coordinates":[[[[80.2261813,13.0980778],[80.2261999,13.097744],[80.2262798,13.0977085],[80.2262878,13.097668],[80.2263482,13.0975818],[80.2267615,13.0976249],[80.226763,13.0980528],[80.2261813,13.0980778]]]]}},
{"type":"Feature","properties":{"full_id":"w82874933","osm_id":"82874933","osm_type":"way","natural":"water","salt":null,"man_made":null,"layer":null,"covered":null,"landuse":null,"barrier":null,"tidal":null,"name:ta":null,"intermittent":null,"wikimedia_commons":null,"alt_name":null,"wetland":null,"place":null,"wikipedia":null,"wikidata":null,"name":"Nesavalar Nagar Lake","water":"lake","type":null},"geometry":{"type":"MultiPolygon","coordinates":[[[[80.2012254,12.9151845],[80.2012822,12.9158628],[80.2009556,12.9159043],[80.2004869,12.9157936],[80.2001319,12.9156136],[80.1998194,12.9149353],[80.1992087,12.9134957],[80.1990383,12.9125544],[80.1990383,12.9119453],[80.1993508,12.9110594],[80.1994502,12.9106994],[80.1997626,12.9105749],[80.2000325,12.9104087],[80.2003023,12.9100903],[80.2004159,12.9104226],[80.2004159,12.9108379],[80.2001745,12.9111839],[80.2000182,12.911793],[80.2001035,12.9123191],[80.2003591,12.9128174],[80.2007283,12.9135511],[80.201126,12.914963],[80.2012254,12.9151845]]]]}},
{"type":"Feature","properties":{"full_id":"w83075012","osm_id":"83075012","osm_type":"way","natural":"water","salt":null,"man_made":null,"layer":null,"covered":null,"landuse":null,"barrier":null,"tidal":null,"name:ta":null,"intermittent":null,"wikimedia_commons":null,"alt_name":null,"wetland":null,"place":null,"wikipedia":null,"wikidata":null,"name":null,"water":"river","type":null},"geometry":{"type":"MultiPolygon","coordinates":[[[[80.2730881,13.0785898],[80.2725733,13.0788505],[80.2728616,13.078868],[80.2731481,13.0789832],[80.2745837,13.079345],[80.2750206,13.0794361],[80.2750842,13.0794327],[80.275179,13.0794239],[80.2752139,13.0794207],[80.2754956,13.0793459],[80.2757483,13.0793903],[80.2759289,13.0793966],[80.2770543,13.0794609],[80.2777526,13.0795101],[80.2780623,13.0795342],[80.2801627,13.0796702],[80.2806108,13.0796639],[80.280697,13.0796812],[80.2808113,13.0796983],[80.2809172,13.0796539],[80.2810192,13.0795951],[80.2812592,13.079437],[80.2814255,13.0793025],[80.2814951,13.0792202],[80.2815154,13.0791706],[80.2815583,13.079117],[80.2815765,13.0791109],[80.2815931,13.0791089],[80.2816235,13.0791026],[80.2816501,13.0790878],[80.2816656,13.0790647],[80.2816897,13.0789903],[80.2816976,13.0789501],[80.2817077,13.0789293],[80.2817227,13.0789103],[80.2817351,13.0788963],[80.2817559,13.0788767],[80.2818228,13.0788527],[80.2820001,13.0786865],[80.2820577,13.0786599],[80.2822305,13.0784167],[80.2834021,13.0758911],[80.2835046,13.0755107],[80.2837734,13.0745566],[80.2839463,13.0737397],[80.2840359,13.072904],[80.284246,13.0704384],[80.2836895,13.0706398],[80.2838631,13.0709459],[80.2838119,13.0720871],[80.2836838,13.0734091],[80.2836134,13.0738145],[80.2831845,13.0753174],[80.2828515,13.0762216],[80.2824162,13.0772069],[80.2818994,13.0782195],[80.2818643,13.0782482],[80.2817543,13.078345],[80.2816933,13.0784048],[80.2816458,13.078465],[80.2815674,13.0785847],[80.2815143,13.0786454],[80.2814648,13.0786965],[80.2814422,13.0787287],[80.2814419,13.0787528],[80.2814515,13.0787678],[80.2814569,13.0787999],[80.2814493,13.0788374],[80.2813864,13.0789056],[80.2813308,13.0789518],[80.2812544,13.0790013],[80.2811403,13.0790743],[80.2810834,13.079116],[80.2810535,13.0791461],[80.2810024,13.0791836],[80.2809233,13.0792238],[80.2808373,13.0792488],[80.2807449,13.0792691],[80.2806598,13.0792756],[80.280577,13.0792723],[80.2805045,13.079274],[80.2804661,13.079277],[80.2804508,13.0792822],[80.2804136,13.0792854],[80.2802931,13.0792798],[80.2802332,13.0792849],[80.2801775,13.079296],[80.2801087,13.0792981],[80.2800525,13.0792863],[80.2800343,13.0792674],[80.2800244,13.079244],[80.2800028,13.0792301],[80.279948,13.0792212],[80.2798403,13.0792188],[80.2797453,13.0792229],[80.2797156,13.0792328],[80.2796917,13.0792492],[80.2796798,13.0792639],[80.2796536,13.0792707],[80.2795732,13.0792728],[80.2794329,13.0792556],[80.2792835,13.0792467],[80.279171,13.0792364],[80.2788669,13.0792213],[80.2787756,13.0792066],[80.2786944,13.0791935],[80.2786098,13.0791891],[80.2784512,13.0791796],[80.2783825,13.0791633],[80.2783082,13.0791352],[80.2781896,13.079113],[80.2780819,13.0791097],[80.2780665,13.0791206],[80.2780594,13.0791574],[80.2780258,13.0791759],[80.2779935,13.0791956],[80.277974,13.079233],[80.2779607,13.0792519],[80.2779459,13.0792616],[80.2779274,13.079257],[80.277912,13.0792345],[80.2778987,13.0791759],[80.2778762,13.0791451],[80.2778334,13.0791363],[80.277741,13.0791281],[80.2776296,13.0791049],[80.2775587,13.0790846],[80.2774854,13.0790778],[80.2774119,13.0790572],[80.2772714,13.07905],[80.2771449,13.0790529],[80.2770791,13.0790422],[80.2769642,13.0790373],[80.276773,13.0790488],[80.2763837,13.0790569],[80.2760655,13.0790594],[80.2757951,13.0790511],[80.2756124,13.0790429],[80.2755011,13.0790454],[80.2753757,13.0790627],[80.2750786,13.0791127],[80.2750167,13.0791279],[80.2749453,13.0791339],[80.2748284,13.0791156],[80.2745109,13.079045],[80.2744252,13.0790168],[80.2737067,13.0787894],[80.273189,13.0786827],[80.2730881,13.0785898]]]]}},
{"type":"Feature","properties":{"full_id":"w84099124","osm_id":"84099124","osm_type":"way","natural":"water","salt":null,"man_made":null,"layer":null,"covered":null,"landuse":null,"barrier":null,"tidal":null,"name:ta":null,"intermittent":null,"wikimedia_commons":null,"alt_name":null,"wetland":null,"place":null,"wikipedia":null,"wikidata":null,"name":"Madippakkam Village Pond","water":"pond","type":null},"geometry":{"type":"MultiPolygon","coordinates":[[[[80.1967014,12.9642366],[80.1975208,12.9642943],[80.1983395,12.9641193],[80.198103,12.9632768],[80.1971646,12.9635288],[80.1966236,12.9639464],[80.1966038,12.9640099],[80.1966079,12.9641262],[80.1966481,12.9642059],[80.1967014,12.9642366]]]]}},
{"type":"Feature","properties":{"full_id":"w95668360","osm_id":"95668360","osm_type":"way","natural":"water","salt":null,"man_made":null,"layer":null,"covered":null,"landuse":null,"barrier":null,"tidal":null,"name:ta":null,"intermittent":null,"wikimedia_commons":null,"alt_name":null,"wetland":null,"place":null,"wikipedia":null,"wikidata":null,"name":"Kolathur Lake","water":"lake","type":null},"geometry":{"type":"MultiPolygon","coordinates":[[[[80.2118972,13.1267949],[80.2118676,13.1273883],[80.2131898,13.1280969],[80.213441,13.1282911],[80.2129498,13.1292622],[80.2136078,13.1297566],[80.2137992,13.1288342],[80.2139433,13.1287587],[80.213958,13.128471],[80.2138398,13.1284278],[80.2138731,13.1279998],[80.2137032,13.1279027],[80.213729,13.1276257],[80.2139543,13.1274711],[80.2139705,13.1268715],[80.2137736,13.1268561],[80.2134298,13.1268295],[80.2132895,13.1268164],[80.212839,13.1267877],[80.2124327,13.1267589],[80.2122,13.1268164],[80.2118972,13.1267949]]]]}},
{"type":"Feature","properties":{"full_id":"w96944715","osm_id":"96944715","osm_type":"way","natural":"water","salt":null,"man_made":null,"layer":null,"covered":null,"landuse":null,"barrier":null,"tidal":null,"name:ta":null,"intermittent":null,"wikimedia_commons":null,"alt_name":null,"wetland":null,"place":null,"wikipedia":null,"wikidata":null,"name":null,"water":"river","type":null},"geometry":{"type":"MultiPolygon","coordinates":[[[[80.1165403,12.9734458],[80.1150673,12.9704426],[80.1146638,12.9692855],[80.114537,12.9686676],[80.1141911,12.9681059],[80.1137195,12.9679127],[80.1127385,12.9676003],[80.1117125,12.9670049],[80.1110438,12.9664207],[80.1103982,12.9658253],[80.1099716,12.9654994],[80.1096143,12.9654545],[80.1090032,12.9653422],[80.1084383,12.9650164],[80.1077697,12.9643423],[80.1074354,12.963612],[80.1072855,12.9628481],[80.1074699,12.9628593],[80.1075737,12.9633873],[80.1078389,12.9639828],[80.1081962,12.9644209],[80.1089341,12.9649152],[80.1096027,12.9651175],[80.1101446,12.9653197],[80.1105827,12.9656118],[80.110917,12.9659039],[80.112139,12.9669375],[80.1129114,12.9673532],[80.1139605,12.9675778],[80.1145485,12.9678362],[80.1147214,12.9680722],[80.1150327,12.9686114],[80.1149405,12.9688811],[80.1148828,12.9691732],[80.1152402,12.9702966],[80.1156552,12.9710718],[80.1164276,12.9724648],[80.1167978,12.9732869],[80.1172699,12.9740564],[80.1176304,12.9745582],[80.1177591,12.9753862],[80.1178621,12.9762143],[80.1182483,12.9771343],[80.118626,12.9779958],[80.1194242,12.9824787],[80.1195267,12.983095],[80.1193556,12.9844526],[80.1193545,12.9847385],[80.1192354,12.9849878],[80.1192676,12.985325],[80.1193588,12.985435],[80.1195358,12.985498],[80.120025,12.9855482],[80.1207117,12.9855816],[80.1215185,12.9855315],[80.122188,12.9855398],[80.1228403,12.9858744],[80.1238187,12.9864096],[80.1244711,12.98697],[80.1247972,12.9875554],[80.1251234,12.9882496],[80.1254152,12.9887598],[80.1260332,12.9893954],[80.1265053,12.9897299],[80.1272176,12.9901397],[80.1278871,12.9903656],[80.1290973,12.990399],[80.1304878,12.9904743],[80.1338695,12.9905579],[80.1343759,12.9907503],[80.134642,12.9911099],[80.135054,12.9919713],[80.1354402,12.9924397],[80.1356956,12.9931079],[80.1355219,12.9932447],[80.1362213,12.9942963],[80.1368307,12.9945974],[80.137551,12.9948388],[80.1389598,12.9954534],[80.1400217,12.9960989],[80.1406946,12.9963242],[80.1415147,12.9963345],[80.1420825,12.9962833],[80.1422612,12.9964574],[80.1428921,12.9964369],[80.1438699,12.9961091],[80.1450369,12.9955354],[80.1456888,12.9951256],[80.1473605,12.9942548],[80.148128,12.9939987],[80.1483723,12.9940882],[80.1484314,12.9942019],[80.1485065,12.9942267],[80.1485842,12.9940542],[80.1490427,12.9939372],[80.1499336,12.9939672],[80.1507959,12.9940686],[80.1518539,12.9941514],[80.1527372,12.9941422],[80.1534548,12.9942342],[80.1540747,12.9944358],[80.1550404,12.99485],[80.1552765,12.9948874],[80.1559205,12.9952554],[80.156951,12.9959179],[80.1586806,12.9970311],[80.1592738,12.997476],[80.1593799,12.9975555],[80.1599531,12.9981349],[80.1602447,12.9984296],[80.1607231,12.9985216],[80.1611391,12.9988347],[80.1613343,12.9990982],[80.1619836,13.0003341],[80.1620409,13.0006611],[80.1621413,13.0009695],[80.1612751,13.0014229],[80.1605388,13.0018166],[80.1602653,13.0011903],[80.1601803,13.0003893],[80.1595271,12.9989448],[80.1592235,12.9982732],[80.1588554,12.9978223],[80.1579676,12.997319],[80.1573006,12.9971323],[80.1566749,12.9966079],[80.1563876,12.9963126],[80.1557255,12.9957764],[80.1549177,12.9953474],[80.1542368,12.995145],[80.1531972,12.9948598],[80.1521759,12.9948506],[80.1512191,12.9948138],[80.1504371,12.9947034],[80.1499218,12.9946482],[80.1489801,12.9947054],[80.1484045,12.9946658],[80.1484179,12.9945011],[80.1483428,12.9944881],[80.148257,12.9946057],[80.1479629,12.9947353],[80.1468381,12.9950401],[80.14566,12.9956625],[80.144411,12.9965476],[80.1437296,12.9968934],[80.1430341,12.9971976],[80.141416,12.997004],[80.1402663,12.9966029],[80.1366333,12.9950323],[80.1354316,12.9945305],[80.1352857,12.9943465],[80.1352157,12.9932921],[80.1349081,12.9929833],[80.1343429,12.9923135],[80.1340254,12.9914842],[80.1337014,12.9911964],[80.1330846,12.9909645],[80.1323761,12.9909677],[80.1313118,12.9909928],[80.1299642,12.9908841],[80.1283334,12.9908423],[80.1272176,12.990675],[80.1265653,12.9905496],[80.1261018,12.9902067],[80.1253122,12.9895209],[80.1248659,12.9888267],[80.1239904,12.9873882],[80.1236643,12.9871289],[80.1224455,12.9865769],[80.1215528,12.9862758],[80.120746,12.9862424],[80.1201109,12.9861336],[80.1196989,12.9862591],[80.1192011,12.9860333],[80.118832,12.9856151],[80.1186174,12.9847035],[80.1187376,12.9842853],[80.1189067,12.9839345],[80.1189264,12.9836831],[80.1187376,12.9826126],[80.1180938,12.9821358],[80.117906,12.9817508],[80.1177162,12.9815169],[80.1176132,12.9804631],[80.117596,12.9792336],[80.1175445,12.9781129],[80.1174244,12.9767997],[80.1171068,12.9761975],[80.1169265,12.9757124],[80.1166948,12.9747255],[80.1167978,12.9742404],[80.1167635,12.9738305],[80.1165403,12.9734458]]]]}},
{"type":"Feature","properties":{"full_id":"w97686736","osm_id":"97686736","osm_type":"way","natural":"water","salt":null,"man_made":null,"layer":null,"covered":null,"landuse":null,"barrier":null,"tidal":null,"name:ta":null,"intermittent":null,"wikimedia_commons":null,"alt_name":null,"wetland":null,"place":null,"wikipedia":null,"wikidata":null,"name":null,"water":"reservoir","type":null},"geometry":{"type":"MultiPolygon","coordinates":[[[[80.2994643,13.1666522],[80.30052,13.1688742],[80.3023848,13.1729674],[80.3018981,13.1732875],[80.3018159,13.1725919],[80.3012217,13.1714717],[80.3005769,13.1706408],[80.3002735,13.1700499],[80.3001281,13.1692989],[80.3000333,13.1689235],[80.299989,13.1683326],[80.2997298,13.167754],[80.2993505,13.1667999],[80.2994643,13.1666522]]]]}},
{"type":"Feature","properties":{"full_id":"w98315669","osm_id":"98315669","osm_type":"way","natural":"water","salt":null,"man_made":null,"layer":null,"covered":null,"landuse":null,"barrier":null,"tidal":null,"name:ta":null,"intermittent":null,"wikimedia_commons":null,"alt_name":null,"wetland":null,"place":null,"wikipedia":null,"wikidata":null,"name":"Kadapakkam Tank","water":"lake","type":null},"geometry":{"type":"MultiPolygon","coordinates":[[[[80.2495618,13.1968408],[80.251526,13.1961642],[80.2523419,13.1961936],[80.2525534,13.1972821],[80.2536205,13.1992754],[80.253759,13.1996114],[80.2537268,13.1998438],[80.2535605,13.2000762],[80.2535632,13.2003034],[80.2535927,13.2004522],[80.2536356,13.2005358],[80.2537429,13.200588],[80.2539039,13.2005645],[80.254179,13.2004569],[80.254561,13.2003452],[80.25485,13.2004422],[80.2552103,13.2015606],[80.2554523,13.2021521],[80.2553624,13.2027416],[80.2559378,13.2041369],[80.2557565,13.2054608],[80.2547593,13.2056079],[80.2528858,13.2053137],[80.2513145,13.2054019],[80.2504986,13.2053431],[80.2504381,13.2040486],[80.2502395,13.2030145],[80.2500349,13.2019493],[80.2500264,13.2013284],[80.2497892,13.1990545],[80.2496827,13.1976352],[80.2495618,13.1968408]]]]}},
{"type":"Feature","properties":{"full_id":"w98357289","osm_id":"98357289","osm_type":"way","natural":"water","salt":null,"man_made":null,"layer":null,"covered":null,"landuse":null,"barrier":null,"tidal":null,"name:ta":null,"intermittent":null,"wikimedia_commons":null,"alt_name":null,"wetland":null,"place":null,"wikipedia":null,"wikidata":null,"name":null,"water":"reservoir","type":null},"geometry":{"type":"MultiPolygon","coordinates":[[[[80.224924,12.8859796],[80.2246352,12.8877428],[80.2246352,12.8886021],[80.2247112,12.889017],[80.2251368,12.8887503],[80.2251824,12.8884095],[80.2251216,12.8873279],[80.22538,12.8867056],[80.2258664,12.8865575],[80.2260183,12.8860834],[80.2259423,12.8858907],[80.2254104,12.8859945],[80.224924,12.8859796]]]]}},
{"type":"Feature","properties":{"full_id":"w98357294","osm_id":"98357294","osm_type":"way","natural":"water","salt":null,"man_made":null,"layer":null,"covered":null,"landuse":null,"barrier":null,"tidal":null,"name:ta":null,"intermittent":null,"wikimedia_commons":null,"alt_name":null,"wetland":null,"place":null,"wikipedia":null,"wikidata":null,"name":null,"water":"reservoir","type":null},"geometry":{"type":"MultiPolygon","coordinates":[[[[80.2252888,12.8799048],[80.224848,12.8804531],[80.224696,12.8813865],[80.2248936,12.88272],[80.2249848,12.8844387],[80.2249696,12.8855648],[80.22538,12.8854611],[80.225608,12.8842313],[80.2255624,12.8827052],[80.225684,12.8808679],[80.225836,12.8799789],[80.225608,12.8798752],[80.2252888,12.8799048]]]]}},
{"type":"Feature","properties":{"full_id":"w98357340","osm_id":"98357340","osm_type":"way","natural":"water","salt":null,"man_made":null,"layer":null,"covered":null,"landuse":null,"barrier":null,"tidal":null,"name:ta":null,"intermittent":null,"wikimedia_commons":null,"alt_name":null,"wetland":null,"place":null,"wikipedia":null,"wikidata":null,"name":null,"water":"reservoir","type":null},"geometry":{"type":"MultiPolygon","coordinates":[[[[80.225345,12.8911061],[80.2252074,12.8908779],[80.2248548,12.890796],[80.2247217,12.8907414],[80.2245466,12.8910509],[80.2245651,12.8915294],[80.2244156,12.8915545],[80.2243495,12.8914574],[80.2242481,12.8912042],[80.2241594,12.8907657],[80.2241403,12.890557],[80.2243748,12.8899011],[80.224907,12.8892156],[80.2251414,12.8889933],[80.2255089,12.8888389],[80.2265547,12.8888441],[80.2265931,12.8889078],[80.226397,12.889054],[80.2261739,12.889144],[80.2262085,12.8892902],[80.2268137,12.8893921],[80.2269911,12.8895833],[80.2270518,12.8906622],[80.2270145,12.8908876],[80.2266899,12.8910173],[80.226564,12.8912717],[80.2263163,12.8912108],[80.2260898,12.891122],[80.2259357,12.891254],[80.2258213,12.8912313],[80.2256812,12.8911038],[80.2255528,12.8912859],[80.225373,12.8912358],[80.225345,12.8911061]]]]}},
{"type":"Feature","properties":{"full_id":"w98357618","osm_id":"98357618","osm_type":"way","natural":"water","salt":null,"man_made":null,"layer":null,"covered":null,"landuse":null,"barrier":null,"tidal":null,"name:ta":null,"intermittent":null,"wikimedia_commons":null,"alt_name":null,"wetland":null,"place":null,"wikipedia":null,"wikidata":null,"name":null,"water":"reservoir","type":null},"geometry":{"type":"MultiPolygon","coordinates":[[[[80.2315736,12.8842346],[80.2318732,12.883968],[80.2321794,12.8839299],[80.2331889,12.8868951],[80.2331564,12.8871617],[80.232934,12.887239],[80.2325181,12.887149],[80.23225,12.886676],[80.2318732,12.8860696],[80.2316583,12.885441],[80.2315085,12.8846855],[80.2315736,12.8842346]]]]}},
{"type":"Feature","properties":{"full_id":"w98358044","osm_id":"98358044","osm_type":"way","natural":"water","salt":null,"man_made":null,"layer":null,"covered":null,"landuse":null,"barrier":null,"tidal":null,"name:ta":null,"intermittent":null,"wikimedia_commons":null,"alt_name":null,"wetland":null,"place":null,"wikipedia":null,"wikidata":null,"name":"Classic Farms Lake 2","water":"lake","type":null},"geometry":{"type":"MultiPolygon","coordinates":[[[[80.2194526,12.888272],[80.2190057,12.8878221],[80.2188718,12.8866302],[80.2188282,12.8861016],[80.2188707,12.8857851],[80.2189884,12.8855522],[80.2192395,12.8854247],[80.2196139,12.8854437],[80.2199964,12.8855037],[80.2217375,12.8854518],[80.2219654,12.8856581],[80.222185,12.8867098],[80.2224396,12.8869167],[80.2229638,12.8868162],[80.223177,12.8869248],[80.2232508,12.8878203],[80.2230457,12.8880464],[80.2222755,12.8882226],[80.2219974,12.8881565],[80.2194526,12.888272]]]]}},
{"type":"Feature","properties":{"full_id":"w98639499","osm_id":"98639499","osm_type":"way","natural":"water","salt":null,"man_made":null,"layer":null,"covered":null,"landuse":null,"barrier":null,"tidal":null,"name:ta":null,"intermittent":null,"wikimedia_commons":null,"alt_name":null,"wetland":null,"place":null,"wikipedia":null,"wikidata":null,"name":"Kallu Kuttai Lake","water":null,"type":null},"geometry":{"type":"MultiPolygon","coordinates":[[[[80.2359257,12.9779564],[80.2360631,12.9779725],[80.2373158,12.9781237],[80.2386661,12.9781181],[80.2388202,12.9776764],[80.2388672,12.9767687],[80.2382122,12.9768862],[80.2381429,12.9773256],[80.2363259,12.9774545],[80.2354097,12.9775974],[80.2357571,12.9779068],[80.2359257,12.9779564]]]]}},
{"type":"Feature","properties":{"full_id":"w102459233","osm_id":"102459233","osm_type":"way","natural":"water","salt":null,"man_made":null,"layer":null,"covered":null,"landuse":null,"barrier":null,"tidal":null,"name:ta":null,"intermittent":null,"wikimedia_commons":null,"alt_name":null,"wetland":null,"place":null,"wikipedia":null,"wikidata":null,"name":"Ambattur Lake","water":"reservoir","type":null},"geometry":{"type":"MultiPolygon","coordinates":[[[[80.1396609,13.1153463],[80.1425225,13.1150629],[80.1425147,13.1153159],[80.1423574,13.1154434],[80.1422581,13.1155477],[80.1421962,13.1156578],[80.1421885,13.1159469],[80.142086,13.1160039],[80.1418735,13.1160113],[80.1414831,13.1160323],[80.1412374,13.1162378],[80.141292,13.1166775],[80.1409221,13.1167689],[80.1409359,13.1169579],[80.1403797,13.1170947],[80.1402977,13.1167423],[80.1400736,13.1165774],[80.1398369,13.1166208],[80.1397114,13.1164106],[80.1394701,13.1164441],[80.139416,13.1162372],[80.1398721,13.1161136],[80.1397928,13.1159591],[80.1394837,13.1160452],[80.1394621,13.1158773],[80.1397506,13.1158204],[80.1396609,13.1153463]]]]}},
{"type":"Feature","properties":{"full_id":"w102547877","osm_id":"102547877","osm_type":"way","natural":"water","salt":null,"man_made":null,"layer":null,"covered":null,"landuse":null,"barrier":null,"tidal":null,"name:ta":null,"intermittent":null,"wikimedia_commons":null,"alt_name":null,"wetland":null,"place":null,"wikipedia":null,"wikidata":null,"name":"Thiruvalleswar Temple Pond","water":"pond","type":null},"geometry":{"type":"MultiPolygon","coordinates":[[[[80.1869737,13.0968553],[80.1869422,13.0962712],[80.1873578,13.0962455],[80.1874104,13.0968246],[80.1869737,13.0968553]]]]}},
{"type":"Feature","properties":{"full_id":"w102574448","osm_id":"102574448","osm_type":"way","natural":"water","salt":null,"man_made":null,"layer":null,"covered":null,"landuse":null,"barrier":null,"tidal":null,"name:ta":null,"intermittent":null,"wikimedia_commons":null,"alt_name":null,"wetland":null,"place":null,"wikipedia":null,"wikidata":null,"name":null,"water":null,"type":null},"geometry":{"type":"MultiPolygon","coordinates":[[[[80.1768387,13.1054455],[80.1766983,13.1062148],[80.176633,13.1069841],[80.1773335,13.1069737],[80.1776414,13.1073706],[80.1779608,13.107379],[80.1779435,13.1070595],[80.1787312,13.1070756],[80.1791778,13.1070848],[80.1793331,13.1072016],[80.1794699,13.1080511],[80.1798516,13.1080486],[80.1796439,13.1067401],[80.1786254,13.1068073],[80.1783924,13.1064375],[80.178222,13.1059302],[80.178084,13.1053968],[80.1775219,13.1053385],[80.1772226,13.1054264],[80.1768387,13.1054455]]]]}},
{"type":"Feature","properties":{"full_id":"w104651362","osm_id":"104651362","osm_type":"way","natural":"water","salt":null,"man_made":null,"layer":null,"covered":null,"landuse":null,"barrier":null,"tidal":null,"name:ta":null,"intermittent":null,"wikimedia_commons":null,"alt_name":null,"wetland":null,"place":null,"wikipedia":null,"wikidata":null,"name":null,"water":null,"type":null},"geometry":{"type":"MultiPolygon","coordinates":[[[[80.2803778,13.0743595],[80.280294,13.074458],[80.2801399,13.0746057],[80.2800669,13.0746043],[80.280063,13.0745475],[80.2801874,13.0743764],[80.2803118,13.0742707],[80.28045,13.074179],[80.280558,13.0741235],[80.2806457,13.0741037],[80.2807192,13.0741293],[80.2807035,13.0742213],[80.2805512,13.0742725],[80.2804356,13.0743288],[80.2803778,13.0743595]]]]}},
{"type":"Feature","properties":{"full_id":"w104651364","osm_id":"104651364","osm_type":"way","natural":"water","salt":null,"man_made":null,"layer":null,"covered":null,"landuse":null,"barrier":null,"tidal":null,"name:ta":null,"intermittent":null,"wikimedia_commons":null,"alt_name":null,"wetland":null,"place":null,"wikipedia":null,"wikidata":null,"name":null,"water":null,"type":null},"geometry":{"type":"MultiPolygon","coordinates":[[[[80.279154,13.0725227],[80.2792538,13.0726404],[80.2794219,13.0726557],[80.2796582,13.0723999],[80.2799103,13.0721032],[80.2800574,13.0719292],[80.280173,13.0718166],[80.2801677,13.0717501],[80.2800679,13.0717399],[80.2798946,13.0718422],[80.279716,13.0720264],[80.2794954,13.0721953],[80.2793483,13.072318],[80.2791908,13.0724818],[80.279154,13.0725227]]]]}},
{"type":"Feature","properties":{"full_id":"w104651366","osm_id":"104651366","osm_type":"way","natural":"water","salt":null,"man_made":null,"layer":null,"covered":null,"landuse":null,"barrier":null,"tidal":null,"name:ta":null,"intermittent":null,"wikimedia_commons":null,"alt_name":null,"wetland":null,"place":null,"wikipedia":null,"wikidata":null,"name":null,"water":null,"type":null},"geometry":{"type":"MultiPolygon","coordinates":[[[[80.2789912,13.0728655],[80.2790279,13.0730906],[80.2790227,13.0732032],[80.2789964,13.0732748],[80.2790804,13.0733209],[80.2791855,13.0732595],[80.2792905,13.0732748],[80.2793273,13.0733413],[80.2793641,13.0733925],[80.2794481,13.0733925],[80.2794849,13.0732799],[80.2795689,13.0729525],[80.2795059,13.0728962],[80.279175,13.0728757],[80.2790227,13.0728297],[80.2789912,13.0728655]]]]}},
{"type":"Feature","properties":{"full_id":"w104651368","osm_id":"104651368","osm_type":"way","natural":"water","salt":null,"man_made":null,"layer":null,"covered":null,"landuse":null,"barrier":null,"tidal":null,"name:ta":null,"intermittent":null,"wikimedia_commons":null,"alt_name":null,"wetland":null,"place":null,"wikipedia":null,"wikidata":null,"name":null,"water":null,"type":null},"geometry":{"type":"MultiPolygon","coordinates":[[[[80.2801804,13.0726673],[80.2800634,13.0726959],[80.2799209,13.0727018],[80.2798893,13.0726864],[80.2798841,13.0725841],[80.2799786,13.0723897],[80.280131,13.0721953],[80.2802833,13.0719343],[80.2804986,13.071745],[80.280651,13.071745],[80.2808348,13.0718269],[80.2810344,13.0718985],[80.2812165,13.0719734],[80.2811855,13.0721228],[80.28102,13.0721412],[80.2808978,13.0721953],[80.2806877,13.0723948],[80.2804671,13.0724971],[80.2802732,13.0726053],[80.2801804,13.0726673]]]]}},
{"type":"Feature","properties":{"full_id":"w104651370","osm_id":"104651370","osm_type":"way","natural":"water","salt":null,"man_made":null,"layer":null,"covered":null,"landuse":null,"barrier":null,"tidal":null,"name:ta":null,"intermittent":null,"wikimedia_commons":null,"alt_name":null,"wetland":null,"place":null,"wikipedia":null,"wikidata":null,"name":null,"water":null,"type":null},"geometry":{"type":"MultiPolygon","coordinates":[[[[80.2795532,13.0744004],[80.2794849,13.0744055],[80.2794429,13.0742469],[80.2794796,13.0739246],[80.2795374,13.0735102],[80.279632,13.073152],[80.279716,13.0729013],[80.2797213,13.0728297],[80.2798211,13.072799],[80.2798946,13.0729269],[80.2798788,13.0731827],[80.2797475,13.0736432],[80.2796477,13.0740525],[80.2796372,13.0742879],[80.279611,13.0743441],[80.2795532,13.0744004]]]]}},
{"type":"Feature","properties":{"full_id":"w104651371","osm_id":"104651371","osm_type":"way","natural":"water","salt":null,"man_made":null,"layer":null,"covered":null,"landuse":null,"barrier":null,"tidal":null,"name:ta":null,"intermittent":null,"wikimedia_commons":null,"alt_name":null,"wetland":null,"place":null,"wikipedia":null,"wikidata":null,"name":null,"water":null,"type":null},"geometry":{"type":"MultiPolygon","coordinates":[[[[80.2785289,13.0736483],[80.2785657,13.0738376],[80.278697,13.074119],[80.2788861,13.0743697],[80.2790647,13.0744618],[80.2792118,13.074426],[80.2793273,13.0742981],[80.2793326,13.0740423],[80.2794481,13.073546],[80.2794114,13.0734744],[80.2793273,13.073459],[80.279217,13.0734897],[80.2791067,13.0734539],[80.2790752,13.0733669],[80.2789912,13.0733516],[80.2789124,13.0734488],[80.2788388,13.0735306],[80.2786813,13.0735409],[80.2785762,13.0735613],[80.2785289,13.0736483]]]]}},
{"type":"Feature","properties":{"full_id":"w104651372","osm_id":"104651372","osm_type":"way","natural":"water","salt":null,"man_made":null,"layer":null,"covered":null,"landuse":null,"barrier":null,"tidal":null,"name:ta":null,"intermittent":null,"wikimedia_commons":null,"alt_name":null,"wetland":null,"place":null,"wikipedia":null,"wikidata":null,"name":null,"water":null,"type":null},"geometry":{"type":"MultiPolygon","coordinates":[[[[80.2826049,13.0739758],[80.2825419,13.0738734],[80.2825786,13.0737967],[80.2826837,13.0738632],[80.2828465,13.0740269],[80.2828465,13.0741702],[80.2828203,13.0744158],[80.2826522,13.074866],[80.2825419,13.0752856],[80.2824893,13.0754902],[80.2824263,13.0755772],[80.2824211,13.0754953],[80.2824999,13.0753572],[80.2825156,13.0751628],[80.2825524,13.0750809],[80.2825734,13.0750246],[80.2825734,13.0748865],[80.2826102,13.074733],[80.2826732,13.0745846],[80.2827362,13.074426],[80.2827467,13.0742572],[80.2827415,13.0740679],[80.2826889,13.0740065],[80.2826049,13.0739758]]]]}},
{"type":"Feature","properties":{"full_id":"w104651373","osm_id":"104651373","osm_type":"way","natural":"water","salt":null,"man_made":null,"layer":null,"covered":null,"landuse":null,"barrier":null,"tidal":null,"name:ta":null,"intermittent":null,"wikimedia_commons":null,"alt_name":null,"wetland":null,"place":null,"wikipedia":null,"wikidata":null,"name":null,"water":null,"type":null},"geometry":{"type":"MultiPolygon","coordinates":[[[[80.2828518,13.0732543],[80.2827887,13.0731418],[80.2827415,13.0729729],[80.282836,13.0727376],[80.2829358,13.0726813],[80.2830776,13.0727581],[80.2831144,13.0729627],[80.2830724,13.0731264],[80.2829516,13.0732543],[80.2828518,13.0732543]]]]}},
{"type":"Feature","properties":{"full_id":"w104651376","osm_id":"104651376","osm_type":"way","natural":"water","salt":null,"man_made":null,"layer":null,"covered":null,"landuse":null,"barrier":null,"tidal":null,"name:ta":null,"intermittent":null,"wikimedia_commons":null,"alt_name":null,"wetland":null,"place":null,"wikipedia":null,"wikidata":null,"name":null,"water":null,"type":null},"geometry":{"type":"MultiPolygon","coordinates":[[[[80.2808716,13.0764163],[80.280651,13.0761911],[80.2805669,13.0760735],[80.2805932,13.0760121],[80.2807035,13.0760735],[80.2807875,13.0762167],[80.2808558,13.076227],[80.2809556,13.0761144],[80.2811079,13.0761911],[80.2811657,13.0763446],[80.2810974,13.076447],[80.2809609,13.0764521],[80.2808716,13.0764163]]]]}},
{"type":"Feature","properties":{"full_id":"w111749058","osm_id":"111749058","osm_type":"way","natural":null,"salt":null,"man_made":null,"layer":null,"covered":null,"landuse":null,"barrier":null,"tidal":null,"name:ta":null,"intermittent":null,"wikimedia_commons":null,"alt_name":null,"wetland":null,"place":"islet","wikipedia":null,"wikidata":null,"name":null,"water":null,"type":null},"geometry":{"type":"MultiPolygon","coordinates":[[[[80.2735695,13.0116973],[80.2735213,13.0116677],[80.2735088,13.0116661],[80.2734985,13.0116693],[80.2734852,13.0116745],[80.2734757,13.0116858],[80.273474,13.0117022],[80.2734808,13.0117146],[80.2734833,13.0117467],[80.2734867,13.0117706],[80.2735019,13.0117961],[80.273523,13.0118084],[80.2735306,13.0118191],[80.2735382,13.0118504],[80.2735272,13.0119023],[80.2735196,13.0119558],[80.2735247,13.0119912],[80.2735428,13.0120193],[80.2735523,13.0120521],[80.2735335,13.0120604],[80.2734793,13.0120627],[80.2733984,13.0120827],[80.2733749,13.0120958],[80.27336,13.0121147],[80.2733511,13.0121189],[80.2733316,13.0121041],[80.2733112,13.0120933],[80.2732835,13.0120884],[80.2732446,13.0120884],[80.2731474,13.0120942],[80.2730936,13.012099],[80.2730525,13.0121106],[80.2730116,13.0121383],[80.272919,13.0121487],[80.2728588,13.0121636],[80.2728261,13.0121635],[80.2727727,13.0121465],[80.2727444,13.0121145],[80.2726965,13.0120917],[80.2726221,13.012094],[80.2725678,13.0120826],[80.2724742,13.0120618],[80.2724241,13.0120722],[80.2723667,13.0120867],[80.2723209,13.0120784],[80.2722826,13.0120846],[80.2722517,13.0121168],[80.2722347,13.0121427],[80.2721919,13.0121715],[80.272155,13.0121675],[80.2721165,13.0121715],[80.2720674,13.0121891],[80.2720269,13.0121996],[80.2719641,13.0121974],[80.2719163,13.0121736],[80.2718545,13.0121663],[80.2718258,13.0122036],[80.2718109,13.0122617],[80.2717814,13.0123099],[80.2717417,13.0123322],[80.2717097,13.0123551],[80.2717002,13.0123862],[80.271697,13.012416],[80.2716577,13.0124528],[80.2716179,13.0124748],[80.2715622,13.0124891],[80.2715106,13.0124984],[80.2714648,13.0125034],[80.2714258,13.0125089],[80.2713979,13.0125245],[80.2713376,13.0125245],[80.271296,13.0125271],[80.2712799,13.0125223],[80.2712697,13.0125005],[80.2712256,13.0124725],[80.2711533,13.0124476],[80.271,13.0124351],[80.2707264,13.0124566],[80.2705237,13.0124945],[80.2703649,13.0125422],[80.2701824,13.0125982],[80.2699869,13.0126789],[80.2697486,13.0127332],[80.2695729,13.0127628],[80.2693171,13.0128013],[80.2691065,13.0128209],[80.2689375,13.0128326],[80.2688343,13.0128274],[80.2687109,13.0128156],[80.2686626,13.0128182],[80.2686237,13.0128444],[80.2686264,13.0128744],[80.268641,13.012894],[80.2686774,13.0128998],[80.2687272,13.0128998],[80.268788,13.0129146],[80.2688531,13.0129442],[80.268919,13.0129788],[80.269044,13.0130126],[80.2691142,13.013015],[80.2691597,13.0130042],[80.2692206,13.0130052],[80.2692679,13.0130175],[80.2693031,13.0130373],[80.2693864,13.013056],[80.2695353,13.0130612],[80.269644,13.013047],[80.2697899,13.013049],[80.2698516,13.0130428],[80.2698899,13.013021],[80.2699133,13.0130024],[80.26999,13.0130024],[80.2700315,13.013021],[80.2700953,13.0130231],[80.2701464,13.0130076],[80.2701733,13.0130023],[80.2701986,13.0130044],[80.2702305,13.0130117],[80.270249,13.0130115],[80.2702635,13.0130076],[80.2702806,13.012992],[80.2703434,13.0129775],[80.2704259,13.0129728],[80.2704982,13.0129728],[80.2705972,13.0129614],[80.2706418,13.0129498],[80.2706786,13.0129555],[80.2707146,13.0129684],[80.270787,13.0129658],[80.2708165,13.0129344],[80.2708889,13.0129135],[80.2709342,13.0129077],[80.2710002,13.0128991],[80.2710874,13.0128782],[80.2712551,13.0128299],[80.2713476,13.012822],[80.2714173,13.012839],[80.2714417,13.0128519],[80.2714495,13.012856],[80.2714881,13.0128615],[80.2715135,13.0128533],[80.2715397,13.0128459],[80.271554,13.012822],[80.2715532,13.0128072],[80.2715591,13.0127973],[80.271587,13.0127734],[80.2716309,13.0127603],[80.2716579,13.0127586],[80.2716732,13.0127652],[80.2716808,13.012771],[80.271674,13.0127767],[80.2716453,13.0127734],[80.2716301,13.0127751],[80.2715954,13.012799],[80.2715988,13.0128253],[80.2716047,13.0128508],[80.2716123,13.012864],[80.2716166,13.0128821],[80.2715997,13.0128895],[80.271554,13.0128846],[80.2714814,13.0129101],[80.2714652,13.0129265],[80.2714397,13.0129396],[80.2713928,13.0129573],[80.2713371,13.0129795],[80.2713083,13.0129853],[80.2712915,13.0129814],[80.2712862,13.0129726],[80.2712756,13.0129638],[80.2712491,13.0129596],[80.2712298,13.0129592],[80.2711708,13.0129723],[80.2711272,13.0129899],[80.2710669,13.0129945],[80.2710079,13.0130134],[80.2709355,13.0130278],[80.2709184,13.013034],[80.2709066,13.0130474],[80.2709019,13.0130768],[80.2709153,13.0130945],[80.2709878,13.0131029],[80.2710139,13.0130964],[80.2710454,13.0130775],[80.2710635,13.0130716],[80.2710803,13.0130696],[80.2710997,13.0130781],[80.2711205,13.0130788],[80.2711494,13.0130644],[80.2711611,13.0130574],[80.2711762,13.0130526],[80.271188,13.0130518],[80.271201,13.0130546],[80.2712191,13.0130709],[80.2712432,13.013084],[80.2712614,13.0130886],[80.271266,13.0130857],[80.2712674,13.013082],[80.27125,13.0130624],[80.2712352,13.0130422],[80.271237,13.0130348],[80.2712441,13.01303],[80.2712707,13.0130272],[80.2712911,13.0130283],[80.2713116,13.013037],[80.2713204,13.0130428],[80.2713339,13.0130436],[80.2713594,13.0130397],[80.2713686,13.0130402],[80.2713841,13.0130494],[80.2713945,13.0130513],[80.2714069,13.0130468],[80.2714444,13.0130304],[80.2715001,13.0129997],[80.2715423,13.0129821],[80.2715866,13.0129801],[80.2716395,13.0129801],[80.2716905,13.0129671],[80.2717401,13.0129422],[80.271788,13.0129188],[80.2718646,13.0129074],[80.2719402,13.0129053],[80.2720126,13.0128804],[80.2720935,13.0128379],[80.2721541,13.0128099],[80.272222,13.0127847],[80.2723902,13.0127162],[80.2724934,13.0126799],[80.2725434,13.0126654],[80.2726201,13.0126644],[80.2726733,13.0126488],[80.272768,13.0126374],[80.2728809,13.0126146],[80.2730404,13.0125606],[80.2732268,13.0124822],[80.2734642,13.012379],[80.2735876,13.0123019],[80.27366,13.0122143],[80.2737123,13.0121085],[80.2737163,13.0120262],[80.273715,13.0119373],[80.2736886,13.0118232],[80.2736523,13.0117582],[80.2735695,13.0116973]]]]}},
{"type":"Feature","properties":{"full_id":"w111749064","osm_id":"111749064","osm_type":"way","natural":null,"salt":null,"man_made":null,"layer":null,"covered":null,"landuse":null,"barrier":null,"tidal":null,"name:ta":null,"intermittent":null,"wikimedia_commons":null,"alt_name":null,"wetland":null,"place":"islet","wikipedia":null,"wikidata":null,"name":"Battle of Adyar Island","water":null,"type":null},"geometry":{"type":"MultiPolygon","coordinates":[[[[80.2701179,13.0118841],[80.2698555,13.0117849],[80.2695983,13.0117378],[80.269374,13.0117512],[80.2688574,13.0117846],[80.2683477,13.0118006],[80.2680025,13.0117926],[80.2676518,13.0117685],[80.267312,13.0117926],[80.2670873,13.0118353],[80.2669214,13.0119171],[80.2667661,13.0120517],[80.266697,13.0121357],[80.2667143,13.0121727],[80.2667764,13.012203],[80.2668144,13.0122568],[80.2671492,13.0124149],[80.2677085,13.012573],[80.2681574,13.0126741],[80.2683386,13.0126959],[80.2684036,13.0127159],[80.2684365,13.0127666],[80.2684516,13.0127933],[80.2684763,13.0128054],[80.2684954,13.0128013],[80.2685256,13.0127706],[80.2685502,13.0127533],[80.2686516,13.0127573],[80.2686809,13.0127718],[80.2687179,13.0127845],[80.2687843,13.0127971],[80.2689323,13.0128072],[80.2690371,13.0128045],[80.2691049,13.0127898],[80.2693232,13.0127709],[80.269629,13.0127288],[80.2699501,13.0126548],[80.2701986,13.0125404],[80.2705007,13.0124126],[80.2707389,13.0123336],[80.2709132,13.0123184],[80.2709894,13.0123287],[80.2710273,13.0123505],[80.2710515,13.0123926],[80.2710981,13.0124144],[80.2711861,13.0124094],[80.27124,13.0124036],[80.2712638,13.012401],[80.2713603,13.012418],[80.2713881,13.0124228],[80.271436,13.01242],[80.2714683,13.0124156],[80.2714934,13.0124094],[80.2715166,13.0123915],[80.2715831,13.0123404],[80.2716263,13.0122614],[80.2716297,13.0121924],[80.2716108,13.0121218],[80.2715762,13.0121168],[80.2715331,13.0121353],[80.2715106,13.0121655],[80.2715158,13.0122328],[80.2715279,13.0122782],[80.2715198,13.0123071],[80.271502,13.0123388],[80.2714768,13.0123391],[80.2714647,13.0123316],[80.2714527,13.0123093],[80.2714558,13.0122863],[80.271463,13.0122537],[80.2714495,13.0122187],[80.2714251,13.0121891],[80.2714222,13.0121664],[80.2714347,13.0121437],[80.2715279,13.0121084],[80.2715662,13.0120956],[80.2716108,13.0120747],[80.271636,13.0120456],[80.2716572,13.0120127],[80.271653,13.0119869],[80.2716435,13.0119721],[80.2716128,13.0119631],[80.2715822,13.0119592],[80.271559,13.0119587],[80.2714944,13.0119721],[80.2714583,13.0119789],[80.2714157,13.0119856],[80.271377,13.0119877],[80.2712914,13.0119923],[80.2711275,13.0120579],[80.2709652,13.0121184],[80.2708323,13.0121302],[80.2705527,13.0120478],[80.2703628,13.0119822],[80.2701179,13.0118841]]]]}},
{"type":"Feature","properties":{"full_id":"w111749083","osm_id":"111749083","osm_type":"way","natural":null,"salt":null,"man_made":null,"layer":null,"covered":null,"landuse":null,"barrier":null,"tidal":null,"name:ta":null,"intermittent":null,"wikimedia_commons":null,"alt_name":null,"wetland":null,"place":"islet","wikipedia":null,"wikidata":null,"name":null,"water":null,"type":null},"geometry":{"type":"MultiPolygon","coordinates":[[[[80.2745446,13.0151163],[80.2745085,13.0150954],[80.2744997,13.0150825],[80.2744945,13.0150666],[80.2744884,13.0150621],[80.2744773,13.015066],[80.2744682,13.0150867],[80.2744522,13.0151213],[80.274443,13.0151296],[80.2744238,13.0151304],[80.2743915,13.0151185],[80.274329,13.0150913],[80.2742487,13.015061],[80.2741846,13.0150399],[80.2740269,13.015008],[80.2739309,13.0149786],[80.2738199,13.0149307],[80.2738,13.0149219],[80.2737765,13.0149115],[80.2737382,13.0148931],[80.2736913,13.0148626],[80.2736731,13.0148475],[80.2736638,13.0148374],[80.2736578,13.0148251],[80.2736518,13.0148042],[80.2736487,13.0147977],[80.2736411,13.014791],[80.2736311,13.0147876],[80.273591,13.0147901],[80.2735868,13.0147912],[80.2735809,13.0147946],[80.2735766,13.0148009],[80.2735805,13.0148226],[80.2735846,13.0148297],[80.2735925,13.0148338],[80.2736038,13.014835],[80.273623,13.0148395],[80.2736369,13.0148545],[80.2736619,13.014903],[80.273664,13.01493],[80.2736609,13.0149451],[80.2736499,13.014952],[80.2736296,13.0149511],[80.273541,13.014929],[80.2734905,13.0148994],[80.2734512,13.0148681],[80.2734134,13.0148355],[80.2734014,13.0148137],[80.2733987,13.0147817],[80.2734095,13.0147538],[80.2734402,13.0147285],[80.2734675,13.0147007],[80.2734823,13.0146597],[80.2734963,13.0146017],[80.2735259,13.0145461],[80.2735862,13.0144932],[80.2736128,13.0144765],[80.2736638,13.0144656],[80.2737228,13.014437],[80.273762,13.014395],[80.2738023,13.0143193],[80.2738307,13.0142513],[80.2738731,13.014208],[80.2739244,13.0142138],[80.2739825,13.0142416],[80.2740293,13.0142841],[80.2740754,13.0143276],[80.2741997,13.0144136],[80.2742771,13.0144531],[80.2743648,13.0144971],[80.2745,13.0145477],[80.2746234,13.0146214],[80.2747345,13.0146985],[80.2748234,13.0147457],[80.2748745,13.0147807],[80.2749329,13.0148177],[80.2750388,13.0148685],[80.2751503,13.0149237],[80.275232,13.0149582],[80.275294,13.014976],[80.2753723,13.0149875],[80.2754822,13.0149983],[80.2755359,13.0150198],[80.2755877,13.0150661],[80.275618,13.0151231],[80.2756182,13.0151436],[80.2756038,13.0151668],[80.2755758,13.0151747],[80.2754943,13.0151778],[80.2754364,13.0151578],[80.2753952,13.0151345],[80.275365,13.0151052],[80.275346,13.0150873],[80.2753245,13.0150755],[80.2752956,13.0150664],[80.2752304,13.015059],[80.2751892,13.015053],[80.2751547,13.0150421],[80.2751099,13.015022],[80.2750447,13.0149919],[80.2750328,13.0149901],[80.2750196,13.0149921],[80.2750146,13.0149988],[80.2750142,13.0150056],[80.2750192,13.0150187],[80.2750297,13.0150316],[80.2750651,13.0150517],[80.2751094,13.0150703],[80.2752146,13.015106],[80.2753219,13.0151316],[80.2753399,13.0151425],[80.2753577,13.0151608],[80.2753766,13.0152252],[80.2753801,13.0152868],[80.2753634,13.0153453],[80.2753402,13.015381],[80.2753082,13.0153925],[80.2752803,13.0153914],[80.2752688,13.0153882],[80.2752551,13.0153749],[80.2752474,13.0153574],[80.275249,13.0153436],[80.2752707,13.0153265],[80.275276,13.0153077],[80.2752722,13.0152869],[80.2752638,13.0152735],[80.2752431,13.0152661],[80.2752109,13.0152698],[80.2751873,13.015277],[80.2751114,13.0152951],[80.2750415,13.0153024],[80.2750272,13.0153017],[80.2750109,13.0152999],[80.2749812,13.0152931],[80.2749665,13.015289],[80.2749532,13.0152833],[80.2749376,13.0152727],[80.2749167,13.0152539],[80.2749007,13.0152375],[80.2748893,13.0152305],[80.2748696,13.0152178],[80.2748603,13.0152119],[80.274853,13.0152096],[80.2748422,13.015207],[80.2748278,13.0152074],[80.2748122,13.0152129],[80.274798,13.0152198],[80.2747597,13.0152287],[80.2747078,13.015229],[80.2746497,13.0152103],[80.2745856,13.0151557],[80.2745446,13.0151163]]]]}},
{"type":"Feature","properties":{"full_id":"w111749099","osm_id":"111749099","osm_type":"way","natural":"water","salt":null,"man_made":null,"layer":null,"covered":null,"landuse":null,"barrier":null,"tidal":null,"name:ta":null,"intermittent":null,"wikimedia_commons":null,"alt_name":null,"wetland":null,"place":null,"wikipedia":null,"wikidata":null,"name":null,"water":"reservoir","type":null},"geometry":{"type":"MultiPolygon","coordinates":[[[[80.271059,13.0245028],[80.2708981,13.0245028],[80.2706835,13.024576],[80.2704582,13.0246805],[80.2702651,13.024691],[80.2701042,13.0246387],[80.2700183,13.0247432],[80.2699111,13.0246387],[80.2695463,13.0247223],[80.2690849,13.0246805],[80.2687851,13.0246387],[80.2686134,13.0245446],[80.2684525,13.0246074],[80.2683666,13.0245028],[80.268313,13.0244192],[80.2682164,13.024461],[80.2681306,13.0245551],[80.2680126,13.0245656],[80.2678409,13.0246701],[80.2675512,13.0243042],[80.2674225,13.0241474],[80.2673474,13.0239488],[80.2669558,13.0237518],[80.2668082,13.0235918],[80.2665754,13.0233123],[80.2664694,13.0231259],[80.2664444,13.0230246],[80.2663467,13.0230024],[80.2661846,13.0229679],[80.2660162,13.0228424],[80.266037,13.0227998],[80.2661118,13.0227715],[80.2664028,13.0225811],[80.2665297,13.0225588],[80.2666253,13.0226256],[80.2669309,13.0230773],[80.2671554,13.0232353],[80.26733,13.0233042],[80.2674332,13.0234157],[80.2676585,13.0236771],[80.2679375,13.0239593],[80.2682164,13.0241474],[80.2683666,13.0241683],[80.2686027,13.0240847],[80.2694283,13.024022],[80.2697716,13.024022],[80.2699218,13.0240952],[80.27019,13.0239697],[80.2704582,13.0238652],[80.2708544,13.0237844],[80.2711155,13.0235975],[80.2714565,13.0233884],[80.271921,13.0231679],[80.2721856,13.023102],[80.2724561,13.0231879],[80.2725472,13.0232223],[80.272758,13.0230373],[80.2728297,13.0230915],[80.2726648,13.0232996],[80.2727089,13.023397],[80.2730118,13.0236204],[80.2730029,13.0237522],[80.2728148,13.0239011],[80.2722091,13.0241933],[80.2719681,13.0242907],[80.2718975,13.0242649],[80.271921,13.0242219],[80.2722826,13.0240214],[80.2724002,13.0238754],[80.2722973,13.0238553],[80.2720004,13.0239126],[80.2718475,13.0240329],[80.2716711,13.0240902],[80.2716946,13.0241818],[80.2718034,13.0243107],[80.2717652,13.0243594],[80.2714124,13.0243308],[80.2712037,13.0243995],[80.271059,13.0245028]]]]}},
{"type":"Feature","properties":{"full_id":"w111767112","osm_id":"111767112","osm_type":"way","natural":"water","salt":null,"man_made":null,"layer":null,"covered":null,"landuse":null,"barrier":null,"tidal":null,"name:ta":null,"intermittent":null,"wikimedia_commons":null,"alt_name":null,"wetland":null,"place":null,"wikipedia":null,"wikidata":null,"name":null,"water":null,"type":null},"geometry":{"type":"MultiPolygon","coordinates":[[[[80.2659204,13.0171438],[80.2658024,13.0169766],[80.2657594,13.0168093],[80.265856,13.0166839],[80.2659847,13.0167884],[80.2659955,13.0170916],[80.2659204,13.0171438]]]]}},
{"type":"Feature","properties":{"full_id":"w112644675","osm_id":"112644675","osm_type":"way","natural":"water","salt":null,"man_made":null,"layer":null,"covered":null,"landuse":null,"barrier":null,"tidal":null,"name:ta":null,"intermittent":null,"wikimedia_commons":null,"alt_name":null,"wetland":null,"place":null,"wikipedia":null,"wikidata":null,"name":null,"water":null,"type":null},"geometry":{"type":"MultiPolygon","coordinates":[[[[80.253145,13.0188854],[80.2531127,13.0188201],[80.2531047,13.0187535],[80.253153,13.0187535],[80.2532013,13.0187953],[80.2532013,13.0189103],[80.2532442,13.0189625],[80.2533782,13.0189651],[80.2535136,13.0188841],[80.2537055,13.0188371],[80.2538034,13.0188214],[80.2537858,13.0186136],[80.2538451,13.0185748],[80.2538268,13.0184223],[80.2537559,13.0183066],[80.2536568,13.0182567],[80.2534977,13.0182434],[80.253343,13.0182949],[80.2531852,13.0183719],[80.2531621,13.0184562],[80.2531268,13.0184769],[80.2530842,13.0184412],[80.2530993,13.0183562],[80.2531691,13.018304],[80.2534299,13.018213],[80.253727,13.0182099],[80.2538182,13.0182151],[80.2538665,13.0182831],[80.2539442,13.0189208],[80.2539308,13.0189521],[80.2537967,13.0189521],[80.253668,13.018973],[80.2536278,13.0189129],[80.2535699,13.0188867],[80.2535164,13.0189097],[80.253435,13.0189753],[80.253351,13.0189959],[80.2532724,13.0189926],[80.2531972,13.0189626],[80.253145,13.0188854]]]]}},
{"type":"Feature","properties":{"full_id":"w112869306","osm_id":"112869306","osm_type":"way","natural":"water","salt":null,"man_made":null,"layer":null,"covered":null,"landuse":null,"barrier":null,"tidal":null,"name:ta":null,"intermittent":null,"wikimedia_commons":null,"alt_name":null,"wetland":null,"place":null,"wikipedia":null,"wikidata":null,"name":null,"water":"river","type":null},"geometry":{"type":"MultiPolygon","coordinates":[[[[80.2274645,13.0670407],[80.2273233,13.0671361],[80.2270659,13.0671832],[80.2269425,13.0671623],[80.226839,13.067105],[80.2267279,13.0670055],[80.2269478,13.0670839],[80.2271249,13.0670891],[80.2274199,13.0670003],[80.2273877,13.0668958],[80.227554,13.0669323],[80.2277525,13.0669376],[80.2279242,13.0668801],[80.2280422,13.0668853],[80.2282889,13.0671518],[80.2284552,13.0674653],[80.2284682,13.0679942],[80.2284138,13.0680158],[80.2283497,13.0680414],[80.2281817,13.0675437],[80.2279939,13.0673138],[80.227731,13.0671152],[80.2274645,13.0670407]]]]}},
{"type":"Feature","properties":{"full_id":"w122063615","osm_id":"122063615","osm_type":"way","natural":"water","salt":null,"man_made":null,"layer":null,"covered":null,"landuse":null,"barrier":null,"tidal":null,"name:ta":null,"intermittent":null,"wikimedia_commons":null,"alt_name":null,"wetland":null,"place":null,"wikipedia":null,"wikidata":null,"name":null,"water":null,"type":null},"geometry":{"type":"MultiPolygon","coordinates":[[[[80.1735913,13.0357786],[80.1740549,13.0356804],[80.1738412,13.0349892],[80.1734421,13.0350088],[80.1734623,13.0354212],[80.1735913,13.0357786]]]]}},
{"type":"Feature","properties":{"full_id":"w125180715","osm_id":"125180715","osm_type":"way","natural":"water","salt":null,"man_made":null,"layer":null,"covered":null,"landuse":null,"barrier":null,"tidal":null,"name:ta":null,"intermittent":null,"wikimedia_commons":null,"alt_name":null,"wetland":null,"place":null,"wikipedia":null,"wikidata":null,"name":null,"water":null,"type":null},"geometry":{"type":"MultiPolygon","coordinates":[[[[80.2666693,13.1450589],[80.2613945,13.1454217],[80.26125,13.1417503],[80.2665439,13.1415329],[80.2666693,13.1450589]]]]}},
{"type":"Feature","properties":{"full_id":"w125180718","osm_id":"125180718","osm_type":"way","natural":"water","salt":null,"man_made":null,"layer":null,"covered":null,"landuse":null,"barrier":null,"tidal":null,"name:ta":null,"intermittent":null,"wikimedia_commons":null,"alt_name":null,"wetland":null,"place":null,"wikipedia":null,"wikidata":null,"name":null,"water":null,"type":null},"geometry":{"type":"MultiPolygon","coordinates":[[[[80.2588456,13.1262953],[80.2588368,13.1266752],[80.2590764,13.1267137],[80.2590919,13.1266472],[80.2591901,13.1266641],[80.2632727,13.1273662],[80.2649454,13.1276388],[80.2653333,13.1276538],[80.2657102,13.1276452],[80.2664155,13.1276409],[80.2667394,13.1276044],[80.2687957,13.1270979],[80.269091,13.1268146],[80.2709687,13.1263531],[80.2710811,13.1262909],[80.2718106,13.1256598],[80.271782,13.1256083],[80.2719054,13.1254774],[80.27202,13.1255332],[80.2721082,13.125516],[80.2726944,13.1250868],[80.2731087,13.1249043],[80.273263,13.1248786],[80.273169,13.1244912],[80.2728398,13.1246403],[80.2726217,13.1246747],[80.2722867,13.1248829],[80.2719451,13.1251082],[80.2717533,13.1253937],[80.2717577,13.1254366],[80.2716696,13.1255032],[80.2715946,13.1255139],[80.2710172,13.126117],[80.2708541,13.1262007],[80.270658,13.1262458],[80.2677761,13.1270102],[80.2673699,13.1271126],[80.2668707,13.1272203],[80.2663141,13.1272644],[80.2660096,13.1272252],[80.2659769,13.1272288],[80.2654803,13.1272213],[80.2650711,13.1271902],[80.2646942,13.1271494],[80.2603503,13.1264175],[80.259147,13.1263314],[80.2588456,13.1262953]]]]}},
{"type":"Feature","properties":{"full_id":"w125180721","osm_id":"125180721","osm_type":"way","natural":"water","salt":null,"man_made":null,"layer":null,"covered":null,"landuse":null,"barrier":null,"tidal":null,"name:ta":null,"intermittent":null,"wikimedia_commons":null,"alt_name":null,"wetland":null,"place":null,"wikipedia":null,"wikidata":null,"name":null,"water":null,"type":null},"geometry":{"type":"MultiPolygon","coordinates":[[[[80.2487341,13.1219511],[80.2487208,13.122082],[80.248798,13.1221142],[80.2488817,13.1221936],[80.2489302,13.1222966],[80.2489104,13.1223653],[80.2488288,13.1224404],[80.2487583,13.1225306],[80.2486569,13.1226958],[80.2486128,13.1228439],[80.2486128,13.122947],[80.2486393,13.1230521],[80.24882,13.1232882],[80.2489831,13.1234621],[80.2490668,13.123608],[80.2491374,13.1237604],[80.2491726,13.1239922],[80.2492299,13.1246576],[80.249274,13.1247413],[80.2493754,13.1248958],[80.2494812,13.1250075],[80.2496531,13.1250976],[80.2497941,13.1251212],[80.2530229,13.1256771],[80.2569348,13.1263661],[80.2588368,13.1266752],[80.2588456,13.1262953],[80.2569546,13.1259411],[80.2569429,13.126014],[80.2569238,13.1261321],[80.2564245,13.1260822],[80.2554571,13.1259414],[80.2543263,13.1258252],[80.2522493,13.1253058],[80.2495782,13.1247971],[80.2494878,13.1247413],[80.2494107,13.1246318],[80.2493842,13.1244516],[80.2492079,13.1235995],[80.249133,13.1234063],[80.2490294,13.123211],[80.2489853,13.1231122],[80.248809,13.1228847],[80.2488068,13.1228075],[80.2488685,13.1226636],[80.2490162,13.1225542],[80.2491594,13.1224855],[80.2492299,13.1224662],[80.2491969,13.1223932],[80.2491616,13.1223996],[80.2490691,13.1221807],[80.2489919,13.1220734],[80.2488795,13.1219833],[80.248798,13.1219532],[80.2487341,13.1219511]]]]}},
{"type":"Feature","properties":{"full_id":"w125180729","osm_id":"125180729","osm_type":"way","natural":"water","salt":null,"man_made":null,"layer":null,"covered":null,"landuse":null,"barrier":null,"tidal":null,"name:ta":null,"intermittent":null,"wikimedia_commons":null,"alt_name":null,"wetland":null,"place":null,"wikipedia":null,"wikidata":null,"name":null,"water":null,"type":null},"geometry":{"type":"MultiPolygon","coordinates":[[[[80.26681,13.1450512],[80.2667365,13.1429458],[80.2676311,13.1429131],[80.2676311,13.1414722],[80.2685256,13.1414329],[80.2735363,13.1373851],[80.2737246,13.1410071],[80.2688753,13.1449304],[80.26681,13.1450512]]]]}},
{"type":"Feature","properties":{"full_id":"w125234697","osm_id":"125234697","osm_type":"way","natural":"water","salt":null,"man_made":null,"layer":null,"covered":null,"landuse":null,"barrier":null,"tidal":null,"name:ta":null,"intermittent":null,"wikimedia_commons":null,"alt_name":null,"wetland":null,"place":null,"wikipedia":null,"wikidata":null,"name":null,"water":"reservoir","type":null},"geometry":{"type":"MultiPolygon","coordinates":[[[[80.2619254,13.1157132],[80.2620246,13.1161435],[80.2624633,13.1161186],[80.2624313,13.115707],[80.2619254,13.1157132]]]]}},
{"type":"Feature","properties":{"full_id":"w127012059","osm_id":"127012059","osm_type":"way","natural":"water","salt":null,"man_made":null,"layer":null,"covered":null,"landuse":null,"barrier":null,"tidal":null,"name:ta":null,"intermittent":null,"wikimedia_commons":null,"alt_name":null,"wetland":null,"place":null,"wikipedia":null,"wikidata":null,"name":null,"water":null,"type":null},"geometry":{"type":"MultiPolygon","coordinates":[[[[80.2698951,13.1180273],[80.2697934,13.1178285],[80.2697505,13.1176927],[80.269786,13.117644],[80.269879,13.1175832],[80.2699273,13.1176512],[80.2699809,13.1177713],[80.2700184,13.1179542],[80.2699809,13.1180221],[80.2698951,13.1180273]]]]}},
{"type":"Feature","properties":{"full_id":"w127012071","osm_id":"127012071","osm_type":"way","natural":"water","salt":null,"man_made":null,"layer":null,"covered":null,"landuse":null,"barrier":null,"tidal":null,"name:ta":null,"intermittent":null,"wikimedia_commons":null,"alt_name":null,"wetland":null,"place":null,"wikipedia":null,"wikidata":null,"name":null,"water":null,"type":null},"geometry":{"type":"MultiPolygon","coordinates":[[[[80.2704264,13.1191033],[80.2703781,13.1190458],[80.2703817,13.1189482],[80.2705498,13.1188264],[80.2705927,13.1188943],[80.2705978,13.1189886],[80.2705766,13.1190615],[80.2704264,13.1191033]]]]}},
{"type":"Feature","properties":{"full_id":"w127012072","osm_id":"127012072","osm_type":"way","natural":"water","salt":null,"man_made":null,"layer":null,"covered":null,"landuse":null,"barrier":null,"tidal":null,"name:ta":null,"intermittent":null,"wikimedia_commons":null,"alt_name":null,"wetland":null,"place":null,"wikipedia":null,"wikidata":null,"name":null,"water":null,"type":null},"geometry":{"type":"MultiPolygon","coordinates":[[[[80.2681463,13.1160159],[80.2681141,13.1159637],[80.2681141,13.115833],[80.2681087,13.1156032],[80.2680819,13.1154255],[80.2680873,13.1152688],[80.268157,13.1153785],[80.2682375,13.1155143],[80.2683126,13.1155457],[80.2683179,13.1157024],[80.2683072,13.1158853],[80.2682589,13.1159428],[80.268216,13.1160316],[80.2681463,13.1160159]]]]}},
{"type":"Feature","properties":{"full_id":"w127464711","osm_id":"127464711","osm_type":"way","natural":"water","salt":null,"man_made":null,"layer":null,"covered":null,"landuse":null,"barrier":null,"tidal":null,"name:ta":null,"intermittent":null,"wikimedia_commons":null,"alt_name":null,"wetland":null,"place":null,"wikipedia":null,"wikidata":null,"name":"Virupatcheshwarer Temple Tank","water":"pond","type":null},"geometry":{"type":"MultiPolygon","coordinates":[[[[80.2744288,13.0390395],[80.274379,13.038684],[80.2746586,13.0386503],[80.2747114,13.0390096],[80.2744288,13.0390395]]]]}},
{"type":"Feature","properties":{"full_id":"w127574695","osm_id":"127574695","osm_type":"way","natural":"water","salt":null,"man_made":null,"layer":null,"covered":null,"landuse":null,"barrier":null,"tidal":null,"name:ta":null,"intermittent":null,"wikimedia_commons":null,"alt_name":null,"wetland":null,"place":null,"wikipedia":null,"wikidata":null,"name":null,"water":null,"type":null},"geometry":{"type":"MultiPolygon","coordinates":[[[[80.2229614,13.0099625],[80.2227575,13.0097116],[80.2226717,13.0095339],[80.2229399,13.0093039],[80.2229978,13.0091387],[80.2232618,13.0091366],[80.2234764,13.0091889],[80.2235944,13.0092203],[80.2237875,13.0094398],[80.2238197,13.0095652],[80.2237124,13.0096175],[80.2237982,13.0097429],[80.2231266,13.0100273],[80.2229614,13.0099625]]]]}},
{"type":"Feature","properties":{"full_id":"w127574706","osm_id":"127574706","osm_type":"way","natural":"water","salt":null,"man_made":null,"layer":null,"covered":null,"landuse":null,"barrier":null,"tidal":null,"name:ta":null,"intermittent":null,"wikimedia_commons":null,"alt_name":null,"wetland":null,"place":null,"wikipedia":null,"wikidata":null,"name":null,"water":null,"type":null},"geometry":{"type":"MultiPolygon","coordinates":[[[[80.2368351,13.0211912],[80.237026,13.0216453],[80.2369018,13.0217792],[80.23672,13.022085],[80.2365323,13.0222784],[80.2364385,13.0222531],[80.2363914,13.0221959],[80.2362972,13.0222271],[80.2362452,13.0223128],[80.2360866,13.0223573],[80.2357599,13.0224859],[80.2354821,13.0226343],[80.2353225,13.0226204],[80.2352609,13.0225836],[80.2349961,13.0225521],[80.2349182,13.0224819],[80.2348647,13.0223839],[80.2347618,13.0222316],[80.2346541,13.0221434],[80.2344345,13.0220461],[80.2342992,13.0220189],[80.2341613,13.0219921],[80.2340541,13.021977],[80.233924,13.0220546],[80.2337505,13.0222738],[80.2337006,13.0222078],[80.2337035,13.0221467],[80.2337852,13.0220226],[80.2340191,13.0218546],[80.234122,13.0218341],[80.2343975,13.0218981],[80.234652,13.0220053],[80.2348371,13.0221059],[80.234922,13.0221742],[80.2351236,13.022338],[80.235437,13.0224184],[80.2356125,13.0224306],[80.2358199,13.0222782],[80.236184,13.0221286],[80.2362721,13.0220827],[80.2362297,13.021988],[80.2363229,13.0219248],[80.2364114,13.0217227],[80.2364686,13.0215401],[80.2367057,13.0214182],[80.2368152,13.0212261],[80.2368351,13.0211912]]]]}},
{"type":"Feature","properties":{"full_id":"w127574708","osm_id":"127574708","osm_type":"way","natural":"water","salt":null,"man_made":null,"layer":null,"covered":null,"landuse":null,"barrier":null,"tidal":null,"name:ta":null,"intermittent":null,"wikimedia_commons":null,"alt_name":null,"wetland":null,"place":null,"wikipedia":null,"wikidata":null,"name":null,"water":null,"type":null},"geometry":{"type":"MultiPolygon","coordinates":[[[[80.2349069,13.0229474],[80.2348264,13.0229317],[80.2348157,13.022869],[80.234821,13.0228063],[80.2348318,13.0227436],[80.2348264,13.0226547],[80.2348639,13.0226443],[80.2349122,13.0227017],[80.234982,13.0227436],[80.2350571,13.0227383],[80.2351053,13.0227697],[80.2351268,13.0228272],[80.2350571,13.0228794],[80.2349069,13.0229474]]]]}},
{"type":"Feature","properties":{"full_id":"w127574716","osm_id":"127574716","osm_type":"way","natural":"water","salt":null,"man_made":null,"layer":null,"covered":null,"landuse":null,"barrier":null,"tidal":null,"name:ta":null,"intermittent":null,"wikimedia_commons":null,"alt_name":null,"wetland":null,"place":null,"wikipedia":null,"wikidata":null,"name":null,"water":null,"type":null},"geometry":{"type":"MultiPolygon","coordinates":[[[[80.2337642,13.0240345],[80.2337052,13.0239404],[80.2337106,13.0238829],[80.2337589,13.023815],[80.233893,13.023747],[80.2339466,13.0238254],[80.2339681,13.0239143],[80.2339252,13.0239874],[80.2338286,13.0240345],[80.2337642,13.0240345]]]]}},
{"type":"Feature","properties":{"full_id":"w131425309","osm_id":"131425309","osm_type":"way","natural":"water","salt":null,"man_made":null,"layer":null,"covered":null,"landuse":null,"barrier":null,"tidal":null,"name:ta":null,"intermittent":null,"wikimedia_commons":null,"alt_name":null,"wetland":null,"place":null,"wikipedia":null,"wikidata":null,"name":null,"water":"reservoir","type":null},"geometry":{"type":"MultiPolygon","coordinates":[[[[80.2265355,12.9607461],[80.2260797,12.9589573],[80.2311045,12.9577763],[80.2312694,12.9577656],[80.231883,12.9576427],[80.2320073,12.9577982],[80.2329958,12.957699],[80.2330245,12.9580331],[80.2330155,12.9580714],[80.2330635,12.9583213],[80.2321451,12.9584425],[80.2322062,12.9587401],[80.2301187,12.959273],[80.2302528,12.9598344],[80.2265355,12.9607461]]]]}},
{"type":"Feature","properties":{"full_id":"w131425313","osm_id":"131425313","osm_type":"way","natural":"water","salt":null,"man_made":null,"layer":null,"covered":null,"landuse":null,"barrier":null,"tidal":null,"name:ta":null,"intermittent":null,"wikimedia_commons":null,"alt_name":null,"wetland":null,"place":null,"wikipedia":null,"wikidata":null,"name":null,"water":"lake","type":null},"geometry":{"type":"MultiPolygon","coordinates":[[[[80.2210167,12.950819],[80.2215314,12.950925],[80.2217728,12.9512909],[80.2213007,12.9515001],[80.2207321,12.9516255],[80.2200669,12.9521065],[80.2198899,12.952462],[80.2200186,12.9527077],[80.2198684,12.9530109],[80.2191013,12.953288],[80.2187043,12.953816],[80.2184737,12.9545688],[80.2182645,12.9550498],[80.2183127,12.9553687],[80.2187955,12.9557974],[80.2191764,12.9560274],[80.2193588,12.9566652],[80.2195036,12.9568116],[80.2195036,12.9572926],[80.2193534,12.9576428],[80.2186829,12.9571462],[80.2187473,12.9569266],[80.2186829,12.9568796],[80.2185541,12.9568796],[80.2183664,12.9571462],[80.2183557,12.9573919],[80.2185166,12.9575696],[80.2183503,12.9575801],[80.218243,12.9577317],[80.2180338,12.9577997],[80.2178246,12.9584531],[80.2175993,12.9587511],[80.2174964,12.9587654],[80.2173364,12.9587877],[80.2177119,12.9583643],[80.2177709,12.9579251],[80.2175295,12.9576428],[80.2169448,12.9574808],[80.2167946,12.9578467],[80.2165157,12.9580192],[80.2163172,12.9578624],[80.2161241,12.9579983],[80.2160382,12.9583904],[80.216049,12.9588452],[80.2158076,12.9588086],[80.2156734,12.9584793],[80.2156198,12.9588609],[80.2153033,12.9588923],[80.2150994,12.9587197],[80.2151853,12.958244],[80.2152926,12.9579094],[80.2157003,12.9576324],[80.2162099,12.9577997],[80.2165532,12.9576899],[80.2168268,12.9574964],[80.2171487,12.9569789],[80.2175724,12.9567332],[80.2180231,12.9563934],[80.2181143,12.9559229],[80.218007,12.9550184],[80.2179211,12.9547048],[80.2180016,12.9545375],[80.2181464,12.954365],[80.2182752,12.9543545],[80.2186346,12.9531782],[80.2186185,12.9528384],[80.2184576,12.9529011],[80.218125,12.9530162],[80.2182537,12.9527077],[80.2184361,12.9527077],[80.218758,12.9524986],[80.2194339,12.9517144],[80.2199006,12.9512334],[80.2202868,12.9511707],[80.2210167,12.950819]]]]}},
{"type":"Feature","properties":{"full_id":"w131425321","osm_id":"131425321","osm_type":"way","natural":"water","salt":null,"man_made":null,"layer":null,"covered":null,"landuse":null,"barrier":null,"tidal":null,"name:ta":null,"intermittent":null,"wikimedia_commons":null,"alt_name":null,"wetland":null,"place":null,"wikipedia":null,"wikidata":null,"name":null,"water":"lake","type":null},"geometry":{"type":"MultiPolygon","coordinates":[[[[80.2256525,12.9635792],[80.2253279,12.9634459],[80.2250114,12.9635348],[80.2241129,12.9635061],[80.2239332,12.9635113],[80.2234236,12.9633571],[80.2233216,12.9628578],[80.2232251,12.9626644],[80.2230454,12.9625415],[80.2227047,12.9625442],[80.2224526,12.9624553],[80.2223695,12.9622671],[80.2225626,12.961828],[80.2227584,12.9614254],[80.223268,12.9608425],[80.2235389,12.9608896],[80.2236918,12.9607354],[80.2239332,12.9607327],[80.2240271,12.9605472],[80.2243007,12.96044],[80.2243677,12.9601368],[80.2248961,12.959546],[80.2251455,12.9594415],[80.2252448,12.9592899],[80.2253413,12.9593918],[80.2253038,12.959201],[80.2254379,12.9591461],[80.2255237,12.9592298],[80.2254647,12.9595042],[80.2256954,12.9596611],[80.2257464,12.9597891],[80.2257276,12.9599068],[80.2257946,12.9600061],[80.2258268,12.9602492],[80.2259717,12.9603616],[80.226087,12.9604844],[80.2263043,12.9607014],[80.2263123,12.9609523],[80.2260307,12.9607981],[80.2257008,12.9604687],[80.225454,12.9601734],[80.2253333,12.9601708],[80.22499,12.9603668],[80.2247113,12.9606485],[80.2246861,12.9607435],[80.2248256,12.9606965],[80.2251475,12.9611461],[80.225464,12.9614493],[80.2260755,12.9620243],[80.2265637,12.9621603],[80.2269767,12.9619773],[80.2272557,12.9617891],[80.2274542,12.9618884],[80.2276317,12.9617011],[80.2277309,12.9614162],[80.2276397,12.9612306],[80.2268485,12.9611339],[80.2268055,12.9613979],[80.2266929,12.9614684],[80.2266392,12.9613142],[80.2266822,12.9611156],[80.2266312,12.9609012],[80.2277926,12.9606947],[80.2284149,12.9607052],[80.2284256,12.9612698],[80.22849,12.9617194],[80.2287045,12.962148],[80.2287367,12.9612698],[80.2291927,12.9610842],[80.2292463,12.9609091],[80.2296031,12.9606032],[80.2299652,12.9602608],[80.2301583,12.9601563],[80.2302334,12.9600491],[80.2307725,12.9603131],[80.2307028,12.960551],[80.2307108,12.9607705],[80.230853,12.9610868],[80.2302736,12.9610894],[80.2304372,12.9641032],[80.2300617,12.9641032],[80.2300108,12.9640196],[80.2299276,12.96403],[80.2298686,12.9641215],[80.2296138,12.9641424],[80.229587,12.9636066],[80.2295092,12.9635935],[80.2295789,12.9649292],[80.2294207,12.9650102],[80.2292785,12.9652664],[80.2294421,12.9653552],[80.229469,12.9654676],[80.2289674,12.9655408],[80.2288789,12.9654781],[80.2286616,12.9654127],[80.2283532,12.9655591],[80.2283451,12.9656323],[80.2284068,12.965682],[80.2283907,12.9658597],[80.2281064,12.9658884],[80.2280662,12.9660008],[80.2281279,12.9662596],[80.2280367,12.9663642],[80.2279857,12.9666334],[80.2282888,12.9669105],[80.2276987,12.9672346],[80.2274734,12.967726],[80.2271623,12.9677626],[80.2269177,12.9679682],[80.2263715,12.9677716],[80.226004,12.9679098],[80.2253617,12.9677618],[80.2249127,12.9676547],[80.2245019,12.9674982],[80.2239248,12.9670071],[80.2237598,12.9665866],[80.2237455,12.9661736],[80.2238492,12.9657396],[80.2240022,12.9657331],[80.2243498,12.965249],[80.2245849,12.964704],[80.225056,12.9642741],[80.2258302,12.9640418],[80.2258358,12.9638188],[80.2256525,12.9635792]]]]}},
{"type":"Feature","properties":{"full_id":"w131425322","osm_id":"131425322","osm_type":"way","natural":"water","salt":null,"man_made":null,"layer":null,"covered":null,"landuse":null,"barrier":null,"tidal":null,"name:ta":null,"intermittent":null,"wikimedia_commons":null,"alt_name":"Perungudi Lake","wetland":null,"place":null,"wikipedia":null,"wikidata":null,"name":"Anna Nedumchalai Lake","water":"lake","type":null},"geometry":{"type":"MultiPolygon","coordinates":[[[[80.2363576,12.9671556],[80.2363199,12.966949],[80.2363204,12.9668483],[80.2363933,12.9667255],[80.2365042,12.9666959],[80.2369369,12.9665911],[80.2375094,12.9664509],[80.2379261,12.9663219],[80.2389759,12.9655813],[80.2395544,12.9653496],[80.2403654,12.9648037],[80.241053,12.964514],[80.2411562,12.9649047],[80.241186,12.9651587],[80.2412025,12.9654049],[80.2411898,12.9654842],[80.2412261,12.9663513],[80.2412572,12.9668667],[80.2413527,12.9678108],[80.2412939,12.9678638],[80.2409536,12.9678958],[80.2403611,12.9679554],[80.2400179,12.9679734],[80.2393582,12.9678555],[80.2374301,12.9674716],[80.2367115,12.9673541],[80.2364125,12.9673071],[80.2363576,12.9671556]]]]}},
{"type":"Feature","properties":{"full_id":"w131961844","osm_id":"131961844","osm_type":"way","natural":"water","salt":null,"man_made":null,"layer":null,"covered":null,"landuse":null,"barrier":null,"tidal":null,"name:ta":null,"intermittent":null,"wikimedia_commons":null,"alt_name":null,"wetland":null,"place":null,"wikipedia":null,"wikidata":null,"name":"Thamarai Kulam","water":"pond","type":null},"geometry":{"type":"MultiPolygon","coordinates":[[[[80.2568145,12.968491],[80.25716,12.9684058],[80.2570937,12.9681739],[80.2567584,12.968263],[80.2568145,12.968491]]]]}},
{"type":"Feature","properties":{"full_id":"w132195429","osm_id":"132195429","osm_type":"way","natural":"water","salt":null,"man_made":null,"layer":null,"covered":null,"landuse":null,"barrier":null,"tidal":null,"name:ta":null,"intermittent":null,"wikimedia_commons":null,"alt_name":null,"wetland":null,"place":null,"wikipedia":null,"wikidata":null,"name":null,"water":"canal","type":null},"geometry":{"type":"MultiPolygon","coordinates":[[[[80.2530479,12.9842966],[80.2529167,12.984774],[80.2523646,12.9867398],[80.252077,12.9877638],[80.25203,12.9881615],[80.2520535,12.9884826],[80.2514335,12.9907002],[80.2507587,12.9932235],[80.2505311,12.9931547],[80.2511432,12.9908531],[80.2512549,12.9907846],[80.2519229,12.9884356],[80.2519078,12.9882301],[80.2518626,12.9880881],[80.251807,12.9880336],[80.2518564,12.9878153],[80.252064,12.9866763],[80.2521967,12.9861847],[80.252349,12.9856504],[80.2525289,12.9849412],[80.2526434,12.9845062],[80.2527953,12.9838999],[80.2529223,12.9833936],[80.2530916,12.9827323],[80.253207,12.9822312],[80.253294,12.9820245],[80.2533725,12.9819405],[80.2535371,12.9819782],[80.2530479,12.9842966]]]]}},
{"type":"Feature","properties":{"full_id":"w132195432","osm_id":"132195432","osm_type":"way","natural":"water","salt":null,"man_made":null,"layer":null,"covered":null,"landuse":null,"barrier":null,"tidal":null,"name:ta":null,"intermittent":null,"wikimedia_commons":null,"alt_name":null,"wetland":null,"place":null,"wikipedia":null,"wikidata":null,"name":null,"water":"canal","type":null},"geometry":{"type":"MultiPolygon","coordinates":[[[[80.2507156,12.9623904],[80.2509053,12.9623599],[80.2515565,12.9659251],[80.2515131,12.9659404],[80.2515421,12.9660347],[80.2515954,12.9660394],[80.2525257,12.9701087],[80.2528451,12.9716414],[80.2527676,12.9716602],[80.2527967,12.9717593],[80.2528741,12.9717545],[80.2532792,12.974246],[80.2534646,12.9750666],[80.2533822,12.975065],[80.2534016,12.9751829],[80.2534462,12.9752285],[80.2538758,12.9781349],[80.2538952,12.9785876],[80.2538952,12.9797383],[80.2539339,12.9801438],[80.2538758,12.9806012],[80.2537936,12.9808606],[80.2536532,12.981634],[80.2535371,12.9819782],[80.2533725,12.9819405],[80.2534153,12.9815462],[80.253565,12.9802119],[80.2536378,12.9792279],[80.2536321,12.9785107],[80.2532955,12.9761869],[80.253172,12.9752776],[80.2532709,12.9751876],[80.2532612,12.9750509],[80.2531075,12.9750522],[80.253033,12.9746025],[80.2527649,12.9728735],[80.2525885,12.9719413],[80.2526708,12.9718536],[80.2526466,12.971731],[80.2525302,12.9716717],[80.2522571,12.9704106],[80.2519605,12.9688483],[80.2519262,12.9686315],[80.2517465,12.9677225],[80.2513615,12.9661075],[80.2514391,12.9660691],[80.2514024,12.9659531],[80.2513153,12.9659181],[80.2507156,12.9623904]]]]}},
{"type":"Feature","properties":{"full_id":"w132195433","osm_id":"132195433","osm_type":"way","natural":"water","salt":null,"man_made":null,"layer":null,"covered":null,"landuse":null,"barrier":null,"tidal":null,"name:ta":null,"intermittent":null,"wikimedia_commons":null,"alt_name":null,"wetland":null,"place":null,"wikipedia":null,"wikidata":null,"name":null,"water":"canal","type":null},"geometry":{"type":"MultiPolygon","coordinates":[[[[80.2507156,12.9623904],[80.2509053,12.9623599],[80.2505436,12.960691],[80.2503469,12.9593996],[80.2498447,12.9565364],[80.2493676,12.9540035],[80.2485389,12.9496106],[80.248294,12.9496534],[80.2496312,12.9565609],[80.2503305,12.9607211],[80.2507156,12.9623904]]]]}},
{"type":"Feature","properties":{"full_id":"w133591395","osm_id":"133591395","osm_type":"way","natural":null,"salt":null,"man_made":null,"layer":null,"covered":null,"landuse":null,"barrier":null,"tidal":null,"name:ta":null,"intermittent":null,"wikimedia_commons":null,"alt_name":null,"wetland":null,"place":"islet","wikipedia":null,"wikidata":null,"name":null,"water":null,"type":null},"geometry":{"type":"MultiPolygon","coordinates":[[[[80.3158689,13.2179528],[80.3156579,13.2175986],[80.3155487,13.2172798],[80.3154105,13.2168193],[80.3154105,13.2164014],[80.3154177,13.2163093],[80.3156142,13.2167202],[80.3158471,13.2171452],[80.3159926,13.2174144],[80.3160217,13.2177403],[80.3158689,13.2179528]]]]}},
{"type":"Feature","properties":{"full_id":"w133591396","osm_id":"133591396","osm_type":"way","natural":null,"salt":null,"man_made":null,"layer":null,"covered":null,"landuse":null,"barrier":null,"tidal":null,"name:ta":null,"intermittent":null,"wikimedia_commons":null,"alt_name":null,"wetland":null,"place":"islet","wikipedia":null,"wikidata":null,"name":null,"water":null,"type":null},"geometry":{"type":"MultiPolygon","coordinates":[[[[80.3145736,13.2161038],[80.314399,13.2157567],[80.3143189,13.2154308],[80.3143771,13.2152041],[80.3145736,13.2154663],[80.314741,13.215693],[80.3148283,13.2159834],[80.3148429,13.2162951],[80.3148356,13.2165076],[80.3147119,13.2162597],[80.3145736,13.2161038]]]]}},
{"type":"Feature","properties":{"full_id":"w133591397","osm_id":"133591397","osm_type":"way","natural":null,"salt":null,"man_made":null,"layer":null,"covered":null,"landuse":null,"barrier":null,"tidal":null,"name:ta":null,"intermittent":null,"wikimedia_commons":null,"alt_name":null,"wetland":null,"place":"islet","wikipedia":null,"wikidata":null,"name":null,"water":null,"type":null},"geometry":{"type":"MultiPolygon","coordinates":[[[[80.3136845,13.2196192],[80.3143432,13.2193186],[80.3145284,13.2188578],[80.3151253,13.2197795],[80.3158045,13.2204206],[80.316813,13.2209416],[80.3173482,13.2214024],[80.3178216,13.2225445],[80.3176569,13.2230454],[80.3174511,13.2237267],[80.3174305,13.2239471],[80.316669,13.2235263],[80.315434,13.2229252],[80.3146725,13.2224043],[80.3140344,13.2219835],[80.3135611,13.2211219],[80.3135199,13.2202804],[80.3136845,13.2196192]]]]}},
{"type":"Feature","properties":{"full_id":"w133591400","osm_id":"133591400","osm_type":"way","natural":null,"salt":null,"man_made":null,"layer":null,"covered":null,"landuse":null,"barrier":null,"tidal":null,"name:ta":null,"intermittent":null,"wikimedia_commons":null,"alt_name":null,"wetland":null,"place":"islet","wikipedia":null,"wikidata":null,"name":null,"water":null,"type":null},"geometry":{"type":"MultiPolygon","coordinates":[[[[80.3102473,13.2092599],[80.3092182,13.2106024],[80.3084361,13.2117446],[80.3080244,13.2139487],[80.3081274,13.2153112],[80.3086007,13.2166136],[80.3093211,13.2170344],[80.3101856,13.2171145],[80.3105355,13.216794],[80.3103091,13.2158923],[80.310165,13.2148504],[80.3103091,13.2137082],[80.3103502,13.2134878],[80.311297,13.215171],[80.3119145,13.2161728],[80.3126966,13.2171546],[80.3133552,13.2179361],[80.3133141,13.2185772],[80.312923,13.2188978],[80.3129436,13.2193587],[80.3132935,13.2190381],[80.313808,13.2184971],[80.3140139,13.2177958],[80.3136845,13.216814],[80.3134675,13.2159622],[80.3131906,13.2152311],[80.312929,13.2149633],[80.3124311,13.2140286],[80.3122026,13.2133275],[80.3112353,13.2111635],[80.3106384,13.2098009],[80.3102473,13.2092599]]]]}},
{"type":"Feature","properties":{"full_id":"w133591402","osm_id":"133591402","osm_type":"way","natural":null,"salt":null,"man_made":null,"layer":null,"covered":null,"landuse":null,"barrier":null,"tidal":null,"name:ta":null,"intermittent":null,"wikimedia_commons":null,"alt_name":null,"wetland":null,"place":"islet","wikipedia":null,"wikidata":null,"name":null,"water":null,"type":null},"geometry":{"type":"MultiPolygon","coordinates":[[[[80.3133948,13.2141273],[80.3135039,13.2145878],[80.3137077,13.2148712],[80.3139915,13.2152892],[80.3139623,13.2149562],[80.3138386,13.2146162],[80.3136786,13.2143895],[80.3134966,13.2141061],[80.3133948,13.2141273]]]]}},
{"type":"Feature","properties":{"full_id":"w133591403","osm_id":"133591403","osm_type":"way","natural":null,"salt":null,"man_made":null,"layer":null,"covered":null,"landuse":null,"barrier":null,"tidal":null,"name:ta":null,"intermittent":null,"wikimedia_commons":null,"alt_name":null,"wetland":null,"place":"islet","wikipedia":null,"wikidata":null,"name":null,"water":null,"type":null},"geometry":{"type":"MultiPolygon","coordinates":[[[[80.3158325,13.2182007],[80.3159489,13.218562],[80.3161454,13.2188029],[80.3164365,13.2190296],[80.316764,13.2192563],[80.3169604,13.2194263],[80.3167276,13.2190933],[80.3162837,13.2185762],[80.3159126,13.2182007],[80.3158325,13.2182007]]]]}},
{"type":"Feature","properties":{"full_id":"w133600830","osm_id":"133600830","osm_type":"way","natural":"water","salt":null,"man_made":null,"layer":null,"covered":null,"landuse":null,"barrier":null,"tidal":null,"name:ta":null,"intermittent":null,"wikimedia_commons":null,"alt_name":null,"wetland":null,"place":null,"wikipedia":null,"wikidata":null,"name":null,"water":"pond","type":null},"geometry":{"type":"MultiPolygon","coordinates":[[[[80.2671368,13.1685497],[80.2681997,13.1685845],[80.2685392,13.1689498],[80.2707008,13.1688976],[80.2709688,13.1694108],[80.2714422,13.1694195],[80.2719781,13.1677757],[80.2718263,13.167132],[80.2703703,13.1657752],[80.2684766,13.1660535],[80.267905,13.166358],[80.2673243,13.1670625],[80.26711,13.1678105],[80.2671368,13.1685497]]]]}},
{"type":"Feature","properties":{"full_id":"w133600831","osm_id":"133600831","osm_type":"way","natural":"water","salt":null,"man_made":null,"layer":null,"covered":null,"landuse":null,"barrier":null,"tidal":null,"name:ta":null,"intermittent":null,"wikimedia_commons":null,"alt_name":null,"wetland":null,"place":null,"wikipedia":null,"wikidata":null,"name":null,"water":"pond","type":null},"geometry":{"type":"MultiPolygon","coordinates":[[[[80.2643677,13.1688368],[80.2658505,13.1669755],[80.2668509,13.1663841],[80.2682533,13.1658274],[80.2701649,13.1654795],[80.2694413,13.1646532],[80.2690274,13.1636107],[80.2675119,13.1637748],[80.2647071,13.1639574],[80.2646982,13.1646184],[80.2650644,13.1661927],[80.2648322,13.1670277],[80.264457,13.1677583],[80.2643677,13.1688368]]]]}},
{"type":"Feature","properties":{"full_id":"w138307617","osm_id":"138307617","osm_type":"way","natural":"water","salt":null,"man_made":null,"layer":null,"covered":null,"landuse":null,"barrier":null,"tidal":null,"name:ta":null,"intermittent":null,"wikimedia_commons":null,"alt_name":null,"wetland":null,"place":null,"wikipedia":null,"wikidata":null,"name":null,"water":"reservoir","type":null},"geometry":{"type":"MultiPolygon","coordinates":[[[[80.1820093,13.1044083],[80.1818992,13.1036057],[80.1826397,13.1036797],[80.1826511,13.1043935],[80.1820093,13.1044083]]]]}},
{"type":"Feature","properties":{"full_id":"w138307645","osm_id":"138307645","osm_type":"way","natural":"water","salt":null,"man_made":null,"layer":null,"covered":null,"landuse":null,"barrier":null,"tidal":null,"name:ta":null,"intermittent":null,"wikimedia_commons":null,"alt_name":null,"wetland":null,"place":null,"wikipedia":null,"wikidata":null,"name":null,"water":null,"type":null},"geometry":{"type":"MultiPolygon","coordinates":[[[[80.2170963,13.1254022],[80.2170832,13.1264377],[80.2181399,13.1264505],[80.2181333,13.1254086],[80.2170963,13.1254022]]]]}},
{"type":"Feature","properties":{"full_id":"w138307646","osm_id":"138307646","osm_type":"way","natural":"water","salt":null,"man_made":null,"layer":null,"covered":null,"landuse":null,"barrier":null,"tidal":null,"name:ta":null,"intermittent":null,"wikimedia_commons":null,"alt_name":null,"wetland":null,"place":null,"wikipedia":null,"wikidata":null,"name":"Mariamman Koil Kulam","water":"pond","type":null},"geometry":{"type":"MultiPolygon","coordinates":[[[[80.2191161,13.111443],[80.2195327,13.112868],[80.2195877,13.1129529],[80.2196772,13.1134966],[80.220004,13.1134246],[80.2198303,13.1121943],[80.2196779,13.1115609],[80.2195477,13.1113169],[80.2191161,13.111443]]]]}},
{"type":"Feature","properties":{"full_id":"w154089347","osm_id":"154089347","osm_type":"way","natural":"water","salt":null,"man_made":null,"layer":null,"covered":null,"landuse":null,"barrier":null,"tidal":null,"name:ta":null,"intermittent":null,"wikimedia_commons":null,"alt_name":"Pallikaranai Lotus Pond","wetland":null,"place":null,"wikipedia":null,"wikidata":null,"name":"Pallikaranai Thamarai Kulam","water":"pond","type":null},"geometry":{"type":"MultiPolygon","coordinates":[[[[80.2041837,12.9348416],[80.2042624,12.9351466],[80.2043044,12.9352377],[80.2045444,12.9351959],[80.2048301,12.9351723],[80.2048462,12.9349606],[80.2049132,12.9347332],[80.2050161,12.9345454],[80.2049987,12.9344212],[80.2048498,12.9343832],[80.204696,12.9343489],[80.2045307,12.9343026],[80.2042534,12.9342234],[80.2041923,12.9342536],[80.2041364,12.9343841],[80.2041332,12.9345311],[80.204134,12.9345894],[80.2041381,12.9347175],[80.2041837,12.9348416]]]]}},
{"type":"Feature","properties":{"full_id":"w197488611","osm_id":"197488611","osm_type":"way","natural":"water","salt":null,"man_made":null,"layer":null,"covered":null,"landuse":null,"barrier":null,"tidal":null,"name:ta":null,"intermittent":null,"wikimedia_commons":null,"alt_name":null,"wetland":null,"place":null,"wikipedia":null,"wikidata":null,"name":"Thandukarai Kulam","water":"pond","type":null},"geometry":{"type":"MultiPolygon","coordinates":[[[[80.2066352,12.9245483],[80.2068658,12.9256201],[80.2072169,12.9255131],[80.2072253,12.9249378],[80.2070858,12.9245195],[80.2068068,12.9244516],[80.2066486,12.9244568],[80.2066352,12.9245483]]]]}},
{"type":"Feature","properties":{"full_id":"w203215028","osm_id":"203215028","osm_type":"way","natural":"water","salt":null,"man_made":null,"layer":null,"covered":null,"landuse":null,"barrier":null,"tidal":null,"name:ta":null,"intermittent":null,"wikimedia_commons":null,"alt_name":null,"wetland":null,"place":null,"wikipedia":null,"wikidata":null,"name":"Pallikkaranai Anai Tank","water":"lake","type":null},"geometry":{"type":"MultiPolygon","coordinates":[[[[80.1941804,12.9356079],[80.1939833,12.9358128],[80.193699,12.9358886],[80.1935756,12.9358651],[80.1935354,12.9356795],[80.1931408,12.9351432],[80.1932213,12.9346413],[80.1939404,12.9343217],[80.1946107,12.9341185],[80.1956836,12.9340296],[80.1956772,12.933331],[80.1956989,12.932828],[80.1957009,12.9326014],[80.1956335,12.9323945],[80.1956654,12.931569],[80.1966116,12.9315304],[80.1968047,12.9319592],[80.1968422,12.9321422],[80.1980118,12.9321213],[80.1979332,12.9333439],[80.1994502,12.9334022],[80.1996106,12.933792],[80.2004179,12.9337293],[80.2006022,12.9338695],[80.2007738,12.9342878],[80.199827,12.9345999],[80.1987094,12.935005],[80.197489,12.9351645],[80.1958984,12.9354233],[80.1951554,12.9354546],[80.1941804,12.9356079]]]]}},
{"type":"Feature","properties":{"full_id":"w203215030","osm_id":"203215030","osm_type":"way","natural":"water","salt":null,"man_made":null,"layer":null,"covered":null,"landuse":null,"barrier":null,"tidal":null,"name:ta":null,"intermittent":null,"wikimedia_commons":null,"alt_name":null,"wetland":null,"place":null,"wikipedia":null,"wikidata":null,"name":"Pallikkaranai Eri","water":"lake","type":null},"geometry":{"type":"MultiPolygon","coordinates":[[[[80.1949299,12.9261907],[80.1951819,12.9261719],[80.1955554,12.9275757],[80.1958069,12.9279542],[80.195904,12.9282606],[80.1960113,12.9285848],[80.1961884,12.9289926],[80.1964137,12.9290554],[80.1969769,12.9294475],[80.1973578,12.9297089],[80.1977548,12.9300488],[80.1980337,12.930169],[80.198259,12.9302056],[80.1984092,12.9303991],[80.1992938,12.9307253],[80.199466,12.9308069],[80.1995787,12.9305141],[80.2002492,12.9306343],[80.2006671,12.930741],[80.2010909,12.9308299],[80.2013865,12.9310265],[80.2014455,12.9311781],[80.200791,12.9311938],[80.2000025,12.9311519],[80.1993212,12.9309637],[80.1983073,12.9305611],[80.1977122,12.9304332],[80.1970269,12.9301814],[80.1962648,12.930035],[80.1959545,12.9299602],[80.1956155,12.929748],[80.1954598,12.9294035],[80.1953168,12.9287704],[80.1951693,12.9282148],[80.1950415,12.9269907],[80.1949995,12.9268083],[80.1949299,12.9261907]]]]}},
{"type":"Feature","properties":{"full_id":"w203215356","osm_id":"203215356","osm_type":"way","natural":"water","salt":null,"man_made":null,"layer":null,"covered":null,"landuse":null,"barrier":null,"tidal":null,"name:ta":null,"intermittent":null,"wikimedia_commons":null,"alt_name":null,"wetland":null,"place":null,"wikipedia":null,"wikidata":null,"name":null,"water":null,"type":null},"geometry":{"type":"MultiPolygon","coordinates":[[[[80.1923743,12.9242765],[80.1928624,12.9243288],[80.1932428,12.9246289],[80.1936027,12.9247523],[80.1939777,12.9247701],[80.194498,12.9246289],[80.195212,12.9244072],[80.1954427,12.924355],[80.1961723,12.9241145],[80.196757,12.9238687],[80.196698,12.9236543],[80.1963922,12.9235811],[80.1955714,12.9236073],[80.1949116,12.9236909],[80.1944717,12.923853],[80.1936939,12.9239471],[80.1932379,12.9239837],[80.1926961,12.923921],[80.1924654,12.9239471],[80.1923743,12.9242765]]]]}},
{"type":"Feature","properties":{"full_id":"w205879099","osm_id":"205879099","osm_type":"way","natural":"water","salt":null,"man_made":null,"layer":null,"covered":null,"landuse":null,"barrier":null,"tidal":null,"name:ta":null,"intermittent":null,"wikimedia_commons":null,"alt_name":null,"wetland":null,"place":null,"wikipedia":null,"wikidata":null,"name":null,"water":"reservoir","type":null},"geometry":{"type":"MultiPolygon","coordinates":[[[[80.242176,12.9914092],[80.2421717,12.9913826],[80.242199,12.9913616],[80.2422105,12.9913181],[80.2422753,12.9913013],[80.2423112,12.9912816],[80.2423285,12.9912424],[80.2423515,12.9911849],[80.2424335,12.9911751],[80.2426652,12.9911611],[80.2427644,12.9911597],[80.2427774,12.9913083],[80.2427759,12.9914302],[80.2427141,12.9914485],[80.2425875,12.9914597],[80.2425702,12.9914316],[80.2425486,12.991398],[80.2424076,12.9914134],[80.2422652,12.9914092],[80.242176,12.9914092]]]]}},
{"type":"Feature","properties":{"full_id":"w208578468","osm_id":"208578468","osm_type":"way","natural":"water","salt":null,"man_made":null,"layer":null,"covered":null,"landuse":null,"barrier":null,"tidal":null,"name:ta":null,"intermittent":null,"wikimedia_commons":null,"alt_name":null,"wetland":null,"place":null,"wikipedia":null,"wikidata":null,"name":null,"water":null,"type":null},"geometry":{"type":"MultiPolygon","coordinates":[[[[80.2687399,13.036306],[80.2685524,13.0364032],[80.2683669,13.0362244],[80.2682292,13.0361292],[80.267928,13.035997],[80.2677598,13.0359418],[80.2676872,13.0359147],[80.2676444,13.0359001],[80.2675134,13.0358137],[80.2671923,13.0354514],[80.2665986,13.0346961],[80.2661592,13.0343688],[80.2660831,13.0343071],[80.2660198,13.0342556],[80.2655677,13.0340828],[80.2648071,13.0337349],[80.2643466,13.0334447],[80.263848,13.0330701],[80.2619678,13.0312384],[80.2616509,13.0308596],[80.2613657,13.0304007],[80.2609812,13.0293551],[80.2611122,13.0293078],[80.2616066,13.0304439],[80.2618622,13.0308741],[80.2621072,13.0312198],[80.2624432,13.0315677],[80.2633875,13.0323127],[80.2636051,13.0325],[80.2641438,13.0330907],[80.264448,13.0333459],[80.2649149,13.0336114],[80.2660151,13.0341],[80.2660958,13.0342021],[80.2661723,13.0342443],[80.2662564,13.0342906],[80.2664376,13.0344247],[80.2666386,13.0346237],[80.2675366,13.0356146],[80.2676824,13.0357602],[80.2677154,13.0357739],[80.2677853,13.0358083],[80.2679201,13.035859],[80.2684726,13.0360786],[80.2686122,13.0361466],[80.2687399,13.036306]]]]}},
{"type":"Feature","properties":{"full_id":"w208578469","osm_id":"208578469","osm_type":"way","natural":"water","salt":null,"man_made":null,"layer":null,"covered":null,"landuse":null,"barrier":null,"tidal":null,"name:ta":null,"intermittent":null,"wikimedia_commons":null,"alt_name":null,"wetland":null,"place":null,"wikipedia":null,"wikidata":null,"name":null,"water":null,"type":null},"geometry":{"type":"MultiPolygon","coordinates":[[[[80.2687399,13.036306],[80.2685524,13.0364032],[80.2688169,13.0367831],[80.2690471,13.0371968],[80.269176,13.0376495],[80.2692837,13.0381703],[80.2694105,13.0391088],[80.2695309,13.039578],[80.269776,13.0401913],[80.2699936,13.0405515],[80.270357,13.0410002],[80.2706541,13.0414118],[80.2713553,13.0419036],[80.2720153,13.0421568],[80.2724886,13.0422021],[80.2727801,13.0421939],[80.2738835,13.0418748],[80.2747385,13.0415806],[80.2749666,13.0415518],[80.2752856,13.0415867],[80.2754842,13.0416588],[80.2756511,13.0418749],[80.275911,13.0424223],[80.2760927,13.0429142],[80.2761307,13.0432332],[80.2763166,13.043225],[80.2762427,13.0428093],[80.2760483,13.042305],[80.2757208,13.0418255],[80.2754483,13.0414982],[80.2753089,13.0414365],[80.2750047,13.0414571],[80.2749096,13.0414406],[80.2745906,13.0415229],[80.2743223,13.0416238],[80.2736061,13.0418008],[80.2729787,13.0419819],[80.2726914,13.0420333],[80.2723956,13.0420622],[80.272047,13.0420272],[80.271559,13.0418996],[80.2713816,13.0418111],[80.2712337,13.0415065],[80.2706464,13.0410269],[80.2704013,13.0408211],[80.2700865,13.040428],[80.2700971,13.0403766],[80.2699091,13.0400493],[80.2696746,13.0393825],[80.2695943,13.0392652],[80.2694422,13.0380591],[80.269326,13.0374972],[80.2690809,13.0369786],[80.2688232,13.0364579],[80.2687399,13.036306]]]]}},
{"type":"Feature","properties":{"full_id":"w211119391","osm_id":"211119391","osm_type":"way","natural":"water","salt":null,"man_made":null,"layer":null,"covered":null,"landuse":null,"barrier":null,"tidal":null,"name:ta":null,"intermittent":null,"wikimedia_commons":null,"alt_name":null,"wetland":null,"place":null,"wikipedia":null,"wikidata":null,"name":null,"water":null,"type":null},"geometry":{"type":"MultiPolygon","coordinates":[[[[80.2307724,12.8677031],[80.2306302,12.867758],[80.2305578,12.8678704],[80.2304934,12.867975],[80.2305041,12.8681732],[80.2305578,12.8683196],[80.2306007,12.8684661],[80.230708,12.8685288],[80.2307911,12.8684901],[80.2308689,12.8684452],[80.2309199,12.8684065],[80.2309091,12.8683123],[80.2308689,12.8682569],[80.2308582,12.8681837],[80.2308904,12.8680791],[80.2309762,12.8680686],[80.2310942,12.8680895],[80.2311049,12.867975],[80.2310942,12.8678599],[80.2309762,12.8678181],[80.2308582,12.8678599],[80.2307724,12.8678286],[80.2307724,12.8677031]]]]}},
{"type":"Feature","properties":{"full_id":"w211119392","osm_id":"211119392","osm_type":"way","natural":"water","salt":null,"man_made":null,"layer":null,"covered":null,"landuse":null,"barrier":null,"tidal":null,"name:ta":null,"intermittent":null,"wikimedia_commons":null,"alt_name":null,"wetland":null,"place":null,"wikipedia":null,"wikidata":null,"name":null,"water":null,"type":null},"geometry":{"type":"MultiPolygon","coordinates":[[[[80.2305417,12.8690311],[80.2304988,12.8690887],[80.2305041,12.8691462],[80.2304719,12.8692246],[80.2304719,12.8692979],[80.2304505,12.8694336],[80.2304451,12.8695329],[80.2304773,12.8695905],[80.2305363,12.869648],[80.2305953,12.8696427],[80.2306597,12.8696166],[80.2307026,12.8695852],[80.230708,12.8695382],[80.2307455,12.8695068],[80.2308153,12.8694754],[80.2308421,12.8694126],[80.2308153,12.8693501],[80.2308153,12.8692769],[80.2308206,12.8692194],[80.2307938,12.8691567],[80.2307294,12.8691567],[80.2307294,12.8690677],[80.2306651,12.8690573],[80.2306168,12.8690521],[80.2305417,12.8690311]]]]}},
{"type":"Feature","properties":{"full_id":"w211121333","osm_id":"211121333","osm_type":"way","natural":"water","salt":null,"man_made":null,"layer":null,"covered":null,"landuse":null,"barrier":null,"tidal":null,"name:ta":null,"intermittent":null,"wikimedia_commons":null,"alt_name":null,"wetland":null,"place":null,"wikipedia":null,"wikidata":null,"name":null,"water":"reservoir","type":null},"geometry":{"type":"MultiPolygon","coordinates":[[[[80.2284333,12.8687488],[80.228518,12.8687676],[80.2286371,12.8687488],[80.2286908,12.868707],[80.2287229,12.8686338],[80.2287337,12.8684769],[80.2286908,12.8683723],[80.2285942,12.8683304],[80.2284654,12.8683409],[80.2283571,12.8684329],[80.2283903,12.8685815],[80.2284333,12.8687488]]]]}},
{"type":"Feature","properties":{"full_id":"w211121334","osm_id":"211121334","osm_type":"way","natural":"water","salt":null,"man_made":null,"layer":null,"covered":null,"landuse":null,"barrier":null,"tidal":null,"name:ta":null,"intermittent":null,"wikimedia_commons":null,"alt_name":null,"wetland":null,"place":null,"wikipedia":null,"wikidata":null,"name":"Pigeon Pond","water":"reservoir","type":null},"geometry":{"type":"MultiPolygon","coordinates":[[[[80.2291146,12.865659],[80.2290588,12.8655153],[80.2290065,12.8653111],[80.2288944,12.8651756],[80.2286674,12.8652056],[80.2284316,12.8653339],[80.2284359,12.8654793],[80.2284797,12.8656311],[80.2286143,12.8657378],[80.2288271,12.8668487],[80.2288364,12.8669204],[80.2288877,12.8669399],[80.229142,12.8669379],[80.2291855,12.8669025],[80.2291885,12.866598],[80.2291668,12.8662592],[80.2291146,12.865659]]]]}},
{"type":"Feature","properties":{"full_id":"w211423276","osm_id":"211423276","osm_type":"way","natural":"water","salt":null,"man_made":null,"layer":null,"covered":null,"landuse":"reservoir","barrier":null,"tidal":null,"name:ta":null,"intermittent":null,"wikimedia_commons":null,"alt_name":null,"wetland":null,"place":null,"wikipedia":null,"wikidata":null,"name":"Madhava Perumal Temple Tank","water":"pond","type":null},"geometry":{"type":"MultiPolygon","coordinates":[[[[80.2713768,13.0375225],[80.271399,13.0377613],[80.2716945,13.0377353],[80.2716723,13.0374965],[80.2713768,13.0375225]]]]}},
{"type":"Feature","properties":{"full_id":"w211435555","osm_id":"211435555","osm_type":"way","natural":"water","salt":null,"man_made":null,"layer":null,"covered":null,"landuse":null,"barrier":null,"tidal":null,"name:ta":null,"intermittent":null,"wikimedia_commons":null,"alt_name":null,"wetland":null,"place":null,"wikipedia":null,"wikidata":null,"name":null,"water":"canal","type":null},"geometry":{"type":"MultiPolygon","coordinates":[[[[80.2746652,13.0831471],[80.2747304,13.083152],[80.2747889,13.0831646],[80.2747318,13.0835819],[80.2745908,13.0843694],[80.2741699,13.0870657],[80.2741425,13.0879962],[80.274131,13.0894738],[80.2740843,13.0898148],[80.2740006,13.090122],[80.2739499,13.0906069],[80.2739378,13.0908872],[80.2739636,13.0910789],[80.2739783,13.0911413],[80.2740043,13.0912184],[80.2741949,13.0916155],[80.274228,13.0916968],[80.2742983,13.0920277],[80.2743968,13.0924585],[80.2745134,13.0927992],[80.2745034,13.0929715],[80.2744283,13.0931941],[80.2742245,13.0935496],[80.2740852,13.0934727],[80.2743124,13.0931027],[80.2743787,13.0929558],[80.2743888,13.0928873],[80.2742219,13.0925133],[80.2740551,13.0921413],[80.2740397,13.0919062],[80.2740258,13.0918135],[80.2738218,13.0913636],[80.2737764,13.0912022],[80.273769,13.0910701],[80.2737619,13.0907872],[80.273769,13.0905222],[80.2737983,13.0902605],[80.2738288,13.0899892],[80.2739767,13.0876319],[80.2740169,13.0869779],[80.2740631,13.0865863],[80.2741476,13.0857482],[80.2743687,13.084356],[80.2744893,13.083841],[80.2745858,13.083608],[80.274624,13.0834749],[80.2746652,13.0831471]]]]}},
{"type":"Feature","properties":{"full_id":"w211638794","osm_id":"211638794","osm_type":"way","natural":"water","salt":null,"man_made":null,"layer":null,"covered":null,"landuse":null,"barrier":null,"tidal":null,"name:ta":null,"intermittent":null,"wikimedia_commons":null,"alt_name":null,"wetland":null,"place":null,"wikipedia":null,"wikidata":null,"name":null,"water":"reservoir","type":null},"geometry":{"type":"MultiPolygon","coordinates":[[[[80.2661395,13.0220388],[80.2661333,13.021978],[80.2662767,13.0218605],[80.2662975,13.0218099],[80.2663537,13.021737],[80.2663765,13.0216215],[80.2663744,13.0215729],[80.2662871,13.021338],[80.266256,13.0213096],[80.2661603,13.0213015],[80.2660564,13.021259],[80.2659961,13.0212063],[80.2659795,13.0211435],[80.2660292,13.0208851],[80.266138,13.0206588],[80.2662879,13.0206903],[80.266335,13.0207677],[80.2662673,13.0209768],[80.2663438,13.0210254],[80.266429,13.020971],[80.2666172,13.0204297],[80.2668083,13.0201948],[80.2668171,13.02],[80.2667436,13.0199427],[80.2665819,13.0199513],[80.266429,13.0198453],[80.2664202,13.019874],[80.2663879,13.0200229],[80.266282,13.0200229],[80.2661262,13.0199398],[80.2661056,13.0198195],[80.2661203,13.0197479],[80.2660557,13.0196677],[80.2658646,13.0194644],[80.2658146,13.0194959],[80.2657323,13.0196992],[80.265647,13.0197422],[80.2652001,13.0197451],[80.2651413,13.0197909],[80.265209,13.0200458],[80.2651796,13.0201232],[80.265059,13.0201404],[80.265009,13.0200544],[80.2649855,13.0198425],[80.2649003,13.0197766],[80.2648709,13.0198195],[80.2649267,13.0200745],[80.2648562,13.0202234],[80.2647944,13.020232],[80.2647474,13.0201776],[80.2647444,13.0200143],[80.264621,13.0199685],[80.2644446,13.0200201],[80.264277,13.0201489],[80.2641741,13.0202607],[80.2640918,13.0204612],[80.2642064,13.0206474],[80.2644387,13.0206932],[80.2645622,13.0208106],[80.264715,13.0207762],[80.2648268,13.0208507],[80.2649326,13.0208966],[80.2651119,13.020865],[80.2651943,13.0209682],[80.2653765,13.0214265],[80.2655647,13.0217129],[80.2656094,13.0217937],[80.2656198,13.0219679],[80.2657342,13.0221117],[80.2658859,13.0222717],[80.2659836,13.0224965],[80.2660938,13.0225816],[80.2662684,13.0225775],[80.2664181,13.0224661],[80.2664493,13.0223284],[80.2663724,13.0221096],[80.2662206,13.0220388],[80.2661395,13.0220388]]]]}},
{"type":"Feature","properties":{"full_id":"w211774108","osm_id":"211774108","osm_type":"way","natural":"water","salt":null,"man_made":null,"layer":null,"covered":null,"landuse":null,"barrier":null,"tidal":null,"name:ta":null,"intermittent":null,"wikimedia_commons":null,"alt_name":null,"wetland":null,"place":null,"wikipedia":null,"wikidata":null,"name":null,"water":"reservoir","type":null},"geometry":{"type":"MultiPolygon","coordinates":[[[[80.2725135,13.0634891],[80.2725161,13.0635994],[80.2723555,13.063603],[80.2723529,13.0634928],[80.2725135,13.0634891]]]]}},
{"type":"Feature","properties":{"full_id":"w211900069","osm_id":"211900069","osm_type":"way","natural":"water","salt":null,"man_made":null,"layer":null,"covered":null,"landuse":null,"barrier":null,"tidal":null,"name:ta":null,"intermittent":null,"wikimedia_commons":null,"alt_name":null,"wetland":null,"place":null,"wikipedia":null,"wikidata":null,"name":null,"water":null,"type":null},"geometry":{"type":"MultiPolygon","coordinates":[[[[80.247858,13.0068319],[80.2481032,13.0068365],[80.2481892,13.0084967],[80.2482768,13.0107759],[80.2482789,13.0107982],[80.2483251,13.0112771],[80.2483583,13.0117542],[80.2483415,13.0118022],[80.248057,13.0118207],[80.2479838,13.0118216],[80.2479694,13.0117673],[80.2479057,13.0106781],[80.2478182,13.0090971],[80.247807,13.0088116],[80.2477274,13.0070134],[80.247729,13.0068583],[80.247858,13.0068319]]]]}},
{"type":"Feature","properties":{"full_id":"w211900070","osm_id":"211900070","osm_type":"way","natural":"water","salt":null,"man_made":null,"layer":null,"covered":null,"landuse":null,"barrier":null,"tidal":null,"name:ta":null,"intermittent":null,"wikimedia_commons":null,"alt_name":null,"wetland":null,"place":null,"wikipedia":null,"wikidata":null,"name":null,"water":null,"type":null},"geometry":{"type":"MultiPolygon","coordinates":[[[[80.2483415,13.0118022],[80.2481956,13.0120807],[80.2481271,13.0123537],[80.2481048,13.0125678],[80.2484472,13.0152069],[80.2485109,13.0157918],[80.2484949,13.0158554],[80.2485907,13.0180085],[80.2485252,13.0180109],[80.2484677,13.0180112],[80.2483969,13.0180159],[80.2483054,13.0158415],[80.2482831,13.0152317],[80.2482863,13.0151138],[80.2482274,13.0145305],[80.2480968,13.0132288],[80.2480172,13.0124841],[80.2480379,13.0118681],[80.248057,13.0118207],[80.2483415,13.0118022]]]]}},
{"type":"Feature","properties":{"full_id":"w211900075","osm_id":"211900075","osm_type":"way","natural":"water","salt":null,"man_made":null,"layer":null,"covered":null,"landuse":null,"barrier":null,"tidal":null,"name:ta":null,"intermittent":null,"wikimedia_commons":null,"alt_name":null,"wetland":null,"place":null,"wikipedia":null,"wikidata":null,"name":null,"water":null,"type":null},"geometry":{"type":"MultiPolygon","coordinates":[[[[80.2364394,13.0174613],[80.2367683,13.0176493],[80.2369665,13.0173202],[80.2366376,13.0171322],[80.2364394,13.0174613]]]]}},
{"type":"Feature","properties":{"full_id":"w214599857","osm_id":"214599857","osm_type":"way","natural":"water","salt":null,"man_made":null,"layer":null,"covered":null,"landuse":null,"barrier":null,"tidal":null,"name:ta":null,"intermittent":null,"wikimedia_commons":null,"alt_name":null,"wetland":null,"place":null,"wikipedia":null,"wikidata":null,"name":null,"water":null,"type":null},"geometry":{"type":"MultiPolygon","coordinates":[[[[80.2273042,13.0151583],[80.227361,13.0153566],[80.2272729,13.0153814],[80.2271986,13.0151869],[80.2273042,13.0151583]]]]}},
{"type":"Feature","properties":{"full_id":"w214698656","osm_id":"214698656","osm_type":"way","natural":"water","salt":null,"man_made":null,"layer":null,"covered":null,"landuse":null,"barrier":null,"tidal":null,"name:ta":null,"intermittent":null,"wikimedia_commons":null,"alt_name":null,"wetland":null,"place":null,"wikipedia":null,"wikidata":null,"name":null,"water":"reservoir","type":null},"geometry":{"type":"MultiPolygon","coordinates":[[[[80.2678793,13.0763327],[80.2680793,13.0762848],[80.2681261,13.0764706],[80.2679262,13.0765184],[80.2678793,13.0763327]]]]}},
{"type":"Feature","properties":{"full_id":"w217609144","osm_id":"217609144","osm_type":"way","natural":"water","salt":null,"man_made":null,"layer":null,"covered":null,"landuse":null,"barrier":null,"tidal":null,"name:ta":null,"intermittent":null,"wikimedia_commons":null,"alt_name":null,"wetland":null,"place":null,"wikipedia":null,"wikidata":null,"name":null,"water":"reservoir","type":null},"geometry":{"type":"MultiPolygon","coordinates":[[[[80.2771319,13.0910336],[80.277199,13.0912183],[80.2773977,13.0911498],[80.2773306,13.0909651],[80.2771319,13.0910336]]]]}},
{"type":"Feature","properties":{"full_id":"w217609145","osm_id":"217609145","osm_type":"way","natural":"water","salt":null,"man_made":null,"layer":null,"covered":null,"landuse":null,"barrier":null,"tidal":null,"name:ta":null,"intermittent":null,"wikimedia_commons":null,"alt_name":null,"wetland":null,"place":null,"wikipedia":null,"wikidata":null,"name":"Ekambeshwarar Koil Kulam","water":"pond","type":null},"geometry":{"type":"MultiPolygon","coordinates":[[[[80.2778842,13.0883938],[80.2773672,13.0884886],[80.2773046,13.0881644],[80.2778215,13.0880696],[80.2778842,13.0883938]]]]}},
{"type":"Feature","properties":{"full_id":"w217688012","osm_id":"217688012","osm_type":"way","natural":"water","salt":null,"man_made":null,"layer":null,"covered":null,"landuse":null,"barrier":null,"tidal":null,"name:ta":null,"intermittent":null,"wikimedia_commons":null,"alt_name":null,"wetland":null,"place":null,"wikipedia":null,"wikidata":null,"name":null,"water":"reservoir","type":null},"geometry":{"type":"MultiPolygon","coordinates":[[[[80.2427948,13.0633379],[80.2427817,13.0627453],[80.2430747,13.0627508],[80.2431269,13.0629425],[80.2431874,13.0629829],[80.2432732,13.0630357],[80.2433793,13.0631433],[80.2433759,13.0631995],[80.2432732,13.0632427],[80.2432991,13.0633709],[80.2427948,13.0633379]]]]}},
{"type":"Feature","properties":{"full_id":"w217722050","osm_id":"217722050","osm_type":"way","natural":"water","salt":null,"man_made":null,"layer":null,"covered":null,"landuse":"reservoir","barrier":null,"tidal":null,"name:ta":null,"intermittent":null,"wikimedia_commons":null,"alt_name":null,"wetland":null,"place":null,"wikipedia":null,"wikidata":null,"name":null,"water":"reservoir","type":null},"geometry":{"type":"MultiPolygon","coordinates":[[[[80.2636871,13.0930486],[80.2639211,13.0930118],[80.2639792,13.0933624],[80.2637453,13.0933992],[80.2636871,13.0930486]]]]}},
{"type":"Feature","properties":{"full_id":"w217802640","osm_id":"217802640","osm_type":"way","natural":"water","salt":null,"man_made":null,"layer":null,"covered":null,"landuse":null,"barrier":null,"tidal":null,"name:ta":null,"intermittent":null,"wikimedia_commons":null,"alt_name":null,"wetland":null,"place":null,"wikipedia":null,"wikidata":null,"name":null,"water":"pond","type":null},"geometry":{"type":"MultiPolygon","coordinates":[[[[80.1980373,13.0736185],[80.1981001,13.0739512],[80.1977232,13.0739923],[80.1976693,13.0736516],[80.1980373,13.0736185]]]]}},
{"type":"Feature","properties":{"full_id":"w217845707","osm_id":"217845707","osm_type":"way","natural":"water","salt":null,"man_made":null,"layer":null,"covered":null,"landuse":null,"barrier":null,"tidal":null,"name:ta":null,"intermittent":null,"wikimedia_commons":null,"alt_name":null,"wetland":null,"place":null,"wikipedia":null,"wikidata":null,"name":null,"water":null,"type":null},"geometry":{"type":"MultiPolygon","coordinates":[[[[80.2774056,13.0882154],[80.2774416,13.0884192],[80.2777433,13.0883686],[80.2777073,13.0881649],[80.2774056,13.0882154]]]]}},
{"type":"Feature","properties":{"full_id":"w217849594","osm_id":"217849594","osm_type":"way","natural":"water","salt":null,"man_made":null,"layer":null,"covered":null,"landuse":null,"barrier":null,"tidal":null,"name:ta":null,"intermittent":null,"wikimedia_commons":null,"alt_name":null,"wetland":null,"place":null,"wikipedia":null,"wikidata":null,"name":"Chennamalleshwarar Perumal Koil Kulam","water":"pond","type":null},"geometry":{"type":"MultiPolygon","coordinates":[[[[80.2803264,13.0885131],[80.2803437,13.0887329],[80.2806078,13.0887131],[80.2805905,13.0884933],[80.2803264,13.0885131]]]]}},
{"type":"Feature","properties":{"full_id":"w217850421","osm_id":"217850421","osm_type":"way","natural":"water","salt":null,"man_made":null,"layer":null,"covered":null,"landuse":null,"barrier":null,"tidal":null,"name:ta":null,"intermittent":null,"wikimedia_commons":null,"alt_name":null,"wetland":null,"place":null,"wikipedia":null,"wikidata":null,"name":null,"water":null,"type":null},"geometry":{"type":"MultiPolygon","coordinates":[[[[80.2740852,13.0934727],[80.2739527,13.0936907],[80.2739103,13.0945603],[80.2739162,13.0976107],[80.2738261,13.098746],[80.2738484,13.098966],[80.2737972,13.099988],[80.273567,13.1010977],[80.2727762,13.1036583],[80.2727989,13.1037322],[80.2727253,13.1040216],[80.2723387,13.1057912],[80.2723071,13.1061982],[80.2721579,13.106522],[80.2718269,13.1069417],[80.2717595,13.1071916],[80.2711362,13.1082294],[80.2704853,13.1091025],[80.2700401,13.1099518],[80.2699776,13.1103483],[80.2699941,13.1104275],[80.2702829,13.1104381],[80.2703462,13.1103102],[80.2705836,13.1102317],[80.2725055,13.1062495],[80.2727354,13.105743],[80.2730808,13.1045064],[80.2731671,13.1040266],[80.2731011,13.1037495],[80.2738528,13.1010338],[80.2740836,13.0999738],[80.2741766,13.098515],[80.2741849,13.0945286],[80.2741321,13.0945313],[80.2741905,13.0938808],[80.274127,13.0938338],[80.2742245,13.0935496],[80.2740852,13.0934727]]]]}},
{"type":"Feature","properties":{"full_id":"w217906524","osm_id":"217906524","osm_type":"way","natural":"water","salt":null,"man_made":null,"layer":null,"covered":null,"landuse":null,"barrier":null,"tidal":null,"name:ta":null,"intermittent":null,"wikimedia_commons":null,"alt_name":null,"wetland":null,"place":null,"wikipedia":null,"wikidata":null,"name":null,"water":"reservoir","type":null},"geometry":{"type":"MultiPolygon","coordinates":[[[[80.2621967,13.1186609],[80.261902,13.1186768],[80.2618856,13.1183901],[80.2621803,13.1183741],[80.2621967,13.1186609]]]]}},
{"type":"Feature","properties":{"full_id":"w217920747","osm_id":"217920747","osm_type":"way","natural":"water","salt":null,"man_made":null,"layer":null,"covered":null,"landuse":null,"barrier":null,"tidal":null,"name:ta":null,"intermittent":null,"wikimedia_commons":null,"alt_name":null,"wetland":null,"place":null,"wikipedia":null,"wikidata":null,"name":null,"water":null,"type":null},"geometry":{"type":"MultiPolygon","coordinates":[[[[80.2256766,13.1102715],[80.2257454,13.110585],[80.2260672,13.1106343],[80.2262625,13.1109125],[80.2265265,13.1108632],[80.2264939,13.1106836],[80.226653,13.1106765],[80.2266892,13.1108069],[80.2276149,13.1105674],[80.2275607,13.110349],[80.2266458,13.1104723],[80.2263601,13.1104406],[80.2256766,13.1102715]]]]}},
{"type":"Feature","properties":{"full_id":"w217920757","osm_id":"217920757","osm_type":"way","natural":"water","salt":null,"man_made":null,"layer":null,"covered":null,"landuse":null,"barrier":null,"tidal":null,"name:ta":null,"intermittent":null,"wikimedia_commons":null,"alt_name":"Haridas Pond","wetland":null,"place":null,"wikipedia":null,"wikidata":null,"name":"Thamarai Kulam","water":"pond","type":null},"geometry":{"type":"MultiPolygon","coordinates":[[[[80.2232063,13.118613],[80.2231116,13.1196714],[80.2236614,13.1197237],[80.2237765,13.1186504],[80.2232063,13.118613]]]]}},
{"type":"Feature","properties":{"full_id":"w217922857","osm_id":"217922857","osm_type":"way","natural":"water","salt":null,"man_made":null,"layer":null,"covered":null,"landuse":null,"barrier":null,"tidal":null,"name:ta":null,"intermittent":null,"wikimedia_commons":null,"alt_name":null,"wetland":null,"place":null,"wikipedia":null,"wikidata":null,"name":null,"water":"reservoir","type":null},"geometry":{"type":"MultiPolygon","coordinates":[[[[80.2407672,13.0968718],[80.2408315,13.0973379],[80.2400367,13.0974419],[80.2399724,13.0969758],[80.2407672,13.0968718]]]]}},
{"type":"Feature","properties":{"full_id":"w217928946","osm_id":"217928946","osm_type":"way","natural":"water","salt":null,"man_made":null,"layer":null,"covered":null,"landuse":null,"barrier":null,"tidal":null,"name:ta":null,"intermittent":null,"wikimedia_commons":null,"alt_name":null,"wetland":null,"place":null,"wikipedia":null,"wikidata":null,"name":"Damodaran Perumal Koil Kulam","water":"pond","type":null},"geometry":{"type":"MultiPolygon","coordinates":[[[[80.2075258,13.1070752],[80.2080144,13.106969],[80.2081196,13.1073826],[80.2075521,13.1074119],[80.2075258,13.1070752]]]]}},
{"type":"Feature","properties":{"full_id":"w217928947","osm_id":"217928947","osm_type":"way","natural":"water","salt":null,"man_made":null,"layer":null,"covered":null,"landuse":null,"barrier":null,"tidal":null,"name:ta":null,"intermittent":null,"wikimedia_commons":null,"alt_name":null,"wetland":null,"place":null,"wikipedia":null,"wikidata":null,"name":"Valayan Kulam","water":"pond","type":null},"geometry":{"type":"MultiPolygon","coordinates":[[[[80.2129386,13.1087855],[80.2129709,13.1082859],[80.2128556,13.1082266],[80.2124813,13.1082468],[80.2124038,13.1083348],[80.2124137,13.1086607],[80.2124532,13.1087137],[80.2129386,13.1087855]]]]}},
{"type":"Feature","properties":{"full_id":"w217928948","osm_id":"217928948","osm_type":"way","natural":"water","salt":null,"man_made":null,"layer":null,"covered":null,"landuse":null,"barrier":null,"tidal":null,"name:ta":null,"intermittent":null,"wikimedia_commons":null,"alt_name":null,"wetland":null,"place":null,"wikipedia":null,"wikidata":null,"name":"Agatheeswaran Koil Street Kulam","water":"pond","type":null},"geometry":{"type":"MultiPolygon","coordinates":[[[[80.2069843,13.1040782],[80.2071618,13.1051756],[80.2067123,13.1052549],[80.2065613,13.1047551],[80.2064407,13.104784],[80.2063464,13.1042089],[80.2069843,13.1040782]]]]}},
{"type":"Feature","properties":{"full_id":"w217940545","osm_id":"217940545","osm_type":"way","natural":"water","salt":null,"man_made":null,"layer":null,"covered":null,"landuse":null,"barrier":null,"tidal":null,"name:ta":null,"intermittent":null,"wikimedia_commons":null,"alt_name":null,"wetland":null,"place":null,"wikipedia":null,"wikidata":null,"name":null,"water":"reservoir","type":null},"geometry":{"type":"MultiPolygon","coordinates":[[[[80.2314872,13.1113422],[80.2315216,13.1119268],[80.2307544,13.1119484],[80.2306992,13.1116538],[80.2307623,13.1115129],[80.231046,13.111435],[80.2314872,13.1113422]]]]}},
{"type":"Feature","properties":{"full_id":"w217955850","osm_id":"217955850","osm_type":"way","natural":"water","salt":null,"man_made":null,"layer":null,"covered":null,"landuse":null,"barrier":null,"tidal":null,"name:ta":null,"intermittent":null,"wikimedia_commons":null,"alt_name":null,"wetland":null,"place":null,"wikipedia":null,"wikidata":null,"name":null,"water":null,"type":null},"geometry":{"type":"MultiPolygon","coordinates":[[[[80.2334018,13.0913796],[80.2334274,13.0912813],[80.2333742,13.0911941],[80.2332733,13.0911691],[80.2331838,13.091221],[80.2331581,13.0913193],[80.2332114,13.0914065],[80.2333123,13.0914314],[80.2334018,13.0913796]]]]}},
{"type":"Feature","properties":{"full_id":"w217955854","osm_id":"217955854","osm_type":"way","natural":"water","salt":null,"man_made":null,"layer":null,"covered":null,"landuse":null,"barrier":null,"tidal":null,"name:ta":null,"intermittent":null,"wikimedia_commons":null,"alt_name":null,"wetland":null,"place":null,"wikipedia":null,"wikidata":null,"name":null,"water":null,"type":null},"geometry":{"type":"MultiPolygon","coordinates":[[[[80.2327569,13.0914239],[80.2327866,13.0914536],[80.2328243,13.0914729],[80.2328662,13.0914799],[80.2329084,13.091474],[80.2329465,13.0914556],[80.232977,13.0914267],[80.2329983,13.0913856],[80.2330038,13.0913399],[80.232993,13.0912951],[80.2329671,13.0912566],[80.2329292,13.091229],[80.232884,13.0912158],[80.2328368,13.0912184],[80.2327934,13.0912366],[80.232759,13.0912681],[80.2327391,13.0913048],[80.2327319,13.0913457],[80.232738,13.0913867],[80.2327569,13.0914239]]]]}},
{"type":"Feature","properties":{"full_id":"w218212407","osm_id":"218212407","osm_type":"way","natural":"water","salt":null,"man_made":null,"layer":null,"covered":null,"landuse":null,"barrier":null,"tidal":null,"name:ta":null,"intermittent":null,"wikimedia_commons":null,"alt_name":null,"wetland":null,"place":null,"wikipedia":null,"wikidata":null,"name":"Kalyana Varadaraja Perumal Koil Tank","water":"pond","type":null},"geometry":{"type":"MultiPolygon","coordinates":[[[[80.2967673,13.1535627],[80.2964583,13.1536044],[80.2965025,13.1538653],[80.2968163,13.1538261],[80.2967673,13.1535627]]]]}},
{"type":"Feature","properties":{"full_id":"w218221719","osm_id":"218221719","osm_type":"way","natural":"water","salt":null,"man_made":null,"layer":null,"covered":null,"landuse":null,"barrier":null,"tidal":null,"name:ta":null,"intermittent":null,"wikimedia_commons":null,"alt_name":null,"wetland":null,"place":null,"wikipedia":null,"wikidata":null,"name":"Bhaskar Colony Park Kulam","water":"pond","type":null},"geometry":{"type":"MultiPolygon","coordinates":[[[[80.1983386,13.0526241],[80.1986641,13.0525744],[80.1987168,13.0529013],[80.1983913,13.0529511],[80.1983386,13.0526241]]]]}},
{"type":"Feature","properties":{"full_id":"w219560980","osm_id":"219560980","osm_type":"way","natural":"water","salt":null,"man_made":null,"layer":null,"covered":null,"landuse":null,"barrier":null,"tidal":null,"name:ta":null,"intermittent":null,"wikimedia_commons":null,"alt_name":null,"wetland":null,"place":null,"wikipedia":null,"wikidata":null,"name":null,"water":null,"type":null},"geometry":{"type":"MultiPolygon","coordinates":[[[[80.1667666,13.1094725],[80.1673987,13.1094754],[80.167377,13.1102198],[80.1672016,13.110854],[80.1670058,13.1109317],[80.1667472,13.1108588],[80.1666675,13.1103951],[80.1666796,13.1099597],[80.1667714,13.1096301],[80.1667666,13.1094725]]]]}},
{"type":"Feature","properties":{"full_id":"w231391877","osm_id":"231391877","osm_type":"way","natural":"water","salt":null,"man_made":null,"layer":null,"covered":null,"landuse":null,"barrier":null,"tidal":null,"name:ta":null,"intermittent":null,"wikimedia_commons":null,"alt_name":null,"wetland":null,"place":null,"wikipedia":null,"wikidata":null,"name":null,"water":null,"type":null},"geometry":{"type":"MultiPolygon","coordinates":[[[[80.1590328,13.0363257],[80.1591146,13.0362761],[80.1595344,13.0363035],[80.1596001,13.036361],[80.1595357,13.0367451],[80.1594821,13.0367843],[80.159065,13.0367686],[80.1590087,13.0367007],[80.1590328,13.0363257]]]]}},
{"type":"Feature","properties":{"full_id":"w241414216","osm_id":"241414216","osm_type":"way","natural":"water","salt":null,"man_made":null,"layer":null,"covered":null,"landuse":null,"barrier":null,"tidal":null,"name:ta":null,"intermittent":null,"wikimedia_commons":null,"alt_name":null,"wetland":null,"place":null,"wikipedia":null,"wikidata":null,"name":null,"water":null,"type":null},"geometry":{"type":"MultiPolygon","coordinates":[[[[80.2839087,13.0819676],[80.2837037,13.0825113],[80.2847401,13.0822577],[80.2855541,13.0833856],[80.2862766,13.0830751],[80.2870994,13.0836788],[80.2871797,13.0835268],[80.2863145,13.0828492],[80.285601,13.0831706],[80.284718,13.0817611],[80.2846266,13.0818414],[80.284642,13.0818952],[80.2846764,13.0820526],[80.2840486,13.0821702],[80.2841109,13.0819145],[80.284185,13.0815541],[80.2843432,13.0815856],[80.2844638,13.0816242],[80.2845173,13.0815547],[80.2830278,13.0805318],[80.2835362,13.0796369],[80.2838751,13.0789832],[80.2837369,13.078918],[80.2837029,13.0789459],[80.2836327,13.0791071],[80.283415,13.0788309],[80.2832556,13.0786286],[80.2838355,13.0784596],[80.2838178,13.0786182],[80.2838082,13.0787443],[80.2839955,13.0788051],[80.2842282,13.077023],[80.2853297,13.0770577],[80.2853297,13.0769795],[80.2841256,13.0769361],[80.2838714,13.0782132],[80.2829818,13.0785412],[80.2834277,13.0794295],[80.2828123,13.0806718],[80.2840186,13.0815058],[80.2839087,13.0819676]]]]}},
{"type":"Feature","properties":{"full_id":"w278769879","osm_id":"278769879","osm_type":"way","natural":"water","salt":null,"man_made":null,"layer":null,"covered":null,"landuse":null,"barrier":null,"tidal":null,"name:ta":null,"intermittent":null,"wikimedia_commons":null,"alt_name":null,"wetland":null,"place":null,"wikipedia":null,"wikidata":null,"name":"Thamarai Kulam","water":"pond","type":null},"geometry":{"type":"MultiPolygon","coordinates":[[[[80.1580454,13.0180565],[80.1586613,13.0179876],[80.1586117,13.0174841],[80.157911,13.0176496],[80.1580454,13.0180565]]]]}},
{"type":"Feature","properties":{"full_id":"w288772390","osm_id":"288772390","osm_type":"way","natural":"water","salt":null,"man_made":null,"layer":null,"covered":null,"landuse":null,"barrier":null,"tidal":null,"name:ta":null,"intermittent":null,"wikimedia_commons":null,"alt_name":null,"wetland":null,"place":null,"wikipedia":null,"wikidata":null,"name":"Azhwancherry Pond","water":"pond","type":null},"geometry":{"type":"MultiPolygon","coordinates":[[[[80.1558296,13.0159294],[80.1558671,13.0159542],[80.1558792,13.0160875],[80.1558376,13.0161267],[80.155792,13.0161476],[80.1557424,13.016145],[80.1556217,13.0160588],[80.1556231,13.0159503],[80.1557223,13.0159137],[80.1558296,13.0159294]]]]}},
{"type":"Feature","properties":{"full_id":"w369464297","osm_id":"369464297","osm_type":"way","natural":"water","salt":null,"man_made":null,"layer":null,"covered":null,"landuse":null,"barrier":null,"tidal":null,"name:ta":null,"intermittent":null,"wikimedia_commons":null,"alt_name":null,"wetland":null,"place":null,"wikipedia":null,"wikidata":null,"name":null,"water":"wastewater","type":null},"geometry":{"type":"MultiPolygon","coordinates":[[[[80.232604,12.9571603],[80.232988,12.9571997],[80.2330271,12.9568378],[80.2326431,12.9567984],[80.232604,12.9571603]]]]}},
{"type":"Feature","properties":{"full_id":"w369464311","osm_id":"369464311","osm_type":"way","natural":"water","salt":null,"man_made":null,"layer":null,"covered":null,"landuse":null,"barrier":null,"tidal":null,"name:ta":null,"intermittent":"yes","wikimedia_commons":null,"alt_name":null,"wetland":null,"place":null,"wikipedia":null,"wikidata":null,"name":null,"water":"basin","type":null},"geometry":{"type":"MultiPolygon","coordinates":[[[[80.2349859,12.9558941],[80.2353174,12.9558606],[80.2352755,12.955467],[80.2349441,12.9555005],[80.2349859,12.9558941]]]]}},
{"type":"Feature","properties":{"full_id":"w369625991","osm_id":"369625991","osm_type":"way","natural":"water","salt":null,"man_made":null,"layer":null,"covered":null,"landuse":null,"barrier":null,"tidal":null,"name:ta":null,"intermittent":null,"wikimedia_commons":null,"alt_name":null,"wetland":null,"place":null,"wikipedia":null,"wikidata":null,"name":"New Colony Pond","water":"pond","type":null},"geometry":{"type":"MultiPolygon","coordinates":[[[[80.2047324,12.9325616],[80.204766,12.9325416],[80.2049901,12.9324997],[80.2053599,12.9323923],[80.2053749,12.9323596],[80.2053562,12.9322503],[80.205317,12.9321466],[80.2052908,12.9321193],[80.2052516,12.9321175],[80.2046932,12.9322631],[80.2046596,12.9322867],[80.2046577,12.9323596],[80.2046913,12.932507],[80.2047063,12.9325416],[80.2047324,12.9325616]]]]}},
{"type":"Feature","properties":{"full_id":"w369625993","osm_id":"369625993","osm_type":"way","natural":"water","salt":null,"man_made":null,"layer":null,"covered":null,"landuse":null,"barrier":null,"tidal":null,"name:ta":null,"intermittent":null,"wikimedia_commons":null,"alt_name":null,"wetland":null,"place":null,"wikipedia":null,"wikidata":null,"name":"Naasan Kulam","water":"pond","type":null},"geometry":{"type":"MultiPolygon","coordinates":[[[[80.2096309,12.9306618],[80.2099278,12.9306455],[80.2099932,12.9306109],[80.2100249,12.9305417],[80.2100137,12.9304361],[80.2099801,12.9303688],[80.2099203,12.9303215],[80.2099035,12.9302505],[80.2099745,12.9301194],[80.2099614,12.9300102],[80.2098811,12.9298791],[80.2098456,12.9298646],[80.2096514,12.9298901],[80.2095748,12.9299083],[80.2095412,12.9299301],[80.2093488,12.9299556],[80.209319,12.9299811],[80.2093208,12.930134],[80.2093582,12.9301977],[80.2093769,12.9303069],[80.2094105,12.9303742],[80.2095393,12.9304452],[80.2095692,12.9305126],[80.2095879,12.9306218],[80.2096309,12.9306618]]]]}},
{"type":"Feature","properties":{"full_id":"w369625994","osm_id":"369625994","osm_type":"way","natural":"water","salt":null,"man_made":null,"layer":null,"covered":null,"landuse":null,"barrier":null,"tidal":null,"name:ta":null,"intermittent":null,"wikimedia_commons":null,"alt_name":null,"wetland":null,"place":null,"wikipedia":null,"wikidata":null,"name":"Kovalan Nagar Lake","water":"lake","type":null},"geometry":{"type":"MultiPolygon","coordinates":[[[[80.2057577,12.9325325],[80.2059071,12.9324997],[80.2059426,12.9325125],[80.2060136,12.9324943],[80.2060864,12.9325034],[80.2061929,12.9324742],[80.2062601,12.9325015],[80.206374,12.932476],[80.2064861,12.9325034],[80.2065571,12.9324669],[80.2066262,12.9324943],[80.2066486,12.9324651],[80.2066467,12.9324269],[80.2066168,12.9323577],[80.2065888,12.9322085],[80.2065571,12.9321903],[80.2064805,12.9322012],[80.2064077,12.932234],[80.2062433,12.9322376],[80.2062153,12.9322121],[80.2061817,12.9321466],[80.2061686,12.9319955],[80.2061443,12.9319664],[80.2060733,12.9319354],[80.2060005,12.93197],[80.2059221,12.9319828],[80.2056718,12.9321102],[80.2056643,12.9321848],[80.205726,12.932365],[80.2057017,12.9324396],[80.2057241,12.9325125],[80.2057577,12.9325325]]]]}},
{"type":"Feature","properties":{"full_id":"w369629984","osm_id":"369629984","osm_type":"way","natural":"water","salt":null,"man_made":null,"layer":null,"covered":null,"landuse":null,"barrier":null,"tidal":null,"name:ta":null,"intermittent":null,"wikimedia_commons":null,"alt_name":null,"wetland":null,"place":null,"wikipedia":null,"wikidata":null,"name":null,"water":null,"type":null},"geometry":{"type":"MultiPolygon","coordinates":[[[[80.2350991,12.9337713],[80.2350708,12.9337418],[80.234903,12.9337063],[80.2348121,12.9336157],[80.2347475,12.9335054],[80.2346929,12.9333518],[80.2347111,12.9332317],[80.2347939,12.933147],[80.2354062,12.9328358],[80.2354264,12.9328713],[80.2354204,12.932952],[80.2354725,12.9333421],[80.2354926,12.9335403],[80.2354559,12.9336536],[80.2352971,12.9337142],[80.2350991,12.9337713]]]]}},
{"type":"Feature","properties":{"full_id":"w379699515","osm_id":"379699515","osm_type":"way","natural":"water","salt":null,"man_made":null,"layer":null,"covered":null,"landuse":null,"barrier":null,"tidal":null,"name:ta":null,"intermittent":null,"wikimedia_commons":null,"alt_name":null,"wetland":null,"place":null,"wikipedia":null,"wikidata":null,"name":null,"water":"pond","type":null},"geometry":{"type":"MultiPolygon","coordinates":[[[[80.2658774,13.0108468],[80.2658885,13.0107946],[80.266014,13.0107247],[80.2660418,13.0107591],[80.266084,13.0107513],[80.2661139,13.0108257],[80.2661106,13.0108646],[80.2660895,13.0109157],[80.2660118,13.0109512],[80.2660096,13.010929],[80.2659507,13.0109279],[80.265934,13.0109512],[80.2658774,13.0108468]]]]}},
{"type":"Feature","properties":{"full_id":"w383858409","osm_id":"383858409","osm_type":"way","natural":"water","salt":null,"man_made":null,"layer":"-1","covered":"yes","landuse":null,"barrier":null,"tidal":null,"name:ta":null,"intermittent":null,"wikimedia_commons":null,"alt_name":null,"wetland":null,"place":null,"wikipedia":null,"wikidata":null,"name":null,"water":"river","type":null},"geometry":{"type":"MultiPolygon","coordinates":[[[[80.1621413,13.0009695],[80.1621706,13.000998],[80.1621986,13.0010253],[80.1622226,13.0010497],[80.1624583,13.0012897],[80.162681,13.0015208],[80.1628485,13.0016979],[80.1637485,13.0026672],[80.1639643,13.0029019],[80.1641369,13.0030827],[80.1642339,13.0031857],[80.1649562,13.0039528],[80.1649849,13.0039833],[80.1650458,13.0040497],[80.1641855,13.0044866],[80.1633845,13.0048933],[80.1633492,13.0048574],[80.1633178,13.0048255],[80.1632828,13.0047873],[80.1625814,13.0040214],[80.1624917,13.0039235],[80.1623224,13.0037491],[80.1621157,13.0035154],[80.1612219,13.0025507],[80.1610491,13.0023576],[80.1608273,13.0021261],[80.1606254,13.0019095],[80.1605924,13.0018748],[80.1605567,13.0018358],[80.1605388,13.0018166],[80.1612751,13.0014229],[80.1621413,13.0009695]]]]}},
{"type":"Feature","properties":{"full_id":"w384312064","osm_id":"384312064","osm_type":"way","natural":"water","salt":null,"man_made":null,"layer":null,"covered":null,"landuse":null,"barrier":null,"tidal":null,"name:ta":null,"intermittent":null,"wikimedia_commons":null,"alt_name":null,"wetland":null,"place":null,"wikipedia":null,"wikidata":null,"name":"Ayyan Kulam","water":"pond","type":null},"geometry":{"type":"MultiPolygon","coordinates":[[[[80.2045507,12.9421061],[80.205062,12.9420984],[80.2052916,12.9419306],[80.205362,12.9416052],[80.2053046,12.9411653],[80.2051533,12.9408602],[80.204582,12.9409111],[80.2046055,12.9412645],[80.2046498,12.9413458],[80.2045976,12.9416357],[80.2045898,12.9418849],[80.2046028,12.9420476],[80.2045507,12.9421061]]]]}},
{"type":"Feature","properties":{"full_id":"w384380354","osm_id":"384380354","osm_type":"way","natural":"water","salt":null,"man_made":null,"layer":null,"covered":null,"landuse":null,"barrier":null,"tidal":null,"name:ta":null,"intermittent":null,"wikimedia_commons":null,"alt_name":null,"wetland":null,"place":null,"wikipedia":null,"wikidata":null,"name":null,"water":null,"type":null},"geometry":{"type":"MultiPolygon","coordinates":[[[[80.2152655,12.8922498],[80.2151453,12.8922364],[80.2150647,12.8922587],[80.215045,12.8922972],[80.2150541,12.8925759],[80.2150647,12.892739],[80.2150967,12.8928532],[80.2151271,12.8928828],[80.2152001,12.8928917],[80.2152853,12.8928739],[80.2153142,12.8928413],[80.2153324,12.8927094],[80.2153081,12.8925493],[80.2152913,12.8924247],[80.2152731,12.8923284],[80.2152655,12.8922498]]]]}},
{"type":"Feature","properties":{"full_id":"w384380356","osm_id":"384380356","osm_type":"way","natural":"water","salt":null,"man_made":null,"layer":null,"covered":null,"landuse":null,"barrier":null,"tidal":null,"name:ta":null,"intermittent":null,"wikimedia_commons":null,"alt_name":null,"wetland":null,"place":null,"wikipedia":null,"wikidata":null,"name":"Classic Farms Lake 1","water":"lake","type":null},"geometry":{"type":"MultiPolygon","coordinates":[[[[80.2187714,12.8920924],[80.2191668,12.8926439],[80.2192642,12.89297],[80.2192885,12.8932131],[80.2193372,12.8934415],[80.2194071,12.8937439],[80.219398,12.8939218],[80.219395,12.8940582],[80.2194771,12.8942035],[80.2195744,12.8942865],[80.2196353,12.8943369],[80.2197721,12.8945],[80.2198178,12.8947579],[80.2198816,12.8951345],[80.2199912,12.8953272],[80.2201676,12.8953924],[80.2203288,12.8954132],[80.2204991,12.8953865],[80.2206938,12.8953717],[80.2208094,12.8953302],[80.2208368,12.8952264],[80.2208033,12.8950218],[80.2207333,12.8947609],[80.2206968,12.8945682],[80.2206542,12.894414],[80.2206634,12.8943043],[80.2206634,12.8940789],[80.2206025,12.8938684],[80.2205721,12.8934919],[80.2204596,12.8929048],[80.2204109,12.8925282],[80.2203927,12.8923088],[80.2203105,12.8921576],[80.2202314,12.8920775],[80.2201432,12.8918967],[80.2201098,12.8916535],[80.2200672,12.8915942],[80.219979,12.8915913],[80.2198512,12.8916565],[80.2197052,12.8917306],[80.2195349,12.8918255],[80.2194558,12.8918759],[80.2193676,12.8919886],[80.2192916,12.8920271],[80.2191243,12.8920508],[80.218957,12.8920657],[80.218884,12.8920746],[80.2187714,12.8920924]]]]}},
{"type":"Feature","properties":{"full_id":"w384392595","osm_id":"384392595","osm_type":"way","natural":"water","salt":null,"man_made":null,"layer":null,"covered":null,"landuse":null,"barrier":null,"tidal":null,"name:ta":null,"intermittent":null,"wikimedia_commons":null,"alt_name":null,"wetland":null,"place":null,"wikipedia":null,"wikidata":null,"name":null,"water":null,"type":null},"geometry":{"type":"MultiPolygon","coordinates":[[[[80.2203734,12.8587383],[80.2202637,12.8590528],[80.2202315,12.8591408],[80.22021,12.8592163],[80.2202573,12.8592939],[80.2203003,12.8593002],[80.2203584,12.8592205],[80.2203605,12.859122],[80.2204057,12.8589479],[80.2204121,12.8588704],[80.2203734,12.8587383]]]]}},
{"type":"Feature","properties":{"full_id":"w384392605","osm_id":"384392605","osm_type":"way","natural":"water","salt":null,"man_made":null,"layer":null,"covered":null,"landuse":null,"barrier":null,"tidal":null,"name:ta":null,"intermittent":null,"wikimedia_commons":null,"alt_name":null,"wetland":null,"place":null,"wikipedia":null,"wikidata":null,"name":null,"water":null,"type":null},"geometry":{"type":"MultiPolygon","coordinates":[[[[80.2167416,12.8582154],[80.2164793,12.8581693],[80.21629,12.8581693],[80.2161545,12.8581714],[80.2161266,12.8582133],[80.2161373,12.8582741],[80.2161846,12.8583349],[80.2162706,12.8583454],[80.216404,12.8583517],[80.2165244,12.8583685],[80.216647,12.8583853],[80.2167416,12.8583915],[80.2167631,12.8583349],[80.2167459,12.8582762],[80.2167416,12.8582154]]]]}},
{"type":"Feature","properties":{"full_id":"w384394317","osm_id":"384394317","osm_type":"way","natural":"water","salt":null,"man_made":null,"layer":null,"covered":null,"landuse":null,"barrier":null,"tidal":null,"name:ta":null,"intermittent":null,"wikimedia_commons":null,"alt_name":null,"wetland":null,"place":null,"wikipedia":null,"wikidata":null,"name":"Kalappai Keni","water":"pond","type":null},"geometry":{"type":"MultiPolygon","coordinates":[[[[80.2453719,12.8938371],[80.2455452,12.8941484],[80.2460197,12.894095],[80.2459924,12.8938608],[80.2459741,12.8937422],[80.2459285,12.893671],[80.2459285,12.893591],[80.2459315,12.8935168],[80.2458403,12.8934486],[80.2457277,12.8934605],[80.2456669,12.8934516],[80.2456365,12.8934338],[80.2455817,12.8934397],[80.2454844,12.8935494],[80.2454327,12.8936503],[80.2454236,12.8937096],[80.2453871,12.8937362],[80.2453719,12.8938371]]]]}},
{"type":"Feature","properties":{"full_id":"w384394319","osm_id":"384394319","osm_type":"way","natural":"water","salt":null,"man_made":null,"layer":null,"covered":null,"landuse":null,"barrier":null,"tidal":null,"name:ta":null,"intermittent":null,"wikimedia_commons":null,"alt_name":null,"wetland":null,"place":null,"wikipedia":null,"wikidata":null,"name":"Thenman Poigai Pond","water":"pond","type":null},"geometry":{"type":"MultiPolygon","coordinates":[[[[80.24384,12.8850849],[80.2439464,12.8850464],[80.2440681,12.8850375],[80.244205,12.8850464],[80.2443267,12.8850671],[80.2444453,12.8850909],[80.2445548,12.8851057],[80.2446643,12.8851294],[80.2447951,12.8851798],[80.2448559,12.8852273],[80.2448863,12.8853014],[80.2448803,12.8853814],[80.2448498,12.8854793],[80.2448073,12.8855445],[80.2447464,12.885586],[80.2446643,12.8856157],[80.2443875,12.885678],[80.2442019,12.8856987],[80.2440377,12.8857432],[80.2439738,12.8858203],[80.2439373,12.8858826],[80.2438704,12.8859063],[80.2437183,12.8858855],[80.2436484,12.885841],[80.2436088,12.8857669],[80.2436088,12.8856453],[80.243621,12.8854971],[80.2436727,12.8853192],[80.2437061,12.8852095],[80.2437609,12.8851294],[80.24384,12.8850849]]]]}},
{"type":"Feature","properties":{"full_id":"w385380935","osm_id":"385380935","osm_type":"way","natural":"water","salt":null,"man_made":null,"layer":null,"covered":null,"landuse":null,"barrier":null,"tidal":null,"name:ta":null,"intermittent":null,"wikimedia_commons":null,"alt_name":null,"wetland":null,"place":null,"wikipedia":null,"wikidata":null,"name":null,"water":"pond","type":null},"geometry":{"type":"MultiPolygon","coordinates":[[[[80.1524915,13.1344374],[80.1521481,13.1342493],[80.152116,13.1338732],[80.152234,13.1333717],[80.1523413,13.1330792],[80.1523842,13.1328911],[80.1529957,13.1329538],[80.1530279,13.1331523],[80.1529099,13.1333926],[80.1528884,13.1336851],[80.152985,13.1341031],[80.1531674,13.1342807],[80.1530386,13.134521],[80.1524915,13.1344374]]]]}},
{"type":"Feature","properties":{"full_id":"w385698697","osm_id":"385698697","osm_type":"way","natural":"water","salt":null,"man_made":null,"layer":null,"covered":null,"landuse":null,"barrier":null,"tidal":null,"name:ta":null,"intermittent":null,"wikimedia_commons":null,"alt_name":null,"wetland":null,"place":null,"wikipedia":null,"wikidata":null,"name":null,"water":"pond","type":null},"geometry":{"type":"MultiPolygon","coordinates":[[[[80.1870956,13.1164892],[80.1873451,13.116403],[80.1874229,13.1165127],[80.1874577,13.1166825],[80.1873665,13.1168235],[80.1873156,13.1169959],[80.1871949,13.1170351],[80.1869293,13.1170116],[80.1869106,13.1169045],[80.1869186,13.1168157],[80.1869964,13.1167817],[80.1870178,13.1166563],[80.1870688,13.1165362],[80.1870956,13.1164892]]]]}},
{"type":"Feature","properties":{"full_id":"w385698711","osm_id":"385698711","osm_type":"way","natural":"water","salt":null,"man_made":null,"layer":null,"covered":null,"landuse":null,"barrier":null,"tidal":null,"name:ta":null,"intermittent":null,"wikimedia_commons":null,"alt_name":null,"wetland":null,"place":null,"wikipedia":null,"wikidata":null,"name":null,"water":"pond","type":null},"geometry":{"type":"MultiPolygon","coordinates":[[[[80.1879031,13.1148181],[80.1880936,13.114669],[80.1883069,13.1146452],[80.1884567,13.1147277],[80.188499,13.11478],[80.1884486,13.1149894],[80.1883574,13.11501],[80.1883281,13.1150782],[80.1882776,13.1151797],[80.1880268,13.1152273],[80.1878965,13.1151004],[80.1879031,13.1148181]]]]}},
{"type":"Feature","properties":{"full_id":"w385706159","osm_id":"385706159","osm_type":"way","natural":"water","salt":null,"man_made":null,"layer":null,"covered":null,"landuse":null,"barrier":null,"tidal":null,"name:ta":null,"intermittent":null,"wikimedia_commons":null,"alt_name":null,"wetland":null,"place":null,"wikipedia":null,"wikidata":null,"name":null,"water":"pond","type":null},"geometry":{"type":"MultiPolygon","coordinates":[[[[80.1974658,13.1321756],[80.1981578,13.1320319],[80.1982437,13.1324028],[80.1975114,13.1325909],[80.1973854,13.132442],[80.1974658,13.1321756]]]]}},
{"type":"Feature","properties":{"full_id":"w385706160","osm_id":"385706160","osm_type":"way","natural":"water","salt":null,"man_made":null,"layer":null,"covered":null,"landuse":null,"barrier":null,"tidal":null,"name:ta":null,"intermittent":null,"wikimedia_commons":null,"alt_name":null,"wetland":null,"place":null,"wikipedia":null,"wikidata":null,"name":null,"water":"pond","type":null},"geometry":{"type":"MultiPolygon","coordinates":[[[[80.197667,13.1330872],[80.1973639,13.1331081],[80.1972995,13.1328704],[80.1975731,13.1328338],[80.197667,13.1330872]]]]}},
{"type":"Feature","properties":{"full_id":"w385707490","osm_id":"385707490","osm_type":"way","natural":"water","salt":null,"man_made":null,"layer":null,"covered":null,"landuse":null,"barrier":null,"tidal":null,"name:ta":null,"intermittent":null,"wikimedia_commons":null,"alt_name":null,"wetland":null,"place":null,"wikipedia":null,"wikidata":null,"name":"Udayar Palayam Nagar Pond - II","water":"pond","type":null},"geometry":{"type":"MultiPolygon","coordinates":[[[[80.1482189,13.0919695],[80.1491381,13.0917972],[80.1490535,13.0923291],[80.1488996,13.0924415],[80.1487958,13.0924827],[80.1484996,13.0924977],[80.1482727,13.0925127],[80.1482189,13.0919695]]]]}},
{"type":"Feature","properties":{"full_id":"w385708837","osm_id":"385708837","osm_type":"way","natural":"water","salt":null,"man_made":null,"layer":null,"covered":null,"landuse":null,"barrier":null,"tidal":null,"name:ta":null,"intermittent":null,"wikimedia_commons":null,"alt_name":null,"wetland":null,"place":null,"wikipedia":null,"wikidata":null,"name":"Zone Office Pond","water":"pond","type":null},"geometry":{"type":"MultiPolygon","coordinates":[[[[80.1535028,13.1069671],[80.1539297,13.1060793],[80.1542866,13.1063234],[80.1547567,13.1066449],[80.154799,13.106851],[80.1547298,13.107072],[80.1544528,13.1072855],[80.1542374,13.1073267],[80.1538951,13.1072293],[80.1535028,13.1069671]]]]}},
{"type":"Feature","properties":{"full_id":"w385711964","osm_id":"385711964","osm_type":"way","natural":"water","salt":null,"man_made":null,"layer":null,"covered":null,"landuse":null,"barrier":null,"tidal":null,"name:ta":null,"intermittent":null,"wikimedia_commons":null,"alt_name":null,"wetland":null,"place":null,"wikipedia":null,"wikidata":null,"name":null,"water":"pond","type":null},"geometry":{"type":"MultiPolygon","coordinates":[[[[80.1554416,13.1050327],[80.1556635,13.1050509],[80.1556284,13.1054375],[80.155493,13.1054262],[80.155521,13.1052397],[80.1554253,13.1052033],[80.1554416,13.1050327]]]]}},
{"type":"Feature","properties":{"full_id":"w385787493","osm_id":"385787493","osm_type":"way","natural":"water","salt":null,"man_made":null,"layer":null,"covered":null,"landuse":null,"barrier":null,"tidal":null,"name:ta":null,"intermittent":null,"wikimedia_commons":null,"alt_name":null,"wetland":null,"place":null,"wikipedia":null,"wikidata":null,"name":"Uthu Kulam","water":"pond","type":null},"geometry":{"type":"MultiPolygon","coordinates":[[[[80.2025724,12.9180164],[80.2029917,12.9178927],[80.2031032,12.9179864],[80.2031455,12.9183013],[80.2031186,12.9184175],[80.2025955,12.9184662],[80.2025724,12.9180164]]]]}},
{"type":"Feature","properties":{"full_id":"w386193730","osm_id":"386193730","osm_type":"way","natural":"water","salt":null,"man_made":null,"layer":null,"covered":null,"landuse":null,"barrier":null,"tidal":null,"name:ta":null,"intermittent":null,"wikimedia_commons":null,"alt_name":null,"wetland":null,"place":null,"wikipedia":null,"wikidata":null,"name":"Kamarajapuram Pond","water":"pond","type":null},"geometry":{"type":"MultiPolygon","coordinates":[[[[80.2611999,13.1936564],[80.2613999,13.1935852],[80.2614307,13.1934205],[80.2615653,13.1933119],[80.2614691,13.1931284],[80.2614576,13.1930797],[80.2614114,13.1930422],[80.2613653,13.1930947],[80.2612961,13.1931696],[80.2611922,13.193192],[80.2611076,13.1931995],[80.2610691,13.1933119],[80.2610153,13.1933718],[80.2609999,13.1934954],[80.2611038,13.1935965],[80.2611999,13.1936564]]]]}},
{"type":"Feature","properties":{"full_id":"w386393827","osm_id":"386393827","osm_type":"way","natural":"water","salt":null,"man_made":null,"layer":null,"covered":null,"landuse":null,"barrier":null,"tidal":null,"name:ta":null,"intermittent":null,"wikimedia_commons":null,"alt_name":null,"wetland":null,"place":null,"wikipedia":null,"wikidata":null,"name":null,"water":"lake","type":null},"geometry":{"type":"MultiPolygon","coordinates":[[[[80.1837115,13.1445237],[80.1839362,13.1451741],[80.1840619,13.1452428],[80.184984,13.1451437],[80.1841431,13.1432004],[80.1840579,13.1429545],[80.1839643,13.1430511],[80.1839389,13.1432736],[80.1837537,13.1433758],[80.1835785,13.1434607],[80.183601,13.143759],[80.1836171,13.144029],[80.1836481,13.1443447],[80.1837115,13.1445237]]]]}},
{"type":"Feature","properties":{"full_id":"w389024819","osm_id":"389024819","osm_type":"way","natural":"water","salt":null,"man_made":null,"layer":null,"covered":null,"landuse":null,"barrier":null,"tidal":null,"name:ta":null,"intermittent":null,"wikimedia_commons":null,"alt_name":null,"wetland":null,"place":null,"wikipedia":null,"wikidata":null,"name":null,"water":"reservoir","type":null},"geometry":{"type":"MultiPolygon","coordinates":[[[[80.2394637,12.9409273],[80.2396247,12.9408679],[80.2393549,12.9403548],[80.2391765,12.9404269],[80.2394637,12.9409273]]]]}},
{"type":"Feature","properties":{"full_id":"w389025497","osm_id":"389025497","osm_type":"way","natural":"water","salt":null,"man_made":null,"layer":null,"covered":null,"landuse":null,"barrier":null,"tidal":null,"name:ta":null,"intermittent":null,"wikimedia_commons":null,"alt_name":null,"wetland":null,"place":null,"wikipedia":null,"wikidata":null,"name":null,"water":"pond","type":null},"geometry":{"type":"MultiPolygon","coordinates":[[[[80.2354675,12.9610933],[80.2354479,12.9609351],[80.2354311,12.9607932],[80.2354171,12.9606404],[80.2355403,12.9606185],[80.2356719,12.9606076],[80.2357951,12.9606076],[80.2359015,12.9606076],[80.2359407,12.9606977],[80.2359379,12.9607713],[80.2358595,12.9608832],[80.2358595,12.9609569],[80.2358595,12.9610578],[80.2358147,12.9610988],[80.2357139,12.9610715],[80.2355823,12.9610851],[80.2354675,12.9610933]]]]}},
{"type":"Feature","properties":{"full_id":"w389025498","osm_id":"389025498","osm_type":"way","natural":"water","salt":null,"man_made":null,"layer":null,"covered":null,"landuse":null,"barrier":null,"tidal":null,"name:ta":null,"intermittent":null,"wikimedia_commons":null,"alt_name":null,"wetland":null,"place":null,"wikipedia":null,"wikidata":null,"name":"Kilangal Kulam","water":"pond","type":null},"geometry":{"type":"MultiPolygon","coordinates":[[[[80.2326963,12.9592226],[80.2332303,12.9592187],[80.2332723,12.9591669],[80.2332686,12.9586711],[80.2326922,12.9586752],[80.2326963,12.9592226]]]]}},
{"type":"Feature","properties":{"full_id":"w389427335","osm_id":"389427335","osm_type":"way","natural":"water","salt":null,"man_made":null,"layer":null,"covered":null,"landuse":null,"barrier":null,"tidal":null,"name:ta":null,"intermittent":null,"wikimedia_commons":null,"alt_name":null,"wetland":null,"place":null,"wikipedia":null,"wikidata":null,"name":null,"water":"pond","type":null},"geometry":{"type":"MultiPolygon","coordinates":[[[[80.2511857,12.9418355],[80.2512431,12.941838],[80.2512547,12.9417008],[80.2514527,12.941667],[80.2514342,12.9415347],[80.2514219,12.9413904],[80.251315,12.9413818],[80.251242,12.9414164],[80.2512379,12.941512],[80.2511524,12.9415111],[80.2511121,12.9415281],[80.2510778,12.941585],[80.2510798,12.9416298],[80.2511007,12.9417261],[80.2511724,12.9417369],[80.2511857,12.9418355]]]]}},
{"type":"Feature","properties":{"full_id":"w389427336","osm_id":"389427336","osm_type":"way","natural":"water","salt":null,"man_made":null,"layer":null,"covered":null,"landuse":null,"barrier":null,"tidal":null,"name:ta":null,"intermittent":null,"wikimedia_commons":null,"alt_name":null,"wetland":null,"place":null,"wikipedia":null,"wikidata":null,"name":null,"water":"pond","type":null},"geometry":{"type":"MultiPolygon","coordinates":[[[[80.2481691,12.9413114],[80.2481507,12.9411739],[80.2482366,12.9410961],[80.2483839,12.9410662],[80.2484698,12.9410603],[80.2484698,12.94115],[80.2485251,12.9412576],[80.2483839,12.9412636],[80.2483164,12.9413294],[80.2482673,12.9412875],[80.2481691,12.9413114]]]]}},
{"type":"Feature","properties":{"full_id":"w389427342","osm_id":"389427342","osm_type":"way","natural":"water","salt":null,"man_made":null,"layer":null,"covered":null,"landuse":null,"barrier":null,"tidal":null,"name:ta":null,"intermittent":null,"wikimedia_commons":null,"alt_name":null,"wetland":null,"place":null,"wikipedia":null,"wikidata":null,"name":"Mangeni Kulam","water":"pond","type":null},"geometry":{"type":"MultiPolygon","coordinates":[[[[80.252668,12.9519582],[80.2528451,12.9519028],[80.25297,12.9518395],[80.2531288,12.9517516],[80.2531311,12.9516761],[80.2531234,12.9515941],[80.2531045,12.9514527],[80.2531098,12.951349],[80.2530603,12.9513141],[80.2530053,12.9512553],[80.2529249,12.9512684],[80.252802,12.9512961],[80.2527136,12.9513536],[80.2526977,12.9514738],[80.252668,12.9519582]]]]}},
{"type":"Feature","properties":{"full_id":"w389427343","osm_id":"389427343","osm_type":"way","natural":"water","salt":null,"man_made":null,"layer":null,"covered":null,"landuse":null,"barrier":null,"tidal":null,"name:ta":null,"intermittent":null,"wikimedia_commons":null,"alt_name":null,"wetland":null,"place":null,"wikipedia":null,"wikidata":null,"name":null,"water":"pond","type":null},"geometry":{"type":"MultiPolygon","coordinates":[[[[80.2505169,12.9490789],[80.2503398,12.9489494],[80.2502006,12.9488569],[80.2501943,12.9487768],[80.2502892,12.9487644],[80.2503714,12.9486411],[80.2503841,12.9485117],[80.2504157,12.9484623],[80.2504726,12.9484377],[80.2505992,12.948413],[80.2506371,12.948598],[80.2506751,12.9487028],[80.250789,12.9488446],[80.2507257,12.9490542],[80.2507573,12.9491036],[80.2505928,12.9491406],[80.2505169,12.9490789]]]]}},
{"type":"Feature","properties":{"full_id":"w389427344","osm_id":"389427344","osm_type":"way","natural":"water","salt":null,"man_made":null,"layer":null,"covered":null,"landuse":null,"barrier":null,"tidal":null,"name:ta":null,"intermittent":null,"wikimedia_commons":null,"alt_name":null,"wetland":null,"place":null,"wikipedia":null,"wikidata":null,"name":null,"water":"pond","type":null},"geometry":{"type":"MultiPolygon","coordinates":[[[[80.2498595,12.9490166],[80.2499349,12.9489799],[80.2499161,12.9488207],[80.2499161,12.9487166],[80.2499412,12.9486615],[80.2500292,12.9486002],[80.2501423,12.9485941],[80.2501046,12.9484961],[80.2497402,12.9486002],[80.2497402,12.9487288],[80.2496962,12.9487717],[80.2497087,12.9490411],[80.2498595,12.9490166]]]]}},
{"type":"Feature","properties":{"full_id":"w389427829","osm_id":"389427829","osm_type":"way","natural":"water","salt":null,"man_made":null,"layer":null,"covered":null,"landuse":null,"barrier":null,"tidal":null,"name:ta":null,"intermittent":null,"wikimedia_commons":null,"alt_name":null,"wetland":null,"place":null,"wikipedia":null,"wikidata":null,"name":null,"water":"pond","type":null},"geometry":{"type":"MultiPolygon","coordinates":[[[[80.2456918,12.9517635],[80.245669,12.951559],[80.2462235,12.9514368],[80.2462208,12.951591],[80.2456918,12.9517635]]]]}},
{"type":"Feature","properties":{"full_id":"w389428126","osm_id":"389428126","osm_type":"way","natural":"water","salt":null,"man_made":null,"layer":null,"covered":null,"landuse":null,"barrier":null,"tidal":null,"name:ta":null,"intermittent":null,"wikimedia_commons":null,"alt_name":null,"wetland":null,"place":null,"wikipedia":null,"wikidata":null,"name":null,"water":"pond","type":null},"geometry":{"type":"MultiPolygon","coordinates":[[[[80.2503287,12.9517975],[80.2505297,12.9518081],[80.2506818,12.9517869],[80.2509099,12.951734],[80.2508502,12.9513952],[80.2507524,12.9512046],[80.2506384,12.9511782],[80.2505026,12.9511252],[80.2503994,12.9511993],[80.250345,12.9512629],[80.2504591,12.9514746],[80.2502744,12.9516281],[80.2503287,12.9517975]]]]}},
{"type":"Feature","properties":{"full_id":"w389428129","osm_id":"389428129","osm_type":"way","natural":"water","salt":null,"man_made":null,"layer":null,"covered":null,"landuse":null,"barrier":null,"tidal":null,"name:ta":null,"intermittent":null,"wikimedia_commons":null,"alt_name":null,"wetland":null,"place":null,"wikipedia":null,"wikidata":null,"name":null,"water":"pond","type":null},"geometry":{"type":"MultiPolygon","coordinates":[[[[80.2533799,12.9478553],[80.2533253,12.9477543],[80.2533144,12.9476639],[80.2534126,12.9476001],[80.2534835,12.9476001],[80.2534835,12.9475257],[80.2535708,12.9474832],[80.2538217,12.94743],[80.2538326,12.9476108],[80.2538271,12.9476639],[80.2536744,12.9476426],[80.2536035,12.9477171],[80.2535272,12.9477064],[80.2534781,12.9478127],[80.2534508,12.9478659],[80.2533799,12.9478553]]]]}},
{"type":"Feature","properties":{"full_id":"w389428130","osm_id":"389428130","osm_type":"way","natural":"water","salt":null,"man_made":null,"layer":null,"covered":null,"landuse":null,"barrier":null,"tidal":null,"name:ta":null,"intermittent":null,"wikimedia_commons":null,"alt_name":null,"wetland":null,"place":null,"wikipedia":null,"wikidata":null,"name":"Vannan Kulam","water":"pond","type":null},"geometry":{"type":"MultiPolygon","coordinates":[[[[80.2530047,12.9466752],[80.2529982,12.9466595],[80.2529942,12.9466409],[80.2529938,12.9466149],[80.2529951,12.9466036],[80.253,12.9465949],[80.2530121,12.9465851],[80.2530301,12.9465761],[80.2530885,12.9465554],[80.2536274,12.9463915],[80.2537097,12.9466881],[80.2530738,12.946775],[80.2530659,12.9467752],[80.2530569,12.9467732],[80.2530509,12.9467678],[80.2530047,12.9466752]]]]}},
{"type":"Feature","properties":{"full_id":"w438356563","osm_id":"438356563","osm_type":"way","natural":"water","salt":null,"man_made":null,"layer":null,"covered":null,"landuse":null,"barrier":null,"tidal":null,"name:ta":null,"intermittent":null,"wikimedia_commons":null,"alt_name":null,"wetland":null,"place":null,"wikipedia":null,"wikidata":null,"name":"Periyakeni Kulam","water":"pond","type":null},"geometry":{"type":"MultiPolygon","coordinates":[[[[80.2491934,12.9208127],[80.249923,12.9206976],[80.2498425,12.9200859],[80.2491183,12.9202218],[80.2491934,12.9208127]]]]}},
{"type":"Feature","properties":{"full_id":"w442874728","osm_id":"442874728","osm_type":"way","natural":"water","salt":null,"man_made":null,"layer":null,"covered":null,"landuse":null,"barrier":null,"tidal":null,"name:ta":null,"intermittent":null,"wikimedia_commons":null,"alt_name":null,"wetland":null,"place":null,"wikipedia":null,"wikidata":null,"name":null,"water":null,"type":null},"geometry":{"type":"MultiPolygon","coordinates":[[[[80.234687,12.908989],[80.2348547,12.9089341],[80.2349506,12.9087439],[80.2350585,12.9081497],[80.2347688,12.9074072],[80.2344845,12.9075014],[80.2347206,12.9081968],[80.2347313,12.9085314],[80.2346723,12.9088347],[80.2346434,12.9089426],[80.234687,12.908989]]]]}},
{"type":"Feature","properties":{"full_id":"w442874729","osm_id":"442874729","osm_type":"way","natural":"water","salt":null,"man_made":null,"layer":null,"covered":null,"landuse":null,"barrier":null,"tidal":null,"name:ta":null,"intermittent":null,"wikimedia_commons":null,"alt_name":null,"wetland":null,"place":null,"wikipedia":null,"wikidata":null,"name":null,"water":null,"type":null},"geometry":{"type":"MultiPolygon","coordinates":[[[[80.234449,12.9058824],[80.2341378,12.9059948],[80.2340788,12.9055425],[80.2340467,12.9053621],[80.2341137,12.9051843],[80.2340815,12.905132],[80.2340171,12.9051765],[80.2340171,12.9050248],[80.2340815,12.9049464],[80.234162,12.9049516],[80.23417,12.9051372],[80.2341888,12.9052549],[80.2343658,12.9055948],[80.234449,12.9058824]]]]}},
{"type":"Feature","properties":{"full_id":"w442879145","osm_id":"442879145","osm_type":"way","natural":"water","salt":null,"man_made":null,"layer":null,"covered":null,"landuse":null,"barrier":null,"tidal":null,"name:ta":null,"intermittent":null,"wikimedia_commons":null,"alt_name":null,"wetland":null,"place":null,"wikipedia":null,"wikidata":null,"name":null,"water":"basin","type":null},"geometry":{"type":"MultiPolygon","coordinates":[[[[80.2335078,12.9117526],[80.2337754,12.9117568],[80.2337863,12.9121004],[80.2337188,12.9122107],[80.2336579,12.9124461],[80.2336253,12.9125797],[80.233597,12.9126709],[80.233473,12.9126709],[80.2334969,12.9123485],[80.2334773,12.9120368],[80.2334686,12.9118416],[80.2335078,12.9117526]]]]}},
{"type":"Feature","properties":{"full_id":"w442879146","osm_id":"442879146","osm_type":"way","natural":"water","salt":null,"man_made":null,"layer":null,"covered":null,"landuse":null,"barrier":null,"tidal":null,"name:ta":null,"intermittent":null,"wikimedia_commons":null,"alt_name":null,"wetland":null,"place":null,"wikipedia":null,"wikidata":null,"name":null,"water":"reservoir","type":null},"geometry":{"type":"MultiPolygon","coordinates":[[[[80.2335153,12.9098187],[80.2335877,12.910088],[80.2335877,12.9103913],[80.2336109,12.9104275],[80.2336444,12.9104243],[80.23369,12.9103916],[80.2337014,12.9104066],[80.2338479,12.9103808],[80.2338751,12.9103844],[80.2338804,12.9103609],[80.2341403,12.9103867],[80.2341835,12.910419],[80.2342294,12.9104233],[80.2342861,12.910387],[80.2343012,12.9103311],[80.23433,12.910103],[80.2343394,12.9101037],[80.2343696,12.9098743],[80.2343602,12.9098736],[80.2343763,12.9097168],[80.2343468,12.9097037],[80.2343495,12.9096697],[80.2342261,12.9096226],[80.2341456,12.9095494],[80.2339659,12.9094919],[80.2338157,12.9096043],[80.2335153,12.9098187]]]]}},
{"type":"Feature","properties":{"full_id":"w442879147","osm_id":"442879147","osm_type":"way","natural":"water","salt":null,"man_made":null,"layer":null,"covered":null,"landuse":null,"barrier":null,"tidal":null,"name:ta":null,"intermittent":null,"wikimedia_commons":null,"alt_name":null,"wetland":null,"place":null,"wikipedia":null,"wikidata":null,"name":null,"water":"basin","type":null},"geometry":{"type":"MultiPolygon","coordinates":[[[[80.2343013,12.9016001],[80.2342905,12.9012916],[80.2348002,12.901255],[80.2348163,12.9015844],[80.2343013,12.9016001]]]]}},
{"type":"Feature","properties":{"full_id":"w459809120","osm_id":"459809120","osm_type":"way","natural":"water","salt":null,"man_made":null,"layer":null,"covered":null,"landuse":null,"barrier":null,"tidal":null,"name:ta":null,"intermittent":null,"wikimedia_commons":null,"alt_name":null,"wetland":null,"place":null,"wikipedia":null,"wikidata":null,"name":null,"water":"pond","type":null},"geometry":{"type":"MultiPolygon","coordinates":[[[[80.250591,13.0501807],[80.2506239,13.0501742],[80.2506467,13.050184],[80.2506587,13.0502009],[80.2506782,13.0502329],[80.2506862,13.0502486],[80.2506862,13.0502728],[80.2506802,13.050293],[80.2506661,13.0503139],[80.2506514,13.0503349],[80.2506232,13.0503564],[80.2506165,13.0503773],[80.2506165,13.0504002],[80.2506795,13.050506],[80.2508183,13.0506716],[80.2508364,13.0507413],[80.2508431,13.0508511],[80.2508532,13.0509641],[80.2508564,13.0510176],[80.2508274,13.0510176],[80.250826,13.0509621],[80.2508153,13.0508534],[80.2508039,13.0507462],[80.2507821,13.0506971],[80.2506467,13.0505308],[80.2505883,13.0504955],[80.250534,13.0504217],[80.250528,13.0503695],[80.2505273,13.0502055],[80.250591,13.0501807]]]]}},
{"type":"Feature","properties":{"full_id":"w459809124","osm_id":"459809124","osm_type":"way","natural":"water","salt":null,"man_made":null,"layer":null,"covered":null,"landuse":null,"barrier":null,"tidal":null,"name:ta":null,"intermittent":null,"wikimedia_commons":null,"alt_name":null,"wetland":null,"place":null,"wikipedia":null,"wikidata":null,"name":null,"water":"pond","type":null},"geometry":{"type":"MultiPolygon","coordinates":[[[[80.2512015,13.0514686],[80.2511905,13.0514522],[80.2511865,13.0514352],[80.2511891,13.0514156],[80.2511972,13.051396],[80.2512099,13.0513797],[80.2512301,13.051364],[80.2512455,13.0513614],[80.2512656,13.0513614],[80.2512824,13.0513647],[80.2513041,13.0513747],[80.2513207,13.0513842],[80.251339,13.0513898],[80.2513582,13.0513911],[80.2513772,13.0513881],[80.2513949,13.0513809],[80.2514105,13.0513699],[80.2514231,13.0513557],[80.251432,13.0513391],[80.2514367,13.051321],[80.251437,13.0513022],[80.2514329,13.051284],[80.2514245,13.0512671],[80.2514124,13.0512525],[80.2513972,13.0512411],[80.2513797,13.0512333],[80.2513609,13.0512297],[80.2513416,13.0512305],[80.2513231,13.0512355],[80.2513063,13.0512445],[80.251281,13.0512938],[80.2512602,13.0513082],[80.2512361,13.0513252],[80.2511804,13.0513461],[80.2511583,13.05135],[80.2511288,13.0513608],[80.2511161,13.0513817],[80.251106,13.0514058],[80.251112,13.0514222],[80.2511248,13.0514398],[80.2511389,13.0514516],[80.2511395,13.0514718],[80.2511232,13.0515052],[80.251116,13.0515217],[80.2511132,13.0515395],[80.2511147,13.0515573],[80.2511206,13.0515744],[80.2511305,13.0515895],[80.2511439,13.0516019],[80.2511599,13.0516108],[80.2511776,13.0516157],[80.251196,13.0516163],[80.2512141,13.0516127],[80.2512307,13.0516049],[80.2512449,13.0515935],[80.2512559,13.0515791],[80.2512631,13.0515625],[80.251266,13.0515448],[80.2512644,13.0515269],[80.2512585,13.0515099],[80.2512486,13.0514948],[80.2512352,13.0514824],[80.2512192,13.0514735],[80.2512015,13.0514686]]]]}},
{"type":"Feature","properties":{"full_id":"w462707034","osm_id":"462707034","osm_type":"way","natural":"water","salt":null,"man_made":null,"layer":null,"covered":null,"landuse":null,"barrier":null,"tidal":null,"name:ta":null,"intermittent":null,"wikimedia_commons":null,"alt_name":null,"wetland":null,"place":null,"wikipedia":null,"wikidata":null,"name":null,"water":"pond","type":null},"geometry":{"type":"MultiPolygon","coordinates":[[[[80.1916069,13.0165968],[80.1916015,13.0168425],[80.1918483,13.0168476],[80.1918537,13.016602],[80.1916069,13.0165968]]]]}},
{"type":"Feature","properties":{"full_id":"w469943984","osm_id":"469943984","osm_type":"way","natural":"water","salt":null,"man_made":null,"layer":null,"covered":null,"landuse":null,"barrier":null,"tidal":null,"name:ta":null,"intermittent":null,"wikimedia_commons":null,"alt_name":null,"wetland":null,"place":null,"wikipedia":null,"wikidata":null,"name":null,"water":"pond","type":null},"geometry":{"type":"MultiPolygon","coordinates":[[[[80.2660043,13.1236528],[80.2659292,13.1236606],[80.2659372,13.1233289],[80.2660097,13.1233341],[80.2660043,13.1236528]]]]}},
{"type":"Feature","properties":{"full_id":"w479690974","osm_id":"479690974","osm_type":"way","natural":"water","salt":null,"man_made":null,"layer":null,"covered":null,"landuse":null,"barrier":null,"tidal":null,"name:ta":null,"intermittent":null,"wikimedia_commons":null,"alt_name":null,"wetland":null,"place":null,"wikipedia":null,"wikidata":null,"name":"MF sanskriti","water":"pond","type":null},"geometry":{"type":"MultiPolygon","coordinates":[[[[80.216004,12.9407355],[80.2160465,12.9407338],[80.2159669,12.940639],[80.2159633,12.9406752],[80.216004,12.9407355]]]]}},
{"type":"Feature","properties":{"full_id":"w479690978","osm_id":"479690978","osm_type":"way","natural":"water","salt":null,"man_made":null,"layer":null,"covered":null,"landuse":null,"barrier":null,"tidal":null,"name:ta":null,"intermittent":null,"wikimedia_commons":null,"alt_name":null,"wetland":null,"place":null,"wikipedia":null,"wikidata":null,"name":"Niot","water":"pond","type":null},"geometry":{"type":"MultiPolygon","coordinates":[[[[80.2111383,12.9468619],[80.2111668,12.9469847],[80.2112847,12.946955],[80.211303,12.9469075],[80.2111383,12.9468619]]]]}},
{"type":"Feature","properties":{"full_id":"w480222397","osm_id":"480222397","osm_type":"way","natural":"water","salt":null,"man_made":null,"layer":null,"covered":null,"landuse":null,"barrier":null,"tidal":null,"name:ta":null,"intermittent":null,"wikimedia_commons":null,"alt_name":null,"wetland":null,"place":null,"wikipedia":null,"wikidata":null,"name":null,"water":null,"type":null},"geometry":{"type":"MultiPolygon","coordinates":[[[[80.2295999,12.9146648],[80.229529,12.9142324],[80.2299346,12.9141559],[80.2300194,12.9145982],[80.2295999,12.9146648]]]]}},
{"type":"Feature","properties":{"full_id":"w480348830","osm_id":"480348830","osm_type":"way","natural":"water","salt":null,"man_made":null,"layer":null,"covered":null,"landuse":null,"barrier":null,"tidal":null,"name:ta":null,"intermittent":null,"wikimedia_commons":null,"alt_name":null,"wetland":null,"place":null,"wikipedia":null,"wikidata":null,"name":null,"water":"pond","type":null},"geometry":{"type":"MultiPolygon","coordinates":[[[[80.2293694,12.9117472],[80.2300078,12.911691],[80.2299502,12.9112141],[80.2293124,12.9112982],[80.2293694,12.9117472]]]]}},
{"type":"Feature","properties":{"full_id":"w490995272","osm_id":"490995272","osm_type":"way","natural":"water","salt":null,"man_made":null,"layer":null,"covered":null,"landuse":null,"barrier":null,"tidal":null,"name:ta":null,"intermittent":null,"wikimedia_commons":null,"alt_name":null,"wetland":null,"place":null,"wikipedia":null,"wikidata":null,"name":"Chanthira Sekaran Avenue Lake","water":"lake","type":null},"geometry":{"type":"MultiPolygon","coordinates":[[[[80.2312603,12.9320664],[80.2313813,12.9326234],[80.2320465,12.9324717],[80.2319228,12.9320475],[80.2312603,12.9320664]]]]}},
{"type":"Feature","properties":{"full_id":"w544501046","osm_id":"544501046","osm_type":"way","natural":"water","salt":null,"man_made":null,"layer":null,"covered":null,"landuse":null,"barrier":null,"tidal":null,"name:ta":null,"intermittent":null,"wikimedia_commons":null,"alt_name":null,"wetland":null,"place":null,"wikipedia":null,"wikidata":null,"name":"Perungudi Panchayat Pond","water":"pond","type":null},"geometry":{"type":"MultiPolygon","coordinates":[[[[80.2401276,12.9564528],[80.2400757,12.9561813],[80.2399829,12.9559177],[80.239535,12.9559822],[80.2396211,12.9564969],[80.2401276,12.9564528]]]]}},
{"type":"Feature","properties":{"full_id":"w554596475","osm_id":"554596475","osm_type":"way","natural":"water","salt":null,"man_made":null,"layer":null,"covered":null,"landuse":null,"barrier":null,"tidal":null,"name:ta":null,"intermittent":null,"wikimedia_commons":null,"alt_name":null,"wetland":null,"place":null,"wikipedia":null,"wikidata":null,"name":"Sathya lake","water":"lake","type":null},"geometry":{"type":"MultiPolygon","coordinates":[[[[80.1757761,13.0931165],[80.1757647,13.0924396],[80.1768015,13.0923619],[80.1767331,13.0930277],[80.1757761,13.0931165]]]]}},
{"type":"Feature","properties":{"full_id":"w554923682","osm_id":"554923682","osm_type":"way","natural":"water","salt":null,"man_made":null,"layer":null,"covered":null,"landuse":null,"barrier":null,"tidal":null,"name:ta":null,"intermittent":null,"wikimedia_commons":null,"alt_name":null,"wetland":null,"place":null,"wikipedia":null,"wikidata":null,"name":null,"water":"basin","type":null},"geometry":{"type":"MultiPolygon","coordinates":[[[[80.235394,13.0896471],[80.2359438,13.0895856],[80.2361744,13.0915437],[80.2356246,13.0916052],[80.235394,13.0896471]]]]}},
{"type":"Feature","properties":{"full_id":"w554923683","osm_id":"554923683","osm_type":"way","natural":"water","salt":null,"man_made":null,"layer":null,"covered":null,"landuse":null,"barrier":null,"tidal":null,"name:ta":null,"intermittent":null,"wikimedia_commons":null,"alt_name":null,"wetland":null,"place":null,"wikipedia":null,"wikidata":null,"name":null,"water":"basin","type":null},"geometry":{"type":"MultiPolygon","coordinates":[[[[80.2349068,13.0916902],[80.2354548,13.0916283],[80.2352246,13.0896933],[80.2346766,13.0897551],[80.2349068,13.0916902]]]]}},
{"type":"Feature","properties":{"full_id":"w554923684","osm_id":"554923684","osm_type":"way","natural":"water","salt":null,"man_made":null,"layer":null,"covered":null,"landuse":null,"barrier":null,"tidal":null,"name:ta":null,"intermittent":null,"wikimedia_commons":null,"alt_name":null,"wetland":null,"place":null,"wikipedia":null,"wikidata":null,"name":null,"water":"basin","type":null},"geometry":{"type":"MultiPolygon","coordinates":[[[[80.2347288,13.0918879],[80.2347556,13.091851],[80.2347901,13.0918206],[80.2348305,13.0917984],[80.234875,13.0917852],[80.2349213,13.0917819],[80.2349673,13.0917884],[80.2350107,13.0918046],[80.2350494,13.0918296],[80.2350815,13.0918623],[80.2351056,13.091901],[80.2351193,13.0919393],[80.2351251,13.0919795],[80.2351226,13.09202],[80.2351121,13.0920593],[80.2350938,13.0920958],[80.2350686,13.092128],[80.2350373,13.0921549],[80.2350013,13.0921752],[80.2349618,13.0921883],[80.2349205,13.0921936],[80.2348761,13.0921904],[80.2348334,13.0921783],[80.2347943,13.0921577],[80.2347604,13.0921295],[80.2347333,13.0920951],[80.2347142,13.092056],[80.234704,13.0920138],[80.234703,13.0919704],[80.2347114,13.0919279],[80.2347288,13.0918879]]]]}},
{"type":"Feature","properties":{"full_id":"w554923685","osm_id":"554923685","osm_type":"way","natural":"water","salt":null,"man_made":null,"layer":null,"covered":null,"landuse":null,"barrier":null,"tidal":null,"name:ta":null,"intermittent":null,"wikimedia_commons":null,"alt_name":null,"wetland":null,"place":null,"wikipedia":null,"wikidata":null,"name":null,"water":"basin","type":null},"geometry":{"type":"MultiPolygon","coordinates":[[[[80.2348226,13.0923229],[80.2348591,13.0922965],[80.2349003,13.0922779],[80.2349447,13.0922682],[80.2349901,13.0922676],[80.2350347,13.0922762],[80.2350765,13.0922937],[80.2351136,13.0923192],[80.2351445,13.0923517],[80.2351681,13.0923904],[80.2351828,13.092433],[80.2351879,13.0924778],[80.2351832,13.0925226],[80.2351689,13.0925654],[80.2351456,13.0926043],[80.2351145,13.0926375],[80.2350768,13.0926636],[80.2350343,13.0926814],[80.2349889,13.09269],[80.234944,13.0926892],[80.2349002,13.0926795],[80.2348593,13.0926612],[80.2348232,13.0926351],[80.2347934,13.0926023],[80.2347711,13.0925643],[80.2347573,13.0925227],[80.2347526,13.0924791],[80.2347571,13.0924356],[80.2347708,13.0923939],[80.2347929,13.0923558],[80.2348226,13.0923229]]]]}},
{"type":"Feature","properties":{"full_id":"w554923686","osm_id":"554923686","osm_type":"way","natural":"water","salt":null,"man_made":null,"layer":null,"covered":null,"landuse":null,"barrier":null,"tidal":null,"name:ta":null,"intermittent":null,"wikimedia_commons":null,"alt_name":null,"wetland":null,"place":null,"wikipedia":null,"wikidata":null,"name":null,"water":"basin","type":null},"geometry":{"type":"MultiPolygon","coordinates":[[[[80.2326952,13.0916712],[80.2327297,13.091648],[80.2327683,13.0916322],[80.2328094,13.0916243],[80.2328513,13.0916247],[80.2328922,13.0916334],[80.2329305,13.09165],[80.2329645,13.0916738],[80.2329929,13.0917038],[80.2330156,13.0917414],[80.2330294,13.091783],[80.2330337,13.0918264],[80.2330282,13.0918697],[80.2330131,13.0919108],[80.2329893,13.0919478],[80.2329578,13.0919789],[80.2329201,13.0920025],[80.2328781,13.0920176],[80.2328337,13.0920236],[80.232789,13.0920199],[80.232749,13.0920081],[80.2327122,13.0919886],[80.2326803,13.0919623],[80.2326545,13.0919302],[80.2326359,13.0918937],[80.2326253,13.0918543],[80.2326231,13.0918136],[80.2326294,13.0917733],[80.232644,13.0917351],[80.2326662,13.0917006],[80.2326952,13.0916712]]]]}},
{"type":"Feature","properties":{"full_id":"w554923687","osm_id":"554923687","osm_type":"way","natural":"water","salt":null,"man_made":null,"layer":null,"covered":null,"landuse":null,"barrier":null,"tidal":null,"name:ta":null,"intermittent":null,"wikimedia_commons":null,"alt_name":null,"wetland":null,"place":null,"wikipedia":null,"wikidata":null,"name":null,"water":"basin","type":null},"geometry":{"type":"MultiPolygon","coordinates":[[[[80.2331686,13.0916215],[80.2332031,13.0915984],[80.2332417,13.0915825],[80.2332828,13.0915747],[80.2333247,13.0915751],[80.2333656,13.0915838],[80.2334039,13.0916003],[80.2334379,13.0916241],[80.2334663,13.0916542],[80.233489,13.0916918],[80.2335029,13.0917333],[80.2335071,13.0917768],[80.2335016,13.0918201],[80.2334865,13.0918612],[80.2334627,13.0918982],[80.2334312,13.0919292],[80.2333935,13.0919529],[80.2333515,13.091968],[80.2333071,13.0919739],[80.2332624,13.0919703],[80.2332224,13.0919585],[80.2331857,13.091939],[80.2331537,13.0919127],[80.2331279,13.0918806],[80.2331093,13.0918441],[80.2330987,13.0918047],[80.2330965,13.091764],[80.2331029,13.0917237],[80.2331174,13.0916855],[80.2331396,13.091651],[80.2331686,13.0916215]]]]}},
{"type":"Feature","properties":{"full_id":"w554923688","osm_id":"554923688","osm_type":"way","natural":"water","salt":null,"man_made":null,"layer":null,"covered":null,"landuse":null,"barrier":null,"tidal":null,"name:ta":null,"intermittent":null,"wikimedia_commons":null,"alt_name":null,"wetland":null,"place":null,"wikipedia":null,"wikidata":null,"name":null,"water":"basin","type":null},"geometry":{"type":"MultiPolygon","coordinates":[[[[80.2327595,13.0922368],[80.232794,13.0922136],[80.2328327,13.0921978],[80.2328738,13.0921899],[80.2329157,13.0921903],[80.2329566,13.092199],[80.2329949,13.0922156],[80.2330289,13.0922394],[80.2330573,13.0922694],[80.23308,13.092307],[80.2330938,13.0923486],[80.2330981,13.092392],[80.2330925,13.0924353],[80.2330775,13.0924764],[80.2330537,13.0925134],[80.2330222,13.0925445],[80.2329845,13.0925681],[80.2329425,13.0925833],[80.2328981,13.0925892],[80.2328534,13.0925855],[80.2328134,13.0925737],[80.2327766,13.0925542],[80.2327447,13.0925279],[80.2327189,13.0924958],[80.2327003,13.0924593],[80.2326897,13.0924199],[80.2326875,13.0923792],[80.2326938,13.0923389],[80.2327084,13.0923007],[80.2327306,13.0922662],[80.2327595,13.0922368]]]]}},
{"type":"Feature","properties":{"full_id":"w554923689","osm_id":"554923689","osm_type":"way","natural":"water","salt":null,"man_made":null,"layer":null,"covered":null,"landuse":null,"barrier":null,"tidal":null,"name:ta":null,"intermittent":null,"wikimedia_commons":null,"alt_name":null,"wetland":null,"place":null,"wikipedia":null,"wikidata":null,"name":null,"water":"basin","type":null},"geometry":{"type":"MultiPolygon","coordinates":[[[[80.2332374,13.0921897],[80.233272,13.0921665],[80.2333106,13.0921507],[80.2333517,13.0921428],[80.2333936,13.0921432],[80.2334345,13.0921519],[80.2334728,13.0921685],[80.2335068,13.0921923],[80.2335352,13.0922223],[80.2335579,13.0922599],[80.2335717,13.0923015],[80.233576,13.0923449],[80.2335705,13.0923882],[80.2335554,13.0924294],[80.2335316,13.0924663],[80.2335001,13.0924974],[80.2334624,13.092521],[80.2334204,13.0925362],[80.233376,13.0925421],[80.2333313,13.0925384],[80.2332913,13.0925266],[80.2332545,13.0925071],[80.2332226,13.0924808],[80.2331968,13.0924487],[80.2331782,13.0924122],[80.2331676,13.0923728],[80.2331654,13.0923321],[80.2331717,13.0922918],[80.2331863,13.0922536],[80.2332085,13.0922191],[80.2332374,13.0921897]]]]}},
{"type":"Feature","properties":{"full_id":"w556414712","osm_id":"556414712","osm_type":"way","natural":"water","salt":null,"man_made":null,"layer":null,"covered":null,"landuse":null,"barrier":null,"tidal":null,"name:ta":null,"intermittent":null,"wikimedia_commons":null,"alt_name":null,"wetland":null,"place":null,"wikipedia":null,"wikidata":null,"name":"Dharmarajapuram Vannan Kulam","water":"pond","type":null},"geometry":{"type":"MultiPolygon","coordinates":[[[[80.1628376,13.011975],[80.1631318,13.0120225],[80.1631748,13.011504],[80.1628532,13.011482],[80.1628376,13.011975]]]]}},
{"type":"Feature","properties":{"full_id":"w558926037","osm_id":"558926037","osm_type":"way","natural":"water","salt":null,"man_made":null,"layer":"-1","covered":null,"landuse":null,"barrier":null,"tidal":null,"name:ta":null,"intermittent":null,"wikimedia_commons":null,"alt_name":null,"wetland":null,"place":null,"wikipedia":null,"wikidata":null,"name":"Kallu Kuttai Lake","water":null,"type":null},"geometry":{"type":"MultiPolygon","coordinates":[[[[80.235861,12.9781347],[80.2359257,12.9779564],[80.2357571,12.9779068],[80.2357299,12.9780285],[80.2357127,12.978086],[80.235861,12.9781347]]]]}},
{"type":"Feature","properties":{"full_id":"w558926040","osm_id":"558926040","osm_type":"way","natural":"water","salt":null,"man_made":null,"layer":null,"covered":null,"landuse":null,"barrier":null,"tidal":null,"name:ta":null,"intermittent":null,"wikimedia_commons":null,"alt_name":null,"wetland":null,"place":null,"wikipedia":null,"wikidata":null,"name":"Dhandeeshwaram Temple Tank","water":"pond","type":null},"geometry":{"type":"MultiPolygon","coordinates":[[[[80.2232033,12.986075],[80.2234822,12.9860018],[80.2234071,12.9857404],[80.2231657,12.9857927],[80.2232033,12.986075]]]]}},
{"type":"Feature","properties":{"full_id":"w558926042","osm_id":"558926042","osm_type":"way","natural":"water","salt":null,"man_made":null,"layer":null,"covered":null,"landuse":null,"barrier":null,"tidal":null,"name:ta":null,"intermittent":null,"wikimedia_commons":null,"alt_name":null,"wetland":null,"place":null,"wikipedia":null,"wikidata":null,"name":"Appalang Kulam","water":"pond","type":null},"geometry":{"type":"MultiPolygon","coordinates":[[[[80.2236968,12.9897],[80.2236807,12.9898203],[80.2239114,12.9907193],[80.2240589,12.9910042],[80.2248368,12.9909572],[80.2250728,12.9908683],[80.2251103,12.990816],[80.2250862,12.9904998],[80.2250594,12.9904632],[80.2249923,12.9904397],[80.224818,12.9904789],[80.2247509,12.9904527],[80.2246571,12.9903404],[80.2245229,12.9901287],[80.2244076,12.9897575],[80.2243325,12.9896922],[80.224244,12.9896713],[80.2240884,12.9896608],[80.2237558,12.989687],[80.2236968,12.9897]]]]}},
{"type":"Feature","properties":{"full_id":"w595453143","osm_id":"595453143","osm_type":"way","natural":"water","salt":null,"man_made":null,"layer":null,"covered":null,"landuse":null,"barrier":null,"tidal":null,"name:ta":null,"intermittent":null,"wikimedia_commons":null,"alt_name":null,"wetland":null,"place":null,"wikipedia":null,"wikidata":null,"name":"Vembuliamman Koil Pond","water":"pond","type":null},"geometry":{"type":"MultiPolygon","coordinates":[[[[80.2397814,12.9593918],[80.2400944,12.9593468],[80.2400504,12.9590564],[80.2397374,12.9591014],[80.2397814,12.9593918]]]]}},
{"type":"Feature","properties":{"full_id":"w595615727","osm_id":"595615727","osm_type":"way","natural":"water","salt":null,"man_made":null,"layer":null,"covered":null,"landuse":null,"barrier":null,"tidal":null,"name:ta":null,"intermittent":null,"wikimedia_commons":null,"alt_name":null,"wetland":null,"place":null,"wikipedia":null,"wikidata":null,"name":"Kannagi Nagar Kulam","water":"pond","type":null},"geometry":{"type":"MultiPolygon","coordinates":[[[[80.2425943,12.927082],[80.2431704,12.9269027],[80.2430316,12.9260604],[80.2429552,12.9256106],[80.2428372,12.9253873],[80.2427782,12.9253163],[80.2426533,12.9253501],[80.2421778,12.9254955],[80.2421257,12.9256004],[80.2421882,12.9259251],[80.2424381,12.9265273],[80.2425943,12.927082]]]]}},
{"type":"Feature","properties":{"full_id":"w595615728","osm_id":"595615728","osm_type":"way","natural":"water","salt":null,"man_made":null,"layer":null,"covered":null,"landuse":null,"barrier":null,"tidal":null,"name:ta":null,"intermittent":null,"wikimedia_commons":null,"alt_name":null,"wetland":null,"place":null,"wikipedia":null,"wikidata":null,"name":null,"water":"pond","type":null},"geometry":{"type":"MultiPolygon","coordinates":[[[[80.2361201,12.9295544],[80.2360854,12.9294495],[80.2362624,12.9293819],[80.2362346,12.9291857],[80.2361548,12.9289557],[80.2360507,12.9289151],[80.2359744,12.9288102],[80.2359674,12.9284652],[80.2359431,12.9281946],[80.235898,12.9280491],[80.2357314,12.9281033],[80.2356794,12.9276872],[80.2358251,12.9275147],[80.2359917,12.9275316],[80.236193,12.9276398],[80.2362798,12.9279206],[80.2363874,12.9283603],[80.2363804,12.9285193],[80.236488,12.9290572],[80.2364568,12.9291789],[80.2365123,12.9292939],[80.2365331,12.929409],[80.236488,12.92948],[80.2363422,12.9295003],[80.2361201,12.9295544]]]]}},
{"type":"Feature","properties":{"full_id":"w595615729","osm_id":"595615729","osm_type":"way","natural":"water","salt":null,"man_made":null,"layer":null,"covered":null,"landuse":null,"barrier":null,"tidal":null,"name:ta":null,"intermittent":null,"wikimedia_commons":null,"alt_name":null,"wetland":null,"place":null,"wikipedia":null,"wikidata":null,"name":"Panchavan Kuttai","water":"pond","type":null},"geometry":{"type":"MultiPolygon","coordinates":[[[[80.2352197,12.9317516],[80.235277,12.9317694],[80.2358403,12.9316668],[80.2358609,12.9316221],[80.2357899,12.9313387],[80.2357578,12.9313298],[80.2352243,12.9313945],[80.2351785,12.9314168],[80.2351762,12.9315105],[80.2351877,12.9316288],[80.2352106,12.9317047],[80.2352197,12.9317516]]]]}},
{"type":"Feature","properties":{"full_id":"w595615730","osm_id":"595615730","osm_type":"way","natural":"water","salt":null,"man_made":null,"layer":null,"covered":null,"landuse":null,"barrier":null,"tidal":null,"name:ta":null,"intermittent":null,"wikimedia_commons":null,"alt_name":null,"wetland":null,"place":null,"wikipedia":null,"wikidata":null,"name":null,"water":"pond","type":null},"geometry":{"type":"MultiPolygon","coordinates":[[[[80.2345649,12.9154303],[80.2347099,12.9154509],[80.2347734,12.9154156],[80.2348217,12.9150239],[80.2347462,12.9146322],[80.2346163,12.9145733],[80.234583,12.9146175],[80.2343534,12.9146705],[80.234299,12.9147382],[80.2343293,12.9149444],[80.2343323,12.9150445],[80.2343172,12.9151564],[80.2343867,12.9151976],[80.2344743,12.9152183],[80.2345498,12.9153184],[80.2345377,12.9153743],[80.2345649,12.9154303]]]]}},
{"type":"Feature","properties":{"full_id":"w595615731","osm_id":"595615731","osm_type":"way","natural":"water","salt":null,"man_made":null,"layer":null,"covered":null,"landuse":null,"barrier":null,"tidal":null,"name:ta":null,"intermittent":null,"wikimedia_commons":null,"alt_name":null,"wetland":null,"place":null,"wikipedia":null,"wikidata":null,"name":null,"water":"pond","type":null},"geometry":{"type":"MultiPolygon","coordinates":[[[[80.2275586,12.9139391],[80.2279572,12.9139585],[80.2284077,12.9137448],[80.2285154,12.9135427],[80.2284117,12.9132357],[80.2283679,12.9129093],[80.2283041,12.9126334],[80.227116,12.9127694],[80.2270124,12.9128044],[80.2266376,12.9128705],[80.2265778,12.9132785],[80.2264503,12.91343],[80.2262709,12.9135466],[80.2261234,12.9135738],[80.2261034,12.9136476],[80.2263187,12.9136204],[80.2265699,12.9137137],[80.2268011,12.9136049],[80.2269087,12.9135077],[80.2270841,12.9135699],[80.2272157,12.9135621],[80.227431,12.9137059],[80.2275586,12.9139391]]]]}},
{"type":"Feature","properties":{"full_id":"w595615732","osm_id":"595615732","osm_type":"way","natural":"water","salt":null,"man_made":null,"layer":null,"covered":null,"landuse":null,"barrier":null,"tidal":null,"name:ta":null,"intermittent":null,"wikimedia_commons":null,"alt_name":null,"wetland":null,"place":null,"wikipedia":null,"wikidata":null,"name":null,"water":"reservoir","type":null},"geometry":{"type":"MultiPolygon","coordinates":[[[[80.217793,12.9111965],[80.2179474,12.9112398],[80.2181263,12.9111802],[80.2183315,12.9111997],[80.2186253,12.9111976],[80.2189027,12.9110608],[80.219132,12.9111387],[80.2192264,12.911237],[80.2192394,12.9113275],[80.2193683,12.9114743],[80.2194077,12.9117479],[80.2195442,12.9117798],[80.2197296,12.9117404],[80.2199108,12.9116852],[80.2198969,12.9115665],[80.219652,12.9101521],[80.219474,12.9090704],[80.2193025,12.9081484],[80.2187052,12.9081722],[80.216788,12.9085278],[80.2153467,12.9089586],[80.2150626,12.9089175],[80.2148206,12.9070101],[80.2145997,12.9065589],[80.2139789,12.9065794],[80.2137054,12.9072665],[80.2137475,12.9091226],[80.214337,12.9097922],[80.2147479,12.910234],[80.2149473,12.910499],[80.2152656,12.9108678],[80.2154912,12.9111292],[80.2158096,12.9115953],[80.2160033,12.9114501],[80.216213,12.9113414],[80.2163221,12.911185],[80.2164878,12.91105],[80.2166128,12.9110894],[80.2167122,12.9110753],[80.2168793,12.9109796],[80.2172496,12.9110821],[80.2174759,12.9110696],[80.2176205,12.9110258],[80.2177081,12.9111127],[80.217793,12.9111965]]]]}},
{"type":"Feature","properties":{"full_id":"w595619341","osm_id":"595619341","osm_type":"way","natural":"water","salt":null,"man_made":null,"layer":null,"covered":null,"landuse":null,"barrier":null,"tidal":null,"name:ta":null,"intermittent":null,"wikimedia_commons":null,"alt_name":null,"wetland":null,"place":null,"wikipedia":null,"wikidata":null,"name":null,"water":"reservoir","type":null},"geometry":{"type":"MultiPolygon","coordinates":[[[[80.2156232,12.9060233],[80.2167799,12.9058243],[80.2161821,12.902717],[80.2150141,12.9031146],[80.2151013,12.9047147],[80.2153243,12.9046839],[80.2155645,12.9047359],[80.2156076,12.9048509],[80.2157505,12.9049834],[80.2157002,12.9052498],[80.2155125,12.9054685],[80.215727,12.9055042],[80.2158409,12.9055979],[80.2159197,12.9057035],[80.2159056,12.9058268],[80.2157706,12.9057374],[80.2155391,12.9057316],[80.2156232,12.9060233]]]]}},
{"type":"Feature","properties":{"full_id":"w595619344","osm_id":"595619344","osm_type":"way","natural":"water","salt":null,"man_made":null,"layer":null,"covered":null,"landuse":null,"barrier":null,"tidal":null,"name:ta":null,"intermittent":null,"wikimedia_commons":null,"alt_name":null,"wetland":null,"place":null,"wikipedia":null,"wikidata":null,"name":null,"water":"pond","type":null},"geometry":{"type":"MultiPolygon","coordinates":[[[[80.2244848,12.9021478],[80.2248006,12.9023237],[80.2249568,12.9023068],[80.2249395,12.9021376],[80.2250158,12.9020971],[80.2250019,12.9017757],[80.2244154,12.9017926],[80.2244848,12.9021478]]]]}},
{"type":"Feature","properties":{"full_id":"w595619345","osm_id":"595619345","osm_type":"way","natural":"water","salt":null,"man_made":null,"layer":null,"covered":null,"landuse":null,"barrier":null,"tidal":null,"name:ta":null,"intermittent":null,"wikimedia_commons":null,"alt_name":null,"wetland":null,"place":null,"wikipedia":null,"wikidata":null,"name":null,"water":"pond","type":null},"geometry":{"type":"MultiPolygon","coordinates":[[[[80.2245972,12.9009503],[80.2243994,12.9004585],[80.2241665,12.8998774],[80.2244056,12.8998571],[80.2246916,12.9005854],[80.2247164,12.9006485],[80.2247364,12.9006995],[80.2247564,12.9007502],[80.2247892,12.9008339],[80.2248351,12.9009507],[80.2245972,12.9009503]]]]}},
{"type":"Feature","properties":{"full_id":"w595625973","osm_id":"595625973","osm_type":"way","natural":"water","salt":null,"man_made":null,"layer":null,"covered":null,"landuse":null,"barrier":null,"tidal":null,"name:ta":null,"intermittent":null,"wikimedia_commons":null,"alt_name":null,"wetland":null,"place":null,"wikipedia":null,"wikidata":null,"name":null,"water":"reservoir","type":null},"geometry":{"type":"MultiPolygon","coordinates":[[[[80.214019,12.9577036],[80.2157592,12.9573784],[80.2156152,12.9566463],[80.2138749,12.9569711],[80.214019,12.9577036]]]]}},
{"type":"Feature","properties":{"full_id":"w595625974","osm_id":"595625974","osm_type":"way","natural":"water","salt":null,"man_made":null,"layer":null,"covered":null,"landuse":null,"barrier":null,"tidal":null,"name:ta":null,"intermittent":null,"wikimedia_commons":null,"alt_name":null,"wetland":null,"place":null,"wikipedia":null,"wikidata":null,"name":null,"water":"pond","type":null},"geometry":{"type":"MultiPolygon","coordinates":[[[[80.2180785,12.9696195],[80.2181359,12.9696048],[80.2175407,12.9681179],[80.2173987,12.9681827],[80.217305,12.9682622],[80.21674,12.9685596],[80.2166161,12.968592],[80.2164772,12.9686773],[80.2161871,12.9688864],[80.2162536,12.9689718],[80.2165467,12.9687716],[80.2167612,12.9687392],[80.2174228,12.9688098],[80.2176011,12.9689512],[80.2177371,12.9690454],[80.2178428,12.9691985],[80.2180785,12.9696195]]]]}},
{"type":"Feature","properties":{"full_id":"w595626698","osm_id":"595626698","osm_type":"way","natural":"water","salt":null,"man_made":null,"layer":null,"covered":null,"landuse":null,"barrier":null,"tidal":null,"name:ta":null,"intermittent":null,"wikimedia_commons":null,"alt_name":null,"wetland":null,"place":null,"wikipedia":null,"wikidata":null,"name":null,"water":"pond","type":null},"geometry":{"type":"MultiPolygon","coordinates":[[[[80.2171986,12.9677963],[80.21736,12.9677219],[80.2172646,12.9675241],[80.2171032,12.967585],[80.2171986,12.9677963]]]]}},
{"type":"Feature","properties":{"full_id":"w595626700","osm_id":"595626700","osm_type":"way","natural":"water","salt":null,"man_made":null,"layer":null,"covered":null,"landuse":null,"barrier":null,"tidal":null,"name:ta":null,"intermittent":null,"wikimedia_commons":null,"alt_name":null,"wetland":null,"place":null,"wikipedia":null,"wikidata":null,"name":null,"water":"pond","type":null},"geometry":{"type":"MultiPolygon","coordinates":[[[[80.2161122,12.9643805],[80.2158969,12.9644388],[80.2160285,12.9647535],[80.2162278,12.9653052],[80.2163793,12.9657053],[80.2165946,12.9662026],[80.2166385,12.9663969],[80.2166783,12.9666611],[80.216786,12.9668592],[80.2168498,12.9670029],[80.2169734,12.9671622],[80.2169534,12.9672749],[80.2168856,12.9673876],[80.2168685,12.9674378],[80.2168498,12.9674924],[80.2168936,12.9675274],[80.2170212,12.9674458],[80.2171009,12.967407],[80.2172006,12.9673759],[80.2172165,12.9672399],[80.2171408,12.9670651],[80.2170132,12.966731],[80.216786,12.9660938],[80.2161122,12.9643805]]]]}},
{"type":"Feature","properties":{"full_id":"w595654755","osm_id":"595654755","osm_type":"way","natural":"water","salt":null,"man_made":null,"layer":null,"covered":null,"landuse":null,"barrier":null,"tidal":null,"name:ta":null,"intermittent":null,"wikimedia_commons":null,"alt_name":null,"wetland":null,"place":null,"wikipedia":null,"wikidata":null,"name":null,"water":"canal","type":null},"geometry":{"type":"MultiPolygon","coordinates":[[[[80.2699723,13.111458],[80.269931,13.1108675],[80.269968,13.1106559],[80.2699984,13.1104824],[80.2700983,13.1104824],[80.2702591,13.1104781],[80.2703178,13.1105628],[80.2703243,13.1109162],[80.2703743,13.1113521],[80.2703852,13.1116717],[80.2704204,13.1119499],[80.2706095,13.1125745],[80.2706709,13.1127216],[80.2706188,13.1127471],[80.2705452,13.11273],[80.270396,13.1126388],[80.2702374,13.1125457],[80.2702157,13.1124547],[80.2701266,13.1123933],[80.2700831,13.1122177],[80.2700006,13.111659],[80.2699723,13.111458]]]]}},
{"type":"Feature","properties":{"full_id":"w614283330","osm_id":"614283330","osm_type":"way","natural":"water","salt":null,"man_made":null,"layer":null,"covered":null,"landuse":null,"barrier":null,"tidal":null,"name:ta":null,"intermittent":null,"wikimedia_commons":null,"alt_name":null,"wetland":null,"place":null,"wikipedia":null,"wikidata":null,"name":null,"water":"pond","type":null},"geometry":{"type":"MultiPolygon","coordinates":[[[[80.2861853,13.1291425],[80.2863288,13.1290536],[80.286501,13.1290587],[80.2865845,13.1291374],[80.286561,13.1292137],[80.2865819,13.1292721],[80.2865584,13.1293153],[80.2866184,13.1293763],[80.2866184,13.1294423],[80.2863288,13.1295058],[80.2862531,13.1293864],[80.2862245,13.1292645],[80.2862166,13.129201],[80.2861853,13.1291425]]]]}},
{"type":"Feature","properties":{"full_id":"w620713926","osm_id":"620713926","osm_type":"way","natural":"water","salt":null,"man_made":null,"layer":null,"covered":null,"landuse":null,"barrier":null,"tidal":null,"name:ta":null,"intermittent":null,"wikimedia_commons":null,"alt_name":null,"wetland":null,"place":null,"wikipedia":null,"wikidata":null,"name":null,"water":"reservoir","type":null},"geometry":{"type":"MultiPolygon","coordinates":[[[[80.2810514,13.1525575],[80.2814617,13.1525497],[80.2814403,13.1517505],[80.2810299,13.1517583],[80.2810514,13.1525575]]]]}},
{"type":"Feature","properties":{"full_id":"w620713927","osm_id":"620713927","osm_type":"way","natural":"water","salt":null,"man_made":null,"layer":null,"covered":null,"landuse":null,"barrier":null,"tidal":null,"name:ta":null,"intermittent":null,"wikimedia_commons":null,"alt_name":null,"wetland":null,"place":null,"wikipedia":null,"wikidata":null,"name":null,"water":"reservoir","type":null},"geometry":{"type":"MultiPolygon","coordinates":[[[[80.2810258,13.1517236],[80.2814288,13.1517184],[80.2814181,13.1509316],[80.281015,13.1509369],[80.2810258,13.1517236]]]]}},
{"type":"Feature","properties":{"full_id":"w620717220","osm_id":"620717220","osm_type":"way","natural":"water","salt":null,"man_made":null,"layer":null,"covered":null,"landuse":null,"barrier":null,"tidal":null,"name:ta":null,"intermittent":null,"wikimedia_commons":null,"alt_name":null,"wetland":null,"place":null,"wikipedia":null,"wikidata":null,"name":null,"water":null,"type":null},"geometry":{"type":"MultiPolygon","coordinates":[[[[80.2789237,13.0713778],[80.2788443,13.0712777],[80.2793066,13.0708228],[80.2796335,13.0705044],[80.2799371,13.0703088],[80.2801565,13.0701496],[80.2805348,13.0699722],[80.280843,13.0699403],[80.2811653,13.0699449],[80.2813848,13.0699676],[80.2814455,13.0700677],[80.2811092,13.0701132],[80.2807356,13.0701086],[80.2804134,13.0701723],[80.2801145,13.0703406],[80.2798156,13.0706181],[80.2796242,13.0707955],[80.2792412,13.0711549],[80.2791058,13.0712595],[80.2789237,13.0713778]]]]}},
{"type":"Feature","properties":{"full_id":"w620724466","osm_id":"620724466","osm_type":"way","natural":"water","salt":null,"man_made":null,"layer":null,"covered":null,"landuse":null,"barrier":null,"tidal":null,"name:ta":null,"intermittent":null,"wikimedia_commons":null,"alt_name":null,"wetland":null,"place":null,"wikipedia":null,"wikidata":null,"name":null,"water":null,"type":null},"geometry":{"type":"MultiPolygon","coordinates":[[[[80.1780106,12.9717247],[80.1779115,12.9718461],[80.1775628,12.9718095],[80.1773483,12.9717363],[80.1770854,12.9712188],[80.1768869,12.9711404],[80.1763558,12.9713129],[80.1760393,12.9715377],[80.176093,12.9718984],[80.1758945,12.9720447],[80.1756746,12.9721493],[80.1755297,12.9723741],[80.1750952,12.9724682],[80.1750791,12.9726198],[80.174827,12.9726354],[80.1746446,12.9725413],[80.1744032,12.9727661],[80.1744729,12.9732627],[80.1740974,12.9734771],[80.1737541,12.9736809],[80.1734912,12.9737175],[80.173105,12.9737541],[80.1729977,12.9736077],[80.1726168,12.9731373],[80.1719946,12.9730432],[80.1716298,12.9729543],[80.1713777,12.9727295],[80.1708949,12.9729439],[80.1705998,12.9729909],[80.1705086,12.9733098],[80.1703101,12.9734143],[80.1701385,12.9735398],[80.1699239,12.9734091],[80.1695698,12.9731582],[80.1693767,12.9728602],[80.1694518,12.9727138],[80.1697844,12.9724629],[80.169999,12.9723218],[80.1700902,12.9725413],[80.1702297,12.9727243],[80.1703209,12.9726511],[80.1704979,12.9717624],[80.1708734,12.9714279],[80.1716298,12.9714017],[80.1719999,12.9718722],[80.1725686,12.9722852],[80.1729172,12.9724472],[80.1730192,12.9727243],[80.1733303,12.9729804],[80.1736093,12.9727818],[80.1737273,12.9723322],[80.1739633,12.9723322],[80.174312,12.9723061],[80.1743442,12.9720134],[80.1745319,12.9716422],[80.1748162,12.9712972],[80.1749825,12.9708424],[80.1751167,12.9701785],[80.17546,12.970053],[80.1757818,12.9701733],[80.1759911,12.9706437],[80.1762432,12.9706124],[80.1762807,12.9703249],[80.1763612,12.9700374],[80.1767796,12.9700583],[80.1768815,12.9702987],[80.1768655,12.970466],[80.1769835,12.9705497],[80.1770908,12.9704085],[80.1771283,12.970006],[80.1773804,12.970053],[80.1776969,12.9701576],[80.1777345,12.9703562],[80.1779705,12.9706019],[80.1784748,12.9705653],[80.1788503,12.9707274],[80.1788825,12.9711351],[80.1787591,12.9714436],[80.178228,12.9716056],[80.1780106,12.9717247]]]]}},
{"type":"Feature","properties":{"full_id":"w625564658","osm_id":"625564658","osm_type":"way","natural":"water","salt":null,"man_made":"wastewater_plant","layer":null,"covered":null,"landuse":null,"barrier":null,"tidal":null,"name:ta":null,"intermittent":null,"wikimedia_commons":null,"alt_name":null,"wetland":null,"place":null,"wikipedia":null,"wikidata":null,"name":"Madras Fertilizers Pond","water":"pond","type":null},"geometry":{"type":"MultiPolygon","coordinates":[[[[80.2835689,13.1700428],[80.2834989,13.1701292],[80.2833214,13.1701701],[80.2831579,13.1703247],[80.28235,13.1704384],[80.28228,13.1704065],[80.2822753,13.1699154],[80.2822566,13.1698381],[80.282294,13.1697927],[80.2835175,13.1697472],[80.2835689,13.1700428]]]]}},
{"type":"Feature","properties":{"full_id":"w633624184","osm_id":"633624184","osm_type":"way","natural":"water","salt":null,"man_made":null,"layer":null,"covered":null,"landuse":null,"barrier":null,"tidal":null,"name:ta":null,"intermittent":null,"wikimedia_commons":null,"alt_name":null,"wetland":null,"place":null,"wikipedia":null,"wikidata":null,"name":null,"water":null,"type":null},"geometry":{"type":"MultiPolygon","coordinates":[[[[80.2336313,12.8917845],[80.2338837,12.891708],[80.2334444,12.8899627],[80.2330651,12.8900554],[80.2336313,12.8917845]]]]}},
{"type":"Feature","properties":{"full_id":"w633624185","osm_id":"633624185","osm_type":"way","natural":"water","salt":null,"man_made":null,"layer":null,"covered":null,"landuse":null,"barrier":null,"tidal":null,"name:ta":null,"intermittent":null,"wikimedia_commons":null,"alt_name":null,"wetland":null,"place":null,"wikipedia":null,"wikidata":null,"name":null,"water":null,"type":null},"geometry":{"type":"MultiPolygon","coordinates":[[[[80.2352003,12.8875337],[80.235437,12.8868496],[80.2356395,12.8869225],[80.2358675,12.8874301],[80.2352611,12.8876789],[80.2352003,12.8875337]]]]}},
{"type":"Feature","properties":{"full_id":"w642850681","osm_id":"642850681","osm_type":"way","natural":"water","salt":null,"man_made":null,"layer":null,"covered":null,"landuse":null,"barrier":null,"tidal":null,"name:ta":null,"intermittent":null,"wikimedia_commons":null,"alt_name":null,"wetland":null,"place":null,"wikipedia":null,"wikidata":null,"name":null,"water":"lake","type":null},"geometry":{"type":"MultiPolygon","coordinates":[[[[80.2240686,12.8526133],[80.2241312,12.8525743],[80.2244106,12.8525865],[80.2246052,12.8527907],[80.2245702,12.8530412],[80.2242909,12.853479],[80.2241786,12.8536127],[80.2242335,12.85393],[80.2242378,12.8548552],[80.2247733,12.8560441],[80.2248436,12.8562309],[80.2249531,12.8563071],[80.2252814,12.8573017],[80.2253791,12.8577437],[80.2254221,12.8580524],[80.2254143,12.8583115],[80.2254925,12.8585249],[80.2255292,12.8590301],[80.2254783,12.8590565],[80.2254831,12.8591186],[80.2255324,12.8591202],[80.2255654,12.8594366],[80.2254683,12.8595814],[80.2254521,12.8597718],[80.2254865,12.8598262],[80.2255441,12.8598088],[80.2255331,12.8600627],[80.2254505,12.8602653],[80.2254505,12.8603282],[80.2255476,12.8604927],[80.2254887,12.8605625],[80.2255667,12.8608061],[80.2254966,12.8608077],[80.2254648,12.8610405],[80.2253947,12.8611646],[80.2252865,12.8611926],[80.225191,12.8611739],[80.2251416,12.861132],[80.2251464,12.8610125],[80.225167,12.860919],[80.2252234,12.8606117],[80.2252294,12.8602928],[80.2251794,12.8596476],[80.2250494,12.8593411],[80.2249177,12.8589133],[80.2248844,12.8583759],[80.2248384,12.858212],[80.224825,12.8580313],[80.2247587,12.8574314],[80.2245615,12.8567285],[80.2244321,12.8561638],[80.2243051,12.8560447],[80.2242005,12.8558185],[80.2240686,12.8550344],[80.2239766,12.8546396],[80.2239022,12.8541573],[80.2238687,12.8539281],[80.2238283,12.8536346],[80.2238775,12.8533342],[80.2240686,12.8526133]]]]}},
{"type":"Feature","properties":{"full_id":"w642850684","osm_id":"642850684","osm_type":"way","natural":"water","salt":null,"man_made":null,"layer":null,"covered":null,"landuse":null,"barrier":null,"tidal":null,"name:ta":null,"intermittent":null,"wikimedia_commons":null,"alt_name":null,"wetland":null,"place":null,"wikipedia":null,"wikidata":null,"name":null,"water":"lake","type":null},"geometry":{"type":"MultiPolygon","coordinates":[[[[80.2254367,12.8625641],[80.225431,12.8624519],[80.2253961,12.8619135],[80.2254037,12.8617953],[80.2254428,12.8612497],[80.2252761,12.8612912],[80.2251109,12.8613063],[80.2251161,12.8616323],[80.2250242,12.8617735],[80.2249779,12.8618973],[80.2252076,12.862461],[80.2252399,12.8626521],[80.2252116,12.8628936],[80.2252105,12.8633663],[80.2251856,12.863538],[80.2252562,12.8638501],[80.2252432,12.8639429],[80.225292,12.8641963],[80.2254075,12.8646375],[80.2255166,12.8651067],[80.2257511,12.8650379],[80.2257163,12.8648289],[80.2259162,12.8647894],[80.2258902,12.8645069],[80.2257192,12.8645493],[80.2255599,12.8642584],[80.2254382,12.863716],[80.2254556,12.863524],[80.2254351,12.8632995],[80.2255557,12.8632153],[80.2255022,12.8627414],[80.2254367,12.8625641]]]]}},
{"type":"Feature","properties":{"full_id":"w650596076","osm_id":"650596076","osm_type":"way","natural":"water","salt":null,"man_made":null,"layer":null,"covered":null,"landuse":null,"barrier":null,"tidal":null,"name:ta":null,"intermittent":null,"wikimedia_commons":null,"alt_name":null,"wetland":null,"place":null,"wikipedia":null,"wikidata":null,"name":null,"water":"pond","type":null},"geometry":{"type":"MultiPolygon","coordinates":[[[[80.2293167,12.8744607],[80.2297598,12.8743854],[80.2296907,12.8739019],[80.2292598,12.8739455],[80.2293167,12.8741397],[80.2292354,12.8741675],[80.2293167,12.8744607]]]]}},
{"type":"Feature","properties":{"full_id":"w650596102","osm_id":"650596102","osm_type":"way","natural":"water","salt":null,"man_made":null,"layer":null,"covered":null,"landuse":null,"barrier":null,"tidal":null,"name:ta":null,"intermittent":null,"wikimedia_commons":null,"alt_name":null,"wetland":null,"place":null,"wikipedia":null,"wikidata":null,"name":null,"water":"pond","type":null},"geometry":{"type":"MultiPolygon","coordinates":[[[[80.2153772,12.8612522],[80.2162337,12.8612281],[80.2161968,12.8604412],[80.2153711,12.8604111],[80.2153772,12.8612522]]]]}},
{"type":"Feature","properties":{"full_id":"w650598579","osm_id":"650598579","osm_type":"way","natural":"water","salt":null,"man_made":null,"layer":null,"covered":null,"landuse":null,"barrier":null,"tidal":null,"name:ta":null,"intermittent":null,"wikimedia_commons":null,"alt_name":null,"wetland":null,"place":null,"wikipedia":null,"wikidata":null,"name":null,"water":"canal","type":null},"geometry":{"type":"MultiPolygon","coordinates":[[[[80.2432134,12.9232821],[80.2435158,12.9231415],[80.2437823,12.924831],[80.2442691,12.9273836],[80.2446204,12.9291433],[80.2452058,12.9323264],[80.245631,12.9345846],[80.2453638,12.9345966],[80.244949,12.9326536],[80.2446389,12.9306147],[80.2441274,12.9279782],[80.2436961,12.9255878],[80.2432134,12.9232821]]]]}},
{"type":"Feature","properties":{"full_id":"w650602417","osm_id":"650602417","osm_type":"way","natural":"water","salt":null,"man_made":null,"layer":null,"covered":null,"landuse":null,"barrier":null,"tidal":null,"name:ta":null,"intermittent":null,"wikimedia_commons":null,"alt_name":null,"wetland":null,"place":null,"wikipedia":null,"wikidata":null,"name":null,"water":"pond","type":null},"geometry":{"type":"MultiPolygon","coordinates":[[[[80.2428564,12.937973],[80.2436397,12.9378527],[80.243578,12.9375809],[80.2428082,12.9377273],[80.2428564,12.937973]]]]}},
{"type":"Feature","properties":{"full_id":"w650602429","osm_id":"650602429","osm_type":"way","natural":"water","salt":null,"man_made":null,"layer":null,"covered":null,"landuse":null,"barrier":null,"tidal":null,"name:ta":null,"intermittent":null,"wikimedia_commons":null,"alt_name":null,"wetland":null,"place":null,"wikipedia":null,"wikidata":null,"name":null,"water":"wastewater","type":null},"geometry":{"type":"MultiPolygon","coordinates":[[[[80.2311225,12.9527164],[80.231203,12.9529652],[80.2313345,12.9530494],[80.2313615,12.9527523],[80.2315164,12.9527505],[80.2315404,12.9521866],[80.2315187,12.9520078],[80.2313308,12.9515571],[80.2313237,12.9513742],[80.231284,12.9503484],[80.230103,12.950307],[80.2298041,12.9505346],[80.2300937,12.9508168],[80.2302818,12.9508626],[80.2305704,12.9511908],[80.2308056,12.951716],[80.2307578,12.9520332],[80.2309298,12.9523043],[80.2310427,12.9525807],[80.2311225,12.9527164]]]]}},
{"type":"Feature","properties":{"full_id":"w657856726","osm_id":"657856726","osm_type":"way","natural":"wood","salt":null,"man_made":null,"layer":null,"covered":null,"landuse":null,"barrier":null,"tidal":null,"name:ta":null,"intermittent":null,"wikimedia_commons":null,"alt_name":null,"wetland":null,"place":null,"wikipedia":null,"wikidata":null,"name":null,"water":null,"type":null},"geometry":{"type":"MultiPolygon","coordinates":[[[[80.2411912,13.0752433],[80.2412771,13.0752799],[80.2413897,13.0752538],[80.2414273,13.075144],[80.2413897,13.07505],[80.2412931,13.0750186],[80.2411966,13.0750448],[80.241159,13.0751493],[80.2411912,13.0752433]]]]}},
{"type":"Feature","properties":{"full_id":"w661094629","osm_id":"661094629","osm_type":"way","natural":"water","salt":null,"man_made":null,"layer":null,"covered":null,"landuse":null,"barrier":null,"tidal":null,"name:ta":null,"intermittent":null,"wikimedia_commons":null,"alt_name":null,"wetland":null,"place":null,"wikipedia":null,"wikidata":null,"name":"Vettamani Lake","water":"lake","type":null},"geometry":{"type":"MultiPolygon","coordinates":[[[[80.2350023,13.1485203],[80.2347556,13.1485203],[80.2346536,13.1479326],[80.2348709,13.1475904],[80.2348843,13.1468852],[80.2348414,13.1461722],[80.2352437,13.1460755],[80.2353886,13.146624],[80.2355361,13.1473736],[80.2363354,13.1473658],[80.23644,13.1480397],[80.2361557,13.1481859],[80.2362576,13.1485908],[80.2353242,13.1487658],[80.2353162,13.1488833],[80.2350587,13.1489173],[80.2350023,13.1485203]]]]}},
{"type":"Feature","properties":{"full_id":"w661094630","osm_id":"661094630","osm_type":"way","natural":"water","salt":null,"man_made":null,"layer":null,"covered":null,"landuse":null,"barrier":null,"tidal":null,"name:ta":null,"intermittent":null,"wikimedia_commons":null,"alt_name":null,"wetland":null,"place":null,"wikipedia":null,"wikidata":null,"name":"Uppu Kulam","water":"pond","type":null},"geometry":{"type":"MultiPolygon","coordinates":[[[[80.2342956,13.1489134],[80.2343304,13.1488154],[80.2345356,13.1487292],[80.2348199,13.1486822],[80.2348924,13.1487488],[80.2348562,13.1488716],[80.2345665,13.1488925],[80.2343734,13.1489551],[80.2342956,13.1489134]]]]}},
{"type":"Feature","properties":{"full_id":"w661094631","osm_id":"661094631","osm_type":"way","natural":"water","salt":null,"man_made":null,"layer":null,"covered":null,"landuse":null,"barrier":null,"tidal":null,"name:ta":null,"intermittent":null,"wikimedia_commons":null,"alt_name":null,"wetland":null,"place":null,"wikipedia":null,"wikidata":null,"name":"Sathankadu Lake","water":"lake","type":null},"geometry":{"type":"MultiPolygon","coordinates":[[[[80.2679506,13.1578589],[80.2687258,13.1611667],[80.2711129,13.1597381],[80.2709329,13.1573421],[80.2707924,13.155473],[80.2692501,13.1553555],[80.2688813,13.1520724],[80.2678192,13.1523649],[80.2675697,13.1526888],[80.2671593,13.152775],[80.2673632,13.1542611],[80.2679506,13.1578589]]]]}},
{"type":"Feature","properties":{"full_id":"w661094632","osm_id":"661094632","osm_type":"way","natural":"water","salt":null,"man_made":null,"layer":null,"covered":null,"landuse":null,"barrier":null,"tidal":null,"name:ta":null,"intermittent":null,"wikimedia_commons":null,"alt_name":null,"wetland":null,"place":null,"wikipedia":null,"wikidata":null,"name":"Harikrishnapuram Lake","water":"lake","type":null},"geometry":{"type":"MultiPolygon","coordinates":[[[[80.2631173,13.1703142],[80.2629791,13.170215],[80.2629067,13.1699982],[80.262896,13.1698507],[80.2629523,13.1696874],[80.2630475,13.1696208],[80.2631856,13.1696522],[80.2633265,13.1697436],[80.2634364,13.1699107],[80.2634633,13.1700609],[80.2634378,13.1701889],[80.2633747,13.1702855],[80.263238,13.1703064],[80.2631173,13.1703142]]]]}},
{"type":"Feature","properties":{"full_id":"w661094633","osm_id":"661094633","osm_type":"way","natural":"water","salt":null,"man_made":null,"layer":null,"covered":null,"landuse":null,"barrier":null,"tidal":null,"name:ta":null,"intermittent":null,"wikimedia_commons":null,"alt_name":null,"wetland":null,"place":null,"wikipedia":null,"wikidata":null,"name":"Burma Nagar Reservoir","water":"pond","type":null},"geometry":{"type":"MultiPolygon","coordinates":[[[[80.3029668,13.1788477],[80.3028535,13.1785819],[80.3034873,13.1783298],[80.3035978,13.1785864],[80.3029668,13.1788477]]]]}},
{"type":"Feature","properties":{"full_id":"w661094634","osm_id":"661094634","osm_type":"way","natural":"water","salt":null,"man_made":null,"layer":null,"covered":null,"landuse":null,"barrier":null,"tidal":null,"name:ta":null,"intermittent":null,"wikimedia_commons":null,"alt_name":null,"wetland":null,"place":null,"wikipedia":null,"wikidata":null,"name":"Vadivudaiyamman Koil Kulam","water":"pond","type":null},"geometry":{"type":"MultiPolygon","coordinates":[[[[80.2992462,13.1614441],[80.2992473,13.1612897],[80.2993938,13.1612906],[80.2993928,13.161445],[80.2992462,13.1614441]]]]}},
{"type":"Feature","properties":{"full_id":"w661094635","osm_id":"661094635","osm_type":"way","natural":"water","salt":null,"man_made":null,"layer":null,"covered":null,"landuse":null,"barrier":null,"tidal":null,"name:ta":null,"intermittent":null,"wikimedia_commons":null,"alt_name":null,"wetland":null,"place":null,"wikipedia":null,"wikidata":null,"name":"Arunachaleshwarar Koil Kulam","water":"pond","type":null},"geometry":{"type":"MultiPolygon","coordinates":[[[[80.2916594,13.1330425],[80.2916069,13.1328774],[80.2918161,13.1328143],[80.2918687,13.1329794],[80.2916594,13.1330425]]]]}},
{"type":"Feature","properties":{"full_id":"w661094636","osm_id":"661094636","osm_type":"way","natural":"water","salt":null,"man_made":null,"layer":null,"covered":null,"landuse":null,"barrier":null,"tidal":null,"name:ta":null,"intermittent":null,"wikimedia_commons":null,"alt_name":null,"wetland":null,"place":null,"wikipedia":null,"wikidata":null,"name":"Angala Parameshwari Koil Kulam","water":"pond","type":null},"geometry":{"type":"MultiPolygon","coordinates":[[[[80.2916754,13.114606],[80.2916761,13.1145076],[80.2918122,13.1145084],[80.2918115,13.1146069],[80.2916754,13.114606]]]]}},
{"type":"Feature","properties":{"full_id":"w661094637","osm_id":"661094637","osm_type":"way","natural":"water","salt":null,"man_made":null,"layer":null,"covered":null,"landuse":null,"barrier":null,"tidal":null,"name:ta":null,"intermittent":null,"wikimedia_commons":null,"alt_name":null,"wetland":null,"place":null,"wikipedia":null,"wikidata":null,"name":"Sengazhuneer Pillayar Temple Reservoir","water":"pond","type":null},"geometry":{"type":"MultiPolygon","coordinates":[[[[80.2885779,13.1015422],[80.2885442,13.1014197],[80.2887993,13.1013532],[80.288833,13.1014757],[80.2885779,13.1015422]]]]}},
{"type":"Feature","properties":{"full_id":"w661100677","osm_id":"661100677","osm_type":"way","natural":"water","salt":null,"man_made":null,"layer":null,"covered":null,"landuse":null,"barrier":null,"tidal":null,"name:ta":null,"intermittent":null,"wikimedia_commons":null,"alt_name":null,"wetland":null,"place":null,"wikipedia":null,"wikidata":null,"name":"Tharamani Pond","water":"pond","type":null},"geometry":{"type":"MultiPolygon","coordinates":[[[[80.24081,12.985383],[80.2407597,12.9852595],[80.2407282,12.9851092],[80.2407221,12.9850413],[80.2408093,12.9850034],[80.2410521,12.984976],[80.2411627,12.9849871],[80.2411922,12.985057],[80.2412204,12.9852053],[80.2412197,12.9853183],[80.241093,12.9853771],[80.2409555,12.9853837],[80.24081,12.985383]]]]}},
{"type":"Feature","properties":{"full_id":"w661100680","osm_id":"661100680","osm_type":"way","natural":"water","salt":null,"man_made":null,"layer":null,"covered":null,"landuse":null,"barrier":null,"tidal":null,"name:ta":null,"intermittent":null,"wikimedia_commons":null,"alt_name":null,"wetland":null,"place":null,"wikipedia":null,"wikidata":null,"name":"Nadar Street Pond","water":"pond","type":null},"geometry":{"type":"MultiPolygon","coordinates":[[[[80.2207075,12.9840043],[80.2206036,12.9838639],[80.2205392,12.9837593],[80.220682,12.983709],[80.2208939,12.9837926],[80.2208805,12.9839318],[80.2208423,12.9840063],[80.2207075,12.9840043]]]]}},
{"type":"Feature","properties":{"full_id":"w661100681","osm_id":"661100681","osm_type":"way","natural":"water","salt":null,"man_made":null,"layer":null,"covered":null,"landuse":null,"barrier":null,"tidal":null,"name:ta":null,"intermittent":null,"wikimedia_commons":null,"alt_name":null,"wetland":null,"place":null,"wikipedia":null,"wikidata":null,"name":"Puliyenkeni Pond","water":"pond","type":null},"geometry":{"type":"MultiPolygon","coordinates":[[[[80.2185736,12.9838374],[80.218608,12.9835935],[80.2187281,12.9834068],[80.2188877,12.9833197],[80.2190499,12.9833496],[80.2191419,12.9834554],[80.2192083,12.9836184],[80.2192122,12.9837142],[80.2191968,12.9838038],[80.2191879,12.9838635],[80.2188749,12.9838847],[80.2185736,12.9838374]]]]}},
{"type":"Feature","properties":{"full_id":"w661100682","osm_id":"661100682","osm_type":"way","natural":"water","salt":null,"man_made":null,"layer":null,"covered":null,"landuse":null,"barrier":null,"tidal":null,"name:ta":null,"intermittent":null,"wikimedia_commons":null,"alt_name":null,"wetland":null,"place":null,"wikipedia":null,"wikidata":null,"name":"Mandapam Kuttai","water":"pond","type":null},"geometry":{"type":"MultiPolygon","coordinates":[[[[80.2079724,12.9736483],[80.2079871,12.9734836],[80.2083841,12.9734352],[80.2083532,12.9731477],[80.2086054,12.973149],[80.208647,12.9732405],[80.2086684,12.9734784],[80.2086362,12.9736927],[80.2085611,12.9738064],[80.208317,12.9738129],[80.2079724,12.9736483]]]]}},
{"type":"Feature","properties":{"full_id":"w661100683","osm_id":"661100683","osm_type":"way","natural":"water","salt":null,"man_made":null,"layer":null,"covered":null,"landuse":null,"barrier":null,"tidal":null,"name:ta":null,"intermittent":null,"wikimedia_commons":null,"alt_name":null,"wetland":null,"place":null,"wikipedia":null,"wikidata":null,"name":"Sada Kuttai","water":"pond","type":null},"geometry":{"type":"MultiPolygon","coordinates":[[[[80.2041797,12.9733568],[80.2040865,12.9733353],[80.2039926,12.9732333],[80.2039652,12.9731379],[80.2040322,12.9730569],[80.2041878,12.973004],[80.2043393,12.9730804],[80.2043024,12.9731843],[80.2042186,12.9733268],[80.2041797,12.9733568]]]]}},
{"type":"Feature","properties":{"full_id":"w661100684","osm_id":"661100684","osm_type":"way","natural":"water","salt":null,"man_made":null,"layer":null,"covered":null,"landuse":null,"barrier":null,"tidal":null,"name:ta":null,"intermittent":null,"wikimedia_commons":null,"alt_name":null,"wetland":null,"place":null,"wikipedia":null,"wikidata":null,"name":"Gangai Amman Kulam","water":"pond","type":null},"geometry":{"type":"MultiPolygon","coordinates":[[[[80.2029017,12.9719722],[80.2028406,12.9718415],[80.2027548,12.9717905],[80.2027501,12.9717285],[80.2028011,12.9716344],[80.2031149,12.971603],[80.2032161,12.971637],[80.2032503,12.9717435],[80.2032403,12.9718409],[80.2032376,12.9719663],[80.2031451,12.9719892],[80.202956,12.9720094],[80.2029017,12.9719722]]]]}},
{"type":"Feature","properties":{"full_id":"w661100685","osm_id":"661100685","osm_type":"way","natural":"water","salt":null,"man_made":null,"layer":null,"covered":null,"landuse":null,"barrier":null,"tidal":null,"name:ta":null,"intermittent":null,"wikimedia_commons":null,"alt_name":null,"wetland":null,"place":null,"wikipedia":null,"wikidata":null,"name":"Rettai Kuttai","water":"pond","type":null},"geometry":{"type":"MultiPolygon","coordinates":[[[[80.2044372,12.9727099],[80.2042119,12.9726184],[80.2041355,12.9724603],[80.2041663,12.9723205],[80.2044748,12.9723061],[80.2045847,12.9724133],[80.2045324,12.9726407],[80.2044372,12.9727099]]]]}},
{"type":"Feature","properties":{"full_id":"w661100686","osm_id":"661100686","osm_type":"way","natural":"water","salt":null,"man_made":null,"layer":null,"covered":null,"landuse":null,"barrier":null,"tidal":null,"name:ta":null,"intermittent":null,"wikimedia_commons":null,"alt_name":null,"wetland":null,"place":null,"wikipedia":null,"wikidata":null,"name":"Bharatiyar Nagar Lake","water":"lake","type":null},"geometry":{"type":"MultiPolygon","coordinates":[[[[80.2404204,12.9352377],[80.2399778,12.9345136],[80.2419586,12.9341345],[80.2423878,12.9348573],[80.241555,12.9350194],[80.2404204,12.9352377]]]]}},
{"type":"Feature","properties":{"full_id":"w661100690","osm_id":"661100690","osm_type":"way","natural":"water","salt":null,"man_made":null,"layer":null,"covered":null,"landuse":null,"barrier":null,"tidal":null,"name:ta":null,"intermittent":null,"wikimedia_commons":null,"alt_name":null,"wetland":null,"place":null,"wikipedia":null,"wikidata":null,"name":"Nehru Nagar Pond","water":"pond","type":null},"geometry":{"type":"MultiPolygon","coordinates":[[[[80.229269,12.9278332],[80.2291525,12.9267303],[80.2293858,12.9267115],[80.2294461,12.9270723],[80.2298036,12.9270964],[80.2298475,12.9272904],[80.2298838,12.9273445],[80.2298945,12.9273945],[80.2299001,12.9274428],[80.2299124,12.9276958],[80.2295566,12.9277503],[80.229269,12.9278332]]]]}},
{"type":"Feature","properties":{"full_id":"w661100692","osm_id":"661100692","osm_type":"way","natural":"water","salt":null,"man_made":null,"layer":null,"covered":null,"landuse":null,"barrier":null,"tidal":null,"name:ta":null,"intermittent":null,"wikimedia_commons":null,"alt_name":null,"wetland":null,"place":null,"wikipedia":null,"wikidata":null,"name":"Vannan Kuttai","water":"lake","type":null},"geometry":{"type":"MultiPolygon","coordinates":[[[[80.2071784,12.9233077],[80.2069813,12.9232816],[80.2069451,12.9231613],[80.2069344,12.9229365],[80.2068888,12.9226136],[80.2068418,12.9225052],[80.2067332,12.9223535],[80.206693,12.9220097],[80.2066353,12.9215483],[80.2066071,12.9212817],[80.2065347,12.9210189],[80.2064663,12.9208255],[80.2066232,12.9207261],[80.2067251,12.9208908],[80.2068365,12.9211915],[80.2070336,12.9214555],[80.2071851,12.9216503],[80.2073005,12.9219509],[80.2074105,12.9224333],[80.207452,12.9227692],[80.2074748,12.9231012],[80.2073608,12.9232345],[80.2071784,12.9233077]]]]}},
{"type":"Feature","properties":{"full_id":"w661100695","osm_id":"661100695","osm_type":"way","natural":"water","salt":null,"man_made":null,"layer":null,"covered":null,"landuse":null,"barrier":null,"tidal":null,"name:ta":null,"intermittent":null,"wikimedia_commons":null,"alt_name":null,"wetland":null,"place":null,"wikipedia":null,"wikidata":null,"name":"Palandeyamman Koil Street Kulam","water":"pond","type":null},"geometry":{"type":"MultiPolygon","coordinates":[[[[80.2034354,12.9197961],[80.2034508,12.9197628],[80.2034254,12.9196981],[80.2034602,12.9196536],[80.2035192,12.9196484],[80.2035481,12.9196745],[80.203538,12.919749],[80.2035159,12.9198072],[80.2034562,12.9198098],[80.2034354,12.9197961]]]]}},
{"type":"Feature","properties":{"full_id":"w661100696","osm_id":"661100696","osm_type":"way","natural":"water","salt":null,"man_made":null,"layer":null,"covered":null,"landuse":null,"barrier":null,"tidal":null,"name:ta":null,"intermittent":null,"wikimedia_commons":null,"alt_name":null,"wetland":null,"place":null,"wikipedia":null,"wikidata":null,"name":"Jayachandran Nagar Pond","water":"pond","type":null},"geometry":{"type":"MultiPolygon","coordinates":[[[[80.2010375,12.9191981],[80.2009249,12.9185994],[80.2015056,12.9184621],[80.2015901,12.9189327],[80.2015351,12.9190438],[80.2014197,12.9191236],[80.2011757,12.9191484],[80.2010375,12.9191981]]]]}},
{"type":"Feature","properties":{"full_id":"w661100697","osm_id":"661100697","osm_type":"way","natural":"water","salt":null,"man_made":null,"layer":null,"covered":null,"landuse":null,"barrier":null,"tidal":null,"name:ta":null,"intermittent":null,"wikimedia_commons":null,"alt_name":null,"wetland":null,"place":null,"wikipedia":null,"wikidata":null,"name":"Varadharajapuram Pond","water":"pond","type":null},"geometry":{"type":"MultiPolygon","coordinates":[[[[80.2056992,12.9277984],[80.2056489,12.9276722],[80.2056368,12.9275474],[80.2056509,12.9274415],[80.2057381,12.9274324],[80.2058394,12.9274971],[80.2058595,12.92765],[80.2058427,12.9278003],[80.2058192,12.9278487],[80.205714,12.9278395],[80.2056992,12.9277984]]]]}},
{"type":"Feature","properties":{"full_id":"w661100698","osm_id":"661100698","osm_type":"way","natural":"water","salt":null,"man_made":null,"layer":null,"covered":null,"landuse":null,"barrier":null,"tidal":null,"name:ta":null,"intermittent":null,"wikimedia_commons":null,"alt_name":null,"wetland":null,"place":null,"wikipedia":null,"wikidata":null,"name":"Ambal Nagar Lake","water":"lake","type":null},"geometry":{"type":"MultiPolygon","coordinates":[[[[80.2013125,12.9364977],[80.2012186,12.9364062],[80.2011971,12.9362964],[80.2012119,12.9361788],[80.2012749,12.9360703],[80.2014117,12.9359644],[80.2016424,12.9358925],[80.2018154,12.9358925],[80.2018931,12.9359762],[80.2019843,12.9361618],[80.2019884,12.936299],[80.2019307,12.9364127],[80.2017684,12.9365016],[80.2015847,12.9365251],[80.2014372,12.936533],[80.2013125,12.9364977]]]]}},
{"type":"Feature","properties":{"full_id":"w661100699","osm_id":"661100699","osm_type":"way","natural":"water","salt":null,"man_made":null,"layer":null,"covered":null,"landuse":null,"barrier":null,"tidal":null,"name:ta":null,"intermittent":null,"wikimedia_commons":null,"alt_name":null,"wetland":null,"place":null,"wikipedia":null,"wikidata":null,"name":"Pillaiyar Koil Kulam","water":"pond","type":null},"geometry":{"type":"MultiPolygon","coordinates":[[[[80.2038626,12.9367199],[80.2038572,12.9366493],[80.2038243,12.9365944],[80.203815,12.9364709],[80.2038156,12.936314],[80.2038981,12.9362487],[80.204173,12.9362239],[80.2042817,12.9362703],[80.2043071,12.9364108],[80.2042662,12.9364493],[80.2043118,12.9365382],[80.2043353,12.9365604],[80.2042542,12.9366016],[80.2041522,12.93665],[80.2040309,12.9366951],[80.2039524,12.936712],[80.2038626,12.9367199]]]]}},
{"type":"Feature","properties":{"full_id":"w661117600","osm_id":"661117600","osm_type":"way","natural":"water","salt":null,"man_made":null,"layer":null,"covered":null,"landuse":null,"barrier":null,"tidal":null,"name:ta":null,"intermittent":null,"wikimedia_commons":null,"alt_name":null,"wetland":null,"place":null,"wikipedia":null,"wikidata":null,"name":"Township Colony Pond","water":"pond","type":null},"geometry":{"type":"MultiPolygon","coordinates":[[[[80.1587954,13.0993778],[80.1589121,13.0990513],[80.15901,13.0988671],[80.1591749,13.0988697],[80.1593801,13.0990095],[80.1594056,13.0991989],[80.159301,13.0995751],[80.1589644,13.0994693],[80.1587954,13.0993778]]]]}},
{"type":"Feature","properties":{"full_id":"w661117601","osm_id":"661117601","osm_type":"way","natural":"water","salt":null,"man_made":null,"layer":null,"covered":null,"landuse":null,"barrier":null,"tidal":null,"name:ta":null,"intermittent":null,"wikimedia_commons":null,"alt_name":null,"wetland":null,"place":null,"wikipedia":null,"wikidata":null,"name":"Reddy Kulam","water":"pond","type":null},"geometry":{"type":"MultiPolygon","coordinates":[[[[80.1561159,13.092545],[80.1560126,13.0921361],[80.1563855,13.0920277],[80.1571445,13.0919872],[80.1571968,13.0923647],[80.1571646,13.0926129],[80.156655,13.0925789],[80.1564096,13.0925528],[80.1561159,13.092545]]]]}},
{"type":"Feature","properties":{"full_id":"w661117602","osm_id":"661117602","osm_type":"way","natural":"water","salt":null,"man_made":null,"layer":null,"covered":null,"landuse":null,"barrier":null,"tidal":null,"name:ta":null,"intermittent":null,"wikimedia_commons":null,"alt_name":null,"wetland":null,"place":null,"wikipedia":null,"wikidata":null,"name":"Udayar Palayam Nagar Pond - I","water":"pond","type":null},"geometry":{"type":"MultiPolygon","coordinates":[[[[80.1482061,13.0954304],[80.1481953,13.0951287],[80.1483938,13.0949432],[80.1486969,13.0948818],[80.1488243,13.0950059],[80.1488833,13.0952071],[80.1488806,13.0955493],[80.1489061,13.0957322],[80.1485333,13.09571],[80.1483227,13.0956551],[80.1482597,13.0955558],[80.1482061,13.0954304]]]]}},
{"type":"Feature","properties":{"full_id":"w661117603","osm_id":"661117603","osm_type":"way","natural":"water","salt":null,"man_made":null,"layer":null,"covered":null,"landuse":null,"barrier":null,"tidal":null,"name:ta":null,"intermittent":null,"wikimedia_commons":null,"alt_name":null,"wetland":null,"place":null,"wikipedia":null,"wikidata":null,"name":"Thenthirupathi Pond","water":"pond","type":null},"geometry":{"type":"MultiPolygon","coordinates":[[[[80.1721837,13.086949],[80.1721367,13.0865153],[80.1722534,13.086416],[80.1729105,13.0864761],[80.172873,13.0868614],[80.1728247,13.0869751],[80.1723312,13.0870195],[80.1721837,13.086949]]]]}},
{"type":"Feature","properties":{"full_id":"w661117604","osm_id":"661117604","osm_type":"way","natural":"water","salt":null,"man_made":null,"layer":null,"covered":null,"landuse":null,"barrier":null,"tidal":null,"name:ta":null,"intermittent":null,"wikimedia_commons":null,"alt_name":null,"wetland":null,"place":null,"wikipedia":null,"wikidata":null,"name":"JJ Nagar Lake","water":"lake","type":null},"geometry":{"type":"MultiPolygon","coordinates":[[[[80.1711899,13.0792144],[80.1712811,13.0788852],[80.1720402,13.0788356],[80.1727858,13.0786135],[80.1724961,13.0795645],[80.1711899,13.0792144]]]]}},
{"type":"Feature","properties":{"full_id":"w661117605","osm_id":"661117605","osm_type":"way","natural":"water","salt":null,"man_made":null,"layer":null,"covered":null,"landuse":null,"barrier":null,"tidal":null,"name:ta":null,"intermittent":null,"wikimedia_commons":null,"alt_name":null,"wetland":null,"place":null,"wikipedia":null,"wikidata":null,"name":"Gangai Amman Koil Street Pond","water":"pond","type":null},"geometry":{"type":"MultiPolygon","coordinates":[[[[80.1750825,13.054271],[80.1750758,13.05403],[80.1755002,13.0540098],[80.1755264,13.0542697],[80.1750825,13.054271]]]]}},
{"type":"Feature","properties":{"full_id":"w661117606","osm_id":"661117606","osm_type":"way","natural":"water","salt":null,"man_made":null,"layer":null,"covered":null,"landuse":null,"barrier":null,"tidal":null,"name:ta":null,"intermittent":null,"wikimedia_commons":null,"alt_name":null,"wetland":null,"place":null,"wikipedia":null,"wikidata":null,"name":"Krishna Nagar Pond","water":"pond","type":null},"geometry":{"type":"MultiPolygon","coordinates":[[[[80.1948443,13.0530867],[80.194737,13.051634],[80.1947424,13.0512211],[80.1949958,13.0511859],[80.1950589,13.0513531],[80.1962967,13.0514184],[80.196286,13.0516823],[80.1951112,13.0516915],[80.1951192,13.0520546],[80.1951756,13.0526203],[80.195197,13.053075],[80.1948443,13.0530867]]]]}},
{"type":"Feature","properties":{"full_id":"w661117607","osm_id":"661117607","osm_type":"way","natural":"water","salt":null,"man_made":null,"layer":null,"covered":null,"landuse":null,"barrier":null,"tidal":null,"name:ta":null,"intermittent":null,"wikimedia_commons":null,"alt_name":null,"wetland":null,"place":null,"wikipedia":null,"wikidata":null,"name":"Linga Kulam","water":"pond","type":null},"geometry":{"type":"MultiPolygon","coordinates":[[[[80.1615822,13.052086],[80.161658,13.0520625],[80.1616888,13.0520553],[80.1617076,13.0519821],[80.1616962,13.0518632],[80.1616795,13.051762],[80.1616426,13.0517372],[80.161536,13.0517685],[80.1614548,13.0517836],[80.1614367,13.0518528],[80.1614092,13.051907],[80.1614669,13.0519554],[80.1615279,13.0519945],[80.1615567,13.0520468],[80.1615822,13.052086]]]]}},
{"type":"Feature","properties":{"full_id":"w661117608","osm_id":"661117608","osm_type":"way","natural":"water","salt":null,"man_made":null,"layer":null,"covered":null,"landuse":null,"barrier":null,"tidal":null,"name:ta":null,"intermittent":null,"wikimedia_commons":null,"alt_name":null,"wetland":null,"place":null,"wikipedia":null,"wikidata":null,"name":"Siva Subramani Koil Kulam","water":"pond","type":null},"geometry":{"type":"MultiPolygon","coordinates":[[[[80.2060998,12.9999536],[80.2060877,12.99986],[80.2062909,12.999835],[80.2063031,12.9999286],[80.2061975,12.9999416],[80.2060998,12.9999536]]]]}},
{"type":"Feature","properties":{"full_id":"w661117609","osm_id":"661117609","osm_type":"way","natural":"water","salt":null,"man_made":null,"layer":null,"covered":null,"landuse":null,"barrier":null,"tidal":null,"name:ta":null,"intermittent":null,"wikimedia_commons":null,"alt_name":null,"wetland":null,"place":null,"wikipedia":null,"wikidata":null,"name":"Nandeeshwaran Koil Kulam","water":"pond","type":null},"geometry":{"type":"MultiPolygon","coordinates":[[[[80.2005263,12.9940106],[80.2005028,12.9937001],[80.2008255,12.9936769],[80.200849,12.9939874],[80.2005263,12.9940106]]]]}},
{"type":"Feature","properties":{"full_id":"w661117610","osm_id":"661117610","osm_type":"way","natural":"water","salt":null,"man_made":null,"layer":null,"covered":null,"landuse":null,"barrier":null,"tidal":null,"name:ta":null,"intermittent":null,"wikimedia_commons":null,"alt_name":null,"wetland":null,"place":null,"wikipedia":null,"wikidata":null,"name":"NGGO Colony Lake","water":"lake","type":null},"geometry":{"type":"MultiPolygon","coordinates":[[[[80.1801753,12.971224],[80.1799607,12.9709417],[80.1797381,12.9710829],[80.1795825,12.9707091],[80.1794618,12.9702909],[80.1790971,12.9702987],[80.1791534,12.9705157],[80.1784882,12.9703092],[80.1785284,12.9699642],[80.1783353,12.9695852],[80.1779383,12.9695041],[80.1780993,12.9692924],[80.1787376,12.9694963],[80.1788074,12.9699798],[80.1793224,12.9700269],[80.1800197,12.9698099],[80.1807895,12.9690833],[80.1806259,12.9688638],[80.1805374,12.968754],[80.180929,12.9687122],[80.1810765,12.9689317],[80.1811388,12.9690365],[80.1816505,12.9689082],[80.1818959,12.9693303],[80.1817954,12.9695865],[80.181613,12.9696597],[80.1813193,12.9696035],[80.1810175,12.9696753],[80.1809317,12.9699825],[80.1809089,12.9703615],[80.1806299,12.9704817],[80.1802759,12.9705261],[80.180064,12.9706176],[80.1806407,12.9706607],[80.1808365,12.9707182],[80.1809008,12.970862],[80.1804945,12.9710227],[80.180359,12.9711717],[80.1801753,12.971224]]]]}},
{"type":"Feature","properties":{"full_id":"w661117611","osm_id":"661117611","osm_type":"way","natural":"water","salt":null,"man_made":null,"layer":null,"covered":null,"landuse":null,"barrier":null,"tidal":null,"name:ta":null,"intermittent":null,"wikimedia_commons":null,"alt_name":null,"wetland":null,"place":null,"wikipedia":null,"wikidata":null,"name":"Thamarai Keni Kulam","water":"pond","type":null},"geometry":{"type":"MultiPolygon","coordinates":[[[[80.2522633,12.954778],[80.2522661,12.9543562],[80.2525635,12.9543581],[80.2525607,12.9547799],[80.2522633,12.954778]]]]}},
{"type":"Feature","properties":{"full_id":"w661117612","osm_id":"661117612","osm_type":"way","natural":"water","salt":null,"man_made":null,"layer":null,"covered":null,"landuse":null,"barrier":null,"tidal":null,"name:ta":null,"intermittent":null,"wikimedia_commons":null,"alt_name":null,"wetland":null,"place":null,"wikipedia":null,"wikidata":null,"name":"Kannan Kulam","water":"pond","type":null},"geometry":{"type":"MultiPolygon","coordinates":[[[[80.2366854,12.9528819],[80.2366224,12.952859],[80.2366164,12.9527361],[80.2366264,12.9526518],[80.2366442,12.9526054],[80.2366935,12.952562],[80.2368158,12.9525417],[80.2369255,12.9525613],[80.2369453,12.9526924],[80.2369469,12.9528616],[80.2368886,12.9528891],[80.2366854,12.9528819]]]]}},
{"type":"Feature","properties":{"full_id":"w661117613","osm_id":"661117613","osm_type":"way","natural":"water","salt":null,"man_made":null,"layer":null,"covered":null,"landuse":null,"barrier":null,"tidal":null,"name:ta":null,"intermittent":null,"wikimedia_commons":null,"alt_name":null,"wetland":null,"place":null,"wikipedia":null,"wikidata":null,"name":"Panichavan Kuttai","water":"pond","type":null},"geometry":{"type":"MultiPolygon","coordinates":[[[[80.2383812,12.9524146],[80.2383296,12.9522519],[80.2383088,12.952118],[80.2384798,12.9520225],[80.2386528,12.9520088],[80.2386984,12.9521853],[80.2385898,12.9522421],[80.2386387,12.9523271],[80.2387534,12.9522944],[80.238683,12.9524447],[80.2385422,12.9524499],[80.2383812,12.9524146]]]]}},
{"type":"Feature","properties":{"full_id":"w661117614","osm_id":"661117614","osm_type":"way","natural":"water","salt":null,"man_made":null,"layer":null,"covered":null,"landuse":null,"barrier":null,"tidal":null,"name:ta":null,"intermittent":null,"wikimedia_commons":null,"alt_name":null,"wetland":null,"place":null,"wikipedia":null,"wikidata":null,"name":"MGR Nagar Pond","water":"pond","type":null},"geometry":{"type":"MultiPolygon","coordinates":[[[[80.2534908,12.9618214],[80.2534579,12.9616881],[80.2540735,12.9615986],[80.2540997,12.9617888],[80.2539749,12.9618567],[80.2537181,12.9618763],[80.253531,12.9618489],[80.2534908,12.9618214]]]]}},
{"type":"Feature","properties":{"full_id":"w661178353","osm_id":"661178353","osm_type":"way","natural":"water","salt":null,"man_made":null,"layer":null,"covered":null,"landuse":null,"barrier":null,"tidal":null,"name:ta":null,"intermittent":null,"wikimedia_commons":null,"alt_name":null,"wetland":null,"place":null,"wikipedia":null,"wikidata":null,"name":"Thiruvedee Amman Koil Kulam","water":"pond","type":null},"geometry":{"type":"MultiPolygon","coordinates":[[[[80.2178375,13.1213727],[80.2177651,13.1212728],[80.2177222,13.1211344],[80.2177718,13.1210521],[80.21803,13.1210495],[80.2182452,13.1210697],[80.2182882,13.1211455],[80.2182727,13.1213414],[80.2182358,13.1213988],[80.2180367,13.1214282],[80.2179113,13.1214113],[80.2178375,13.1213727]]]]}},
{"type":"Feature","properties":{"full_id":"w661178354","osm_id":"661178354","osm_type":"way","natural":"water","salt":null,"man_made":null,"layer":null,"covered":null,"landuse":null,"barrier":null,"tidal":null,"name:ta":null,"intermittent":null,"wikimedia_commons":null,"alt_name":null,"wetland":null,"place":null,"wikipedia":null,"wikidata":null,"name":"Aadikesavaperumal Temple Tank","water":"pond","type":null},"geometry":{"type":"MultiPolygon","coordinates":[[[[80.189565,13.1199001],[80.1895436,13.1197055],[80.1895543,13.1196167],[80.1896093,13.1196004],[80.1898541,13.1195866],[80.1899278,13.1196578],[80.1899137,13.1198838],[80.1898742,13.1200072],[80.1897608,13.1200177],[80.1896562,13.1200098],[80.189565,13.1199001]]]]}},
{"type":"Feature","properties":{"full_id":"w661178355","osm_id":"661178355","osm_type":"way","natural":"water","salt":null,"man_made":null,"layer":null,"covered":null,"landuse":null,"barrier":null,"tidal":null,"name:ta":null,"intermittent":null,"wikimedia_commons":null,"alt_name":null,"wetland":null,"place":null,"wikipedia":null,"wikidata":null,"name":"Thamarai Kulam","water":"pond","type":null},"geometry":{"type":"MultiPolygon","coordinates":[[[[80.190357,13.1221028],[80.1902772,13.121903],[80.1902262,13.1217299],[80.1902309,13.1216333],[80.1904354,13.1216176],[80.1906922,13.1216535],[80.1907969,13.1217254],[80.1907801,13.1218984],[80.1907553,13.1221087],[80.1907399,13.1222106],[80.1906225,13.1222576],[80.1905125,13.1222589],[80.1903804,13.1221956],[80.190357,13.1221028]]]]}},
{"type":"Feature","properties":{"full_id":"w661178356","osm_id":"661178356","osm_type":"way","natural":"water","salt":null,"man_made":null,"layer":null,"covered":null,"landuse":null,"barrier":null,"tidal":null,"name:ta":null,"intermittent":null,"wikimedia_commons":null,"alt_name":null,"wetland":null,"place":null,"wikipedia":null,"wikidata":null,"name":"Seekathamman Koil Kulam","water":"pond","type":null},"geometry":{"type":"MultiPolygon","coordinates":[[[[80.1889314,13.1240241],[80.1889481,13.1237903],[80.1892143,13.1238301],[80.1892137,13.1240515],[80.1889414,13.1240424],[80.1889314,13.1240241]]]]}},
{"type":"Feature","properties":{"full_id":"w661178357","osm_id":"661178357","osm_type":"way","natural":"water","salt":null,"man_made":null,"layer":null,"covered":null,"landuse":null,"barrier":null,"tidal":null,"name:ta":null,"intermittent":null,"wikimedia_commons":null,"alt_name":null,"wetland":null,"place":null,"wikipedia":null,"wikidata":null,"name":"Kulappan Kulam","water":"pond","type":null},"geometry":{"type":"MultiPolygon","coordinates":[[[[80.2223933,13.1354422],[80.222282,13.1352894],[80.2222256,13.1351],[80.222239,13.1349276],[80.2223276,13.1348283],[80.2225462,13.1347552],[80.2227607,13.1347513],[80.2229083,13.1348623],[80.2229726,13.1351196],[80.2230048,13.1353416],[80.2229968,13.1353899],[80.2227594,13.1354526],[80.2225368,13.1354735],[80.2223933,13.1354422]]]]}},
{"type":"Feature","properties":{"full_id":"w661178358","osm_id":"661178358","osm_type":"way","natural":"water","salt":null,"man_made":null,"layer":null,"covered":null,"landuse":null,"barrier":null,"tidal":null,"name:ta":null,"intermittent":null,"wikimedia_commons":null,"alt_name":null,"wetland":null,"place":null,"wikipedia":null,"wikidata":null,"name":"Thattan Kulam","water":"pond","type":null},"geometry":{"type":"MultiPolygon","coordinates":[[[[80.2262047,13.1423457],[80.2261806,13.1417763],[80.226894,13.1417397],[80.2268109,13.1409483],[80.2268457,13.1402979],[80.2273875,13.1403188],[80.2271891,13.1408934],[80.2274841,13.14128],[80.2277175,13.1416979],[80.2270201,13.1419173],[80.2267706,13.1420192],[80.226658,13.142411],[80.2262449,13.1424214],[80.2262047,13.1423457]]]]}},
{"type":"Feature","properties":{"full_id":"w661178359","osm_id":"661178359","osm_type":"way","natural":"water","salt":null,"man_made":null,"layer":null,"covered":null,"landuse":null,"barrier":null,"tidal":null,"name:ta":null,"intermittent":null,"wikimedia_commons":null,"alt_name":null,"wetland":null,"place":null,"wikipedia":null,"wikidata":null,"name":"Aathi Kulam","water":"pond","type":null},"geometry":{"type":"MultiPolygon","coordinates":[[[[80.2309522,13.1469348],[80.2309495,13.1467337],[80.2309804,13.146626],[80.2311118,13.1465751],[80.2312962,13.1466149],[80.2313378,13.1468101],[80.2311829,13.1470034],[80.2310474,13.1469845],[80.2309522,13.1469348]]]]}},
{"type":"Feature","properties":{"full_id":"w661178360","osm_id":"661178360","osm_type":"way","natural":"water","salt":null,"man_made":null,"layer":null,"covered":null,"landuse":null,"barrier":null,"tidal":null,"name:ta":null,"intermittent":null,"wikimedia_commons":null,"alt_name":null,"wetland":null,"place":null,"wikipedia":null,"wikidata":null,"name":"Thattankulam","water":"pond","type":null},"geometry":{"type":"MultiPolygon","coordinates":[[[[80.2287474,13.1460546],[80.2287347,13.1458744],[80.229027,13.1458326],[80.2293509,13.1460213],[80.2293831,13.1461552],[80.2292235,13.1461598],[80.2288554,13.1460768],[80.2287474,13.1460546]]]]}},
{"type":"Feature","properties":{"full_id":"w661178361","osm_id":"661178361","osm_type":"way","natural":"water","salt":null,"man_made":null,"layer":null,"covered":null,"landuse":null,"barrier":null,"tidal":null,"name:ta":null,"intermittent":null,"wikimedia_commons":null,"alt_name":null,"wetland":null,"place":null,"wikipedia":null,"wikidata":null,"name":"Samiyar Kulam","water":"pond","type":null},"geometry":{"type":"MultiPolygon","coordinates":[[[[80.2094664,13.133585],[80.2094315,13.1333565],[80.2096112,13.1333356],[80.2097708,13.133252],[80.2098459,13.1333787],[80.2097252,13.1334975],[80.2095965,13.1335759],[80.2094664,13.133585]]]]}},
{"type":"Feature","properties":{"full_id":"w661178362","osm_id":"661178362","osm_type":"way","natural":"water","salt":null,"man_made":null,"layer":null,"covered":null,"landuse":null,"barrier":null,"tidal":null,"name:ta":null,"intermittent":null,"wikimedia_commons":null,"alt_name":null,"wetland":null,"place":null,"wikipedia":null,"wikidata":null,"name":"Swamy Nagar Kulam","water":"pond","type":null},"geometry":{"type":"MultiPolygon","coordinates":[[[[80.2296245,13.1488272],[80.2296017,13.1486352],[80.2297854,13.1485451],[80.2299947,13.1485294],[80.2300376,13.1486352],[80.2299504,13.1487645],[80.2298377,13.1488872],[80.2297479,13.148912],[80.2296245,13.1488272]]]]}},
{"type":"Feature","properties":{"full_id":"w661178363","osm_id":"661178363","osm_type":"way","natural":"water","salt":null,"man_made":null,"layer":null,"covered":null,"landuse":null,"barrier":null,"tidal":null,"name:ta":null,"intermittent":null,"wikimedia_commons":null,"alt_name":null,"wetland":null,"place":null,"wikipedia":null,"wikidata":null,"name":"Perumal Koil Street Kulam","water":"pond","type":null},"geometry":{"type":"MultiPolygon","coordinates":[[[[80.23195,13.1522539],[80.2317837,13.1521116],[80.2317877,13.1519353],[80.2319594,13.1518582],[80.2321619,13.1519745],[80.2321941,13.1521743],[80.2321015,13.1522383],[80.23195,13.1522539]]]]}},
{"type":"Feature","properties":{"full_id":"w661178364","osm_id":"661178364","osm_type":"way","natural":"water","salt":null,"man_made":null,"layer":null,"covered":null,"landuse":null,"barrier":null,"tidal":null,"name:ta":null,"intermittent":null,"wikimedia_commons":null,"alt_name":null,"wetland":null,"place":null,"wikipedia":null,"wikidata":null,"name":"Ramachandra Nagar Kulam","water":"pond","type":null},"geometry":{"type":"MultiPolygon","coordinates":[[[[80.2342514,13.153742],[80.2342738,13.1533675],[80.2346623,13.1533894],[80.2346399,13.153764],[80.2342514,13.153742]]]]}},
{"type":"Feature","properties":{"full_id":"w661178365","osm_id":"661178365","osm_type":"way","natural":"water","salt":null,"man_made":null,"layer":null,"covered":null,"landuse":null,"barrier":null,"tidal":null,"name:ta":null,"intermittent":null,"wikimedia_commons":null,"alt_name":null,"wetland":null,"place":null,"wikipedia":null,"wikidata":null,"name":"Kumarappapuram Kulam","water":"pond","type":null},"geometry":{"type":"MultiPolygon","coordinates":[[[[80.2351981,13.152933],[80.2352853,13.152489],[80.2365366,13.1524524],[80.2365446,13.1527293],[80.2361074,13.1528494],[80.2356394,13.1529369],[80.2352384,13.152967],[80.2351981,13.152933]]]]}},
{"type":"Feature","properties":{"full_id":"w661178366","osm_id":"661178366","osm_type":"way","natural":"water","salt":null,"man_made":null,"layer":null,"covered":null,"landuse":null,"barrier":null,"tidal":null,"name:ta":null,"intermittent":null,"wikimedia_commons":null,"alt_name":null,"wetland":null,"place":null,"wikipedia":null,"wikidata":null,"name":"Thideer Nagar Lake","water":"lake","type":null},"geometry":{"type":"MultiPolygon","coordinates":[[[[80.2263495,13.1689692],[80.2269664,13.1687629],[80.2274036,13.1686637],[80.2279106,13.1686741],[80.2282673,13.1687067],[80.2285342,13.1687394],[80.2284832,13.1686166],[80.2280822,13.1685096],[80.2275874,13.1684665],[80.227346,13.1684129],[80.2272856,13.1679663],[80.2272575,13.167649],[80.2272803,13.1671802],[80.2273862,13.1671554],[80.2274586,13.1669726],[80.2273755,13.1669021],[80.2270697,13.1668968],[80.2269825,13.166808],[80.2269705,13.1661042],[80.2272642,13.1660023],[80.2273701,13.1658326],[80.2272427,13.1656498],[80.2270429,13.1655858],[80.2265359,13.1656354],[80.2260035,13.1657751],[80.2257299,13.1659227],[80.2257031,13.1671502],[80.2256334,13.1679572],[80.2256307,13.1684142],[80.2259418,13.1687511],[80.2263495,13.1689692]]]]}},
{"type":"Feature","properties":{"full_id":"w661178367","osm_id":"661178367","osm_type":"way","natural":"water","salt":null,"man_made":null,"layer":null,"covered":null,"landuse":null,"barrier":null,"tidal":null,"name:ta":null,"intermittent":null,"wikimedia_commons":null,"alt_name":null,"wetland":null,"place":null,"wikipedia":null,"wikidata":null,"name":"Poosani Kulam","water":"pond","type":null},"geometry":{"type":"MultiPolygon","coordinates":[[[[80.2546562,13.1656615],[80.2545865,13.1654186],[80.2545959,13.1652058],[80.25484,13.1650856],[80.2551484,13.1650621],[80.2551927,13.1652893],[80.2552021,13.1654317],[80.254793,13.1655048],[80.2548064,13.1656263],[80.2546562,13.1656615]]]]}},
{"type":"Feature","properties":{"full_id":"w661178368","osm_id":"661178368","osm_type":"way","natural":"water","salt":null,"man_made":null,"layer":null,"covered":null,"landuse":null,"barrier":null,"tidal":null,"name:ta":null,"intermittent":null,"wikimedia_commons":null,"alt_name":null,"wetland":null,"place":null,"wikipedia":null,"wikidata":null,"name":"Thamarai POND","water":"pond","type":null},"geometry":{"type":"MultiPolygon","coordinates":[[[[80.2572827,13.1673705],[80.2572696,13.166673],[80.2580258,13.1666596],[80.2580389,13.1673571],[80.2572827,13.1673705]]]]}},
{"type":"Feature","properties":{"full_id":"w661178369","osm_id":"661178369","osm_type":"way","natural":"water","salt":null,"man_made":null,"layer":null,"covered":null,"landuse":null,"barrier":null,"tidal":null,"name:ta":null,"intermittent":null,"wikimedia_commons":null,"alt_name":null,"wetland":null,"place":null,"wikipedia":null,"wikidata":null,"name":"Kulakkarai Karumariamman Koil Street Pond","water":"pond","type":null},"geometry":{"type":"MultiPolygon","coordinates":[[[[80.2515765,13.1755456],[80.2515514,13.1753332],[80.2518371,13.1753012],[80.2518622,13.1755136],[80.2515765,13.1755456]]]]}},
{"type":"Feature","properties":{"full_id":"w661178370","osm_id":"661178370","osm_type":"way","natural":"water","salt":null,"man_made":null,"layer":null,"covered":null,"landuse":null,"barrier":null,"tidal":null,"name:ta":null,"intermittent":"yes","wikimedia_commons":null,"alt_name":null,"wetland":null,"place":null,"wikipedia":null,"wikidata":null,"name":"Zakir Hussain Pond","water":"pond","type":null},"geometry":{"type":"MultiPolygon","coordinates":[[[[80.2638589,13.1650647],[80.2637811,13.1644431],[80.2642626,13.1643974],[80.2642398,13.1650856],[80.2638589,13.1650647]]]]}},
{"type":"Feature","properties":{"full_id":"w661178371","osm_id":"661178371","osm_type":"way","natural":"water","salt":null,"man_made":null,"layer":null,"covered":null,"landuse":null,"barrier":null,"tidal":null,"name:ta":null,"intermittent":null,"wikimedia_commons":null,"alt_name":null,"wetland":null,"place":null,"wikipedia":null,"wikidata":null,"name":"Jalakanda Mariyamman Koil Street Pond","water":"pond","type":null},"geometry":{"type":"MultiPolygon","coordinates":[[[[80.2631032,13.1641591],[80.2630985,13.1638287],[80.2633278,13.163783],[80.2634525,13.1641415],[80.2633768,13.1641506],[80.2631032,13.1641591]]]]}},
{"type":"Feature","properties":{"full_id":"w661178372","osm_id":"661178372","osm_type":"way","natural":"water","salt":null,"man_made":null,"layer":null,"covered":null,"landuse":null,"barrier":null,"tidal":null,"name:ta":null,"intermittent":null,"wikimedia_commons":null,"alt_name":null,"wetland":null,"place":null,"wikipedia":null,"wikidata":null,"name":"Railway Pond 3","water":"pond","type":null},"geometry":{"type":"MultiPolygon","coordinates":[[[[80.3022936,13.1732615],[80.3025082,13.1731335],[80.3033397,13.1749355],[80.3032056,13.174946],[80.3022936,13.1732615]]]]}},
{"type":"Feature","properties":{"full_id":"w661178373","osm_id":"661178373","osm_type":"way","natural":"water","salt":null,"man_made":null,"layer":null,"covered":null,"landuse":null,"barrier":null,"tidal":null,"name:ta":null,"intermittent":null,"wikimedia_commons":null,"alt_name":null,"wetland":null,"place":null,"wikipedia":null,"wikidata":null,"name":"Sadayankuppam Tank","water":"lake","type":null},"geometry":{"type":"MultiPolygon","coordinates":[[[[80.2895611,13.1875232],[80.2898213,13.1870348],[80.2901646,13.1869277],[80.2903658,13.1869878],[80.2907789,13.1864159],[80.2909559,13.186126],[80.2906823,13.1860137],[80.2903631,13.1860398],[80.2900091,13.1857082],[80.2898321,13.1854836],[80.2897462,13.1853008],[80.2902371,13.1852982],[80.2906314,13.1852538],[80.2909881,13.1851493],[80.2912429,13.1851415],[80.2912563,13.1853765],[80.2912778,13.1856011],[80.2915648,13.18575],[80.2918249,13.1857813],[80.2918276,13.18616],[80.2917069,13.1868102],[80.2913985,13.1875597],[80.2911544,13.1880742],[80.2907306,13.1881682],[80.2903444,13.1880063],[80.289757,13.1878888],[80.2895719,13.1876877],[80.2895611,13.1875232]]]]}},
{"type":"Feature","properties":{"full_id":"w661178374","osm_id":"661178374","osm_type":"way","natural":"water","salt":null,"man_made":null,"layer":null,"covered":null,"landuse":null,"barrier":null,"tidal":null,"name:ta":null,"intermittent":null,"wikimedia_commons":null,"alt_name":null,"wetland":null,"place":null,"wikipedia":null,"wikidata":null,"name":"Edayanchavadi Pond","water":"pond","type":null},"geometry":{"type":"MultiPolygon","coordinates":[[[[80.2774709,13.2149028],[80.2775636,13.2148086],[80.277647,13.2148864],[80.2775542,13.2149806],[80.2774709,13.2149028]]]]}},
{"type":"Feature","properties":{"full_id":"w661178375","osm_id":"661178375","osm_type":"way","natural":"water","salt":null,"man_made":null,"layer":null,"covered":null,"landuse":null,"barrier":null,"tidal":null,"name:ta":null,"intermittent":null,"wikimedia_commons":null,"alt_name":null,"wetland":null,"place":null,"wikipedia":null,"wikidata":null,"name":"Andarkuppam Burial Ground Pond","water":"pond","type":null},"geometry":{"type":"MultiPolygon","coordinates":[[[[80.2683422,13.1939382],[80.2683529,13.1938167],[80.2684481,13.1936953],[80.2685943,13.1936731],[80.2687418,13.1937136],[80.2687888,13.1938389],[80.268774,13.193912],[80.2686761,13.1940374],[80.268546,13.1940609],[80.2684294,13.1940387],[80.2683422,13.1939382]]]]}},
{"type":"Feature","properties":{"full_id":"w661178376","osm_id":"661178376","osm_type":"way","natural":"water","salt":null,"man_made":null,"layer":null,"covered":null,"landuse":null,"barrier":null,"tidal":null,"name:ta":null,"intermittent":null,"wikimedia_commons":null,"alt_name":null,"wetland":null,"place":null,"wikipedia":null,"wikidata":null,"name":"Natham Purampokku Pond","water":"pond","type":null},"geometry":{"type":"MultiPolygon","coordinates":[[[[80.2675349,13.2029043],[80.2675456,13.2027437],[80.2676556,13.2025935],[80.2678889,13.2025674],[80.2680257,13.2026497],[80.2679948,13.2027972],[80.2680297,13.202916],[80.2679439,13.2029721],[80.2677052,13.2029695],[80.2675858,13.202963],[80.2675349,13.2029043]]]]}},
{"type":"Feature","properties":{"full_id":"w661178377","osm_id":"661178377","osm_type":"way","natural":"water","salt":null,"man_made":null,"layer":null,"covered":null,"landuse":null,"barrier":null,"tidal":null,"name:ta":null,"intermittent":null,"wikimedia_commons":null,"alt_name":null,"wetland":null,"place":null,"wikipedia":null,"wikidata":null,"name":"Kanniyamman Kovil Street Pond","water":"pond","type":null},"geometry":{"type":"MultiPolygon","coordinates":[[[[80.2547742,13.1954084],[80.2547702,13.1951342],[80.2557278,13.1951642],[80.2557519,13.1954515],[80.2557211,13.1955128],[80.2555212,13.1955416],[80.2550411,13.1955507],[80.2548587,13.1954619],[80.2547742,13.1954084]]]]}},
{"type":"Feature","properties":{"full_id":"w666758423","osm_id":"666758423","osm_type":"way","natural":"water","salt":null,"man_made":null,"layer":null,"covered":null,"landuse":null,"barrier":null,"tidal":null,"name:ta":null,"intermittent":null,"wikimedia_commons":null,"alt_name":null,"wetland":null,"place":null,"wikipedia":null,"wikidata":null,"name":null,"water":"pond","type":null},"geometry":{"type":"MultiPolygon","coordinates":[[[[80.190802,13.1088153],[80.1905498,13.108879],[80.190405,13.1088426],[80.190363,13.1086925],[80.190377,13.1085424],[80.1903817,13.1084105],[80.1903724,13.1082377],[80.1903724,13.1081331],[80.1904564,13.1079784],[80.1905545,13.1079329],[80.1906946,13.1079739],[80.19083,13.1081421],[80.1909094,13.108265],[80.1911896,13.1082922],[80.191213,13.1085424],[80.1912363,13.1087334],[80.1911429,13.1088471],[80.1910121,13.1088744],[80.1909047,13.1088335],[80.190802,13.1088153]]]]}},
{"type":"Feature","properties":{"full_id":"w666758424","osm_id":"666758424","osm_type":"way","natural":"water","salt":null,"man_made":null,"layer":null,"covered":null,"landuse":null,"barrier":null,"tidal":null,"name:ta":null,"intermittent":null,"wikimedia_commons":null,"alt_name":null,"wetland":null,"place":null,"wikipedia":null,"wikidata":null,"name":null,"water":"pond","type":null},"geometry":{"type":"MultiPolygon","coordinates":[[[[80.1889388,13.1073721],[80.189614,13.1073776],[80.1895925,13.1071007],[80.1895872,13.1066304],[80.1895925,13.1063953],[80.1890346,13.1063117],[80.1889059,13.1063117],[80.1889649,13.1067767],[80.1889327,13.107038],[80.1889388,13.1073721]]]]}},
{"type":"Feature","properties":{"full_id":"w666765037","osm_id":"666765037","osm_type":"way","natural":"water","salt":null,"man_made":null,"layer":null,"covered":null,"landuse":null,"barrier":null,"tidal":null,"name:ta":null,"intermittent":null,"wikimedia_commons":null,"alt_name":null,"wetland":null,"place":null,"wikipedia":null,"wikidata":null,"name":null,"water":"pond","type":null},"geometry":{"type":"MultiPolygon","coordinates":[[[[80.2151631,12.9460187],[80.2153216,12.9459752],[80.2147931,12.944422],[80.2146102,12.9443943],[80.2148419,12.9450837],[80.2149395,12.9453016],[80.2150614,12.9456305],[80.2151631,12.9460187]]]]}},
{"type":"Feature","properties":{"full_id":"w666765038","osm_id":"666765038","osm_type":"way","natural":"water","salt":null,"man_made":null,"layer":null,"covered":null,"landuse":null,"barrier":null,"tidal":null,"name:ta":null,"intermittent":null,"wikimedia_commons":null,"alt_name":null,"wetland":null,"place":null,"wikipedia":null,"wikidata":null,"name":null,"water":"pond","type":null},"geometry":{"type":"MultiPolygon","coordinates":[[[[80.2124149,12.9476428],[80.2156092,12.9469874],[80.215357,12.9461181],[80.2150862,12.9461955],[80.2149461,12.9461636],[80.212952,12.9468509],[80.2128492,12.9466552],[80.2125877,12.9467052],[80.2124896,12.9469237],[80.2125083,12.9471057],[80.2124196,12.9474562],[80.2124149,12.9476428]]]]}},
{"type":"Feature","properties":{"full_id":"w666765040","osm_id":"666765040","osm_type":"way","natural":"water","salt":null,"man_made":null,"layer":null,"covered":null,"landuse":null,"barrier":null,"tidal":null,"name:ta":null,"intermittent":null,"wikimedia_commons":null,"alt_name":null,"wetland":null,"place":null,"wikipedia":null,"wikidata":null,"name":null,"water":"pond","type":null},"geometry":{"type":"MultiPolygon","coordinates":[[[[80.2124966,12.9455859],[80.2138696,12.9452946],[80.2145468,12.945149],[80.214486,12.9446074],[80.214402,12.9444663],[80.2130197,12.944753],[80.2126554,12.9448076],[80.2123285,12.9449032],[80.2124966,12.9455859]]]]}},
{"type":"Feature","properties":{"full_id":"w666765730","osm_id":"666765730","osm_type":"way","natural":"water","salt":null,"man_made":null,"layer":null,"covered":null,"landuse":null,"barrier":null,"tidal":null,"name:ta":null,"intermittent":null,"wikimedia_commons":null,"alt_name":null,"wetland":null,"place":null,"wikipedia":null,"wikidata":null,"name":null,"water":"pond","type":null},"geometry":{"type":"MultiPolygon","coordinates":[[[[80.2132186,12.9466072],[80.2149325,12.9460565],[80.2149932,12.9459928],[80.2147364,12.9453784],[80.213681,12.9456014],[80.21327,12.9457197],[80.2133074,12.9459291],[80.2131579,12.946234],[80.2130739,12.9462386],[80.2131299,12.9463842],[80.2132186,12.9466072]]]]}},
{"type":"Feature","properties":{"full_id":"w675826935","osm_id":"675826935","osm_type":"way","natural":"water","salt":null,"man_made":null,"layer":null,"covered":null,"landuse":null,"barrier":null,"tidal":null,"name:ta":null,"intermittent":null,"wikimedia_commons":null,"alt_name":null,"wetland":null,"place":null,"wikipedia":null,"wikidata":null,"name":null,"water":"reservoir","type":null},"geometry":{"type":"MultiPolygon","coordinates":[[[[80.2434175,13.0522631],[80.2432764,13.0518381],[80.2447287,13.0513805],[80.2448177,13.0516487],[80.2448698,13.0518055],[80.2434175,13.0522631]]]]}},
{"type":"Feature","properties":{"full_id":"w677255694","osm_id":"677255694","osm_type":"way","natural":"water","salt":null,"man_made":null,"layer":null,"covered":null,"landuse":null,"barrier":null,"tidal":null,"name:ta":null,"intermittent":null,"wikimedia_commons":null,"alt_name":null,"wetland":null,"place":null,"wikipedia":null,"wikidata":null,"name":"temple pond","water":null,"type":null},"geometry":{"type":"MultiPolygon","coordinates":[[[[80.2605483,12.9845351],[80.2605598,12.9847],[80.2607287,12.9846889],[80.260717,12.9845206],[80.2606328,12.9845262],[80.2606347,12.9845529],[80.2606078,12.9845547],[80.2606062,12.9845313],[80.2605483,12.9845351]]]]}},
{"type":"Feature","properties":{"full_id":"w682046324","osm_id":"682046324","osm_type":"way","natural":"water","salt":"no","man_made":null,"layer":null,"covered":null,"landuse":null,"barrier":null,"tidal":null,"name:ta":null,"intermittent":"yes","wikimedia_commons":null,"alt_name":null,"wetland":null,"place":null,"wikipedia":null,"wikidata":null,"name":"Tower park pond","water":"pond","type":null},"geometry":{"type":"MultiPolygon","coordinates":[[[[80.2140286,13.0873718],[80.2139416,13.0874142],[80.2138614,13.0875053],[80.2137377,13.0876454],[80.2137611,13.0877724],[80.2138146,13.0878245],[80.2139082,13.087844],[80.2140052,13.0878734],[80.2140887,13.0878082],[80.2141389,13.0877268],[80.2141155,13.0876421],[80.2141456,13.0875607],[80.2141824,13.0875705],[80.2142066,13.0875606],[80.214286,13.0875281],[80.214383,13.0875151],[80.2144967,13.0876258],[80.2145903,13.0877073],[80.2147374,13.0877822],[80.214811,13.0877757],[80.2147976,13.0876421],[80.2147909,13.0875053],[80.2146873,13.0873783],[80.2146003,13.0872806],[80.2145201,13.0873067],[80.2143997,13.0873099],[80.2143128,13.0873458],[80.214286,13.0873555],[80.2142191,13.0874109],[80.2141088,13.0874207],[80.2140286,13.0873718]]]]}},
{"type":"Feature","properties":{"full_id":"w733490385","osm_id":"733490385","osm_type":"way","natural":"water","salt":null,"man_made":null,"layer":null,"covered":null,"landuse":null,"barrier":null,"tidal":null,"name:ta":null,"intermittent":null,"wikimedia_commons":null,"alt_name":null,"wetland":null,"place":null,"wikipedia":null,"wikidata":null,"name":"Wipro CDC 5 Pond","water":"pond","type":null},"geometry":{"type":"MultiPolygon","coordinates":[[[[80.219952,12.9056931],[80.2200827,12.9057023],[80.2201131,12.9056362],[80.2201551,12.9056522],[80.2201621,12.9056021],[80.2202602,12.9055907],[80.2202648,12.9055316],[80.2202438,12.9054041],[80.2202158,12.9053904],[80.2201434,12.9054223],[80.2201037,12.9053904],[80.220064,12.9054086],[80.2200267,12.9053836],[80.2199963,12.9053722],[80.2199006,12.9054223],[80.2198912,12.9054405],[80.2199706,12.9055361],[80.2199566,12.905618],[80.2199356,12.9056658],[80.219952,12.9056931]]]]}},
{"type":"Feature","properties":{"full_id":"w733530086","osm_id":"733530086","osm_type":"way","natural":"water","salt":null,"man_made":null,"layer":null,"covered":null,"landuse":null,"barrier":null,"tidal":null,"name:ta":null,"intermittent":null,"wikimedia_commons":null,"alt_name":null,"wetland":null,"place":null,"wikipedia":null,"wikidata":null,"name":"Wipro CDC 5 Pond near Learning Centre","water":"pond","type":null},"geometry":{"type":"MultiPolygon","coordinates":[[[[80.2215702,12.9053219],[80.2216888,12.9053753],[80.221894,12.9054667],[80.2220568,12.9055547],[80.2221205,12.9054529],[80.2221506,12.9053305],[80.2221276,12.9051528],[80.2220763,12.9049803],[80.2219914,12.9048492],[80.221894,12.9047733],[80.2216781,12.9049286],[80.2215507,12.9050286],[80.2215118,12.9050441],[80.2215322,12.9051882],[80.2215702,12.9053219]]]]}},
{"type":"Feature","properties":{"full_id":"w733530089","osm_id":"733530089","osm_type":"way","natural":"water","salt":null,"man_made":null,"layer":null,"covered":null,"landuse":null,"barrier":null,"tidal":null,"name:ta":null,"intermittent":null,"wikimedia_commons":null,"alt_name":null,"wetland":null,"place":null,"wikipedia":null,"wikidata":null,"name":"Mini pond with artificial waterfall","water":"pond","type":null},"geometry":{"type":"MultiPolygon","coordinates":[[[[80.2256591,12.9085989],[80.22571,12.9086015],[80.2257368,12.908557],[80.2256939,12.9085139],[80.2256497,12.9085152],[80.2256296,12.9085596],[80.2256591,12.9085989]]]]}},
{"type":"Feature","properties":{"full_id":"w820175629","osm_id":"820175629","osm_type":"way","natural":"water","salt":null,"man_made":null,"layer":null,"covered":null,"landuse":null,"barrier":null,"tidal":null,"name:ta":null,"intermittent":null,"wikimedia_commons":null,"alt_name":null,"wetland":null,"place":null,"wikipedia":null,"wikidata":null,"name":null,"water":"pond","type":null},"geometry":{"type":"MultiPolygon","coordinates":[[[[80.2356185,12.9672534],[80.2357356,12.9672774],[80.2359174,12.9672684],[80.236056,12.9672684],[80.2362163,12.9672654],[80.2362409,12.9672294],[80.236207,12.9669652],[80.2361392,12.9668871],[80.2359082,12.9669772],[80.2356432,12.9670943],[80.2355939,12.9671843],[80.2355877,12.9672384],[80.2356185,12.9672534]]]]}},
{"type":"Feature","properties":{"full_id":"w834888383","osm_id":"834888383","osm_type":"way","natural":"water","salt":"no","man_made":null,"layer":null,"covered":null,"landuse":null,"barrier":null,"tidal":null,"name:ta":null,"intermittent":"yes","wikimedia_commons":null,"alt_name":null,"wetland":null,"place":null,"wikipedia":null,"wikidata":null,"name":null,"water":"pond","type":null},"geometry":{"type":"MultiPolygon","coordinates":[[[[80.1616421,13.1216954],[80.1615518,13.1209288],[80.1620288,13.1207185],[80.1625628,13.1207893],[80.1626884,13.1214393],[80.1623292,13.1214756],[80.1623684,13.1216935],[80.1616421,13.1216954]]]]}},
{"type":"Feature","properties":{"full_id":"w840519180","osm_id":"840519180","osm_type":"way","natural":"water","salt":null,"man_made":null,"layer":null,"covered":null,"landuse":null,"barrier":null,"tidal":null,"name:ta":null,"intermittent":null,"wikimedia_commons":null,"alt_name":null,"wetland":null,"place":null,"wikipedia":null,"wikidata":null,"name":null,"water":"pond","type":null},"geometry":{"type":"MultiPolygon","coordinates":[[[[80.1616069,13.1192087],[80.1615769,13.118992],[80.1616431,13.1188914],[80.1616957,13.1188423],[80.1617734,13.1188102],[80.1618186,13.1188755],[80.1618489,13.118972],[80.1619486,13.1190031],[80.1619688,13.1191227],[80.1619461,13.1191731],[80.1616069,13.1192087]]]]}},
{"type":"Feature","properties":{"full_id":"w840880636","osm_id":"840880636","osm_type":"way","natural":"water","salt":null,"man_made":null,"layer":null,"covered":null,"landuse":null,"barrier":null,"tidal":null,"name:ta":null,"intermittent":null,"wikimedia_commons":null,"alt_name":null,"wetland":null,"place":null,"wikipedia":null,"wikidata":null,"name":null,"water":"basin","type":null},"geometry":{"type":"MultiPolygon","coordinates":[[[[80.2702541,13.1607554],[80.2702551,13.1607918],[80.2711166,13.1607685],[80.2710986,13.1601417],[80.2710794,13.1601442],[80.2702541,13.1607554]]]]}},
{"type":"Feature","properties":{"full_id":"w840880637","osm_id":"840880637","osm_type":"way","natural":"water","salt":null,"man_made":null,"layer":null,"covered":null,"landuse":null,"barrier":null,"tidal":null,"name:ta":null,"intermittent":null,"wikimedia_commons":null,"alt_name":null,"wetland":null,"place":null,"wikipedia":null,"wikidata":null,"name":null,"water":"basin","type":null},"geometry":{"type":"MultiPolygon","coordinates":[[[[80.2768037,13.1719841],[80.2762899,13.1721522],[80.2761725,13.1726393],[80.276716,13.1727636],[80.2768988,13.1720058],[80.2768037,13.1719841]]]]}},
{"type":"Feature","properties":{"full_id":"w840880638","osm_id":"840880638","osm_type":"way","natural":"water","salt":null,"man_made":null,"layer":null,"covered":null,"landuse":null,"barrier":null,"tidal":null,"name:ta":null,"intermittent":null,"wikimedia_commons":null,"alt_name":null,"wetland":null,"place":null,"wikipedia":null,"wikidata":null,"name":null,"water":"basin","type":null},"geometry":{"type":"MultiPolygon","coordinates":[[[[80.2811811,13.1757664],[80.2811686,13.1756663],[80.2806978,13.175722],[80.2807103,13.1758222],[80.2811811,13.1757664]]]]}},
{"type":"Feature","properties":{"full_id":"w840880639","osm_id":"840880639","osm_type":"way","natural":"water","salt":null,"man_made":null,"layer":null,"covered":null,"landuse":null,"barrier":null,"tidal":null,"name:ta":null,"intermittent":null,"wikimedia_commons":null,"alt_name":null,"wetland":null,"place":null,"wikipedia":null,"wikidata":null,"name":null,"water":"basin","type":null},"geometry":{"type":"MultiPolygon","coordinates":[[[[80.2809161,13.1755214],[80.2804493,13.1755731],[80.2804272,13.1753838],[80.280894,13.1753322],[80.2809161,13.1755214]]]]}},
{"type":"Feature","properties":{"full_id":"w840880646","osm_id":"840880646","osm_type":"way","natural":"water","salt":null,"man_made":null,"layer":null,"covered":null,"landuse":null,"barrier":null,"tidal":null,"name:ta":null,"intermittent":null,"wikimedia_commons":null,"alt_name":null,"wetland":null,"place":null,"wikipedia":null,"wikidata":null,"name":null,"water":"basin","type":null},"geometry":{"type":"MultiPolygon","coordinates":[[[[80.2809004,13.1773521],[80.2812356,13.1772946],[80.2811305,13.1767131],[80.2807938,13.1767708],[80.2809004,13.1773521]]]]}},
{"type":"Feature","properties":{"full_id":"w840880647","osm_id":"840880647","osm_type":"way","natural":"water","salt":null,"man_made":null,"layer":null,"covered":null,"landuse":null,"barrier":null,"tidal":null,"name:ta":null,"intermittent":null,"wikimedia_commons":null,"alt_name":null,"wetland":null,"place":null,"wikipedia":null,"wikidata":null,"name":null,"water":"basin","type":null},"geometry":{"type":"MultiPolygon","coordinates":[[[[80.2804135,13.176836],[80.2802612,13.176862],[80.2803664,13.1774436],[80.2805238,13.1774166],[80.2804135,13.176836]]]]}},
{"type":"Feature","properties":{"full_id":"w840880648","osm_id":"840880648","osm_type":"way","natural":"water","salt":null,"man_made":null,"layer":null,"covered":null,"landuse":null,"barrier":null,"tidal":null,"name:ta":null,"intermittent":null,"wikimedia_commons":null,"alt_name":null,"wetland":null,"place":null,"wikipedia":null,"wikidata":null,"name":null,"water":"basin","type":null},"geometry":{"type":"MultiPolygon","coordinates":[[[[80.2807938,13.1767708],[80.2804263,13.1768337],[80.2805333,13.177415],[80.2809004,13.1773521],[80.2807938,13.1767708]]]]}},
{"type":"Feature","properties":{"full_id":"w840880649","osm_id":"840880649","osm_type":"way","natural":"water","salt":null,"man_made":null,"layer":null,"covered":null,"landuse":null,"barrier":null,"tidal":null,"name:ta":null,"intermittent":null,"wikimedia_commons":null,"alt_name":null,"wetland":null,"place":null,"wikipedia":null,"wikidata":null,"name":null,"water":"basin","type":null},"geometry":{"type":"MultiPolygon","coordinates":[[[[80.2697806,13.1724025],[80.2702908,13.1723894],[80.2702626,13.1713917],[80.2697551,13.1714048],[80.2697806,13.1724025]]]]}},
{"type":"Feature","properties":{"full_id":"w840880650","osm_id":"840880650","osm_type":"way","natural":"water","salt":null,"man_made":null,"layer":null,"covered":null,"landuse":null,"barrier":null,"tidal":null,"name:ta":null,"intermittent":null,"wikimedia_commons":null,"alt_name":null,"wetland":null,"place":null,"wikipedia":null,"wikidata":null,"name":null,"water":"basin","type":null},"geometry":{"type":"MultiPolygon","coordinates":[[[[80.2697551,13.1714048],[80.2692448,13.1714171],[80.2692703,13.1724148],[80.2697806,13.1724025],[80.2697551,13.1714048]]]]}},
{"type":"Feature","properties":{"full_id":"w843608975","osm_id":"843608975","osm_type":"way","natural":"water","salt":null,"man_made":null,"layer":null,"covered":null,"landuse":null,"barrier":null,"tidal":null,"name:ta":null,"intermittent":null,"wikimedia_commons":null,"alt_name":null,"wetland":null,"place":null,"wikipedia":null,"wikidata":null,"name":null,"water":"ditch","type":null},"geometry":{"type":"MultiPolygon","coordinates":[[[[80.1738415,13.1151562],[80.1738001,13.1153344],[80.1738225,13.1153496],[80.1739952,13.1152874],[80.1741765,13.1151629],[80.1741852,13.1150855],[80.174142,13.1150334],[80.1741541,13.1149392],[80.1742715,13.1147929],[80.1743061,13.1147676],[80.1743164,13.1147205],[80.1742681,13.1146465],[80.174197,13.1144705],[80.1729296,13.1145581],[80.1719031,13.1145997],[80.1706998,13.1146532],[80.1693607,13.1147007],[80.1682061,13.1147349],[80.166837,13.1147982],[80.1666723,13.1148249],[80.166532,13.114811],[80.1662212,13.1148005],[80.1650475,13.1147571],[80.1643261,13.1147794],[80.1637008,13.1147735],[80.163289,13.1147081],[80.1619987,13.1145967],[80.1609539,13.1145462],[80.160019,13.1145106],[80.1584923,13.1144318],[80.1577511,13.1143947],[80.156627,13.1143858],[80.1553825,13.1144393],[80.1550073,13.1144615],[80.154565,13.1144794],[80.1545665,13.1144987],[80.1547938,13.1144868],[80.1551034,13.1144749],[80.1553245,13.1144556],[80.1554603,13.1144497],[80.1559712,13.1144259],[80.1565935,13.1144036],[80.1579082,13.1144185],[80.1587684,13.114466],[80.1603515,13.1145611],[80.1606807,13.1145422],[80.1613863,13.1145722],[80.1616282,13.1146529],[80.162593,13.1146772],[80.1629843,13.114756],[80.1631842,13.1148417],[80.1636481,13.1148325],[80.1638087,13.1148359],[80.1643035,13.1148962],[80.165003,13.1149101],[80.1656073,13.1148591],[80.1659713,13.1148637],[80.1662603,13.1148672],[80.1668694,13.1148707],[80.1683278,13.114844],[80.1692152,13.1148174],[80.1694864,13.1148186],[80.1695768,13.1147664],[80.1702703,13.1147236],[80.1708139,13.114749],[80.1712675,13.114709],[80.1718464,13.114708],[80.1733694,13.1146881],[80.1739324,13.1146595],[80.1740562,13.114728],[80.1741112,13.1147965],[80.1740728,13.1149098],[80.1740556,13.115051],[80.1738415,13.1151562]]]]}},
{"type":"Feature","properties":{"full_id":"w847263340","osm_id":"847263340","osm_type":"way","natural":"water","salt":null,"man_made":null,"layer":null,"covered":null,"landuse":null,"barrier":null,"tidal":null,"name:ta":null,"intermittent":null,"wikimedia_commons":null,"alt_name":null,"wetland":null,"place":null,"wikipedia":null,"wikidata":null,"name":null,"water":"reservoir","type":null},"geometry":{"type":"MultiPolygon","coordinates":[[[[80.2132591,12.9608314],[80.2132007,12.96064],[80.2136696,12.9604761],[80.2139439,12.9610745],[80.2139209,12.9610866],[80.2139209,12.9611539],[80.2139722,12.9611435],[80.2139598,12.9612332],[80.2137581,12.9612746],[80.2137068,12.9611608],[80.2136254,12.9611487],[80.2134095,12.9612056],[80.2134579,12.9613647],[80.2132402,12.9614085],[80.2131535,12.9614158],[80.213095,12.9612912],[80.2130657,12.9612627],[80.2129641,12.9613197],[80.2130303,12.9614766],[80.2129887,12.9614789],[80.2129094,12.9612267],[80.213189,12.9611201],[80.213239,12.9612589],[80.21338,12.9612297],[80.2133278,12.9610696],[80.213473,12.9610179],[80.2133965,12.9607865],[80.2132591,12.9608314]]]]}},
{"type":"Feature","properties":{"full_id":"w876012418","osm_id":"876012418","osm_type":"way","natural":"water","salt":null,"man_made":"clarifier","layer":null,"covered":null,"landuse":null,"barrier":null,"tidal":null,"name:ta":null,"intermittent":null,"wikimedia_commons":null,"alt_name":null,"wetland":null,"place":null,"wikipedia":null,"wikidata":null,"name":null,"water":"wastewater","type":null},"geometry":{"type":"MultiPolygon","coordinates":[[[[80.2334926,12.9579129],[80.2335186,12.9578864],[80.2335498,12.9578659],[80.2335847,12.9578522],[80.2336217,12.957846],[80.2336593,12.9578476],[80.2336946,12.9578565],[80.2337272,12.9578723],[80.2337559,12.9578942],[80.2337793,12.9579213],[80.2337966,12.9579526],[80.2338069,12.9579866],[80.2338099,12.958022],[80.2338053,12.9580572],[80.2337935,12.9580908],[80.2337749,12.9581213],[80.2337503,12.9581474],[80.2337207,12.9581681],[80.2336873,12.9581825],[80.2336517,12.9581898],[80.2336153,12.95819],[80.2335785,12.9581825],[80.2335441,12.9581676],[80.2335138,12.958146],[80.2334888,12.9581186],[80.2334703,12.9580866],[80.2334591,12.9580516],[80.2334558,12.9580151],[80.2334605,12.9579788],[80.2334729,12.9579442],[80.2334926,12.9579129]]]]}},
{"type":"Feature","properties":{"full_id":"w876012419","osm_id":"876012419","osm_type":"way","natural":"water","salt":null,"man_made":"clarifier","layer":null,"covered":null,"landuse":null,"barrier":null,"tidal":null,"name:ta":null,"intermittent":null,"wikimedia_commons":null,"alt_name":null,"wetland":null,"place":null,"wikipedia":null,"wikidata":null,"name":null,"water":"wastewater","type":null},"geometry":{"type":"MultiPolygon","coordinates":[[[[80.2334155,12.9575496],[80.2334337,12.9575169],[80.2334586,12.9574888],[80.2334891,12.9574665],[80.2335238,12.9574511],[80.2335611,12.9574434],[80.2335969,12.9574433],[80.2336321,12.9574503],[80.233665,12.9574641],[80.2336945,12.957484],[80.2337192,12.9575093],[80.2337381,12.957539],[80.2337506,12.9575718],[80.233756,12.9576063],[80.2337541,12.9576412],[80.2337451,12.957675],[80.2337293,12.9577064],[80.2337073,12.957734],[80.23368,12.9577567],[80.2336486,12.9577735],[80.2336144,12.9577839],[80.2335764,12.9577873],[80.2335386,12.9577827],[80.2335026,12.9577703],[80.2334702,12.9577507],[80.2334429,12.9577248],[80.2334219,12.9576938],[80.2334082,12.9576591],[80.2334025,12.9576224],[80.2334049,12.9575853],[80.2334155,12.9575496]]]]}},
{"type":"Feature","properties":{"full_id":"w876012420","osm_id":"876012420","osm_type":"way","natural":"water","salt":null,"man_made":"clarifier","layer":null,"covered":null,"landuse":null,"barrier":null,"tidal":null,"name:ta":null,"intermittent":null,"wikimedia_commons":null,"alt_name":null,"wetland":null,"place":null,"wikipedia":null,"wikidata":null,"name":null,"water":"wastewater","type":null},"geometry":{"type":"MultiPolygon","coordinates":[[[[80.2328753,12.9564513],[80.2329249,12.9564524],[80.232971,12.95647],[80.2330084,12.9565018],[80.2330324,12.956544],[80.2330402,12.9565917],[80.2330309,12.9566392],[80.2330055,12.9566807],[80.2329672,12.9567114],[80.2329205,12.9567275],[80.232871,12.9567272],[80.23283,12.9567135],[80.2327952,12.9566885],[80.2327695,12.9566546],[80.2327554,12.9566147],[80.2327542,12.9565725],[80.2327659,12.9565319],[80.2327894,12.9564966],[80.2328283,12.9564666],[80.2328753,12.9564513]]]]}},
{"type":"Feature","properties":{"full_id":"w876012421","osm_id":"876012421","osm_type":"way","natural":"water","salt":null,"man_made":"clarifier","layer":null,"covered":null,"landuse":null,"barrier":null,"tidal":null,"name:ta":null,"intermittent":null,"wikimedia_commons":null,"alt_name":null,"wetland":null,"place":null,"wikipedia":null,"wikidata":null,"name":null,"water":"wastewater","type":null},"geometry":{"type":"MultiPolygon","coordinates":[[[[80.2336443,12.9564777],[80.2336671,12.9564463],[80.2336959,12.95642],[80.2337294,12.9563998],[80.2337664,12.9563864],[80.2338054,12.9563805],[80.2338448,12.9563822],[80.2338818,12.9563911],[80.2339164,12.9564067],[80.2339473,12.9564285],[80.2339733,12.9564557],[80.2339935,12.9564873],[80.2340071,12.956522],[80.2340136,12.9565587],[80.2340128,12.9565958],[80.2340047,12.9566322],[80.2339895,12.9566663],[80.233968,12.956697],[80.2339408,12.956723],[80.2339089,12.9567435],[80.2338736,12.9567577],[80.2338362,12.956765],[80.2337981,12.9567651],[80.2337594,12.9567578],[80.2337229,12.9567431],[80.2336902,12.9567217],[80.2336624,12.9566944],[80.2336408,12.9566622],[80.2336261,12.9566266],[80.233619,12.9565888],[80.2336198,12.9565503],[80.2336283,12.9565128],[80.2336443,12.9564777]]]]}},
{"type":"Feature","properties":{"full_id":"w876012422","osm_id":"876012422","osm_type":"way","natural":"water","salt":null,"man_made":"clarifier","layer":null,"covered":null,"landuse":null,"barrier":null,"tidal":null,"name:ta":null,"intermittent":null,"wikimedia_commons":null,"alt_name":null,"wetland":null,"place":null,"wikipedia":null,"wikidata":null,"name":null,"water":"wastewater","type":null},"geometry":{"type":"MultiPolygon","coordinates":[[[[80.2337688,12.9559477],[80.233834,12.9559571],[80.2338922,12.9559875],[80.2339364,12.9560351],[80.2339616,12.9560945],[80.2339648,12.9561587],[80.2339457,12.9562201],[80.2339063,12.9562717],[80.2338515,12.9563074],[80.2337875,12.956323],[80.2337219,12.9563167],[80.2336679,12.9562929],[80.2336239,12.9562542],[80.233594,12.9562043],[80.233581,12.956148],[80.2335862,12.9560904],[80.2336091,12.9560372],[80.2336476,12.9559932],[80.2337041,12.9559602],[80.2337688,12.9559477]]]]}},
{"type":"Feature","properties":{"full_id":"w876012423","osm_id":"876012423","osm_type":"way","natural":"water","salt":null,"man_made":"clarifier","layer":null,"covered":null,"landuse":null,"barrier":null,"tidal":null,"name:ta":null,"intermittent":null,"wikimedia_commons":null,"alt_name":null,"wetland":null,"place":null,"wikipedia":null,"wikidata":null,"name":null,"water":"wastewater","type":null},"geometry":{"type":"MultiPolygon","coordinates":[[[[80.234607,12.9573132],[80.2346624,12.9573271],[80.2347099,12.9573583],[80.2347441,12.957403],[80.2347611,12.9574562],[80.234759,12.957512],[80.2347381,12.9575639],[80.2347006,12.957606],[80.2346509,12.9576337],[80.2345946,12.9576437],[80.2345381,12.9576349],[80.2344906,12.9576104],[80.2344534,12.9575728],[80.23443,12.9575257],[80.2344229,12.9574738],[80.2344328,12.9574224],[80.2344586,12.9573766],[80.2344978,12.9573409],[80.23455,12.9573179],[80.234607,12.9573132]]]]}},
{"type":"Feature","properties":{"full_id":"w876012424","osm_id":"876012424","osm_type":"way","natural":"water","salt":null,"man_made":"clarifier","layer":null,"covered":null,"landuse":null,"barrier":null,"tidal":null,"name:ta":null,"intermittent":null,"wikimedia_commons":null,"alt_name":null,"wetland":null,"place":null,"wikipedia":null,"wikidata":null,"name":null,"water":"wastewater","type":null},"geometry":{"type":"MultiPolygon","coordinates":[[[[80.234659,12.9577584],[80.2347117,12.9577734],[80.2347561,12.9578047],[80.234787,12.9578489],[80.2348009,12.9579006],[80.234796,12.9579538],[80.234773,12.9580023],[80.2347345,12.9580404],[80.2346851,12.9580636],[80.2346305,12.9580692],[80.2345773,12.9580566],[80.2345358,12.958031],[80.2345043,12.9579943],[80.2344856,12.9579501],[80.2344815,12.9579025],[80.2344925,12.9578559],[80.2345174,12.9578147],[80.2345539,12.9577827],[80.2346043,12.9577617],[80.234659,12.9577584]]]]}},
{"type":"Feature","properties":{"full_id":"w876012427","osm_id":"876012427","osm_type":"way","natural":"water","salt":null,"man_made":"clarifier","layer":null,"covered":null,"landuse":null,"barrier":null,"tidal":null,"name:ta":null,"intermittent":null,"wikimedia_commons":null,"alt_name":null,"wetland":null,"place":null,"wikipedia":null,"wikidata":null,"name":null,"water":"wastewater","type":null},"geometry":{"type":"MultiPolygon","coordinates":[[[[80.2347502,12.9562087],[80.2348031,12.9562073],[80.2348533,12.9562236],[80.2348948,12.9562556],[80.2349227,12.9562994],[80.2349336,12.9563498],[80.2349262,12.9564009],[80.2349013,12.9564464],[80.2348621,12.956481],[80.2348131,12.9565005],[80.2347602,12.9565025],[80.2347161,12.9564899],[80.2346779,12.9564651],[80.2346489,12.9564304],[80.2346318,12.9563888],[80.2346281,12.9563441],[80.2346383,12.9563005],[80.2346613,12.9562617],[80.234701,12.9562276],[80.2347502,12.9562087]]]]}},
{"type":"Feature","properties":{"full_id":"w876012428","osm_id":"876012428","osm_type":"way","natural":"water","salt":null,"man_made":"clarifier","layer":null,"covered":null,"landuse":null,"barrier":null,"tidal":null,"name:ta":null,"intermittent":null,"wikimedia_commons":null,"alt_name":null,"wetland":null,"place":null,"wikipedia":null,"wikidata":null,"name":null,"water":"wastewater","type":null},"geometry":{"type":"MultiPolygon","coordinates":[[[[80.2347005,12.9558374],[80.2347519,12.9558347],[80.2348015,12.9558482],[80.2348441,12.9558765],[80.2348751,12.9559166],[80.2348914,12.9559642],[80.2348911,12.9560144],[80.2348743,12.9560619],[80.2348428,12.9561017],[80.2347999,12.9561295],[80.2347501,12.9561424],[80.2346987,12.9561391],[80.2346491,12.9561188],[80.2346094,12.9560834],[80.234584,12.9560372],[80.2345759,12.9559853],[80.2345861,12.9559339],[80.2346134,12.9558886],[80.2346526,12.9558561],[80.2347005,12.9558374]]]]}},
{"type":"Feature","properties":{"full_id":"w876012429","osm_id":"876012429","osm_type":"way","natural":"water","salt":null,"man_made":"clarifier","layer":null,"covered":null,"landuse":null,"barrier":null,"tidal":null,"name:ta":null,"intermittent":null,"wikimedia_commons":null,"alt_name":null,"wetland":null,"place":null,"wikipedia":null,"wikidata":null,"name":null,"water":"wastewater","type":null},"geometry":{"type":"MultiPolygon","coordinates":[[[[80.2346196,12.9554779],[80.2346545,12.9554619],[80.2346907,12.9554564],[80.234727,12.9554608],[80.2347607,12.9554747],[80.2347891,12.9554971],[80.2348102,12.9555262],[80.2348223,12.9555599],[80.2348245,12.9555955],[80.2348165,12.9556303],[80.2347991,12.9556616],[80.2347735,12.9556871],[80.2347417,12.9557048],[80.2347041,12.9557134],[80.2346656,12.9557111],[80.2346293,12.9556981],[80.2345985,12.9556754],[80.2345758,12.955645],[80.234563,12.9556094],[80.2345613,12.9555718],[80.2345709,12.9555354],[80.2345909,12.9555032],[80.2346196,12.9554779]]]]}},
{"type":"Feature","properties":{"full_id":"w931667168","osm_id":"931667168","osm_type":"way","natural":"water","salt":null,"man_made":null,"layer":null,"covered":null,"landuse":null,"barrier":null,"tidal":null,"name:ta":null,"intermittent":null,"wikimedia_commons":null,"alt_name":null,"wetland":null,"place":null,"wikipedia":null,"wikidata":null,"name":"Omakulam","water":null,"type":null},"geometry":{"type":"MultiPolygon","coordinates":[[[[80.225343,13.1548142],[80.2254564,13.154841],[80.2255784,13.1548677],[80.2257608,13.1549187],[80.2258936,13.1548932],[80.226198,13.1548736],[80.2262624,13.1548449],[80.2262925,13.1546784],[80.2263301,13.1544231],[80.2262912,13.1543721],[80.2260498,13.1542239],[80.2258936,13.1540613],[80.2258211,13.154047],[80.2257393,13.154094],[80.2254537,13.1543003],[80.2253558,13.1543663],[80.2252954,13.154491],[80.2252646,13.1546849],[80.2252874,13.1547744],[80.225343,13.1548142]]]]}},
{"type":"Feature","properties":{"full_id":"w932267465","osm_id":"932267465","osm_type":"way","natural":"water","salt":null,"man_made":null,"layer":null,"covered":null,"landuse":null,"barrier":null,"tidal":null,"name:ta":null,"intermittent":null,"wikimedia_commons":null,"alt_name":null,"wetland":null,"place":null,"wikipedia":null,"wikidata":null,"name":"Gangaiamman Temple Pond","water":"pond","type":null},"geometry":{"type":"MultiPolygon","coordinates":[[[[80.1852865,12.9698645],[80.1862327,12.9698242],[80.1860899,12.9692743],[80.1858207,12.9690464],[80.1855976,12.9690464],[80.1853507,12.9691139],[80.1852449,12.9691481],[80.185212,12.9692081],[80.1852273,12.9693928],[80.1852544,12.9696423],[80.1852865,12.9698645]]]]}},
{"type":"Feature","properties":{"full_id":"w941826278","osm_id":"941826278","osm_type":"way","natural":null,"salt":null,"man_made":null,"layer":null,"covered":null,"landuse":null,"barrier":null,"tidal":null,"name:ta":null,"intermittent":null,"wikimedia_commons":null,"alt_name":null,"wetland":null,"place":"island","wikipedia":null,"wikidata":null,"name":null,"water":null,"type":null},"geometry":{"type":"MultiPolygon","coordinates":[[[[80.2604384,13.2343789],[80.2616562,13.2335745],[80.2618804,13.2334264],[80.2632537,13.2320645],[80.2639403,13.2310034],[80.2641721,13.2301762],[80.2642751,13.2286806],[80.2643008,13.2272769],[80.2647042,13.226433],[80.2654767,13.2255223],[80.2665324,13.2249792],[80.2668414,13.2244779],[80.2669959,13.2237426],[80.2670529,13.2234958],[80.2671504,13.2230741],[80.2675366,13.2226396],[80.2682404,13.2222887],[80.2693219,13.2216955],[80.2698455,13.2209351],[80.2700429,13.221002],[80.269751,13.2217874],[80.2698025,13.2228235],[80.2702489,13.2239431],[80.27109,13.2247452],[80.2719655,13.2255139],[80.2724633,13.2261991],[80.2727122,13.227302],[80.2724633,13.2281041],[80.2720256,13.2289229],[80.2718367,13.2296916],[80.2718968,13.2306274],[80.2720771,13.2319893],[80.272223,13.2328666],[80.2722659,13.2337522],[80.2722144,13.2363256],[80.271914,13.2374535],[80.2710299,13.238523],[80.2697425,13.2395506],[80.2691962,13.2399067],[80.2688765,13.2405177],[80.2683263,13.2419568],[80.2676911,13.2432435],[80.2670903,13.2444299],[80.266232,13.2451985],[80.2652535,13.2456413],[80.2637086,13.2460173],[80.2627043,13.246577],[80.2615714,13.2473874],[80.2602324,13.2478052],[80.2592196,13.2477467],[80.258121,13.247471],[80.2570481,13.2469697],[80.2559924,13.2467274],[80.2555547,13.2466021],[80.2552628,13.2457833],[80.2549968,13.2444633],[80.2545504,13.2434356],[80.2538724,13.2425918],[80.2528338,13.2420153],[80.2525935,13.2412634],[80.2533917,13.2397177],[80.2545762,13.2395256],[80.255692,13.2392833],[80.2563615,13.2384645],[80.2568764,13.2365595],[80.257194,13.2353146],[80.2576309,13.2349303],[80.2587724,13.2347956],[80.2596718,13.2346946],[80.2604384,13.2343789]]]]}},
{"type":"Feature","properties":{"full_id":"w941826279","osm_id":"941826279","osm_type":"way","natural":"wetland","salt":null,"man_made":null,"layer":null,"covered":null,"landuse":null,"barrier":null,"tidal":null,"name:ta":null,"intermittent":null,"wikimedia_commons":null,"alt_name":null,"wetland":null,"place":null,"wikipedia":null,"wikidata":null,"name":null,"water":null,"type":null},"geometry":{"type":"MultiPolygon","coordinates":[[[[80.2834844,13.205705],[80.2842998,13.2047607],[80.2853813,13.2036661],[80.2862654,13.2026968],[80.285819,13.2023709],[80.2850895,13.2030812],[80.2840338,13.2035658],[80.2827978,13.2035909],[80.2827635,13.2030561],[80.282609,13.2025129],[80.282094,13.2030644],[80.2819052,13.2030143],[80.2818964,13.2021642],[80.2818955,13.2020772],[80.2818204,13.2018899],[80.2817552,13.2016357],[80.2816691,13.2013488],[80.2816123,13.2011711],[80.2816196,13.2010253],[80.2816638,13.2008422],[80.2817147,13.2006116],[80.2818254,13.2003939],[80.2819238,13.2001778],[80.2819768,13.1999191],[80.2820124,13.1998003],[80.2820868,13.1996536],[80.2822426,13.1994639],[80.2824059,13.1992404],[80.2824932,13.1990811],[80.2844543,13.1981259],[80.2855701,13.1979003],[80.2866173,13.1981593],[80.2878699,13.1989422],[80.2890801,13.1994687],[80.2906422,13.200438],[80.2910628,13.201399],[80.2922559,13.2022764],[80.2929682,13.2030117],[80.2931227,13.203839],[80.2935433,13.2043184],[80.293303,13.2045576],[80.2923417,13.2050423],[80.2915349,13.2052345],[80.2907796,13.2049587],[80.2900843,13.2044824],[80.2895179,13.2042067],[80.2894234,13.2034797],[80.2889943,13.2028697],[80.2884278,13.2024519],[80.2880158,13.2024352],[80.288033,13.2027861],[80.2887368,13.2032374],[80.2889685,13.2039309],[80.2891059,13.2044406],[80.2887711,13.204683],[80.2881188,13.2052345],[80.2877326,13.2060868],[80.2872948,13.2071397],[80.2866339,13.2081006],[80.2859044,13.2085268],[80.2853465,13.2085268],[80.2844195,13.2081507],[80.2834239,13.2081758],[80.2828746,13.2082259],[80.2828574,13.2073402],[80.2830977,13.2063208],[80.2834844,13.205705]]]]}},
{"type":"Feature","properties":{"full_id":"w941826280","osm_id":"941826280","osm_type":"way","natural":"wetland","salt":null,"man_made":null,"layer":null,"covered":null,"landuse":null,"barrier":null,"tidal":null,"name:ta":null,"intermittent":null,"wikimedia_commons":null,"alt_name":null,"wetland":null,"place":null,"wikipedia":null,"wikidata":null,"name":null,"water":null,"type":null},"geometry":{"type":"MultiPolygon","coordinates":[[[[80.3059049,13.2031004],[80.3052411,13.202941],[80.3042369,13.202799],[80.3034301,13.2027655],[80.3028378,13.2029661],[80.3023057,13.2033588],[80.3017049,13.2039103],[80.3015074,13.2044284],[80.30125,13.2047292],[80.3008466,13.2049298],[80.300426,13.2049883],[80.3000655,13.2048044],[80.2994733,13.2044535],[80.2990012,13.2042947],[80.2979712,13.2042529],[80.2973113,13.2042652],[80.2960667,13.2041983],[80.29532,13.2040646],[80.2947863,13.2037087],[80.2946934,13.2036468],[80.2941785,13.2029365],[80.2936721,13.2023934],[80.2922816,13.2012486],[80.2905478,13.1997194],[80.2897496,13.198725],[80.2884364,13.1977306],[80.2872348,13.1971038],[80.2867117,13.1968641],[80.2865486,13.1966552],[80.2866945,13.1962875],[80.2875528,13.1957861],[80.2887974,13.1948167],[80.2905054,13.1941566],[80.291398,13.1936886],[80.292325,13.1931204],[80.2928057,13.1925438],[80.2930975,13.1918335],[80.2935352,13.190463],[80.2938957,13.1889839],[80.2945738,13.1873042],[80.295166,13.1859838],[80.2957668,13.1853905],[80.2961598,13.1852408],[80.2966686,13.1853455],[80.2975964,13.1858244],[80.2982099,13.1866922],[80.298988,13.1877846],[80.2997104,13.1894641],[80.3001333,13.1905424],[80.3010423,13.1917897],[80.301888,13.1928679],[80.3024377,13.1947707],[80.3029028,13.1960814],[80.3030085,13.1969482],[80.3029239,13.1974979],[80.3025223,13.1975191],[80.3023108,13.1981744],[80.30248,13.1989778],[80.3030296,13.1996966],[80.3036428,13.2000772],[80.304425,13.2008383],[80.3050381,13.2014937],[80.3056512,13.2024662],[80.3062009,13.202741],[80.3063066,13.2029736],[80.3059049,13.2031004]]]]}},
{"type":"Feature","properties":{"full_id":"w1062025017","osm_id":"1062025017","osm_type":"way","natural":"water","salt":null,"man_made":null,"layer":null,"covered":null,"landuse":null,"barrier":null,"tidal":null,"name:ta":null,"intermittent":null,"wikimedia_commons":null,"alt_name":null,"wetland":null,"place":null,"wikipedia":null,"wikidata":null,"name":null,"water":"wastewater","type":null},"geometry":{"type":"MultiPolygon","coordinates":[[[[80.261006,13.1370705],[80.2610451,13.1371146],[80.2610696,13.1371745],[80.2610717,13.137239],[80.261051,13.1373003],[80.2610101,13.137351],[80.2609538,13.137385],[80.260889,13.1373983],[80.2608234,13.1373892],[80.260765,13.1373589],[80.2607207,13.1373109],[80.2606974,13.1372572],[80.2606922,13.1371992],[80.2607058,13.1371425],[80.2607367,13.1370926],[80.2607819,13.1370545],[80.260837,13.1370319],[80.2608966,13.137027],[80.2609549,13.1370403],[80.261006,13.1370705]]]]}},
{"type":"Feature","properties":{"full_id":"w1062025018","osm_id":"1062025018","osm_type":"way","natural":"water","salt":null,"man_made":null,"layer":null,"covered":null,"landuse":null,"barrier":null,"tidal":null,"name:ta":null,"intermittent":null,"wikimedia_commons":null,"alt_name":null,"wetland":null,"place":null,"wikipedia":null,"wikidata":null,"name":null,"water":"wastewater","type":null},"geometry":{"type":"MultiPolygon","coordinates":[[[[80.260409,13.1371687],[80.2604667,13.1371993],[80.2605103,13.1372471],[80.2605335,13.1373011],[80.2605382,13.1373595],[80.260524,13.1374164],[80.2604923,13.1374662],[80.2604463,13.1375039],[80.2603905,13.1375258],[80.2603304,13.1375296],[80.2602722,13.137515],[80.2602215,13.1374835],[80.2601834,13.1374382],[80.2601606,13.1373782],[80.26016,13.1373142],[80.2601818,13.1372539],[80.2602233,13.1372043],[80.2602796,13.1371714],[80.2603441,13.1371591],[80.260409,13.1371687]]]]}},
{"type":"Feature","properties":{"full_id":"w1062025019","osm_id":"1062025019","osm_type":"way","natural":"water","salt":null,"man_made":null,"layer":null,"covered":null,"landuse":null,"barrier":null,"tidal":null,"name:ta":null,"intermittent":null,"wikimedia_commons":null,"alt_name":null,"wetland":null,"place":null,"wikipedia":null,"wikidata":null,"name":null,"water":"wastewater","type":null},"geometry":{"type":"MultiPolygon","coordinates":[[[[80.2608708,13.1375615],[80.2609382,13.1375071],[80.2610199,13.1374765],[80.2611105,13.1374734],[80.261197,13.1374995],[80.2612698,13.137552],[80.2613207,13.137625],[80.261344,13.1377103],[80.261337,13.1377983],[80.2613006,13.137879],[80.2612388,13.1379436],[80.2611586,13.1379846],[80.2610721,13.1379976],[80.2609858,13.137983],[80.2609089,13.1379423],[80.2608494,13.1378798],[80.2608135,13.137802],[80.260805,13.1377171],[80.2608248,13.1376341],[80.2608708,13.1375615]]]]}},
{"type":"Feature","properties":{"full_id":"w1062025020","osm_id":"1062025020","osm_type":"way","natural":"water","salt":null,"man_made":null,"layer":null,"covered":null,"landuse":null,"barrier":null,"tidal":null,"name:ta":null,"intermittent":null,"wikimedia_commons":null,"alt_name":null,"wetland":null,"place":null,"wikipedia":null,"wikidata":null,"name":null,"water":"wastewater","type":null},"geometry":{"type":"MultiPolygon","coordinates":[[[[80.2606552,13.1377407],[80.2606935,13.13782],[80.2607029,13.1379071],[80.2606824,13.1379924],[80.2606342,13.1380664],[80.2605638,13.1381208],[80.2604788,13.1381497],[80.2603888,13.1381497],[80.2603039,13.138121],[80.2602333,13.1380666],[80.2601851,13.1379926],[80.2601654,13.1379183],[80.2601687,13.1378416],[80.2601945,13.1377691],[80.2602408,13.137707],[80.2603036,13.1376605],[80.2603775,13.1376337],[80.2604562,13.1376289],[80.2605329,13.1376464],[80.2606012,13.1376847],[80.2606552,13.1377407]]]]}},
{"type":"Feature","properties":{"full_id":"w1062025021","osm_id":"1062025021","osm_type":"way","natural":"water","salt":null,"man_made":null,"layer":null,"covered":null,"landuse":null,"barrier":null,"tidal":null,"name:ta":null,"intermittent":null,"wikimedia_commons":null,"alt_name":null,"wetland":null,"place":null,"wikipedia":null,"wikidata":null,"name":null,"water":"wastewater","type":null},"geometry":{"type":"MultiPolygon","coordinates":[[[[80.2614145,13.1381722],[80.2614689,13.1382394],[80.2614981,13.13832],[80.2614991,13.1384055],[80.2614716,13.1384868],[80.2614188,13.1385551],[80.2613461,13.1386031],[80.2612614,13.1386257],[80.2611737,13.1386205],[80.2610925,13.138588],[80.2610256,13.1385309],[80.2609816,13.1384557],[80.2609652,13.1383706],[80.2609783,13.138285],[80.2610193,13.1382081],[80.2610838,13.1381486],[80.2611648,13.1381128],[80.2612533,13.1381048],[80.2613397,13.1381253],[80.2614145,13.1381722]]]]}},
{"type":"Feature","properties":{"full_id":"w1062025022","osm_id":"1062025022","osm_type":"way","natural":"water","salt":null,"man_made":null,"layer":null,"covered":null,"landuse":null,"barrier":null,"tidal":null,"name:ta":null,"intermittent":null,"wikimedia_commons":null,"alt_name":null,"wetland":null,"place":null,"wikipedia":null,"wikidata":null,"name":null,"water":"wastewater","type":null},"geometry":{"type":"MultiPolygon","coordinates":[[[[80.2608038,13.1383505],[80.2608514,13.1384276],[80.2608695,13.1385157],[80.2608561,13.1386047],[80.2608127,13.1386841],[80.2607444,13.1387446],[80.2606592,13.1387792],[80.260567,13.1387838],[80.2604785,13.1387579],[80.2604042,13.1387046],[80.2603554,13.1386357],[80.2603313,13.1385554],[80.2603342,13.1384718],[80.260364,13.1383933],[80.2604175,13.1383279],[80.2604894,13.1382822],[80.2605725,13.1382607],[80.2606582,13.1382657],[80.2607381,13.1382967],[80.2608038,13.1383505]]]]}},
{"type":"Feature","properties":{"full_id":"w1062025023","osm_id":"1062025023","osm_type":"way","natural":"water","salt":null,"man_made":null,"layer":null,"covered":null,"landuse":null,"barrier":null,"tidal":null,"name:ta":null,"intermittent":null,"wikimedia_commons":null,"alt_name":null,"wetland":null,"place":null,"wikipedia":null,"wikidata":null,"name":null,"water":"wastewater","type":null},"geometry":{"type":"MultiPolygon","coordinates":[[[[80.2606177,13.1390254],[80.2606717,13.1389859],[80.2607304,13.1389674],[80.2607921,13.1389675],[80.2608506,13.1389864],[80.2609003,13.1390221],[80.260936,13.139071],[80.2609544,13.1391283],[80.2609536,13.1391883],[80.2609336,13.1392452],[80.2608965,13.1392931],[80.2608459,13.1393275],[80.2607809,13.1393455],[80.2607135,13.1393409],[80.2606517,13.1393143],[80.2606029,13.1392688],[80.2605728,13.1392099],[80.2605651,13.1391445],[80.2605807,13.1390805],[80.2606177,13.1390254]]]]}},
{"type":"Feature","properties":{"full_id":"w1062025024","osm_id":"1062025024","osm_type":"way","natural":"water","salt":null,"man_made":null,"layer":null,"covered":null,"landuse":null,"barrier":null,"tidal":null,"name:ta":null,"intermittent":null,"wikimedia_commons":null,"alt_name":null,"wetland":null,"place":null,"wikipedia":null,"wikidata":null,"name":null,"water":"wastewater","type":null},"geometry":{"type":"MultiPolygon","coordinates":[[[[80.2607062,13.1394912],[80.2607547,13.1394442],[80.2608163,13.1394154],[80.2608825,13.1394078],[80.2609476,13.1394212],[80.261005,13.1394543],[80.2610484,13.1395035],[80.2610733,13.1395637],[80.2610772,13.1396284],[80.2610595,13.139691],[80.2610222,13.1397447],[80.2609691,13.139784],[80.2609042,13.1398049],[80.2608358,13.1398039],[80.2607716,13.139781],[80.2607187,13.1397389],[80.2606829,13.1396822],[80.2606682,13.1396172],[80.2606763,13.139551],[80.2607062,13.1394912]]]]}},
{"type":"Feature","properties":{"full_id":"w1062025025","osm_id":"1062025025","osm_type":"way","natural":"water","salt":null,"man_made":null,"layer":null,"covered":null,"landuse":null,"barrier":null,"tidal":null,"name:ta":null,"intermittent":null,"wikimedia_commons":null,"alt_name":null,"wetland":null,"place":null,"wikipedia":null,"wikidata":null,"name":null,"water":"wastewater","type":null},"geometry":{"type":"MultiPolygon","coordinates":[[[[80.261808,13.137683],[80.2615355,13.1377364],[80.2617585,13.1389074],[80.2620328,13.1388579],[80.261808,13.137683]]]]}},
{"type":"Feature","properties":{"full_id":"w1062025026","osm_id":"1062025026","osm_type":"way","natural":"water","salt":null,"man_made":null,"layer":null,"covered":null,"landuse":null,"barrier":null,"tidal":null,"name:ta":null,"intermittent":null,"wikimedia_commons":null,"alt_name":null,"wetland":null,"place":null,"wikipedia":null,"wikidata":null,"name":null,"water":"wastewater","type":null},"geometry":{"type":"MultiPolygon","coordinates":[[[[80.2618643,13.1376734],[80.2621352,13.1376225],[80.2623074,13.1384742],[80.262029,13.1385296],[80.2618643,13.1376734]]]]}},
{"type":"Feature","properties":{"full_id":"w1062025028","osm_id":"1062025028","osm_type":"way","natural":"water","salt":null,"man_made":null,"layer":null,"covered":null,"landuse":null,"barrier":null,"tidal":null,"name:ta":null,"intermittent":null,"wikimedia_commons":null,"alt_name":null,"wetland":null,"place":null,"wikipedia":null,"wikidata":null,"name":null,"water":"wastewater","type":null},"geometry":{"type":"MultiPolygon","coordinates":[[[[80.2630164,13.1386558],[80.2629158,13.1380972],[80.2623479,13.1381942],[80.2624485,13.1387528],[80.2630164,13.1386558]]]]}},
{"type":"Feature","properties":{"full_id":"w1062025035","osm_id":"1062025035","osm_type":"way","natural":"water","salt":null,"man_made":null,"layer":null,"covered":null,"landuse":null,"barrier":null,"tidal":null,"name:ta":null,"intermittent":null,"wikimedia_commons":null,"alt_name":null,"wetland":null,"place":null,"wikipedia":null,"wikidata":null,"name":null,"water":"wastewater","type":null},"geometry":{"type":"MultiPolygon","coordinates":[[[[80.2634087,13.1372375],[80.2634577,13.1372764],[80.263491,13.1373286],[80.2635052,13.1373886],[80.2634987,13.1374498],[80.2634722,13.1375056],[80.2634285,13.1375501],[80.2633724,13.1375784],[80.26331,13.1375875],[80.2632478,13.1375765],[80.2631927,13.1375464],[80.2631503,13.1375003],[80.2631257,13.1374432],[80.2631215,13.1373814],[80.2631382,13.1373216],[80.263174,13.1372705],[80.263225,13.1372334],[80.2632855,13.1372146],[80.2633491,13.137216],[80.2634087,13.1372375]]]]}},
{"type":"Feature","properties":{"full_id":"w1062025036","osm_id":"1062025036","osm_type":"way","natural":"water","salt":null,"man_made":null,"layer":null,"covered":null,"landuse":null,"barrier":null,"tidal":null,"name:ta":null,"intermittent":null,"wikimedia_commons":null,"alt_name":null,"wetland":null,"place":null,"wikipedia":null,"wikidata":null,"name":null,"water":"wastewater","type":null},"geometry":{"type":"MultiPolygon","coordinates":[[[[80.2639033,13.1371197],[80.2638363,13.137116],[80.2637778,13.137132],[80.2637273,13.137165],[80.2636897,13.1372115],[80.2636688,13.137267],[80.2636666,13.1373262],[80.2636834,13.1373831],[80.2637174,13.1374321],[80.2637653,13.1374685],[80.2638224,13.1374886],[80.2638832,13.1374905],[80.2639473,13.1374712],[80.2640008,13.1374318],[80.2640373,13.137377],[80.2640524,13.1373133],[80.2640442,13.1372484],[80.2640139,13.1371901],[80.2639649,13.1371454],[80.2639033,13.1371197]]]]}},
{"type":"Feature","properties":{"full_id":"w1062025037","osm_id":"1062025037","osm_type":"way","natural":"water","salt":null,"man_made":null,"layer":null,"covered":null,"landuse":null,"barrier":null,"tidal":null,"name:ta":null,"intermittent":null,"wikimedia_commons":null,"alt_name":null,"wetland":null,"place":null,"wikipedia":null,"wikidata":null,"name":null,"water":"wastewater","type":null},"geometry":{"type":"MultiPolygon","coordinates":[[[[80.2638544,13.1376304],[80.2639358,13.137592],[80.2640257,13.1375823],[80.2641088,13.1376004],[80.2641819,13.137643],[80.2642375,13.1377059],[80.2642699,13.1377826],[80.2642759,13.1378653],[80.2642549,13.1379457],[80.2642089,13.1380155],[80.2641427,13.1380678],[80.264063,13.138097],[80.2639726,13.1380997],[80.2638865,13.1380728],[80.2638145,13.1380195],[80.2637648,13.1379459],[80.2637433,13.1378604],[80.2637523,13.1377727],[80.2637908,13.137693],[80.2638544,13.1376304]]]]}},
{"type":"Feature","properties":{"full_id":"w1062025038","osm_id":"1062025038","osm_type":"way","natural":"water","salt":null,"man_made":null,"layer":null,"covered":null,"landuse":null,"barrier":null,"tidal":null,"name:ta":null,"intermittent":null,"wikimedia_commons":null,"alt_name":null,"wetland":null,"place":null,"wikipedia":null,"wikidata":null,"name":null,"water":"wastewater","type":null},"geometry":{"type":"MultiPolygon","coordinates":[[[[80.2636215,13.1378775],[80.2635798,13.1377997],[80.2635146,13.1377392],[80.2634321,13.1377025],[80.2633419,13.1376939],[80.2632537,13.1377144],[80.2631772,13.1377617],[80.2631207,13.1378308],[80.2630904,13.137914],[80.2630896,13.1380023],[80.2631185,13.1380861],[80.2631733,13.1381557],[80.2632483,13.1382042],[80.2633354,13.1382265],[80.2634252,13.1382201],[80.2635081,13.1381858],[80.2635751,13.1381271],[80.263619,13.1380505],[80.263635,13.1379642],[80.2636215,13.1378775]]]]}},
{"type":"Feature","properties":{"full_id":"w1062025039","osm_id":"1062025039","osm_type":"way","natural":"water","salt":null,"man_made":null,"layer":null,"covered":null,"landuse":null,"barrier":null,"tidal":null,"name:ta":null,"intermittent":null,"wikimedia_commons":null,"alt_name":null,"wetland":null,"place":null,"wikipedia":null,"wikidata":null,"name":null,"water":"wastewater","type":null},"geometry":{"type":"MultiPolygon","coordinates":[[[[80.2637136,13.1384519],[80.263654,13.1383875],[80.263575,13.1383447],[80.263486,13.1383294],[80.2633967,13.1383434],[80.263317,13.138385],[80.2632557,13.1384496],[80.2632194,13.1385303],[80.2632122,13.1386181],[80.2632349,13.1387033],[80.263285,13.1387766],[80.2633569,13.13883],[80.2634414,13.1388572],[80.2635304,13.1388566],[80.2636145,13.138828],[80.2636846,13.1387746],[80.2637334,13.138702],[80.2637555,13.1386181],[80.2637486,13.1385316],[80.2637136,13.1384519]]]]}},
{"type":"Feature","properties":{"full_id":"w1062025040","osm_id":"1062025040","osm_type":"way","natural":"water","salt":null,"man_made":null,"layer":null,"covered":null,"landuse":null,"barrier":null,"tidal":null,"name:ta":null,"intermittent":null,"wikimedia_commons":null,"alt_name":null,"wetland":null,"place":null,"wikipedia":null,"wikidata":null,"name":null,"water":"wastewater","type":null},"geometry":{"type":"MultiPolygon","coordinates":[[[[80.2638619,13.1384448],[80.2638887,13.1383628],[80.2639404,13.138295],[80.2640117,13.138247],[80.2640951,13.138224],[80.2641817,13.1382283],[80.2642623,13.1382595],[80.2643283,13.1383143],[80.2643726,13.1383868],[80.2643906,13.1384695],[80.2643804,13.1385533],[80.2643429,13.1386295],[80.264281,13.1386909],[80.2642018,13.138729],[80.2641141,13.1387398],[80.2640276,13.138722],[80.2639519,13.1386776],[80.2638953,13.1386114],[80.2638642,13.1385309],[80.2638619,13.1384448]]]]}},
{"type":"Feature","properties":{"full_id":"w1062025042","osm_id":"1062025042","osm_type":"way","natural":"water","salt":null,"man_made":null,"layer":null,"covered":null,"landuse":null,"barrier":null,"tidal":null,"name:ta":null,"intermittent":null,"wikimedia_commons":null,"alt_name":null,"wetland":null,"place":null,"wikipedia":null,"wikidata":null,"name":null,"water":"wastewater","type":null},"geometry":{"type":"MultiPolygon","coordinates":[[[[80.2636064,13.1390504],[80.2636643,13.1390742],[80.2637116,13.1391144],[80.2637456,13.1391718],[80.2637576,13.1392371],[80.2637463,13.1393024],[80.263713,13.1393602],[80.2636615,13.1394036],[80.263598,13.1394275],[80.26353,13.1394291],[80.2634654,13.1394082],[80.2634118,13.1393673],[80.2633777,13.139316],[80.2633618,13.1392568],[80.2633657,13.1391957],[80.263389,13.1391389],[80.2634294,13.1390921],[80.2634828,13.1390599],[80.2635438,13.1390455],[80.2636064,13.1390504]]]]}},
{"type":"Feature","properties":{"full_id":"w1062025043","osm_id":"1062025043","osm_type":"way","natural":"water","salt":null,"man_made":null,"layer":null,"covered":null,"landuse":null,"barrier":null,"tidal":null,"name:ta":null,"intermittent":null,"wikimedia_commons":null,"alt_name":null,"wetland":null,"place":null,"wikipedia":null,"wikidata":null,"name":null,"water":"wastewater","type":null},"geometry":{"type":"MultiPolygon","coordinates":[[[[80.2636611,13.139498],[80.2637241,13.1395143],[80.2637784,13.1395495],[80.2638186,13.1396007],[80.2638394,13.1396619],[80.2638384,13.1397263],[80.2638159,13.1397869],[80.2637743,13.139837],[80.2637181,13.1398711],[80.2636535,13.1398854],[80.2635878,13.1398784],[80.263528,13.1398507],[80.2634813,13.1398063],[80.2634518,13.1397497],[80.2634427,13.1396868],[80.2634549,13.1396244],[80.2634871,13.1395691],[80.2635359,13.139527],[80.263596,13.1395024],[80.2636611,13.139498]]]]}},
{"type":"Feature","properties":{"full_id":"w1062025044","osm_id":"1062025044","osm_type":"way","natural":"water","salt":null,"man_made":null,"layer":null,"covered":null,"landuse":null,"barrier":null,"tidal":null,"name:ta":null,"intermittent":null,"wikimedia_commons":null,"alt_name":null,"wetland":null,"place":null,"wikipedia":null,"wikidata":null,"name":null,"water":"wastewater","type":null},"geometry":{"type":"MultiPolygon","coordinates":[[[[80.2620642,13.138983],[80.2617917,13.1390365],[80.2620147,13.1402075],[80.2622889,13.140158],[80.2620642,13.138983]]]]}},
{"type":"Feature","properties":{"full_id":"w1062025045","osm_id":"1062025045","osm_type":"way","natural":"water","salt":null,"man_made":null,"layer":null,"covered":null,"landuse":null,"barrier":null,"tidal":null,"name:ta":null,"intermittent":null,"wikimedia_commons":null,"alt_name":null,"wetland":null,"place":null,"wikipedia":null,"wikidata":null,"name":null,"water":"wastewater","type":null},"geometry":{"type":"MultiPolygon","coordinates":[[[[80.2623969,13.138921],[80.2621243,13.1389744],[80.2623474,13.1401455],[80.2626216,13.140096],[80.2623969,13.138921]]]]}},
{"type":"Feature","properties":{"full_id":"w1062025046","osm_id":"1062025046","osm_type":"way","natural":"water","salt":null,"man_made":null,"layer":null,"covered":null,"landuse":null,"barrier":null,"tidal":null,"name:ta":null,"intermittent":null,"wikimedia_commons":null,"alt_name":null,"wetland":null,"place":null,"wikipedia":null,"wikidata":null,"name":null,"water":"wastewater","type":null},"geometry":{"type":"MultiPolygon","coordinates":[[[[80.2627225,13.1388624],[80.2624499,13.1389158],[80.262673,13.1400869],[80.2629472,13.1400374],[80.2627225,13.1388624]]]]}},
{"type":"Feature","properties":{"full_id":"w1062025047","osm_id":"1062025047","osm_type":"way","natural":"water","salt":null,"man_made":null,"layer":null,"covered":null,"landuse":null,"barrier":null,"tidal":null,"name:ta":null,"intermittent":null,"wikimedia_commons":null,"alt_name":null,"wetland":null,"place":null,"wikipedia":null,"wikidata":null,"name":null,"water":"wastewater","type":null},"geometry":{"type":"MultiPolygon","coordinates":[[[[80.2630375,13.1388073],[80.2627649,13.1388607],[80.262988,13.1400317],[80.2632622,13.1399822],[80.2630375,13.1388073]]]]}},
{"type":"Feature","properties":{"full_id":"w1062025059","osm_id":"1062025059","osm_type":"way","natural":"water","salt":null,"man_made":null,"layer":null,"covered":null,"landuse":null,"barrier":null,"tidal":null,"name:ta":null,"intermittent":null,"wikimedia_commons":null,"alt_name":null,"wetland":null,"place":null,"wikipedia":null,"wikidata":null,"name":null,"water":"wastewater","type":null},"geometry":{"type":"MultiPolygon","coordinates":[[[[80.2579709,13.13764],[80.2580129,13.1376217],[80.2580587,13.1376176],[80.2581033,13.1376283],[80.258142,13.1376525],[80.2581704,13.1376876],[80.2581857,13.1377298],[80.258186,13.1377744],[80.2581715,13.1378168],[80.2581436,13.1378523],[80.2581054,13.1378771],[80.258061,13.1378884],[80.2580152,13.1378852],[80.257973,13.1378676],[80.2579389,13.1378376],[80.2579166,13.1377984],[80.2579087,13.1377543],[80.2579158,13.1377101],[80.2579374,13.1376706],[80.2579709,13.13764]]]]}},
{"type":"Feature","properties":{"full_id":"w1062025060","osm_id":"1062025060","osm_type":"way","natural":"water","salt":null,"man_made":null,"layer":null,"covered":null,"landuse":null,"barrier":null,"tidal":null,"name:ta":null,"intermittent":null,"wikimedia_commons":null,"alt_name":null,"wetland":null,"place":null,"wikipedia":null,"wikidata":null,"name":null,"water":"wastewater","type":null},"geometry":{"type":"MultiPolygon","coordinates":[[[[80.2571819,13.1377332],[80.2572678,13.1377551],[80.2573417,13.1378031],[80.2573949,13.137871],[80.2574227,13.137952],[80.2574222,13.1380375],[80.2573934,13.1381182],[80.2573394,13.1381855],[80.257266,13.1382323],[80.257181,13.1382535],[80.2570936,13.1382469],[80.257013,13.1382131],[80.2569472,13.138155],[80.2569046,13.1380791],[80.2568897,13.1379939],[80.2569042,13.1379086],[80.2569465,13.1378326],[80.2570119,13.1377742],[80.2570934,13.1377398],[80.2571819,13.1377332]]]]}},
{"type":"Feature","properties":{"full_id":"w1062025061","osm_id":"1062025061","osm_type":"way","natural":"water","salt":null,"man_made":null,"layer":null,"covered":null,"landuse":null,"barrier":null,"tidal":null,"name:ta":null,"intermittent":null,"wikimedia_commons":null,"alt_name":null,"wetland":null,"place":null,"wikipedia":null,"wikidata":null,"name":null,"water":"wastewater","type":null},"geometry":{"type":"MultiPolygon","coordinates":[[[[80.2577585,13.1379794],[80.2578444,13.1380013],[80.2579183,13.1380493],[80.2579715,13.1381173],[80.2579993,13.1381983],[80.2579988,13.1382837],[80.25797,13.1383644],[80.257916,13.1384318],[80.2578426,13.1384786],[80.2577576,13.1384998],[80.2576701,13.1384931],[80.2575896,13.1384593],[80.2575238,13.1384012],[80.2574812,13.1383254],[80.2574663,13.1382402],[80.2574807,13.1381548],[80.257523,13.1380788],[80.2575885,13.1380204],[80.25767,13.137986],[80.2577585,13.1379794]]]]}},
{"type":"Feature","properties":{"full_id":"w1062025066","osm_id":"1062025066","osm_type":"way","natural":"water","salt":null,"man_made":null,"layer":null,"covered":null,"landuse":null,"barrier":null,"tidal":null,"name:ta":null,"intermittent":null,"wikimedia_commons":null,"alt_name":null,"wetland":null,"place":null,"wikipedia":null,"wikidata":null,"name":null,"water":"wastewater","type":null},"geometry":{"type":"MultiPolygon","coordinates":[[[[80.2601739,13.138703],[80.2600317,13.1381571],[80.2594805,13.1383007],[80.2596165,13.1388366],[80.2601739,13.138703]]]]}},
{"type":"Feature","properties":{"full_id":"w1062025067","osm_id":"1062025067","osm_type":"way","natural":"water","salt":null,"man_made":null,"layer":null,"covered":null,"landuse":null,"barrier":null,"tidal":null,"name:ta":null,"intermittent":null,"wikimedia_commons":null,"alt_name":null,"wetland":null,"place":null,"wikipedia":null,"wikidata":null,"name":null,"water":"wastewater","type":null},"geometry":{"type":"MultiPolygon","coordinates":[[[[80.2588585,13.139797],[80.2585535,13.1386346],[80.257741,13.138832],[80.2580494,13.1400024],[80.2584034,13.1399084],[80.2584182,13.139958],[80.2585268,13.1399306],[80.2585121,13.1398809],[80.2588585,13.139797]]]]}},
{"type":"Feature","properties":{"full_id":"w1062025074","osm_id":"1062025074","osm_type":"way","natural":"water","salt":null,"man_made":null,"layer":null,"covered":null,"landuse":null,"barrier":null,"tidal":null,"name:ta":null,"intermittent":null,"wikimedia_commons":null,"alt_name":null,"wetland":null,"place":null,"wikipedia":null,"wikidata":null,"name":null,"water":"wastewater","type":null},"geometry":{"type":"MultiPolygon","coordinates":[[[[80.2599557,13.1392617],[80.2598468,13.1388381],[80.2595899,13.1389008],[80.259699,13.1393244],[80.2599557,13.1392617]]]]}},
{"type":"Feature","properties":{"full_id":"w1062025075","osm_id":"1062025075","osm_type":"way","natural":"water","salt":null,"man_made":null,"layer":null,"covered":null,"landuse":null,"barrier":null,"tidal":null,"name:ta":null,"intermittent":null,"wikimedia_commons":null,"alt_name":null,"wetland":null,"place":null,"wikipedia":null,"wikidata":null,"name":null,"water":"wastewater","type":null},"geometry":{"type":"MultiPolygon","coordinates":[[[[80.260279,13.1391835],[80.26017,13.1387599],[80.2599132,13.1388226],[80.2600222,13.1392462],[80.260279,13.1391835]]]]}},
{"type":"Feature","properties":{"full_id":"w1062025076","osm_id":"1062025076","osm_type":"way","natural":"water","salt":null,"man_made":null,"layer":null,"covered":null,"landuse":null,"barrier":null,"tidal":null,"name:ta":null,"intermittent":null,"wikimedia_commons":null,"alt_name":null,"wetland":null,"place":null,"wikipedia":null,"wikidata":null,"name":null,"water":"wastewater","type":null},"geometry":{"type":"MultiPolygon","coordinates":[[[[80.2603086,13.1405598],[80.2599931,13.139384],[80.2597363,13.1394466],[80.2600385,13.1406251],[80.2603086,13.1405598]]]]}},
{"type":"Feature","properties":{"full_id":"w1062025077","osm_id":"1062025077","osm_type":"way","natural":"water","salt":null,"man_made":null,"layer":null,"covered":null,"landuse":null,"barrier":null,"tidal":null,"name:ta":null,"intermittent":null,"wikimedia_commons":null,"alt_name":null,"wetland":null,"place":null,"wikipedia":null,"wikidata":null,"name":null,"water":"wastewater","type":null},"geometry":{"type":"MultiPolygon","coordinates":[[[[80.2606293,13.1404764],[80.2603151,13.1393057],[80.2600569,13.1393671],[80.2603591,13.1405417],[80.2606293,13.1404764]]]]}},
{"type":"Feature","properties":{"full_id":"w1062025078","osm_id":"1062025078","osm_type":"way","natural":"water","salt":null,"man_made":null,"layer":null,"covered":null,"landuse":null,"barrier":null,"tidal":null,"name:ta":null,"intermittent":null,"wikimedia_commons":null,"alt_name":null,"wetland":null,"place":null,"wikipedia":null,"wikidata":null,"name":null,"water":"pond","type":null},"geometry":{"type":"MultiPolygon","coordinates":[[[[80.2617029,13.1405612],[80.2617846,13.1405134],[80.261843,13.1405043],[80.2618874,13.1405635],[80.2618383,13.1407295],[80.2617706,13.1408718],[80.2616781,13.1410405],[80.2616096,13.1411367],[80.2615301,13.1411982],[80.2614329,13.141227],[80.2613036,13.1412229],[80.2611939,13.1411751],[80.2611472,13.1411024],[80.2611448,13.1410342],[80.2611962,13.1409932],[80.2612803,13.1408795],[80.26132,13.1407704],[80.2613293,13.1406931],[80.2613573,13.1406476],[80.2613981,13.1406242],[80.2614531,13.140618],[80.2615651,13.1406408],[80.2616259,13.140618],[80.2617029,13.1405612]]]]}},
{"type":"Feature","properties":{"full_id":"w1062025081","osm_id":"1062025081","osm_type":"way","natural":"water","salt":null,"man_made":null,"layer":null,"covered":null,"landuse":null,"barrier":null,"tidal":null,"name:ta":null,"intermittent":null,"wikimedia_commons":null,"alt_name":null,"wetland":null,"place":null,"wikipedia":null,"wikidata":null,"name":null,"water":"wastewater","type":null},"geometry":{"type":"MultiPolygon","coordinates":[[[[80.2597813,13.1412752],[80.259669,13.1408537],[80.2594863,13.1408999],[80.2595984,13.1413213],[80.2597813,13.1412752]]]]}},
{"type":"Feature","properties":{"full_id":"w1062025085","osm_id":"1062025085","osm_type":"way","natural":"water","salt":null,"man_made":null,"layer":null,"covered":null,"landuse":null,"barrier":null,"tidal":null,"name:ta":null,"intermittent":null,"wikimedia_commons":null,"alt_name":null,"wetland":null,"place":null,"wikipedia":null,"wikidata":null,"name":null,"water":"pond","type":null},"geometry":{"type":"MultiPolygon","coordinates":[[[[80.2599705,13.1407445],[80.2600336,13.1407286],[80.2600864,13.1407504],[80.2600864,13.1408296],[80.2600518,13.1409365],[80.2600518,13.1410691],[80.2600722,13.1411404],[80.260121,13.1411701],[80.2601921,13.1411799],[80.2602267,13.1411918],[80.2602429,13.1412215],[80.2602328,13.1412532],[80.2601657,13.1412591],[80.2600844,13.1412235],[80.2600356,13.1411958],[80.2599929,13.1411918],[80.2599583,13.1411978],[80.2599157,13.1411879],[80.2598933,13.1411483],[80.2598953,13.1410572],[80.2598974,13.1409642],[80.2599136,13.1409028],[80.2599238,13.1408375],[80.259938,13.140786],[80.2599705,13.1407445]]]]}},
{"type":"Feature","properties":{"full_id":"w1062025091","osm_id":"1062025091","osm_type":"way","natural":"water","salt":null,"man_made":null,"layer":null,"covered":null,"landuse":null,"barrier":null,"tidal":null,"name:ta":null,"intermittent":null,"wikimedia_commons":null,"alt_name":null,"wetland":null,"place":null,"wikipedia":null,"wikidata":null,"name":null,"water":"wastewater","type":null},"geometry":{"type":"MultiPolygon","coordinates":[[[[80.2586361,13.1400354],[80.2586622,13.1399997],[80.2586986,13.1399742],[80.2587424,13.1399614],[80.258788,13.1399632],[80.2588305,13.1399794],[80.2588651,13.1400083],[80.2588882,13.1400467],[80.2588971,13.1400903],[80.2588908,13.1401344],[80.2588701,13.140174],[80.2588372,13.1402048],[80.2587965,13.1402233],[80.2587518,13.1402279],[80.258708,13.1402183],[80.2586696,13.1401955],[80.2586409,13.1401619],[80.2586249,13.140121],[80.2586232,13.1400773],[80.2586361,13.1400354]]]]}},
{"type":"Feature","properties":{"full_id":"w1062025092","osm_id":"1062025092","osm_type":"way","natural":"water","salt":null,"man_made":null,"layer":null,"covered":null,"landuse":null,"barrier":null,"tidal":null,"name:ta":null,"intermittent":null,"wikimedia_commons":null,"alt_name":null,"wetland":null,"place":null,"wikipedia":null,"wikidata":null,"name":null,"water":"wastewater","type":null},"geometry":{"type":"MultiPolygon","coordinates":[[[[80.258228,13.1401392],[80.2582541,13.1401036],[80.2582905,13.140078],[80.2583342,13.1400652],[80.2583799,13.140067],[80.2584223,13.1400833],[80.258457,13.1401122],[80.2584801,13.1401506],[80.258489,13.1401942],[80.2584827,13.1402382],[80.258462,13.1402778],[80.2584291,13.1403086],[80.2583883,13.1403271],[80.2583437,13.1403318],[80.2582998,13.1403222],[80.2582615,13.1402993],[80.2582328,13.1402657],[80.2582168,13.1402248],[80.2582151,13.1401811],[80.258228,13.1401392]]]]}},
{"type":"Feature","properties":{"full_id":"w1062025096","osm_id":"1062025096","osm_type":"way","natural":"water","salt":null,"man_made":null,"layer":null,"covered":null,"landuse":null,"barrier":null,"tidal":null,"name:ta":null,"intermittent":null,"wikimedia_commons":null,"alt_name":null,"wetland":null,"place":null,"wikipedia":null,"wikidata":null,"name":null,"water":"wastewater","type":null},"geometry":{"type":"MultiPolygon","coordinates":[[[[80.258381,13.1406046],[80.258407,13.140569],[80.2584435,13.1405434],[80.2584872,13.1405306],[80.2585328,13.1405324],[80.2585753,13.1405487],[80.25861,13.1405776],[80.2586331,13.1406159],[80.258642,13.1406595],[80.2586357,13.1407036],[80.258615,13.1407432],[80.2585821,13.140774],[80.2585413,13.1407925],[80.2584967,13.1407972],[80.2584528,13.1407876],[80.2584145,13.1407647],[80.2583858,13.1407311],[80.2583697,13.1406902],[80.2583681,13.1406465],[80.258381,13.1406046]]]]}},
{"type":"Feature","properties":{"full_id":"w1062025097","osm_id":"1062025097","osm_type":"way","natural":"water","salt":null,"man_made":null,"layer":null,"covered":null,"landuse":null,"barrier":null,"tidal":null,"name:ta":null,"intermittent":null,"wikimedia_commons":null,"alt_name":null,"wetland":null,"place":null,"wikipedia":null,"wikidata":null,"name":null,"water":"wastewater","type":null},"geometry":{"type":"MultiPolygon","coordinates":[[[[80.2587966,13.1404898],[80.2588227,13.1404541],[80.2588591,13.1404286],[80.2589029,13.1404158],[80.2589485,13.1404176],[80.258991,13.1404338],[80.2590256,13.1404627],[80.2590487,13.1405011],[80.2590576,13.1405447],[80.2590513,13.1405888],[80.2590306,13.1406284],[80.2589977,13.1406592],[80.258957,13.1406776],[80.2589123,13.1406823],[80.2588685,13.1406727],[80.2588301,13.1406499],[80.2588014,13.1406163],[80.2587854,13.1405754],[80.2587837,13.1405317],[80.2587966,13.1404898]]]]}},
{"type":"Feature","properties":{"full_id":"w1062025098","osm_id":"1062025098","osm_type":"way","natural":"water","salt":null,"man_made":null,"layer":null,"covered":null,"landuse":null,"barrier":null,"tidal":null,"name:ta":null,"intermittent":null,"wikimedia_commons":null,"alt_name":null,"wetland":null,"place":null,"wikipedia":null,"wikidata":null,"name":null,"water":"wastewater","type":null},"geometry":{"type":"MultiPolygon","coordinates":[[[[80.2586381,13.1409782],[80.2589363,13.1409053],[80.2589769,13.1410628],[80.2586787,13.1411357],[80.2586381,13.1409782]]]]}},
{"type":"Feature","properties":{"full_id":"w1062025101","osm_id":"1062025101","osm_type":"way","natural":"water","salt":null,"man_made":null,"layer":null,"covered":null,"landuse":null,"barrier":null,"tidal":null,"name:ta":null,"intermittent":null,"wikimedia_commons":null,"alt_name":null,"wetland":null,"place":null,"wikipedia":null,"wikidata":null,"name":null,"water":"wastewater","type":null},"geometry":{"type":"MultiPolygon","coordinates":[[[[80.2600306,13.1447053],[80.2597777,13.1435476],[80.2594504,13.1436218],[80.2597111,13.1447761],[80.2600306,13.1447053]]]]}},
{"type":"Feature","properties":{"full_id":"w1062025102","osm_id":"1062025102","osm_type":"way","natural":"water","salt":null,"man_made":null,"layer":null,"covered":null,"landuse":null,"barrier":null,"tidal":null,"name:ta":null,"intermittent":null,"wikimedia_commons":null,"alt_name":null,"wetland":null,"place":null,"wikipedia":null,"wikidata":null,"name":null,"water":"wastewater","type":null},"geometry":{"type":"MultiPolygon","coordinates":[[[[80.2595527,13.144813],[80.2592997,13.1436554],[80.2589725,13.1437296],[80.2592331,13.1448838],[80.2595527,13.144813]]]]}},
{"type":"Feature","properties":{"full_id":"w1062025103","osm_id":"1062025103","osm_type":"way","natural":"water","salt":null,"man_made":null,"layer":null,"covered":null,"landuse":null,"barrier":null,"tidal":null,"name:ta":null,"intermittent":null,"wikimedia_commons":null,"alt_name":null,"wetland":null,"place":null,"wikipedia":null,"wikidata":null,"name":null,"water":"wastewater","type":null},"geometry":{"type":"MultiPolygon","coordinates":[[[[80.2592406,13.1426177],[80.2592892,13.1426027],[80.2593402,13.1426048],[80.2593874,13.1426236],[80.2594223,13.1426534],[80.2594459,13.1426923],[80.259456,13.1427363],[80.2594515,13.1427813],[80.259433,13.1428227],[80.2594021,13.1428564],[80.2593621,13.1428791],[80.2593167,13.1428887],[80.2592706,13.142884],[80.2592283,13.1428656],[80.2591909,13.1428317],[80.2591677,13.1427875],[80.2591613,13.1427382],[80.2591726,13.1426898],[80.2592001,13.1426479],[80.2592406,13.1426177]]]]}},
{"type":"Feature","properties":{"full_id":"w1062025104","osm_id":"1062025104","osm_type":"way","natural":"water","salt":null,"man_made":null,"layer":null,"covered":null,"landuse":null,"barrier":null,"tidal":null,"name:ta":null,"intermittent":null,"wikimedia_commons":null,"alt_name":null,"wetland":null,"place":null,"wikipedia":null,"wikidata":null,"name":null,"water":"wastewater","type":null},"geometry":{"type":"MultiPolygon","coordinates":[[[[80.2588195,13.1426992],[80.2588674,13.1426937],[80.2589145,13.1427035],[80.258956,13.1427275],[80.2589878,13.1427641],[80.2590055,13.1428088],[80.2590071,13.1428567],[80.2589926,13.1429024],[80.2589634,13.142941],[80.2589229,13.1429682],[80.2588754,13.1429809],[80.2588264,13.1429777],[80.258781,13.142959],[80.2587451,13.1429276],[80.2587215,13.1428867],[80.2587127,13.1428405],[80.2587196,13.1427941],[80.2587414,13.1427522],[80.258776,13.1427194],[80.2588195,13.1426992]]]]}},
{"type":"Feature","properties":{"full_id":"w1062025105","osm_id":"1062025105","osm_type":"way","natural":"water","salt":null,"man_made":null,"layer":null,"covered":null,"landuse":null,"barrier":null,"tidal":null,"name:ta":null,"intermittent":null,"wikimedia_commons":null,"alt_name":null,"wetland":null,"place":null,"wikipedia":null,"wikidata":null,"name":null,"water":"wastewater","type":null},"geometry":{"type":"MultiPolygon","coordinates":[[[[80.2588901,13.1425911],[80.2588579,13.1424572],[80.2591623,13.1423879],[80.2591945,13.1425218],[80.2588901,13.1425911]]]]}},
{"type":"Feature","properties":{"full_id":"w1062025106","osm_id":"1062025106","osm_type":"way","natural":"water","salt":null,"man_made":null,"layer":null,"covered":null,"landuse":null,"barrier":null,"tidal":null,"name:ta":null,"intermittent":null,"wikimedia_commons":null,"alt_name":null,"wetland":null,"place":null,"wikipedia":null,"wikidata":null,"name":null,"water":"wastewater","type":null},"geometry":{"type":"MultiPolygon","coordinates":[[[[80.2593528,13.1430469],[80.2593996,13.1430375],[80.2594471,13.1430431],[80.2594902,13.1430631],[80.2595257,13.143097],[80.2595476,13.1431404],[80.2595535,13.1431884],[80.2595428,13.1432356],[80.2595166,13.1432767],[80.2594779,13.1433071],[80.2594311,13.1433232],[80.2593815,13.1433234],[80.2593346,13.1433075],[80.259297,13.1432788],[80.2592707,13.1432399],[80.2592586,13.1431949],[80.2592619,13.1431484],[80.2592802,13.1431054],[80.2593116,13.1430704],[80.2593528,13.1430469]]]]}},
{"type":"Feature","properties":{"full_id":"w1062025107","osm_id":"1062025107","osm_type":"way","natural":"water","salt":null,"man_made":null,"layer":null,"covered":null,"landuse":null,"barrier":null,"tidal":null,"name:ta":null,"intermittent":null,"wikimedia_commons":null,"alt_name":null,"wetland":null,"place":null,"wikipedia":null,"wikidata":null,"name":null,"water":"wastewater","type":null},"geometry":{"type":"MultiPolygon","coordinates":[[[[80.2589302,13.1431357],[80.2589778,13.1431338],[80.2590236,13.1431469],[80.2590624,13.1431738],[80.2590904,13.1432117],[80.2591041,13.1432564],[80.2591022,13.143303],[80.2590848,13.1433464],[80.2590538,13.143382],[80.2590127,13.1434058],[80.2589658,13.1434153],[80.2589183,13.1434094],[80.2588754,13.1433888],[80.2588417,13.1433559],[80.2588209,13.1433141],[80.2588151,13.143268],[80.2588249,13.1432226],[80.2588494,13.1431827],[80.2588857,13.1431527],[80.2589302,13.1431357]]]]}},
{"type":"Feature","properties":{"full_id":"w1062025111","osm_id":"1062025111","osm_type":"way","natural":"water","salt":null,"man_made":null,"layer":null,"covered":null,"landuse":null,"barrier":null,"tidal":null,"name:ta":null,"intermittent":null,"wikimedia_commons":null,"alt_name":null,"wetland":null,"place":null,"wikipedia":null,"wikidata":null,"name":null,"water":"wastewater","type":null},"geometry":{"type":"MultiPolygon","coordinates":[[[[80.2596441,13.1428153],[80.2596302,13.1428253],[80.2596138,13.1428307],[80.2595965,13.1428308],[80.2595784,13.1428249],[80.2595635,13.1428133],[80.2595536,13.1427975],[80.2595497,13.1427793],[80.2595525,13.142761],[80.2595615,13.1427446],[80.2595756,13.1427322],[80.2595933,13.1427253],[80.2596123,13.1427246],[80.2596289,13.1427295],[80.2596431,13.1427392],[80.2596535,13.1427527],[80.2596591,13.1427686],[80.2596593,13.1427855],[80.2596542,13.1428016],[80.2596441,13.1428153]]]]}},
{"type":"Feature","properties":{"full_id":"w1062025112","osm_id":"1062025112","osm_type":"way","natural":"water","salt":null,"man_made":null,"layer":null,"covered":null,"landuse":null,"barrier":null,"tidal":null,"name:ta":null,"intermittent":null,"wikimedia_commons":null,"alt_name":null,"wetland":null,"place":null,"wikipedia":null,"wikidata":null,"name":null,"water":"wastewater","type":null},"geometry":{"type":"MultiPolygon","coordinates":[[[[80.2597049,13.1430678],[80.2596909,13.1430778],[80.2596745,13.1430832],[80.2596572,13.1430833],[80.2596392,13.1430773],[80.2596243,13.1430658],[80.2596143,13.14305],[80.2596104,13.1430318],[80.2596132,13.1430135],[80.2596222,13.1429971],[80.2596364,13.1429847],[80.259654,13.1429778],[80.2596731,13.1429771],[80.2596896,13.142982],[80.2597038,13.1429917],[80.2597142,13.1430051],[80.2597198,13.1430211],[80.25972,13.143038],[80.2597149,13.143054],[80.2597049,13.1430678]]]]}},
{"type":"Feature","properties":{"full_id":"w1062025116","osm_id":"1062025116","osm_type":"way","natural":"water","salt":null,"man_made":null,"layer":null,"covered":null,"landuse":null,"barrier":null,"tidal":null,"name:ta":null,"intermittent":null,"wikimedia_commons":null,"alt_name":null,"wetland":null,"place":null,"wikipedia":null,"wikidata":null,"name":null,"water":"wastewater","type":null},"geometry":{"type":"MultiPolygon","coordinates":[[[[80.2600987,13.1428509],[80.2601338,13.1428525],[80.2601666,13.142865],[80.2601937,13.1428874],[80.2602118,13.1429172],[80.2602189,13.1429512],[80.2602143,13.1429855],[80.2601984,13.1430165],[80.260173,13.1430407],[80.2601408,13.1430556],[80.2601055,13.1430594],[80.2600708,13.1430518],[80.2600406,13.1430336],[80.2600183,13.143007],[80.260006,13.1429749],[80.260005,13.1429407],[80.2600154,13.1429079],[80.2600361,13.1428802],[80.2600649,13.1428605],[80.2600987,13.1428509]]]]}},
{"type":"Feature","properties":{"full_id":"w1062025117","osm_id":"1062025117","osm_type":"way","natural":"water","salt":null,"man_made":null,"layer":null,"covered":null,"landuse":null,"barrier":null,"tidal":null,"name:ta":null,"intermittent":null,"wikimedia_commons":null,"alt_name":null,"wetland":null,"place":null,"wikipedia":null,"wikidata":null,"name":null,"water":"wastewater","type":null},"geometry":{"type":"MultiPolygon","coordinates":[[[[80.2600725,13.1432037],[80.2600903,13.1431722],[80.260118,13.1431485],[80.2601523,13.1431353],[80.2601858,13.1431337],[80.2602182,13.1431424],[80.2602463,13.1431604],[80.2602673,13.1431859],[80.2602792,13.1432166],[80.2602807,13.1432492],[80.2602718,13.1432808],[80.2602533,13.1433081],[80.260227,13.1433285],[80.2601923,13.1433407],[80.2601554,13.1433406],[80.2601207,13.1433284],[80.2600923,13.1433054],[80.2600735,13.1432745],[80.2600667,13.1432392],[80.2600725,13.1432037]]]]}},
{"type":"Feature","properties":{"full_id":"w1062025118","osm_id":"1062025118","osm_type":"way","natural":"water","salt":null,"man_made":null,"layer":null,"covered":null,"landuse":null,"barrier":null,"tidal":null,"name:ta":null,"intermittent":null,"wikimedia_commons":null,"alt_name":null,"wetland":null,"place":null,"wikipedia":null,"wikidata":null,"name":null,"water":"wastewater","type":null},"geometry":{"type":"MultiPolygon","coordinates":[[[[80.2607226,13.1430227],[80.260762,13.1430314],[80.260796,13.1430525],[80.2608189,13.1430806],[80.2608317,13.1431142],[80.2608331,13.14315],[80.2608231,13.1431845],[80.2608025,13.1432142],[80.2607734,13.1432363],[80.2607388,13.1432484],[80.260702,13.1432495],[80.2606667,13.1432393],[80.2606364,13.143219],[80.2606123,13.1431874],[80.2606008,13.1431497],[80.2606031,13.1431104],[80.260619,13.1430743],[80.2606466,13.1430455],[80.2606825,13.1430276],[80.2607226,13.1430227]]]]}},
{"type":"Feature","properties":{"full_id":"w1062025124","osm_id":"1062025124","osm_type":"way","natural":"water","salt":null,"man_made":null,"layer":null,"covered":null,"landuse":null,"barrier":null,"tidal":null,"name:ta":null,"intermittent":null,"wikimedia_commons":null,"alt_name":null,"wetland":null,"place":null,"wikipedia":null,"wikidata":null,"name":null,"water":"wastewater","type":null},"geometry":{"type":"MultiPolygon","coordinates":[[[[80.2607518,13.1445242],[80.2606509,13.1440937],[80.2604824,13.1441312],[80.2605834,13.1445616],[80.2607518,13.1445242]]]]}},
{"type":"Feature","properties":{"full_id":"w1062025132","osm_id":"1062025132","osm_type":"way","natural":"water","salt":null,"man_made":null,"layer":null,"covered":null,"landuse":null,"barrier":null,"tidal":null,"name:ta":null,"intermittent":null,"wikimedia_commons":null,"alt_name":null,"wetland":null,"place":null,"wikipedia":null,"wikidata":null,"name":null,"water":"wastewater","type":null},"geometry":{"type":"MultiPolygon","coordinates":[[[[80.260416,13.1473982],[80.2610156,13.1473626],[80.2610693,13.1482704],[80.2604641,13.1482997],[80.260416,13.1473982]]]]}},
{"type":"Feature","properties":{"full_id":"w1062025133","osm_id":"1062025133","osm_type":"way","natural":"water","salt":null,"man_made":null,"layer":null,"covered":null,"landuse":null,"barrier":null,"tidal":null,"name:ta":null,"intermittent":null,"wikimedia_commons":null,"alt_name":null,"wetland":null,"place":null,"wikipedia":null,"wikidata":null,"name":null,"water":"wastewater","type":null},"geometry":{"type":"MultiPolygon","coordinates":[[[[80.2599719,13.1472809],[80.2600285,13.1472704],[80.2600852,13.1472782],[80.2601362,13.1473036],[80.2601761,13.1473436],[80.2602005,13.147394],[80.2602068,13.1474495],[80.2601944,13.1475039],[80.2601645,13.1475515],[80.2601204,13.1475871],[80.2600669,13.1476069],[80.2600096,13.1476087],[80.2599545,13.1475923],[80.2599079,13.1475592],[80.2598749,13.1475132],[80.2598591,13.1474592],[80.2598622,13.1474031],[80.2598839,13.1473511],[80.2599219,13.1473088],[80.2599719,13.1472809]]]]}},
{"type":"Feature","properties":{"full_id":"w1062025134","osm_id":"1062025134","osm_type":"way","natural":"water","salt":null,"man_made":null,"layer":null,"covered":null,"landuse":null,"barrier":null,"tidal":null,"name:ta":null,"intermittent":null,"wikimedia_commons":null,"alt_name":null,"wetland":null,"place":null,"wikipedia":null,"wikidata":null,"name":null,"water":"wastewater","type":null},"geometry":{"type":"MultiPolygon","coordinates":[[[[80.2598407,13.1480439],[80.2598415,13.1479738],[80.2598648,13.1479076],[80.2599083,13.1478518],[80.2599675,13.1478121],[80.260043,13.1477917],[80.260121,13.1477976],[80.2601923,13.147829],[80.2602485,13.1478821],[80.2602827,13.1479507],[80.2602909,13.1480265],[80.2602721,13.1481005],[80.2602286,13.1481638],[80.2601713,13.1482062],[80.2601033,13.1482288],[80.2600314,13.1482296],[80.2599628,13.1482084],[80.2599045,13.1481674],[80.2598624,13.1481106],[80.2598407,13.1480439]]]]}},
{"type":"Feature","properties":{"full_id":"w1062025135","osm_id":"1062025135","osm_type":"way","natural":"water","salt":null,"man_made":null,"layer":null,"covered":null,"landuse":null,"barrier":null,"tidal":null,"name:ta":null,"intermittent":null,"wikimedia_commons":null,"alt_name":null,"wetland":null,"place":null,"wikipedia":null,"wikidata":null,"name":null,"water":"wastewater","type":null},"geometry":{"type":"MultiPolygon","coordinates":[[[[80.2596251,13.1478305],[80.2596882,13.1478612],[80.2597421,13.1479144],[80.2597744,13.1479822],[80.2597813,13.1480566],[80.259762,13.148129],[80.2597188,13.1481907],[80.2596567,13.1482347],[80.2595831,13.1482557],[80.2595064,13.1482512],[80.2594359,13.1482219],[80.2593796,13.1481711],[80.2593462,13.1481106],[80.2593337,13.148043],[80.2593435,13.147975],[80.2593744,13.1479133],[80.2594235,13.1478641],[80.2594858,13.147832],[80.2595553,13.1478205],[80.2596251,13.1478305]]]]}},
{"type":"Feature","properties":{"full_id":"w1062025136","osm_id":"1062025136","osm_type":"way","natural":"water","salt":null,"man_made":null,"layer":null,"covered":null,"landuse":null,"barrier":null,"tidal":null,"name:ta":null,"intermittent":null,"wikimedia_commons":null,"alt_name":null,"wetland":null,"place":null,"wikipedia":null,"wikidata":null,"name":null,"water":"wastewater","type":null},"geometry":{"type":"MultiPolygon","coordinates":[[[[80.2593081,13.1485171],[80.2592971,13.1481729],[80.2591309,13.1481779],[80.2591419,13.1485222],[80.2593081,13.1485171]]]]}},
{"type":"Feature","properties":{"full_id":"w1062025139","osm_id":"1062025139","osm_type":"way","natural":"water","salt":null,"man_made":null,"layer":null,"covered":null,"landuse":null,"barrier":null,"tidal":null,"name:ta":null,"intermittent":null,"wikimedia_commons":null,"alt_name":null,"wetland":null,"place":null,"wikipedia":null,"wikidata":null,"name":null,"water":"wastewater","type":null},"geometry":{"type":"MultiPolygon","coordinates":[[[[80.2614158,13.1476113],[80.2614906,13.147646],[80.2615439,13.147697],[80.2615783,13.1477616],[80.2615906,13.1478334],[80.2615795,13.1479053],[80.2615461,13.1479704],[80.2614936,13.1480222],[80.2614272,13.1480557],[80.2613535,13.1480676],[80.2612796,13.1480566],[80.2612128,13.148024],[80.261155,13.1479663],[80.2611208,13.1478928],[80.2611145,13.1478124],[80.2611368,13.1477348],[80.261185,13.1476692],[80.2612533,13.1476237],[80.2613334,13.1476035],[80.2614158,13.1476113]]]]}},
{"type":"Feature","properties":{"full_id":"w1062025140","osm_id":"1062025140","osm_type":"way","natural":"water","salt":null,"man_made":null,"layer":null,"covered":null,"landuse":null,"barrier":null,"tidal":null,"name:ta":null,"intermittent":null,"wikimedia_commons":null,"alt_name":null,"wetland":null,"place":null,"wikipedia":null,"wikidata":null,"name":null,"water":"wastewater","type":null},"geometry":{"type":"MultiPolygon","coordinates":[[[[80.2620124,13.1475779],[80.2620871,13.1476126],[80.2621404,13.1476636],[80.2621749,13.1477282],[80.2621871,13.1478],[80.262176,13.147872],[80.2621426,13.147937],[80.2620901,13.1479889],[80.2620237,13.1480223],[80.26195,13.1480342],[80.2618761,13.1480232],[80.2618093,13.1479906],[80.2617515,13.1479329],[80.2617173,13.1478595],[80.261711,13.1477791],[80.2617333,13.1477014],[80.2617815,13.1476359],[80.2618498,13.1475903],[80.2619299,13.1475701],[80.2620124,13.1475779]]]]}},
{"type":"Feature","properties":{"full_id":"w1066019828","osm_id":"1066019828","osm_type":"way","natural":"water","salt":null,"man_made":null,"layer":null,"covered":null,"landuse":null,"barrier":null,"tidal":null,"name:ta":null,"intermittent":null,"wikimedia_commons":null,"alt_name":null,"wetland":null,"place":null,"wikipedia":null,"wikidata":null,"name":null,"water":"canal","type":null},"geometry":{"type":"MultiPolygon","coordinates":[[[[80.2750746,13.0814945],[80.2750664,13.0814597],[80.2750859,13.08139],[80.2751029,13.0812221],[80.2751479,13.0809666],[80.2751983,13.0804415],[80.2752218,13.0801636],[80.2752299,13.0800804],[80.2752343,13.0800356],[80.2752389,13.0798503],[80.2752301,13.0796925],[80.275179,13.0794239],[80.2750842,13.0794327],[80.2750905,13.0794745],[80.2750882,13.0795097],[80.2750695,13.079578],[80.2750684,13.0796314],[80.2750695,13.0797099],[80.2750602,13.0797645],[80.2750462,13.0798088],[80.2750287,13.079835],[80.2750217,13.0798691],[80.2750147,13.0799044],[80.2750101,13.0799289],[80.2750091,13.080118],[80.2750203,13.0801576],[80.2750325,13.0801962],[80.2750366,13.080262],[80.2750254,13.0803313],[80.2750092,13.0803887],[80.2749969,13.0804627],[80.2749852,13.0805957],[80.2749338,13.0811209],[80.2749223,13.0812897],[80.2749246,13.0813107],[80.2749292,13.0813453],[80.27493,13.081391],[80.2749192,13.0814083],[80.2749169,13.0814278],[80.274923,13.0814383],[80.2749223,13.0814548],[80.2749153,13.0814683],[80.2749144,13.0814799],[80.2749924,13.081487],[80.2750746,13.0814945]]]]}},
{"type":"Feature","properties":{"full_id":"w1066019829","osm_id":"1066019829","osm_type":"way","natural":"water","salt":null,"man_made":null,"layer":null,"covered":null,"landuse":null,"barrier":null,"tidal":null,"name:ta":null,"intermittent":null,"wikimedia_commons":null,"alt_name":null,"wetland":null,"place":null,"wikipedia":null,"wikidata":null,"name":null,"water":"canal","type":null},"geometry":{"type":"MultiPolygon","coordinates":[[[[80.2749837,13.0818088],[80.2749749,13.0818754],[80.2748559,13.0818605],[80.2748664,13.0817948],[80.2749437,13.081804],[80.2749837,13.0818088]]]]}},
{"type":"Feature","properties":{"full_id":"w1074547146","osm_id":"1074547146","osm_type":"way","natural":"water","salt":null,"man_made":null,"layer":null,"covered":null,"landuse":null,"barrier":null,"tidal":null,"name:ta":null,"intermittent":null,"wikimedia_commons":null,"alt_name":null,"wetland":null,"place":null,"wikipedia":null,"wikidata":null,"name":null,"water":"pond","type":null},"geometry":{"type":"MultiPolygon","coordinates":[[[[80.2716336,13.1139952],[80.2716674,13.1140001],[80.2716927,13.1139952],[80.2717595,13.1139762],[80.2718389,13.1139738],[80.271887,13.1139804],[80.2719115,13.1140075],[80.2719479,13.1140593],[80.2719555,13.1140997],[80.2719555,13.1141383],[80.2719428,13.1141803],[80.2719124,13.1142173],[80.271882,13.1142749],[80.2718744,13.1143399],[80.2718889,13.1144061],[80.2719144,13.1144498],[80.2719493,13.1145014],[80.2719794,13.1145452],[80.2719989,13.1145765],[80.2720073,13.114619],[80.272002,13.1146626],[80.2719871,13.1146952],[80.2719605,13.1147139],[80.271919,13.1147211],[80.271829,13.1147211],[80.2717465,13.1147211],[80.2717189,13.1147305],[80.2716827,13.1147512],[80.2716104,13.1148406],[80.2715534,13.1148693],[80.2715232,13.1148687],[80.2714655,13.1148517],[80.2714448,13.1148256],[80.2714267,13.1147798],[80.271422,13.114723],[80.2714273,13.1146394],[80.2714546,13.1145049],[80.2714557,13.1144129],[80.2714184,13.1143186],[80.2713514,13.1142108],[80.271296,13.1141569],[80.2712556,13.1141247],[80.2712268,13.114076],[80.2712194,13.1140294],[80.2712311,13.1139734],[80.2712577,13.113934],[80.2712891,13.1139153],[80.2713365,13.1139039],[80.2714227,13.113905],[80.2714855,13.1139215],[80.2715483,13.1139475],[80.2715962,13.1139775],[80.2716336,13.1139952]]]]}},
{"type":"Feature","properties":{"full_id":"w1076229586","osm_id":"1076229586","osm_type":"way","natural":null,"salt":null,"man_made":null,"layer":null,"covered":null,"landuse":null,"barrier":null,"tidal":null,"name:ta":null,"intermittent":null,"wikimedia_commons":null,"alt_name":null,"wetland":null,"place":"islet","wikipedia":null,"wikidata":null,"name":null,"water":null,"type":null},"geometry":{"type":"MultiPolygon","coordinates":[[[[80.2703561,13.0115807],[80.2704704,13.0116223],[80.2705487,13.0116461],[80.2706836,13.0116498],[80.2708018,13.0116661],[80.2709637,13.0116586],[80.270974,13.0116899],[80.2709573,13.0117149],[80.2708879,13.01174],[80.270699,13.0117738],[80.2705834,13.0117875],[80.2705039,13.011805],[80.2704049,13.0118126],[80.2701531,13.0118088],[80.270067,13.0118063],[80.2699437,13.0117763],[80.2698846,13.01175],[80.2698127,13.0117425],[80.2697497,13.0117024],[80.2697343,13.0116411],[80.2697805,13.0115835],[80.2698242,13.0115722],[80.2699514,13.011556],[80.2700644,13.0115435],[80.2701462,13.0115448],[80.2702439,13.0115585],[80.2703561,13.0115807]]]]}},
{"type":"Feature","properties":{"full_id":"w1076229601","osm_id":"1076229601","osm_type":"way","natural":"sand","salt":null,"man_made":null,"layer":null,"covered":null,"landuse":null,"barrier":null,"tidal":null,"name:ta":null,"intermittent":null,"wikimedia_commons":null,"alt_name":null,"wetland":null,"place":"islet","wikipedia":null,"wikidata":null,"name":null,"water":null,"type":null},"geometry":{"type":"MultiPolygon","coordinates":[[[[80.2722359,13.0110723],[80.2722597,13.0110849],[80.2722717,13.0111284],[80.2722568,13.0111633],[80.2722141,13.0111981],[80.2721893,13.011229],[80.2721108,13.0112503],[80.2720642,13.0112339],[80.2720374,13.0111923],[80.2720374,13.0111507],[80.2720452,13.0111091],[80.2720741,13.0110878],[80.2721148,13.0110791],[80.2721664,13.0110733],[80.2722359,13.0110723]]]]}},
{"type":"Feature","properties":{"full_id":"w1076229604","osm_id":"1076229604","osm_type":"way","natural":"sand","salt":null,"man_made":null,"layer":null,"covered":null,"landuse":null,"barrier":null,"tidal":null,"name:ta":null,"intermittent":null,"wikimedia_commons":null,"alt_name":null,"wetland":null,"place":"islet","wikipedia":null,"wikidata":null,"name":null,"water":null,"type":null},"geometry":{"type":"MultiPolygon","coordinates":[[[[80.27243,13.0110829],[80.2724875,13.0110723],[80.2725551,13.0110704],[80.2726285,13.0110558],[80.2726821,13.0110568],[80.2727447,13.0110549],[80.2728251,13.0110462],[80.2728579,13.01105],[80.2728747,13.0110684],[80.2728638,13.0110907],[80.272842,13.0111032],[80.2727774,13.0111052],[80.2726365,13.0111468],[80.2725739,13.0111506],[80.2724975,13.0111439],[80.272431,13.01114],[80.2724133,13.0111283],[80.2724101,13.0111071],[80.27243,13.0110829]]]]}},
{"type":"Feature","properties":{"full_id":"w1080599120","osm_id":"1080599120","osm_type":"way","natural":"water","salt":null,"man_made":null,"layer":null,"covered":null,"landuse":null,"barrier":null,"tidal":null,"name:ta":null,"intermittent":null,"wikimedia_commons":null,"alt_name":null,"wetland":null,"place":null,"wikipedia":null,"wikidata":null,"name":null,"water":"canal","type":null},"geometry":{"type":"MultiPolygon","coordinates":[[[[80.2823091,13.0671349],[80.2822847,13.0671495],[80.2822779,13.0670752],[80.2822896,13.0670419],[80.2823082,13.0669978],[80.2823333,13.0669614],[80.2823485,13.0669236],[80.2823472,13.0668676],[80.2823255,13.0667998],[80.2822975,13.0667493],[80.2821406,13.0666179],[80.2820483,13.0664618],[80.2818484,13.0661144],[80.2817616,13.0660173],[80.2816714,13.0659191],[80.2813026,13.0656101],[80.2811497,13.065388],[80.2810451,13.0651711],[80.2808206,13.0644397],[80.2807382,13.0641612],[80.2806589,13.064011],[80.2804577,13.0629372],[80.2803799,13.0622866],[80.280329,13.0621951],[80.2801868,13.0611735],[80.280167,13.0610962],[80.280125,13.0603682],[80.2801212,13.0597925],[80.2802823,13.0578889],[80.280396,13.0578944],[80.2802861,13.06028],[80.2803102,13.0608626],[80.280329,13.060988],[80.2805141,13.0624329],[80.2805442,13.0628542],[80.2806991,13.0632559],[80.2807832,13.0632642],[80.280922,13.0640198],[80.2808932,13.064137],[80.2809622,13.0644498],[80.2810268,13.0645063],[80.2812288,13.0651387],[80.2814199,13.0654959],[80.2815476,13.065636],[80.2823,13.0663789],[80.2824353,13.0665877],[80.2825086,13.0668574],[80.2825114,13.0669269],[80.2824998,13.0669602],[80.28244,13.0669973],[80.2824512,13.0671184],[80.2824194,13.067121],[80.2824289,13.0671801],[80.2824041,13.067183],[80.282376,13.0671862],[80.2823651,13.0671108],[80.2823214,13.0671176],[80.2823091,13.0671349]]]]}},
{"type":"Feature","properties":{"full_id":"w1124797343","osm_id":"1124797343","osm_type":"way","natural":"water","salt":null,"man_made":null,"layer":null,"covered":null,"landuse":null,"barrier":null,"tidal":null,"name:ta":null,"intermittent":null,"wikimedia_commons":null,"alt_name":null,"wetland":null,"place":null,"wikipedia":null,"wikidata":null,"name":null,"water":"pond","type":null},"geometry":{"type":"MultiPolygon","coordinates":[[[[80.2780751,13.0730358],[80.2780963,13.0730634],[80.2781199,13.0730761],[80.2781376,13.0730956],[80.2781483,13.0731186],[80.2781542,13.0731404],[80.2781494,13.073168],[80.2781093,13.0731933],[80.2780668,13.073237],[80.2780527,13.0732922],[80.278055,13.0733301],[80.2780527,13.0733496],[80.2780255,13.0733657],[80.2780031,13.0733968],[80.2780019,13.0734278],[80.277976,13.0734554],[80.2779606,13.0734876],[80.2779382,13.0735094],[80.2779241,13.0735393],[80.2779111,13.07356],[80.2778957,13.0735726],[80.2778615,13.0735634],[80.277819,13.0735451],[80.2778037,13.073506],[80.2778025,13.0734393],[80.2778037,13.0733956],[80.2778025,13.0733462],[80.2778155,13.0732945],[80.2778226,13.0732577],[80.2778179,13.0732324],[80.277812,13.073191],[80.2778179,13.0731784],[80.2778474,13.0731623],[80.2778662,13.0731473],[80.2778839,13.0731255],[80.2778922,13.0731014],[80.2778898,13.0730715],[80.2778863,13.0730473],[80.2778922,13.0730381],[80.2779146,13.0730347],[80.277937,13.0730347],[80.2779654,13.073029],[80.2779947,13.073018],[80.2780022,13.0730066],[80.2780181,13.0730042],[80.2780381,13.0730058],[80.278054,13.0730147],[80.2780751,13.0730358]]]]}},
{"type":"Feature","properties":{"full_id":"w1124798108","osm_id":"1124798108","osm_type":"way","natural":"water","salt":null,"man_made":null,"layer":null,"covered":null,"landuse":null,"barrier":null,"tidal":null,"name:ta":null,"intermittent":null,"wikimedia_commons":null,"alt_name":null,"wetland":null,"place":null,"wikipedia":null,"wikidata":null,"name":null,"water":"lake","type":null},"geometry":{"type":"MultiPolygon","coordinates":[[[[80.2196402,12.9619079],[80.2198661,12.9623835],[80.2197739,12.9624845],[80.2163623,12.9638627],[80.2162382,12.9635787],[80.2164143,12.9634882],[80.2167117,12.9633495],[80.2167892,12.9631481],[80.216926,12.9630305],[80.2169555,12.9628894],[80.216867,12.9627325],[80.2169395,12.9625914],[80.2171433,12.9623405],[80.2172694,12.9617001],[80.2174518,12.9617157],[80.2175081,12.9618517],[80.217661,12.961802],[80.217779,12.9615171],[80.2181464,12.9613315],[80.2181518,12.9611355],[80.2182055,12.9610597],[80.2181169,12.9608192],[80.2181733,12.960699],[80.2181572,12.9606127],[80.218235,12.9605839],[80.2182081,12.9604794],[80.2180579,12.9605212],[80.2180874,12.9602049],[80.2182376,12.9601239],[80.2183208,12.9601291],[80.2185354,12.9599148],[80.2187982,12.9600925],[80.2188599,12.9602389],[80.218994,12.9603226],[80.2190155,12.960448],[80.2190986,12.9605473],[80.219273,12.9607826],[80.2193427,12.9610388],[80.219281,12.9612531],[80.219214,12.9612557],[80.2191147,12.9613394],[80.2188358,12.9613995],[80.2187634,12.9613394],[80.2187553,12.9615275],[80.2189844,12.9618048],[80.2194726,12.9615853],[80.2196013,12.9617473],[80.2196402,12.9619079]]]]}},
{"type":"Feature","properties":{"full_id":"w1124798109","osm_id":"1124798109","osm_type":"way","natural":"water","salt":null,"man_made":null,"layer":null,"covered":null,"landuse":null,"barrier":null,"tidal":null,"name:ta":null,"intermittent":null,"wikimedia_commons":null,"alt_name":null,"wetland":null,"place":null,"wikipedia":null,"wikidata":null,"name":null,"water":"lake","type":null},"geometry":{"type":"MultiPolygon","coordinates":[[[[80.2156144,12.9525979],[80.2154642,12.9524149],[80.2153838,12.9518451],[80.2152818,12.9514791],[80.2154374,12.9510295],[80.21577,12.9506845],[80.2159578,12.9506845],[80.2162474,12.950512],[80.2164835,12.9502192],[80.2166498,12.9503029],[80.2166337,12.9506061],[80.2164996,12.9510034],[80.2163333,12.9510034],[80.2165157,12.9512387],[80.2167302,12.9512596],[80.2172077,12.9510766],[80.2174759,12.9508204],[80.2177066,12.9511341],[80.2179962,12.9513641],[80.2180606,12.9511602],[80.2181733,12.950972],[80.2183878,12.9510766],[80.2184039,12.9512596],[80.2182537,12.9511968],[80.2181572,12.95127],[80.2182108,12.951453],[80.2179855,12.9516621],[80.2179319,12.9514321],[80.2175617,12.9510661],[80.2174115,12.9509929],[80.2172828,12.9513589],[80.2171379,12.9515419],[80.216977,12.9513223],[80.2167785,12.9513171],[80.2167624,12.9514844],[80.2169824,12.9516726],[80.2171004,12.9518346],[80.2173042,12.9517615],[80.2173364,12.9520281],[80.2170896,12.9520856],[80.2169394,12.9516987],[80.2166444,12.9517301],[80.2166122,12.951934],[80.2163547,12.9518869],[80.2161294,12.9518712],[80.2159524,12.9519915],[80.2160221,12.952232],[80.2159792,12.9524672],[80.2157539,12.9524777],[80.2156144,12.9525979]]]]}},
{"type":"Feature","properties":{"full_id":"w1124798110","osm_id":"1124798110","osm_type":"way","natural":"water","salt":null,"man_made":null,"layer":null,"covered":null,"landuse":null,"barrier":null,"tidal":null,"name:ta":null,"intermittent":null,"wikimedia_commons":null,"alt_name":null,"wetland":null,"place":null,"wikipedia":null,"wikidata":null,"name":null,"water":"lake","type":null},"geometry":{"type":"MultiPolygon","coordinates":[[[[80.212031,12.9497278],[80.2122348,12.9496494],[80.2124172,12.9495239],[80.212428,12.9490325],[80.2120042,12.9490011],[80.2117413,12.9492782],[80.2117735,12.9495918],[80.212031,12.9497278]]]]}},
{"type":"Feature","properties":{"full_id":"w1124798111","osm_id":"1124798111","osm_type":"way","natural":"water","salt":null,"man_made":null,"layer":null,"covered":null,"landuse":null,"barrier":null,"tidal":null,"name:ta":null,"intermittent":null,"wikimedia_commons":null,"alt_name":null,"wetland":null,"place":null,"wikipedia":null,"wikidata":null,"name":null,"water":"lake","type":null},"geometry":{"type":"MultiPolygon","coordinates":[[[[80.2161141,12.9597587],[80.2154167,12.9601456],[80.2157385,12.9613009],[80.2161784,12.9611598],[80.2162428,12.961348],[80.2166129,12.9610552],[80.2164359,12.9604227],[80.2161141,12.9597587]]]]}},
{"type":"Feature","properties":{"full_id":"w1124798112","osm_id":"1124798112","osm_type":"way","natural":"water","salt":null,"man_made":null,"layer":null,"covered":null,"landuse":null,"barrier":null,"tidal":null,"name:ta":null,"intermittent":null,"wikimedia_commons":null,"alt_name":null,"wetland":null,"place":null,"wikipedia":null,"wikidata":null,"name":null,"water":"lake","type":null},"geometry":{"type":"MultiPolygon","coordinates":[[[[80.2198248,12.9585409],[80.2195137,12.9587762],[80.2195941,12.9590062],[80.2197551,12.9590742],[80.2200877,12.9588755],[80.2202003,12.9588807],[80.2205436,12.9591474],[80.22049,12.9593878],[80.220828,12.9597067],[80.2206831,12.9600413],[80.2208816,12.9605745],[80.2212142,12.9606634],[80.2214393,12.9605378],[80.2214659,12.9603965],[80.2216265,12.9603543],[80.221737,12.9604378],[80.2230435,12.959874],[80.2226626,12.9599577],[80.2220081,12.9601981],[80.2217694,12.9601851],[80.2214931,12.9601093],[80.2213698,12.9599943],[80.2216433,12.9599106],[80.2221422,12.9597642],[80.2216863,12.9595447],[80.221638,12.9592049],[80.2215575,12.9591474],[80.2214663,12.9594244],[80.2208548,12.9592676],[80.2202432,12.9586403],[80.2198248,12.9585409]]]]}},
{"type":"Feature","properties":{"full_id":"w1124798113","osm_id":"1124798113","osm_type":"way","natural":"water","salt":null,"man_made":null,"layer":null,"covered":null,"landuse":null,"barrier":null,"tidal":null,"name:ta":null,"intermittent":null,"wikimedia_commons":null,"alt_name":null,"wetland":null,"place":null,"wikipedia":null,"wikidata":null,"name":null,"water":"lake","type":null},"geometry":{"type":"MultiPolygon","coordinates":[[[[80.2296141,12.9642196],[80.2296248,12.9649254],[80.2298287,12.9650848],[80.2298716,12.9652024],[80.2303222,12.9652129],[80.2302954,12.9648757],[80.2304778,12.9649045],[80.2304456,12.9646588],[80.2302417,12.9645699],[80.2304483,12.9645019],[80.2304751,12.9643137],[80.2303946,12.9641621],[80.2303142,12.9641438],[80.2296141,12.9642196]]]]}},
{"type":"Feature","properties":{"full_id":"w1124798114","osm_id":"1124798114","osm_type":"way","natural":"water","salt":null,"man_made":null,"layer":null,"covered":null,"landuse":null,"barrier":null,"tidal":null,"name:ta":null,"intermittent":null,"wikimedia_commons":null,"alt_name":null,"wetland":null,"place":null,"wikipedia":null,"wikidata":null,"name":null,"water":"wastewater","type":null},"geometry":{"type":"MultiPolygon","coordinates":[[[[80.2317129,12.9520032],[80.2317241,12.9517374],[80.2323795,12.9517579],[80.2323822,12.9514175],[80.2322048,12.9514166],[80.2313547,12.9513824],[80.2313481,12.9515379],[80.2315691,12.9520609],[80.2317129,12.9520032]]]]}},
{"type":"Feature","properties":{"full_id":"w1124798115","osm_id":"1124798115","osm_type":"way","natural":"water","salt":null,"man_made":null,"layer":null,"covered":null,"landuse":null,"barrier":null,"tidal":null,"name:ta":null,"intermittent":null,"wikimedia_commons":null,"alt_name":null,"wetland":null,"place":null,"wikipedia":null,"wikidata":null,"name":null,"water":"wastewater","type":null},"geometry":{"type":"MultiPolygon","coordinates":[[[[80.231332,12.9531651],[80.2315586,12.9533311],[80.2318014,12.9533951],[80.2318336,12.9529495],[80.2317397,12.9528122],[80.2316807,12.9528109],[80.2315251,12.9527626],[80.2313682,12.9527678],[80.231332,12.9531651]]]]}},
{"type":"Feature","properties":{"full_id":"w1127503333","osm_id":"1127503333","osm_type":"way","natural":"water","salt":null,"man_made":null,"layer":null,"covered":null,"landuse":null,"barrier":null,"tidal":null,"name:ta":null,"intermittent":null,"wikimedia_commons":null,"alt_name":null,"wetland":null,"place":null,"wikipedia":null,"wikidata":null,"name":null,"water":"lock","type":null},"geometry":{"type":"MultiPolygon","coordinates":[[[[80.2824854,13.0675843],[80.2824778,13.067531],[80.2825172,13.0675256],[80.2824858,13.067221],[80.2824526,13.0672243],[80.2824289,13.0671801],[80.2824041,13.067183],[80.282376,13.0671862],[80.2823972,13.0672297],[80.2823608,13.0672332],[80.2824271,13.0675918],[80.2824568,13.0675881],[80.2824854,13.0675843]]]]}},
{"type":"Feature","properties":{"full_id":"w1127503338","osm_id":"1127503338","osm_type":"way","natural":"water","salt":null,"man_made":null,"layer":null,"covered":null,"landuse":null,"barrier":null,"tidal":null,"name:ta":null,"intermittent":null,"wikimedia_commons":null,"alt_name":null,"wetland":null,"place":null,"wikipedia":null,"wikidata":null,"name":null,"water":"canal","type":null},"geometry":{"type":"MultiPolygon","coordinates":[[[[80.2824854,13.0675843],[80.2824926,13.0676356],[80.2825592,13.0676284],[80.2825593,13.0676395],[80.2825479,13.0676493],[80.282532,13.0676605],[80.2825244,13.067674],[80.2825289,13.0676876],[80.2825428,13.0677012],[80.2825561,13.0677197],[80.2825599,13.0677395],[80.2825619,13.0677563],[80.2825603,13.0678257],[80.282563,13.067865],[80.2825755,13.0679182],[80.2825971,13.0679708],[80.2826141,13.0679994],[80.282624,13.0680221],[80.2826392,13.0680579],[80.2825114,13.0680607],[80.2824339,13.0680623],[80.2824366,13.068037],[80.2824321,13.0680125],[80.2824357,13.0679898],[80.2824626,13.0679523],[80.2824653,13.0678597],[80.2824617,13.0678266],[80.2824429,13.067748],[80.2824303,13.067727],[80.282425,13.0677008],[80.2824232,13.0676641],[80.2824285,13.0676423],[80.2824285,13.0676231],[80.2824271,13.0675918],[80.2824568,13.0675881],[80.2824854,13.0675843]]]]}},
{"type":"Feature","properties":{"full_id":"w1128384521","osm_id":"1128384521","osm_type":"way","natural":"water","salt":null,"man_made":null,"layer":null,"covered":null,"landuse":null,"barrier":null,"tidal":null,"name:ta":null,"intermittent":null,"wikimedia_commons":null,"alt_name":null,"wetland":null,"place":null,"wikipedia":null,"wikidata":null,"name":null,"water":"reservoir","type":null},"geometry":{"type":"MultiPolygon","coordinates":[[[[80.2175911,13.0072135],[80.217601,13.0072232],[80.2176398,13.0072443],[80.2176641,13.0072593],[80.2176885,13.0072645],[80.2177147,13.0072645],[80.2177318,13.0072751],[80.2177462,13.0072927],[80.2177426,13.0073296],[80.2177119,13.007392],[80.2175802,13.0076592],[80.2175649,13.0076794],[80.2175369,13.0076829],[80.2175053,13.0076777],[80.2174422,13.0076495],[80.2174251,13.0076302],[80.2173989,13.0076056],[80.2173772,13.0075959],[80.217352,13.0075792],[80.2173475,13.0075625],[80.2173538,13.0075282],[80.2173646,13.007472],[80.217379,13.0074342],[80.2173845,13.0074104],[80.2173732,13.0074],[80.2173619,13.0073916],[80.2173555,13.0073817],[80.2173544,13.0073728],[80.2173598,13.0073712],[80.2173705,13.0073765],[80.2173893,13.0073786],[80.2174108,13.0073765],[80.2174253,13.0073655],[80.2174489,13.0073263],[80.2174698,13.007274],[80.2175175,13.0072144],[80.2175524,13.0071862],[80.2175653,13.0071794],[80.2175738,13.0071831],[80.2175808,13.0071941],[80.2175851,13.0072014],[80.2175911,13.0072135]]]]}},
{"type":"Feature","properties":{"full_id":"w1131700757","osm_id":"1131700757","osm_type":"way","natural":"water","salt":null,"man_made":null,"layer":null,"covered":null,"landuse":null,"barrier":null,"tidal":null,"name:ta":null,"intermittent":null,"wikimedia_commons":null,"alt_name":null,"wetland":null,"place":null,"wikipedia":null,"wikidata":null,"name":null,"water":"pond","type":null},"geometry":{"type":"MultiPolygon","coordinates":[[[[80.282956,13.0710567],[80.2829753,13.0710818],[80.2830118,13.0711236],[80.2830772,13.0711685],[80.2831287,13.0712114],[80.2831384,13.0712323],[80.2831319,13.0712762],[80.283148,13.071319],[80.2831845,13.0713754],[80.2831813,13.0714068],[80.2831609,13.0714329],[80.283163,13.0714496],[80.2831866,13.0714779],[80.2831963,13.0714998],[80.2831984,13.0715291],[80.2831974,13.0715521],[80.2831984,13.0715865],[80.2832017,13.0716054],[80.2831974,13.07162],[80.283177,13.0716252],[80.2831437,13.0716252],[80.2831115,13.0716074],[80.2830751,13.0715667],[80.2830547,13.0715008],[80.2830128,13.0714005],[80.282971,13.0713462],[80.2828637,13.0712469],[80.2827682,13.0711622],[80.2826888,13.0710891],[80.2826373,13.0710462],[80.2826169,13.0710044],[80.2826212,13.0709511],[80.2826244,13.0709187],[80.2826384,13.0709093],[80.282662,13.0709093],[80.2827071,13.0709334],[80.282751,13.0709616],[80.2828015,13.0709846],[80.282839,13.0709961],[80.282897,13.0710264],[80.2829227,13.0710337],[80.282956,13.0710567]]]]}},
{"type":"Feature","properties":{"full_id":"w1131700807","osm_id":"1131700807","osm_type":"way","natural":"water","salt":null,"man_made":null,"layer":null,"covered":null,"landuse":null,"barrier":null,"tidal":null,"name:ta":null,"intermittent":null,"wikimedia_commons":null,"alt_name":null,"wetland":null,"place":null,"wikipedia":null,"wikidata":null,"name":null,"water":"pond","type":null},"geometry":{"type":"MultiPolygon","coordinates":[[[[80.2814971,13.0706952],[80.2816793,13.0707374],[80.2817734,13.0707665],[80.281866,13.0707883],[80.2819974,13.070832],[80.2821094,13.070896],[80.2822453,13.0709891],[80.2824156,13.0711724],[80.2825246,13.0712815],[80.2825426,13.0713252],[80.2824873,13.0713645],[80.2824111,13.0713717],[80.2823335,13.0713368],[80.2822376,13.0712993],[80.2822024,13.0713165],[80.2821773,13.0713556],[80.2821559,13.0714253],[80.2821572,13.0715122],[80.282171,13.0716162],[80.2821823,13.0716651],[80.282225,13.0716884],[80.2822527,13.071741],[80.2822552,13.0717887],[80.282215,13.0718229],[80.2821836,13.0718229],[80.2821585,13.0718021],[80.2821308,13.0717569],[80.2821308,13.0716982],[80.2821585,13.0716578],[80.2821597,13.0716284],[80.2821446,13.071555],[80.2821434,13.0714633],[80.2821522,13.0713654],[80.2821672,13.0713262],[80.2821836,13.0713018],[80.2821723,13.0712724],[80.2821283,13.0712137],[80.282068,13.0711758],[80.282014,13.0711758],[80.2819412,13.0712247],[80.2818721,13.0712932],[80.281847,13.0713483],[80.2818369,13.0713972],[80.2818219,13.0714229],[80.2817955,13.0714241],[80.2817641,13.0714204],[80.2817553,13.0714033],[80.2817528,13.0713727],[80.2817628,13.0712504],[80.2817591,13.0711684],[80.2817365,13.0710962],[80.2816762,13.0710632],[80.2816146,13.0710852],[80.2816021,13.0711146],[80.2815493,13.0711721],[80.2815192,13.071232],[80.2814689,13.0712687],[80.2814124,13.0713226],[80.2813848,13.0713788],[80.2813609,13.071385],[80.2813258,13.0713654],[80.2813119,13.0713275],[80.2813082,13.071292],[80.2813308,13.0712296],[80.2813446,13.0711097],[80.2813459,13.0709825],[80.2813509,13.0709091],[80.2813798,13.0708332],[80.2813823,13.070783],[80.2813986,13.0707402],[80.2814086,13.0707145],[80.2814488,13.0706962],[80.2814971,13.0706952]]]]}},
{"type":"Feature","properties":{"full_id":"w1131919639","osm_id":"1131919639","osm_type":"way","natural":"water","salt":null,"man_made":null,"layer":null,"covered":null,"landuse":null,"barrier":null,"tidal":null,"name:ta":null,"intermittent":null,"wikimedia_commons":null,"alt_name":null,"wetland":null,"place":null,"wikipedia":null,"wikidata":null,"name":null,"water":"lake","type":null},"geometry":{"type":"MultiPolygon","coordinates":[[[[80.2256925,12.8651726],[80.2255293,12.8652313],[80.2255378,12.8656919],[80.225802,12.8661001],[80.2258321,12.8663032],[80.225875,12.8664288],[80.2259674,12.8664477],[80.2258986,12.8659075],[80.2257762,12.8656207],[80.2257483,12.8653066],[80.2256925,12.8651726]]]]}},
{"type":"Feature","properties":{"full_id":"w1132419633","osm_id":"1132419633","osm_type":"way","natural":"water","salt":null,"man_made":null,"layer":null,"covered":null,"landuse":null,"barrier":null,"tidal":null,"name:ta":null,"intermittent":null,"wikimedia_commons":null,"alt_name":null,"wetland":null,"place":null,"wikipedia":null,"wikidata":null,"name":null,"water":"pond","type":null},"geometry":{"type":"MultiPolygon","coordinates":[[[[80.2818186,13.0722868],[80.28184,13.0723087],[80.2818518,13.0723547],[80.2818679,13.0723809],[80.2818765,13.0724112],[80.281883,13.0725219],[80.2818669,13.0726108],[80.2818293,13.0726735],[80.2817767,13.0726954],[80.281707,13.0726965],[80.2815772,13.0726599],[80.2814817,13.072616],[80.2814388,13.072593],[80.2814291,13.0725585],[80.2814313,13.0725021],[80.2814731,13.072431],[80.281516,13.0723568],[80.2815772,13.0723108],[80.2816212,13.0722753],[80.2816469,13.0722345],[80.2816823,13.0722199],[80.2817274,13.0722262],[80.2817585,13.0722586],[80.2817821,13.0722732],[80.2818186,13.0722868]]]]}},
{"type":"Feature","properties":{"full_id":"w1132419638","osm_id":"1132419638","osm_type":"way","natural":"water","salt":null,"man_made":null,"layer":null,"covered":null,"landuse":null,"barrier":null,"tidal":null,"name:ta":null,"intermittent":null,"wikimedia_commons":null,"alt_name":null,"wetland":null,"place":null,"wikipedia":null,"wikidata":null,"name":null,"water":"pond","type":null},"geometry":{"type":"MultiPolygon","coordinates":[[[[80.2808666,13.0739554],[80.2808241,13.0739908],[80.2807755,13.0740544],[80.2807892,13.0741386],[80.280815,13.0741933],[80.2808999,13.0742022],[80.2809849,13.0741874],[80.2811624,13.0740943],[80.2812853,13.0740041],[80.2813219,13.0739886],[80.2813551,13.0739627],[80.2813612,13.0739361],[80.2813946,13.0739184],[80.2814538,13.0739007],[80.2815023,13.0739184],[80.281522,13.0739672],[80.2815099,13.0740189],[80.2815175,13.0740573],[80.2815342,13.0740869],[80.2815903,13.0741091],[80.2816753,13.074112],[80.2816859,13.0741283],[80.2816753,13.0741785],[80.2816055,13.0744534],[80.2815706,13.0744593],[80.2815266,13.0744652],[80.2814583,13.0744919],[80.2814037,13.074548],[80.2813291,13.0746304],[80.2812411,13.0746791],[80.2811895,13.0747515],[80.28115,13.0747249],[80.2811273,13.0747042],[80.2810943,13.0746631],[80.2810858,13.0746537],[80.2810785,13.0746563],[80.2810849,13.0746657],[80.2811117,13.074696],[80.2811498,13.0747378],[80.2811827,13.0747851],[80.2811774,13.0747999],[80.281144,13.0748206],[80.2810196,13.0748909],[80.2809145,13.074917],[80.2808222,13.0749431],[80.2807729,13.0749797],[80.2807353,13.0750529],[80.2807375,13.0750936],[80.2807686,13.0751459],[80.2808244,13.0751595],[80.2809563,13.075149],[80.2811022,13.075149],[80.2811559,13.0751772],[80.2812042,13.0752326],[80.2812696,13.0752608],[80.2813544,13.0752682],[80.281408,13.0752587],[80.2814767,13.0752138],[80.2815335,13.0751635],[80.2815582,13.0751417],[80.281614,13.0750821],[80.2816344,13.0750173],[80.2816516,13.0749463],[80.2816762,13.0748731],[80.2817138,13.0747707],[80.281732,13.0747038],[80.2817696,13.0746693],[80.2817867,13.0746223],[80.2817889,13.0745753],[80.281776,13.0745303],[80.2817513,13.0745053],[80.2816966,13.0744864],[80.2816741,13.0744676],[80.2816516,13.0744415],[80.2816483,13.0744258],[80.281732,13.0741301],[80.2817481,13.0741081],[80.2817996,13.0740883],[80.2818565,13.0740642],[80.2818769,13.0740339],[80.2818919,13.0739002],[80.2819044,13.0737731],[80.2819057,13.0737234],[80.2818916,13.0736588],[80.2818317,13.0736178],[80.2817424,13.0736004],[80.2816505,13.0735991],[80.2815395,13.0736252],[80.2814247,13.0736836],[80.2813277,13.073742],[80.2812486,13.0737843],[80.281181,13.0738253],[80.2810968,13.07388],[80.2810113,13.0739061],[80.2809424,13.0739247],[80.2808666,13.0739554]]]]}},
{"type":"Feature","properties":{"full_id":"w1137581556","osm_id":"1137581556","osm_type":"way","natural":"water","salt":null,"man_made":null,"layer":null,"covered":null,"landuse":null,"barrier":null,"tidal":null,"name:ta":null,"intermittent":null,"wikimedia_commons":null,"alt_name":null,"wetland":null,"place":null,"wikipedia":null,"wikidata":null,"name":null,"water":"pond","type":null},"geometry":{"type":"MultiPolygon","coordinates":[[[[80.2843368,13.064617],[80.2842961,13.0644546],[80.2841647,13.0644859],[80.2842055,13.0646483],[80.2843368,13.064617]]]]}},
{"type":"Feature","properties":{"full_id":"w1137581564","osm_id":"1137581564","osm_type":"way","natural":"water","salt":null,"man_made":null,"layer":null,"covered":null,"landuse":null,"barrier":null,"tidal":null,"name:ta":null,"intermittent":null,"wikimedia_commons":null,"alt_name":null,"wetland":null,"place":null,"wikipedia":null,"wikidata":null,"name":null,"water":"pond","type":null},"geometry":{"type":"MultiPolygon","coordinates":[[[[80.2845112,13.0644686],[80.2850796,13.0643252],[80.2850887,13.0643594],[80.2845203,13.0645027],[80.2845112,13.0644686]]]]}},
{"type":"Feature","properties":{"full_id":"w1154913166","osm_id":"1154913166","osm_type":"way","natural":"water","salt":null,"man_made":null,"layer":null,"covered":null,"landuse":null,"barrier":null,"tidal":null,"name:ta":null,"intermittent":null,"wikimedia_commons":null,"alt_name":null,"wetland":null,"place":null,"wikipedia":null,"wikidata":null,"name":null,"water":"reservoir","type":null},"geometry":{"type":"MultiPolygon","coordinates":[[[[80.2819256,13.1594696],[80.2828184,13.1594614],[80.2828169,13.1594765],[80.2825832,13.1594777],[80.282582,13.1596084],[80.2827792,13.15961],[80.2828954,13.1596093],[80.2827016,13.1601474],[80.281933,13.1601526],[80.2819256,13.1594696]]]]}},
{"type":"Feature","properties":{"full_id":"w1154923347","osm_id":"1154923347","osm_type":"way","natural":"water","salt":null,"man_made":null,"layer":null,"covered":null,"landuse":null,"barrier":null,"tidal":null,"name:ta":null,"intermittent":null,"wikimedia_commons":null,"alt_name":null,"wetland":null,"place":null,"wikipedia":null,"wikidata":null,"name":null,"water":"reservoir","type":null},"geometry":{"type":"MultiPolygon","coordinates":[[[[80.2764615,13.1613906],[80.2764804,13.1613878],[80.2764993,13.161391],[80.2765168,13.1614004],[80.2765301,13.1614149],[80.2765377,13.1614329],[80.2765388,13.1614523],[80.2765331,13.161471],[80.2765215,13.1614868],[80.2765052,13.1614979],[80.2764859,13.1615032],[80.276466,13.1615019],[80.2764483,13.1614947],[80.2764339,13.1614824],[80.2764242,13.1614662],[80.2764204,13.1614479],[80.2764227,13.1614294],[80.276431,13.1614125],[80.2764444,13.1613991],[80.2764615,13.1613906]]]]}},
{"type":"Feature","properties":{"full_id":"w1154923348","osm_id":"1154923348","osm_type":"way","natural":"water","salt":null,"man_made":null,"layer":null,"covered":null,"landuse":null,"barrier":null,"tidal":null,"name:ta":null,"intermittent":null,"wikimedia_commons":null,"alt_name":null,"wetland":null,"place":null,"wikipedia":null,"wikidata":null,"name":null,"water":"reservoir","type":null},"geometry":{"type":"MultiPolygon","coordinates":[[[[80.276571,13.1614408],[80.276684,13.1614406],[80.2766842,13.1615137],[80.2765711,13.1615139],[80.276571,13.1614408]]]]}},
{"type":"Feature","properties":{"full_id":"w1154923367","osm_id":"1154923367","osm_type":"way","natural":"water","salt":null,"man_made":null,"layer":null,"covered":null,"landuse":null,"barrier":null,"tidal":null,"name:ta":null,"intermittent":null,"wikimedia_commons":null,"alt_name":null,"wetland":null,"place":null,"wikipedia":null,"wikidata":null,"name":null,"water":"reservoir","type":null},"geometry":{"type":"MultiPolygon","coordinates":[[[[80.2834491,13.1582816],[80.2841424,13.158279],[80.2842055,13.1586081],[80.2835282,13.158612],[80.2834491,13.1582816]]]]}},
{"type":"Feature","properties":{"full_id":"w1154923372","osm_id":"1154923372","osm_type":"way","natural":"water","salt":null,"man_made":null,"layer":null,"covered":null,"landuse":null,"barrier":null,"tidal":null,"name:ta":null,"intermittent":null,"wikimedia_commons":null,"alt_name":null,"wetland":null,"place":null,"wikipedia":null,"wikidata":null,"name":null,"water":"reservoir","type":null},"geometry":{"type":"MultiPolygon","coordinates":[[[[80.2834938,13.1571316],[80.2835307,13.1571407],[80.2835624,13.1571611],[80.2835848,13.1571895],[80.2835967,13.1572234],[80.2835969,13.1572592],[80.2835853,13.1572932],[80.2835631,13.1573218],[80.2835327,13.157342],[80.2834973,13.1573517],[80.2834605,13.1573498],[80.2834263,13.1573366],[80.2833983,13.1573135],[80.2833788,13.1572816],[80.2833713,13.1572453],[80.2833764,13.1572087],[80.2833937,13.1571757],[80.2834213,13.1571501],[80.2834559,13.1571349],[80.2834938,13.1571316]]]]}},
{"type":"Feature","properties":{"full_id":"w1154923373","osm_id":"1154923373","osm_type":"way","natural":"water","salt":null,"man_made":null,"layer":null,"covered":null,"landuse":null,"barrier":null,"tidal":null,"name:ta":null,"intermittent":null,"wikimedia_commons":null,"alt_name":null,"wetland":null,"place":null,"wikipedia":null,"wikidata":null,"name":null,"water":"reservoir","type":null},"geometry":{"type":"MultiPolygon","coordinates":[[[[80.283759,13.1571297],[80.2837959,13.1571388],[80.2838276,13.1571592],[80.28385,13.1571876],[80.283862,13.1572215],[80.2838621,13.1572573],[80.2838505,13.1572913],[80.2838284,13.1573199],[80.283798,13.1573401],[80.2837625,13.1573498],[80.2837258,13.1573479],[80.2836916,13.1573347],[80.2836635,13.1573116],[80.2836441,13.1572797],[80.2836365,13.1572434],[80.2836417,13.1572068],[80.283659,13.1571738],[80.2836865,13.1571482],[80.2837211,13.157133],[80.283759,13.1571297]]]]}},
{"type":"Feature","properties":{"full_id":"w1154923374","osm_id":"1154923374","osm_type":"way","natural":"water","salt":null,"man_made":null,"layer":null,"covered":null,"landuse":null,"barrier":null,"tidal":null,"name:ta":null,"intermittent":null,"wikimedia_commons":null,"alt_name":null,"wetland":null,"place":null,"wikipedia":null,"wikidata":null,"name":null,"water":"reservoir","type":null},"geometry":{"type":"MultiPolygon","coordinates":[[[[80.2839454,13.1575321],[80.2839674,13.1575242],[80.2839909,13.1575239],[80.2840132,13.1575314],[80.2840303,13.1575445],[80.2840425,13.1575621],[80.2840483,13.1575825],[80.2840474,13.1576037],[80.2840397,13.1576235],[80.284026,13.15764],[80.2840078,13.1576516],[80.2839867,13.157657],[80.283965,13.1576557],[80.2839432,13.1576471],[80.2839257,13.1576317],[80.2839145,13.1576116],[80.2839109,13.157589],[80.2839154,13.1575665],[80.2839273,13.1575468],[80.2839454,13.1575321]]]]}},
{"type":"Feature","properties":{"full_id":"w1154923375","osm_id":"1154923375","osm_type":"way","natural":"water","salt":null,"man_made":null,"layer":null,"covered":null,"landuse":null,"barrier":null,"tidal":null,"name:ta":null,"intermittent":null,"wikimedia_commons":null,"alt_name":null,"wetland":null,"place":null,"wikipedia":null,"wikidata":null,"name":null,"water":"reservoir","type":null},"geometry":{"type":"MultiPolygon","coordinates":[[[[80.2838552,13.1577544],[80.2838848,13.1577472],[80.2839152,13.1577496],[80.2839432,13.1577612],[80.2839671,13.1577821],[80.2839825,13.1578096],[80.2839875,13.1578405],[80.2839817,13.1578712],[80.2839657,13.1578984],[80.2839414,13.1579187],[80.2839115,13.1579301],[80.2838794,13.157931],[80.2838488,13.1579215],[80.2838243,13.1579037],[80.2838069,13.1578794],[80.2837983,13.1578509],[80.2837994,13.1578212],[80.2838102,13.1577934],[80.2838294,13.1577703],[80.2838552,13.1577544]]]]}},
{"type":"Feature","properties":{"full_id":"w1154923376","osm_id":"1154923376","osm_type":"way","natural":"water","salt":null,"man_made":null,"layer":null,"covered":null,"landuse":null,"barrier":null,"tidal":null,"name:ta":null,"intermittent":null,"wikimedia_commons":null,"alt_name":null,"wetland":null,"place":null,"wikipedia":null,"wikidata":null,"name":null,"water":"reservoir","type":null},"geometry":{"type":"MultiPolygon","coordinates":[[[[80.2840348,13.1580351],[80.2840129,13.1580275],[80.2839945,13.1580136],[80.2839815,13.1579949],[80.2839751,13.1579731],[80.283976,13.1579505],[80.2839852,13.1579274],[80.2840018,13.1579087],[80.284024,13.1578967],[80.2840491,13.1578927],[80.2840741,13.1578972],[80.284096,13.1579098],[80.2841123,13.1579288],[80.2841209,13.1579521],[80.284121,13.1579768],[80.2841134,13.1579982],[80.2840994,13.1580163],[80.2840803,13.1580292],[80.284058,13.1580357],[80.2840348,13.1580351]]]]}},
{"type":"Feature","properties":{"full_id":"w1154923377","osm_id":"1154923377","osm_type":"way","natural":"water","salt":null,"man_made":null,"layer":null,"covered":null,"landuse":null,"barrier":null,"tidal":null,"name:ta":null,"intermittent":null,"wikimedia_commons":null,"alt_name":null,"wetland":null,"place":null,"wikipedia":null,"wikidata":null,"name":null,"water":"reservoir","type":null},"geometry":{"type":"MultiPolygon","coordinates":[[[[80.2840041,13.1581245],[80.2840099,13.1581003],[80.2840238,13.1580795],[80.284044,13.1580645],[80.2840684,13.1580572],[80.2840913,13.1580578],[80.2841129,13.1580653],[80.2841311,13.1580788],[80.2841442,13.1580972],[80.2841508,13.1581186],[80.2841504,13.1581409],[80.2841429,13.1581621],[80.2841291,13.1581799],[80.2841103,13.1581928],[80.2840859,13.1581997],[80.2840605,13.1581982],[80.2840371,13.1581883],[80.2840186,13.1581712],[80.2840072,13.1581491],[80.2840041,13.1581245]]]]}},
{"type":"Feature","properties":{"full_id":"w1172624836","osm_id":"1172624836","osm_type":"way","natural":"water","salt":null,"man_made":null,"layer":null,"covered":null,"landuse":null,"barrier":null,"tidal":null,"name:ta":null,"intermittent":null,"wikimedia_commons":null,"alt_name":null,"wetland":null,"place":null,"wikipedia":null,"wikidata":null,"name":null,"water":"wastewater","type":null},"geometry":{"type":"MultiPolygon","coordinates":[[[[80.2012584,13.0652718],[80.2013073,13.0653325],[80.2013361,13.0654043],[80.2013425,13.0654812],[80.2013259,13.0655566],[80.2012877,13.0656241],[80.2012312,13.0656781],[80.2011611,13.065714],[80.2010834,13.0657287],[80.2010046,13.0657209],[80.2009314,13.0656914],[80.2008622,13.0656338],[80.2008164,13.0655572],[80.200799,13.0654701],[80.2008122,13.0653823],[80.2008277,13.0653444],[80.2008543,13.0653037],[80.2008846,13.0652701],[80.2009207,13.065243],[80.2009576,13.065223],[80.201004,13.0652071],[80.2010947,13.0651999],[80.2011828,13.0652223],[80.2012584,13.0652718]]]]}},
{"type":"Feature","properties":{"full_id":"w1172624837","osm_id":"1172624837","osm_type":"way","natural":"water","salt":null,"man_made":null,"layer":null,"covered":null,"landuse":null,"barrier":null,"tidal":null,"name:ta":null,"intermittent":null,"wikimedia_commons":null,"alt_name":null,"wetland":null,"place":null,"wikipedia":null,"wikidata":null,"name":null,"water":"wastewater","type":null},"geometry":{"type":"MultiPolygon","coordinates":[[[[80.2016619,13.0648607],[80.2016991,13.0648528],[80.201737,13.064857],[80.2017715,13.0648728],[80.2017996,13.0648994],[80.2018171,13.0649335],[80.2018222,13.0649713],[80.2018142,13.0650086],[80.201794,13.0650413],[80.201764,13.0650657],[80.2017273,13.0650791],[80.2016882,13.06508],[80.2016509,13.0650683],[80.2016204,13.065046],[80.2015988,13.0650154],[80.2015885,13.0649797],[80.2015904,13.0649426],[80.2016045,13.0649081],[80.2016292,13.0648798],[80.2016619,13.0648607]]]]}},
{"type":"Feature","properties":{"full_id":"w1172624838","osm_id":"1172624838","osm_type":"way","natural":"water","salt":null,"man_made":null,"layer":null,"covered":null,"landuse":null,"barrier":null,"tidal":null,"name:ta":null,"intermittent":null,"wikimedia_commons":null,"alt_name":null,"wetland":null,"place":null,"wikipedia":null,"wikidata":null,"name":null,"water":"wastewater","type":null},"geometry":{"type":"MultiPolygon","coordinates":[[[[80.2013801,13.0650087],[80.2014173,13.0650009],[80.2014552,13.0650051],[80.2014897,13.0650209],[80.2015178,13.0650474],[80.2015353,13.0650815],[80.2015404,13.0651193],[80.2015324,13.0651566],[80.2015122,13.0651893],[80.2014822,13.0652137],[80.2014455,13.0652271],[80.2014064,13.065228],[80.2013691,13.0652163],[80.2013386,13.0651941],[80.201317,13.0651635],[80.2013067,13.0651277],[80.2013086,13.0650907],[80.2013227,13.0650561],[80.2013474,13.0650278],[80.2013801,13.0650087]]]]}},
{"type":"Feature","properties":{"full_id":"w1172624839","osm_id":"1172624839","osm_type":"way","natural":"water","salt":null,"man_made":null,"layer":null,"covered":null,"landuse":null,"barrier":null,"tidal":null,"name:ta":null,"intermittent":null,"wikimedia_commons":null,"alt_name":null,"wetland":null,"place":null,"wikipedia":null,"wikidata":null,"name":null,"water":"wastewater","type":null},"geometry":{"type":"MultiPolygon","coordinates":[[[[80.2015821,13.0653498],[80.202029,13.0651547],[80.2020036,13.0651201],[80.2020281,13.0651004],[80.202083,13.0651547],[80.2020417,13.0651835],[80.2019436,13.065228],[80.202034,13.0654411],[80.201686,13.0655876],[80.2015821,13.0653498]]]]}},
{"type":"Feature","properties":{"full_id":"w1172624850","osm_id":"1172624850","osm_type":"way","natural":"water","salt":null,"man_made":null,"layer":null,"covered":null,"landuse":null,"barrier":null,"tidal":null,"name:ta":null,"intermittent":null,"wikimedia_commons":null,"alt_name":null,"wetland":null,"place":null,"wikipedia":null,"wikidata":null,"name":null,"water":"wastewater","type":null},"geometry":{"type":"MultiPolygon","coordinates":[[[[80.2015133,13.0640215],[80.2015588,13.0640653],[80.2015866,13.0641199],[80.2015949,13.0641803],[80.2015829,13.06424],[80.2015517,13.0642929],[80.2015049,13.0643332],[80.2014472,13.0643567],[80.2013848,13.0643609],[80.2013243,13.0643453],[80.2012722,13.0643116],[80.201234,13.0642634],[80.2012134,13.0642044],[80.2012139,13.0641421],[80.2012353,13.0640834],[80.2012754,13.0640348],[80.2013296,13.0640018],[80.201392,13.0639879],[80.2014555,13.0639947],[80.2015133,13.0640215]]]]}},
{"type":"Feature","properties":{"full_id":"w1172624853","osm_id":"1172624853","osm_type":"way","natural":"water","salt":null,"man_made":null,"layer":null,"covered":null,"landuse":null,"barrier":null,"tidal":null,"name:ta":null,"intermittent":null,"wikimedia_commons":null,"alt_name":null,"wetland":null,"place":null,"wikipedia":null,"wikidata":null,"name":null,"water":"wastewater","type":null},"geometry":{"type":"MultiPolygon","coordinates":[[[[80.2013187,13.0635708],[80.2013642,13.0636146],[80.201392,13.0636692],[80.2014003,13.0637296],[80.2013883,13.0637893],[80.2013572,13.0638422],[80.2013103,13.0638825],[80.2012526,13.063906],[80.2011902,13.0639101],[80.2011298,13.0638946],[80.2010776,13.0638609],[80.2010394,13.0638127],[80.2010188,13.0637537],[80.2010193,13.0636914],[80.2010408,13.0636327],[80.2010808,13.0635841],[80.201135,13.0635511],[80.2011974,13.0635372],[80.201261,13.063544],[80.2013187,13.0635708]]]]}},
{"type":"Feature","properties":{"full_id":"w1172624854","osm_id":"1172624854","osm_type":"way","natural":"water","salt":null,"man_made":null,"layer":null,"covered":null,"landuse":null,"barrier":null,"tidal":null,"name:ta":null,"intermittent":null,"wikimedia_commons":null,"alt_name":null,"wetland":null,"place":null,"wikipedia":null,"wikidata":null,"name":null,"water":"wastewater","type":null},"geometry":{"type":"MultiPolygon","coordinates":[[[[80.2007492,13.0635219],[80.2007674,13.0635154],[80.2007869,13.0635152],[80.2008052,13.0635215],[80.2008192,13.0635323],[80.200829,13.0635467],[80.2008337,13.0635635],[80.2008329,13.0635808],[80.2008265,13.063597],[80.2008153,13.0636104],[80.2008003,13.0636198],[80.2007831,13.0636242],[80.2007653,13.0636232],[80.2007488,13.0636168],[80.200734,13.0636044],[80.2007244,13.0635879],[80.2007211,13.0635692],[80.2007246,13.0635506],[80.2007343,13.0635342],[80.2007492,13.0635219]]]]}},
{"type":"Feature","properties":{"full_id":"w1172624855","osm_id":"1172624855","osm_type":"way","natural":"water","salt":null,"man_made":null,"layer":null,"covered":null,"landuse":null,"barrier":null,"tidal":null,"name:ta":null,"intermittent":null,"wikimedia_commons":null,"alt_name":null,"wetland":null,"place":null,"wikipedia":null,"wikidata":null,"name":null,"water":"wastewater","type":null},"geometry":{"type":"MultiPolygon","coordinates":[[[[80.2012883,13.0647478],[80.2013012,13.0647988],[80.2012966,13.064848],[80.2012764,13.0648933],[80.2012425,13.0649301],[80.2011984,13.0649546],[80.2011487,13.0649642],[80.2010983,13.0649581],[80.2010525,13.0649369],[80.201016,13.0649026],[80.2009924,13.0648589],[80.2009841,13.0648101],[80.2009932,13.0647583],[80.2010195,13.0647125],[80.20106,13.0646778],[80.2011102,13.0646584],[80.201164,13.0646565],[80.2012155,13.0646723],[80.2012586,13.0647039],[80.2012883,13.0647478]]]]}},
{"type":"Feature","properties":{"full_id":"w1172624856","osm_id":"1172624856","osm_type":"way","natural":"water","salt":null,"man_made":null,"layer":null,"covered":null,"landuse":null,"barrier":null,"tidal":null,"name:ta":null,"intermittent":null,"wikimedia_commons":null,"alt_name":null,"wetland":null,"place":null,"wikipedia":null,"wikidata":null,"name":null,"water":"wastewater","type":null},"geometry":{"type":"MultiPolygon","coordinates":[[[[80.2011294,13.0644197],[80.2011423,13.0644707],[80.2011378,13.0645199],[80.2011175,13.0645652],[80.2010836,13.064602],[80.2010395,13.0646265],[80.2009898,13.0646361],[80.2009394,13.06463],[80.2008937,13.0646088],[80.2008571,13.0645745],[80.2008335,13.0645308],[80.2008252,13.064482],[80.2008343,13.0644302],[80.2008606,13.0643844],[80.2009012,13.0643497],[80.2009513,13.0643303],[80.2010052,13.0643284],[80.2010566,13.0643442],[80.2010997,13.0643758],[80.2011294,13.0644197]]]]}},
{"type":"Feature","properties":{"full_id":"w1172624857","osm_id":"1172624857","osm_type":"way","natural":"water","salt":null,"man_made":null,"layer":null,"covered":null,"landuse":null,"barrier":null,"tidal":null,"name:ta":null,"intermittent":null,"wikimedia_commons":null,"alt_name":null,"wetland":null,"place":null,"wikipedia":null,"wikidata":null,"name":null,"water":"wastewater","type":null},"geometry":{"type":"MultiPolygon","coordinates":[[[[80.2007685,13.0646073],[80.2007814,13.0646583],[80.2007769,13.0647076],[80.2007567,13.0647529],[80.2007228,13.0647897],[80.2006787,13.0648141],[80.2006289,13.0648238],[80.2005786,13.0648177],[80.2005328,13.0647965],[80.2004962,13.0647622],[80.2004726,13.0647185],[80.2004644,13.0646697],[80.2004734,13.0646179],[80.2004998,13.064572],[80.2005403,13.0645374],[80.2005904,13.064518],[80.2006443,13.0645161],[80.2006958,13.0645319],[80.2007388,13.0645635],[80.2007685,13.0646073]]]]}},
{"type":"Feature","properties":{"full_id":"w1172624858","osm_id":"1172624858","osm_type":"way","natural":"water","salt":null,"man_made":null,"layer":null,"covered":null,"landuse":null,"barrier":null,"tidal":null,"name:ta":null,"intermittent":null,"wikimedia_commons":null,"alt_name":null,"wetland":null,"place":null,"wikipedia":null,"wikidata":null,"name":null,"water":"wastewater","type":null},"geometry":{"type":"MultiPolygon","coordinates":[[[[80.2004119,13.0647318],[80.2004249,13.0647828],[80.2004203,13.064832],[80.2004001,13.0648773],[80.2003662,13.0649141],[80.2003221,13.0649386],[80.2002724,13.0649482],[80.200222,13.0649421],[80.2001762,13.0649209],[80.2001397,13.0648866],[80.200116,13.0648429],[80.2001078,13.0647941],[80.2001169,13.0647423],[80.2001432,13.0646965],[80.2001837,13.0646618],[80.2002339,13.0646424],[80.2002877,13.0646405],[80.2003392,13.0646563],[80.2003822,13.0646879],[80.2004119,13.0647318]]]]}},
{"type":"Feature","properties":{"full_id":"w1172624859","osm_id":"1172624859","osm_type":"way","natural":"water","salt":null,"man_made":null,"layer":null,"covered":null,"landuse":null,"barrier":null,"tidal":null,"name:ta":null,"intermittent":null,"wikimedia_commons":null,"alt_name":null,"wetland":null,"place":null,"wikipedia":null,"wikidata":null,"name":null,"water":"wastewater","type":null},"geometry":{"type":"MultiPolygon","coordinates":[[[[80.1997926,13.0642416],[80.2006263,13.0638068],[80.2008424,13.0642226],[80.2000142,13.064656],[80.1997926,13.0642416]]]]}},
{"type":"Feature","properties":{"full_id":"w1172624860","osm_id":"1172624860","osm_type":"way","natural":"water","salt":null,"man_made":null,"layer":null,"covered":null,"landuse":null,"barrier":null,"tidal":null,"name:ta":null,"intermittent":null,"wikimedia_commons":null,"alt_name":null,"wetland":null,"place":null,"wikipedia":null,"wikidata":null,"name":null,"water":"wastewater","type":null},"geometry":{"type":"MultiPolygon","coordinates":[[[[80.2003308,13.0635373],[80.2003728,13.063582],[80.2003885,13.0636135],[80.2003999,13.0636429],[80.2004041,13.0637092],[80.200385,13.063773],[80.2003447,13.0638266],[80.2002881,13.0638636],[80.2002219,13.0638797],[80.2001541,13.0638729],[80.2000926,13.0638441],[80.2000449,13.0637966],[80.2000183,13.0637419],[80.2000105,13.0636818],[80.2000221,13.0636224],[80.2000522,13.0635694],[80.2000977,13.0635282],[80.2001541,13.0635027],[80.2002158,13.0634956],[80.2002767,13.0635075],[80.2003308,13.0635373]]]]}},
{"type":"Feature","properties":{"full_id":"w1172624861","osm_id":"1172624861","osm_type":"way","natural":"water","salt":null,"man_made":null,"layer":null,"covered":null,"landuse":null,"barrier":null,"tidal":null,"name:ta":null,"intermittent":null,"wikimedia_commons":null,"alt_name":null,"wetland":null,"place":null,"wikipedia":null,"wikidata":null,"name":null,"water":"wastewater","type":null},"geometry":{"type":"MultiPolygon","coordinates":[[[[80.199919,13.0637703],[80.1999609,13.063815],[80.1999881,13.063876],[80.1999923,13.0639423],[80.1999731,13.064006],[80.1999328,13.0640596],[80.1998762,13.0640967],[80.1998101,13.0641128],[80.1997422,13.064106],[80.1996808,13.0640771],[80.1996331,13.0640296],[80.1996065,13.0639749],[80.1995986,13.0639149],[80.1996103,13.0638554],[80.1996404,13.0638025],[80.1996859,13.0637612],[80.1997423,13.0637358],[80.199804,13.0637287],[80.1998649,13.0637406],[80.199919,13.0637703]]]]}},
{"type":"Feature","properties":{"full_id":"w1172624864","osm_id":"1172624864","osm_type":"way","natural":"water","salt":null,"man_made":null,"layer":null,"covered":null,"landuse":null,"barrier":null,"tidal":null,"name:ta":null,"intermittent":null,"wikimedia_commons":null,"alt_name":null,"wetland":null,"place":null,"wikipedia":null,"wikidata":null,"name":null,"water":"wastewater","type":null},"geometry":{"type":"MultiPolygon","coordinates":[[[[80.2006237,13.0651417],[80.2008686,13.0650492],[80.2008199,13.0649269],[80.200575,13.0650194],[80.2006237,13.0651417]]]]}},
{"type":"Feature","properties":{"full_id":"w1172624865","osm_id":"1172624865","osm_type":"way","natural":"water","salt":null,"man_made":null,"layer":null,"covered":null,"landuse":null,"barrier":null,"tidal":null,"name:ta":null,"intermittent":null,"wikimedia_commons":null,"alt_name":null,"wetland":null,"place":null,"wikipedia":null,"wikidata":null,"name":null,"water":"wastewater","type":null},"geometry":{"type":"MultiPolygon","coordinates":[[[[80.2003397,13.0652486],[80.2005845,13.0651561],[80.2005359,13.0650338],[80.200291,13.0651263],[80.2003397,13.0652486]]]]}},
{"type":"Feature","properties":{"full_id":"w1172624866","osm_id":"1172624866","osm_type":"way","natural":"water","salt":null,"man_made":null,"layer":null,"covered":null,"landuse":null,"barrier":null,"tidal":null,"name:ta":null,"intermittent":null,"wikimedia_commons":null,"alt_name":null,"wetland":null,"place":null,"wikipedia":null,"wikidata":null,"name":null,"water":"wastewater","type":null},"geometry":{"type":"MultiPolygon","coordinates":[[[[80.1995381,13.0647358],[80.1997621,13.0646258],[80.1998253,13.0647478],[80.1996013,13.0648579],[80.1995381,13.0647358]]]]}},
{"type":"Feature","properties":{"full_id":"w1172624867","osm_id":"1172624867","osm_type":"way","natural":"water","salt":null,"man_made":null,"layer":null,"covered":null,"landuse":null,"barrier":null,"tidal":null,"name:ta":null,"intermittent":null,"wikimedia_commons":null,"alt_name":null,"wetland":null,"place":null,"wikipedia":null,"wikidata":null,"name":null,"water":"wastewater","type":null},"geometry":{"type":"MultiPolygon","coordinates":[[[[80.1994946,13.0647623],[80.1995286,13.0648128],[80.1995437,13.0648707],[80.1995387,13.0649302],[80.1995143,13.064985],[80.199473,13.0650292],[80.1994193,13.065058],[80.1993589,13.0650683],[80.1992983,13.0650591],[80.199244,13.0650312],[80.1992019,13.0649878],[80.1991765,13.0649334],[80.1991705,13.0648734],[80.1991849,13.0648148],[80.1992182,13.0647639],[80.1992667,13.0647264],[80.1993251,13.0647064],[80.199387,13.0647061],[80.1994457,13.0647254],[80.1994946,13.0647623]]]]}},
{"type":"Feature","properties":{"full_id":"w1172624868","osm_id":"1172624868","osm_type":"way","natural":"water","salt":null,"man_made":null,"layer":null,"covered":null,"landuse":null,"barrier":null,"tidal":null,"name:ta":null,"intermittent":null,"wikimedia_commons":null,"alt_name":null,"wetland":null,"place":null,"wikipedia":null,"wikidata":null,"name":null,"water":"wastewater","type":null},"geometry":{"type":"MultiPolygon","coordinates":[[[[80.1992477,13.0642823],[80.1992816,13.0643328],[80.1992967,13.0643907],[80.1992918,13.0644502],[80.1992673,13.064505],[80.199226,13.0645492],[80.1991723,13.064578],[80.1991119,13.0645883],[80.1990513,13.0645791],[80.1989971,13.0645513],[80.1989549,13.0645078],[80.1989295,13.0644535],[80.1989235,13.0643934],[80.1989379,13.0643348],[80.1989712,13.0642839],[80.1990197,13.0642465],[80.1990781,13.0642264],[80.1991401,13.0642261],[80.1991987,13.0642454],[80.1992477,13.0642823]]]]}},
{"type":"Feature","properties":{"full_id":"w1172624869","osm_id":"1172624869","osm_type":"way","natural":"water","salt":null,"man_made":null,"layer":null,"covered":null,"landuse":null,"barrier":null,"tidal":null,"name:ta":null,"intermittent":null,"wikimedia_commons":null,"alt_name":null,"wetland":null,"place":null,"wikipedia":null,"wikidata":null,"name":null,"water":"wastewater","type":null},"geometry":{"type":"MultiPolygon","coordinates":[[[[80.1990602,13.0649557],[80.1991043,13.0650051],[80.1991299,13.0650668],[80.1991335,13.0651333],[80.1991145,13.0651972],[80.1990751,13.0652515],[80.1990197,13.0652904],[80.1989542,13.0653094],[80.198886,13.0653065],[80.1988225,13.065282],[80.1987706,13.0652387],[80.1987363,13.0651812],[80.1987231,13.065117],[80.1987319,13.0650521],[80.1987616,13.0649933],[80.1988092,13.0649471],[80.1988695,13.0649182],[80.1989362,13.0649098],[80.1990021,13.0649228],[80.1990602,13.0649557]]]]}},
{"type":"Feature","properties":{"full_id":"w1172624870","osm_id":"1172624870","osm_type":"way","natural":"water","salt":null,"man_made":null,"layer":null,"covered":null,"landuse":null,"barrier":null,"tidal":null,"name:ta":null,"intermittent":null,"wikimedia_commons":null,"alt_name":null,"wetland":null,"place":null,"wikipedia":null,"wikidata":null,"name":null,"water":"wastewater","type":null},"geometry":{"type":"MultiPolygon","coordinates":[[[[80.1987293,13.0644376],[80.1987896,13.0644652],[80.1988371,13.0645109],[80.1988653,13.0645663],[80.1988741,13.0646276],[80.1988624,13.0646884],[80.1988314,13.0647425],[80.1987845,13.0647842],[80.1987264,13.0648092],[80.1986631,13.064815],[80.1986012,13.0648009],[80.1985472,13.0647684],[80.1985065,13.0647208],[80.1984828,13.0646601],[80.1984811,13.0645952],[80.1985018,13.0645334],[80.1985423,13.0644819],[80.1985982,13.0644464],[80.198663,13.064431],[80.1987293,13.0644376]]]]}},
{"type":"Feature","properties":{"full_id":"w1172624873","osm_id":"1172624873","osm_type":"way","natural":"water","salt":null,"man_made":null,"layer":null,"covered":null,"landuse":null,"barrier":null,"tidal":null,"name:ta":null,"intermittent":null,"wikimedia_commons":null,"alt_name":null,"wetland":null,"place":null,"wikipedia":null,"wikidata":null,"name":null,"water":"wastewater","type":null},"geometry":{"type":"MultiPolygon","coordinates":[[[[80.1993952,13.064183],[80.1994348,13.0641731],[80.1994756,13.0641756],[80.1995135,13.0641904],[80.1995476,13.064219],[80.1995696,13.0642572],[80.199577,13.0643004],[80.1995688,13.0643435],[80.199546,13.0643812],[80.1995114,13.0644092],[80.1994691,13.064424],[80.1994241,13.0644239],[80.1993819,13.0644089],[80.1993502,13.0643838],[80.199328,13.0643503],[80.1993176,13.0643119],[80.1993199,13.0642721],[80.1993348,13.0642351],[80.1993608,13.0642043],[80.1993952,13.064183]]]]}},
{"type":"Feature","properties":{"full_id":"w1172624874","osm_id":"1172624874","osm_type":"way","natural":"water","salt":null,"man_made":null,"layer":null,"covered":null,"landuse":null,"barrier":null,"tidal":null,"name:ta":null,"intermittent":null,"wikimedia_commons":null,"alt_name":null,"wetland":null,"place":null,"wikipedia":null,"wikidata":null,"name":null,"water":"wastewater","type":null},"geometry":{"type":"MultiPolygon","coordinates":[[[[80.1983369,13.064468],[80.1989417,13.0641571],[80.1987446,13.0638017],[80.1981451,13.0641087],[80.1983369,13.064468]]]]}},
{"type":"Feature","properties":{"full_id":"w1172624884","osm_id":"1172624884","osm_type":"way","natural":"water","salt":null,"man_made":null,"layer":null,"covered":null,"landuse":null,"barrier":null,"tidal":null,"name:ta":null,"intermittent":null,"wikimedia_commons":null,"alt_name":null,"wetland":null,"place":null,"wikipedia":null,"wikidata":null,"name":null,"water":"wastewater","type":null},"geometry":{"type":"MultiPolygon","coordinates":[[[[80.2001549,13.0676834],[80.199904,13.0672094],[80.1996672,13.0673284],[80.1999182,13.0678023],[80.2001549,13.0676834]]]]}},
{"type":"Feature","properties":{"full_id":"w1172624885","osm_id":"1172624885","osm_type":"way","natural":"water","salt":null,"man_made":null,"layer":null,"covered":null,"landuse":null,"barrier":null,"tidal":null,"name:ta":null,"intermittent":null,"wikimedia_commons":null,"alt_name":null,"wetland":null,"place":null,"wikipedia":null,"wikidata":null,"name":null,"water":"wastewater","type":null},"geometry":{"type":"MultiPolygon","coordinates":[[[[80.2006711,13.0675891],[80.200681,13.067515],[80.2007161,13.0674486],[80.2007722,13.0673976],[80.2008427,13.0673681],[80.2009193,13.0673635],[80.2009929,13.0673844],[80.201055,13.0674283],[80.2010982,13.0674901],[80.2011174,13.0675625],[80.2011103,13.0676369],[80.2010816,13.0676992],[80.2010345,13.0677498],[80.2009735,13.0677837],[80.2009048,13.0677976],[80.2008351,13.06779],[80.2007712,13.0677617],[80.2007195,13.0677156],[80.2006849,13.0676561],[80.2006711,13.0675891]]]]}},
{"type":"Feature","properties":{"full_id":"w1172624886","osm_id":"1172624886","osm_type":"way","natural":"water","salt":null,"man_made":null,"layer":null,"covered":null,"landuse":null,"barrier":null,"tidal":null,"name:ta":null,"intermittent":null,"wikimedia_commons":null,"alt_name":null,"wetland":null,"place":null,"wikipedia":null,"wikidata":null,"name":null,"water":"wastewater","type":null},"geometry":{"type":"MultiPolygon","coordinates":[[[[80.2001974,13.0677596],[80.2002181,13.0676964],[80.2002585,13.0676428],[80.2003169,13.0676033],[80.2003856,13.0675849],[80.2004565,13.0675898],[80.2005219,13.0676173],[80.2005741,13.0676644],[80.2006073,13.0677257],[80.2006178,13.0677942],[80.2006044,13.0678623],[80.2005685,13.0679222],[80.2005168,13.0679655],[80.2004537,13.0679906],[80.2003856,13.0679948],[80.2003198,13.0679777],[80.2002629,13.067941],[80.200221,13.0678887],[80.2001983,13.067826],[80.2001974,13.0677596]]]]}},
{"type":"Feature","properties":{"full_id":"w1172624887","osm_id":"1172624887","osm_type":"way","natural":"water","salt":null,"man_made":null,"layer":null,"covered":null,"landuse":null,"barrier":null,"tidal":null,"name:ta":null,"intermittent":null,"wikimedia_commons":null,"alt_name":null,"wetland":null,"place":null,"wikipedia":null,"wikidata":null,"name":null,"water":"wastewater","type":null},"geometry":{"type":"MultiPolygon","coordinates":[[[[80.2004062,13.0673186],[80.2004091,13.0673765],[80.2003922,13.0674321],[80.2003574,13.0674792],[80.2003087,13.0675124],[80.2002514,13.0675282],[80.200192,13.0675247],[80.2001371,13.0675023],[80.2000928,13.0674636],[80.2000641,13.0674128],[80.2000541,13.0673556],[80.2000635,13.0673002],[80.2000905,13.0672506],[80.2001324,13.067212],[80.2001847,13.0671885],[80.200242,13.0671825],[80.2002983,13.0671946],[80.2003477,13.0672236],[80.200385,13.0672664],[80.2004062,13.0673186]]]]}},
{"type":"Feature","properties":{"full_id":"w1172624888","osm_id":"1172624888","osm_type":"way","natural":"water","salt":null,"man_made":null,"layer":null,"covered":null,"landuse":null,"barrier":null,"tidal":null,"name:ta":null,"intermittent":null,"wikimedia_commons":null,"alt_name":null,"wetland":null,"place":null,"wikipedia":null,"wikidata":null,"name":null,"water":"wastewater","type":null},"geometry":{"type":"MultiPolygon","coordinates":[[[[80.2007627,13.067313],[80.2008094,13.0672793],[80.2008429,13.0672329],[80.2008597,13.0671787],[80.2008582,13.067122],[80.2008385,13.0670687],[80.2008027,13.0670241],[80.2007542,13.0669927],[80.2006981,13.0669777],[80.2006401,13.0669806],[80.2005858,13.0670011],[80.2005381,13.0670405],[80.2005067,13.0670931],[80.2004954,13.067153],[80.2005055,13.0672131],[80.2005357,13.0672664],[80.2005826,13.0673067],[80.2006406,13.0673293],[80.2007031,13.0673315],[80.2007627,13.067313]]]]}},
{"type":"Feature","properties":{"full_id":"w1172624889","osm_id":"1172624889","osm_type":"way","natural":"water","salt":null,"man_made":null,"layer":null,"covered":null,"landuse":null,"barrier":null,"tidal":null,"name:ta":null,"intermittent":null,"wikimedia_commons":null,"alt_name":null,"wetland":null,"place":null,"wikipedia":null,"wikidata":null,"name":null,"water":"wastewater","type":null},"geometry":{"type":"MultiPolygon","coordinates":[[[[80.19991,13.0665707],[80.1999449,13.0665522],[80.199984,13.0665453],[80.2000234,13.0665508],[80.200059,13.066568],[80.2000889,13.0665976],[80.2001069,13.0666353],[80.2001108,13.0666766],[80.2001003,13.0667168],[80.2000765,13.0667512],[80.2000421,13.0667759],[80.2000013,13.0667878],[80.1999587,13.0667857],[80.1999194,13.0667697],[80.1998896,13.066744],[80.1998697,13.0667105],[80.1998615,13.0666726],[80.1998661,13.0666341],[80.1998828,13.066599],[80.19991,13.0665707]]]]}},
{"type":"Feature","properties":{"full_id":"w1172624892","osm_id":"1172624892","osm_type":"way","natural":"water","salt":null,"man_made":null,"layer":null,"covered":null,"landuse":null,"barrier":null,"tidal":null,"name:ta":null,"intermittent":null,"wikimedia_commons":null,"alt_name":null,"wetland":null,"place":null,"wikipedia":null,"wikidata":null,"name":null,"water":"wastewater","type":null},"geometry":{"type":"MultiPolygon","coordinates":[[[[80.1990411,13.0656336],[80.1992713,13.065533],[80.1997296,13.0665287],[80.1994996,13.0666291],[80.1990411,13.0656336]]]]}},
{"type":"Feature","properties":{"full_id":"w1172624893","osm_id":"1172624893","osm_type":"way","natural":"water","salt":null,"man_made":null,"layer":null,"covered":null,"landuse":null,"barrier":null,"tidal":null,"name:ta":null,"intermittent":null,"wikimedia_commons":null,"alt_name":null,"wetland":null,"place":null,"wikipedia":null,"wikidata":null,"name":null,"water":"wastewater","type":null},"geometry":{"type":"MultiPolygon","coordinates":[[[[80.199352,13.0655002],[80.1995822,13.0653996],[80.2000405,13.0663953],[80.1998105,13.0664958],[80.199352,13.0655002]]]]}},
{"type":"Feature","properties":{"full_id":"w1172624894","osm_id":"1172624894","osm_type":"way","natural":"water","salt":null,"man_made":null,"layer":null,"covered":null,"landuse":null,"barrier":null,"tidal":null,"name:ta":null,"intermittent":null,"wikimedia_commons":null,"alt_name":null,"wetland":null,"place":null,"wikipedia":null,"wikidata":null,"name":null,"water":"wastewater","type":null},"geometry":{"type":"MultiPolygon","coordinates":[[[[80.1996632,13.0653669],[80.1998934,13.0652664],[80.2003517,13.066262],[80.2001217,13.0663625],[80.1996632,13.0653669]]]]}},
{"type":"Feature","properties":{"full_id":"w1172624896","osm_id":"1172624896","osm_type":"way","natural":"water","salt":null,"man_made":null,"layer":null,"covered":null,"landuse":null,"barrier":null,"tidal":null,"name:ta":null,"intermittent":null,"wikimedia_commons":null,"alt_name":null,"wetland":null,"place":null,"wikipedia":null,"wikidata":null,"name":null,"water":"wastewater","type":null},"geometry":{"type":"MultiPolygon","coordinates":[[[[80.200662,13.0667431],[80.2008676,13.0666481],[80.2009255,13.0667671],[80.2007199,13.0668621],[80.200662,13.0667431]]]]}},
{"type":"Feature","properties":{"full_id":"w1172624899","osm_id":"1172624899","osm_type":"way","natural":"water","salt":null,"man_made":null,"layer":null,"covered":null,"landuse":null,"barrier":null,"tidal":null,"name:ta":null,"intermittent":null,"wikimedia_commons":null,"alt_name":null,"wetland":null,"place":null,"wikipedia":null,"wikidata":null,"name":null,"water":"wastewater","type":null},"geometry":{"type":"MultiPolygon","coordinates":[[[[80.2011555,13.0686404],[80.2013679,13.0685351],[80.201336,13.068474],[80.2014198,13.0684325],[80.2015106,13.0686063],[80.2012144,13.0687531],[80.2011555,13.0686404]]]]}},
{"type":"Feature","properties":{"full_id":"w1172624901","osm_id":"1172624901","osm_type":"way","natural":"water","salt":null,"man_made":null,"layer":null,"covered":null,"landuse":null,"barrier":null,"tidal":null,"name:ta":null,"intermittent":null,"wikimedia_commons":null,"alt_name":null,"wetland":null,"place":null,"wikipedia":null,"wikidata":null,"name":null,"water":"wastewater","type":null},"geometry":{"type":"MultiPolygon","coordinates":[[[[80.2011803,13.0684033],[80.2011234,13.0684087],[80.2010679,13.0683949],[80.2010206,13.0683636],[80.2009894,13.0683229],[80.2009727,13.0682748],[80.2009722,13.0682241],[80.2009879,13.0681757],[80.2010183,13.0681344],[80.2010603,13.0681044],[80.2011098,13.0680885],[80.2011619,13.0680885],[80.2012115,13.0681042],[80.2012536,13.0681341],[80.2012863,13.0681798],[80.2013011,13.0682337],[80.2012962,13.0682892],[80.2012722,13.0683398],[80.201232,13.0683794],[80.2011803,13.0684033]]]]}},
{"type":"Feature","properties":{"full_id":"w1172624902","osm_id":"1172624902","osm_type":"way","natural":"water","salt":null,"man_made":null,"layer":null,"covered":null,"landuse":null,"barrier":null,"tidal":null,"name:ta":null,"intermittent":null,"wikimedia_commons":null,"alt_name":null,"wetland":null,"place":null,"wikipedia":null,"wikidata":null,"name":null,"water":"wastewater","type":null},"geometry":{"type":"MultiPolygon","coordinates":[[[[80.2008414,13.0682726],[80.2008843,13.0683037],[80.2009149,13.0683464],[80.2009302,13.0683989],[80.2009267,13.0684534],[80.2009049,13.0685037],[80.2008671,13.068544],[80.2008177,13.0685697],[80.2007623,13.068578],[80.2007072,13.0685679],[80.2006587,13.0685406],[80.2006224,13.068499],[80.2006028,13.0684506],[80.2006,13.0683986],[80.2006143,13.0683485],[80.2006442,13.0683053],[80.2006867,13.0682737],[80.2007372,13.0682568],[80.2007906,13.0682565],[80.2008414,13.0682726]]]]}},
{"type":"Feature","properties":{"full_id":"w1172624904","osm_id":"1172624904","osm_type":"way","natural":"water","salt":null,"man_made":null,"layer":null,"covered":null,"landuse":null,"barrier":null,"tidal":null,"name:ta":null,"intermittent":null,"wikimedia_commons":null,"alt_name":null,"wetland":null,"place":null,"wikipedia":null,"wikidata":null,"name":null,"water":"wastewater","type":null},"geometry":{"type":"MultiPolygon","coordinates":[[[[80.2009116,13.0680233],[80.2009202,13.0680117],[80.2009321,13.0680033],[80.2009462,13.0679991],[80.2009609,13.0679995],[80.2009751,13.0680047],[80.2009869,13.0680142],[80.2009947,13.0680269],[80.2009978,13.0680414],[80.2009958,13.0680561],[80.2009889,13.0680694],[80.200978,13.0680797],[80.2009641,13.0680859],[80.200949,13.0680872],[80.2009342,13.0680837],[80.2009218,13.0680759],[80.2009127,13.0680647],[80.2009076,13.0680513],[80.2009073,13.068037],[80.2009116,13.0680233]]]]}},
{"type":"Feature","properties":{"full_id":"w1172624905","osm_id":"1172624905","osm_type":"way","natural":"water","salt":null,"man_made":null,"layer":null,"covered":null,"landuse":null,"barrier":null,"tidal":null,"name:ta":null,"intermittent":null,"wikimedia_commons":null,"alt_name":null,"wetland":null,"place":null,"wikipedia":null,"wikidata":null,"name":null,"water":"wastewater","type":null},"geometry":{"type":"MultiPolygon","coordinates":[[[[80.2011006,13.0679868],[80.201091,13.0679939],[80.2010795,13.0679976],[80.2010674,13.0679976],[80.2010559,13.0679939],[80.2010462,13.0679869],[80.201039,13.0679766],[80.2010357,13.0679645],[80.2010368,13.067952],[80.2010421,13.0679406],[80.2010509,13.0679316],[80.2010624,13.067926],[80.2010752,13.0679245],[80.2010877,13.0679272],[80.2010986,13.0679338],[80.2011062,13.067943],[80.2011104,13.067954],[80.2011109,13.0679658],[80.2011075,13.0679771],[80.2011006,13.0679868]]]]}},
{"type":"Feature","properties":{"full_id":"w1184738724","osm_id":"1184738724","osm_type":"way","natural":"water","salt":null,"man_made":null,"layer":null,"covered":null,"landuse":null,"barrier":null,"tidal":null,"name:ta":null,"intermittent":null,"wikimedia_commons":null,"alt_name":null,"wetland":null,"place":null,"wikipedia":null,"wikidata":null,"name":"Thaali Kulam","water":"pond","type":null},"geometry":{"type":"MultiPolygon","coordinates":[[[[80.2286683,12.8572732],[80.2286117,12.8574018],[80.2285647,12.8575805],[80.2285933,12.8577227],[80.2286283,12.8577724],[80.2286867,12.8578002],[80.2287766,12.8578458],[80.2288573,12.8578719],[80.2289656,12.8578683],[80.2290407,12.8578415],[80.2291648,12.85776],[80.2291785,12.8576697],[80.2291976,12.8575574],[80.2291993,12.857457],[80.2291533,12.8573324],[80.2290718,12.8572383],[80.2289687,12.8571766],[80.2288492,12.8571839],[80.2287445,12.8572079],[80.2286683,12.8572732]]]]}},
{"type":"Feature","properties":{"full_id":"w1185548387","osm_id":"1185548387","osm_type":"way","natural":"water","salt":null,"man_made":null,"layer":null,"covered":null,"landuse":null,"barrier":null,"tidal":null,"name:ta":null,"intermittent":null,"wikimedia_commons":null,"alt_name":null,"wetland":null,"place":null,"wikipedia":null,"wikidata":null,"name":"Thandhoni Amman kovil kulam","water":"pond","type":null},"geometry":{"type":"MultiPolygon","coordinates":[[[[80.241565,12.8663611],[80.2415858,12.8664314],[80.2415888,12.8664536],[80.2415739,12.8664729],[80.2410421,12.8666136],[80.2410164,12.8666145],[80.2409936,12.8666078],[80.2409758,12.8665827],[80.240958,12.8665114],[80.2409729,12.8663215],[80.2410045,12.8660536],[80.2409996,12.8659177],[80.2409215,12.8655265],[80.2409175,12.8654012],[80.2409234,12.8652132],[80.2411024,12.8651718],[80.2413248,12.8651477],[80.2414059,12.8652932],[80.2415077,12.8659283],[80.2414434,12.8660064],[80.241565,12.8663611]]]]}},
{"type":"Feature","properties":{"full_id":"w1188056507","osm_id":"1188056507","osm_type":"way","natural":"water","salt":null,"man_made":null,"layer":null,"covered":null,"landuse":null,"barrier":null,"tidal":null,"name:ta":null,"intermittent":null,"wikimedia_commons":null,"alt_name":null,"wetland":null,"place":null,"wikipedia":null,"wikidata":null,"name":"Athi Villivakkam Eri","water":null,"type":null},"geometry":{"type":"MultiPolygon","coordinates":[[[[80.1953459,13.1053889],[80.1963866,13.1056789],[80.197666,13.1056554],[80.197835,13.1055587],[80.1979208,13.1054307],[80.1979905,13.1047489],[80.1980469,13.1046549],[80.1981461,13.1044798],[80.1981702,13.1042917],[80.1981327,13.1040723],[80.1980254,13.1039704],[80.1975319,13.1037849],[80.1974031,13.1037797],[80.1972744,13.1038267],[80.1971832,13.1038738],[80.1970652,13.1038711],[80.1969364,13.1037693],[80.1968613,13.103623],[80.1967701,13.1035524],[80.1966709,13.1033957],[80.1964509,13.1033173],[80.1963061,13.1033173],[80.195547,13.1035681],[80.1953807,13.1036595],[80.195252,13.1038424],[80.1952466,13.10396],[80.1953459,13.1053889]]]]}},
{"type":"Feature","properties":{"full_id":"w1202024801","osm_id":"1202024801","osm_type":"way","natural":"water","salt":null,"man_made":null,"layer":null,"covered":null,"landuse":null,"barrier":null,"tidal":null,"name:ta":null,"intermittent":null,"wikimedia_commons":null,"alt_name":null,"wetland":null,"place":null,"wikipedia":null,"wikidata":null,"name":null,"water":"canal","type":null},"geometry":{"type":"MultiPolygon","coordinates":[[[[80.2702374,13.1125457],[80.2702197,13.112693],[80.2701962,13.1127114],[80.2712687,13.1170448],[80.2730334,13.1240247],[80.273169,13.1244912],[80.273263,13.1248786],[80.273315,13.1250173],[80.2733767,13.1252629],[80.2733687,13.1253386],[80.2735242,13.1260935],[80.2736127,13.1261641],[80.2736235,13.1262215],[80.2736074,13.1262477],[80.273599,13.1263144],[80.2741961,13.128422],[80.2743611,13.1283739],[80.27383,13.1262659],[80.2737871,13.1262111],[80.273779,13.1261562],[80.273779,13.1260726],[80.2735591,13.1252315],[80.2735028,13.1250539],[80.2735564,13.1249494],[80.2732828,13.123484],[80.2728966,13.1220421],[80.2715421,13.1168386],[80.2712738,13.1157519],[80.270732,13.1134949],[80.2704846,13.1128401],[80.2705452,13.11273],[80.2702374,13.1125457]]]]}},
{"type":"Feature","properties":{"full_id":"w1202024807","osm_id":"1202024807","osm_type":"way","natural":"water","salt":null,"man_made":null,"layer":null,"covered":null,"landuse":null,"barrier":null,"tidal":null,"name:ta":null,"intermittent":null,"wikimedia_commons":null,"alt_name":null,"wetland":null,"place":null,"wikipedia":null,"wikidata":null,"name":null,"water":"drain","type":null},"geometry":{"type":"MultiPolygon","coordinates":[[[[80.2668938,13.1056763],[80.2674178,13.1057043],[80.2679667,13.1056763],[80.2688116,13.1056371],[80.2693071,13.1055768],[80.2700367,13.1054263],[80.270727,13.1052694],[80.2708538,13.1052571],[80.2708568,13.1052479],[80.2710351,13.1053367],[80.2710566,13.105449],[80.2712041,13.1055875],[80.2713597,13.1061883],[80.2718269,13.1069417],[80.2721579,13.106522],[80.2719632,13.1064548],[80.2717486,13.1060081],[80.2716386,13.1056319],[80.2715796,13.1053184],[80.2712309,13.1051277],[80.2711136,13.1051389],[80.2709549,13.1050622],[80.2707857,13.1050937],[80.2705268,13.1050926],[80.2694138,13.1053238],[80.2692722,13.1053795],[80.2691683,13.1053863],[80.2674768,13.1055401],[80.2666671,13.1056071],[80.2665719,13.105611],[80.265483,13.1056489],[80.2648339,13.1056384],[80.2646381,13.105658],[80.2644141,13.1057155],[80.2635705,13.106059],[80.2631535,13.1061818],[80.2626465,13.1062771],[80.2621248,13.106349],[80.2614583,13.1063712],[80.2608722,13.1063816],[80.2608431,13.1063818],[80.2607051,13.1063632],[80.2606883,13.106318],[80.2605026,13.1062036],[80.2599141,13.1060069],[80.258783,13.10536],[80.2584888,13.1050579],[80.2579167,13.1039499],[80.257777,13.1039613],[80.2576898,13.1036726],[80.2576816,13.1036543],[80.2575292,13.1033973],[80.2573393,13.1030226],[80.2571915,13.1027059],[80.2569654,13.1020574],[80.2568643,13.1019048],[80.2562738,13.1014054],[80.2557489,13.1008261],[80.2555595,13.1006121],[80.2553631,13.1003733],[80.2550305,13.0999345],[80.2548362,13.0996848],[80.2546303,13.0995077],[80.2545311,13.0994111],[80.2544636,13.0994194],[80.2544229,13.0993308],[80.2535874,13.098679],[80.2532937,13.0984844],[80.2516012,13.0982205],[80.2514215,13.0981474],[80.2513571,13.0981134],[80.2512136,13.0979998],[80.2510111,13.0977059],[80.2509239,13.0974877],[80.2508059,13.0970345],[80.2506235,13.0970436],[80.2507375,13.0978182],[80.2508502,13.0978979],[80.2511077,13.0980964],[80.2512297,13.0982166],[80.2513397,13.0983499],[80.2517983,13.0984452],[80.2533299,13.0986908],[80.2534452,13.0987482],[80.2536088,13.0989416],[80.2542578,13.0994449],[80.2543744,13.0995491],[80.2552964,13.1007045],[80.2556394,13.1010845],[80.2561556,13.1015545],[80.2566758,13.1020525],[80.2568513,13.1023894],[80.2574384,13.1036863],[80.2575839,13.1040096],[80.2581096,13.1049683],[80.2583966,13.1053654],[80.258638,13.1055796],[80.2589437,13.105786],[80.2596331,13.1061543],[80.2605209,13.1065462],[80.2606416,13.1065462],[80.260832,13.1065958],[80.2608519,13.1066575],[80.2621697,13.1065681],[80.2624145,13.1064861],[80.2631012,13.1063712],[80.2636912,13.1062014],[80.2645281,13.1059218],[80.2648151,13.1058513],[80.2659071,13.1057539],[80.266301,13.1057024],[80.2668938,13.1056763]]]]}},
{"type":"Feature","properties":{"full_id":"w1202245454","osm_id":"1202245454","osm_type":"way","natural":"water","salt":null,"man_made":null,"layer":null,"covered":null,"landuse":null,"barrier":null,"tidal":null,"name:ta":null,"intermittent":null,"wikimedia_commons":null,"alt_name":null,"wetland":null,"place":null,"wikipedia":null,"wikidata":null,"name":null,"water":"reservoir","type":null},"geometry":{"type":"MultiPolygon","coordinates":[[[[80.2084889,13.1642531],[80.208158,13.1642416],[80.2081684,13.1639586],[80.2084992,13.16397],[80.2084889,13.1642531]]]]}},
{"type":"Feature","properties":{"full_id":"w1232617265","osm_id":"1232617265","osm_type":"way","natural":"water","salt":null,"man_made":null,"layer":null,"covered":null,"landuse":null,"barrier":null,"tidal":null,"name:ta":null,"intermittent":null,"wikimedia_commons":null,"alt_name":null,"wetland":null,"place":null,"wikipedia":null,"wikidata":null,"name":null,"water":"canal","type":null},"geometry":{"type":"MultiPolygon","coordinates":[[[[80.2414155,12.8061676],[80.2415163,12.8061627],[80.2416237,12.8061508],[80.2415327,12.8070553],[80.2415067,12.8073132],[80.241335,12.8086732],[80.2409327,12.8113829],[80.2404928,12.8136321],[80.2401388,12.8148457],[80.2395809,12.8164254],[80.2390766,12.8175657],[80.2387869,12.8185386],[80.2385938,12.8195533],[80.2384865,12.8205367],[80.2383149,12.8226604],[80.238111,12.8245225],[80.237757,12.826259],[80.2377784,12.8266042],[80.2379823,12.8280688],[80.2383685,12.8299308],[80.2384114,12.8304957],[80.2382934,12.8321067],[80.2379179,12.8349625],[80.2376819,12.8361864],[80.237478,12.8368455],[80.2359331,12.8409565],[80.2356112,12.8420757],[80.2355146,12.8427661],[80.2352786,12.8483101],[80.235064,12.8525255],[80.2351069,12.8530799],[80.2352679,12.8538226],[80.235697,12.8553654],[80.2367055,12.8584668],[80.2370596,12.8597115],[80.2380466,12.8645752],[80.2384758,12.8664998],[80.2387869,12.8672424],[80.2392375,12.8681314],[80.2411365,12.8711437],[80.2417803,12.8723465],[80.2418876,12.8727806],[80.2418929,12.8732931],[80.2415818,12.8756464],[80.2411044,12.8787475],[80.2409702,12.8805673],[80.240804,12.8830199],[80.2405947,12.8843534],[80.2401602,12.8872034],[80.2400261,12.8881499],[80.2397633,12.8899958],[80.2395916,12.891256],[80.2391893,12.8938183],[80.2388781,12.8966682],[80.2388352,12.8975624],[80.238862,12.8984357],[80.239027,12.8997204],[80.238685,12.8997586],[80.2387279,12.8993612],[80.2386314,12.8990841],[80.2384865,12.8990004],[80.2383149,12.8982422],[80.2384114,12.8981481],[80.2384651,12.8971911],[80.2386796,12.894906],[80.2391678,12.8917476],[80.2394253,12.8899853],[80.2397633,12.8872191],[80.240171,12.885075],[80.2404231,12.8834801],[80.2405518,12.881723],[80.2406591,12.8795999],[80.2407932,12.8782193],[80.2409917,12.877006],[80.2411044,12.8761641],[80.2410293,12.8761066],[80.2406859,12.8760177],[80.2407181,12.8757353],[80.2410722,12.8758608],[80.2411312,12.8758346],[80.2413833,12.8742082],[80.2415121,12.873314],[80.2415603,12.8730787],[80.2414638,12.8725452],[80.2412599,12.8721426],[80.2407396,12.8712744],[80.2385884,12.867849],[80.2382773,12.8672737],[80.238111,12.8667508],[80.2378535,12.8657048],[80.2369738,12.8613798],[80.236432,12.8588172],[80.2360833,12.8577032],[80.2355468,12.8561604],[80.2351713,12.8549522],[80.2347368,12.8535192],[80.2346832,12.8529021],[80.2346832,12.8522483],[80.234828,12.8493823],[80.2350498,12.8451617],[80.2350628,12.8449146],[80.2351284,12.8436657],[80.2352571,12.8418038],[80.2353537,12.8414167],[80.2355146,12.8409042],[80.2363944,12.8385924],[80.2370918,12.8366258],[80.2374136,12.8355797],[80.2376282,12.8342617],[80.2380144,12.8304121],[80.2379179,12.8295961],[80.2376926,12.8287069],[80.2373707,12.8266565],[80.2373814,12.8262799],[80.237478,12.8257778],[80.2378106,12.8239366],[80.2378642,12.8231207],[80.2382076,12.8195324],[80.2384329,12.8182666],[80.2387547,12.8172937],[80.239613,12.8151491],[80.2396399,12.815034],[80.2395772,12.8149866],[80.2397918,12.8145563],[80.2399886,12.8141134],[80.2405143,12.8115189],[80.240761,12.8094684],[80.2411687,12.8075224],[80.2412143,12.8073812],[80.2413484,12.8072897],[80.2413887,12.8071667],[80.2414182,12.8065286],[80.2414155,12.8061676]]]]}},
{"type":"Feature","properties":{"full_id":"w1233330604","osm_id":"1233330604","osm_type":"way","natural":"water","salt":null,"man_made":null,"layer":null,"covered":null,"landuse":null,"barrier":null,"tidal":null,"name:ta":null,"intermittent":null,"wikimedia_commons":null,"alt_name":null,"wetland":null,"place":null,"wikipedia":null,"wikidata":null,"name":null,"water":"lake","type":null},"geometry":{"type":"MultiPolygon","coordinates":[[[[80.2432134,12.9232821],[80.2435158,12.9231415],[80.2434961,12.922501],[80.2433855,12.9220218],[80.2431424,12.9208561],[80.2429071,12.919671],[80.2425842,12.9181866],[80.2423689,12.9169393],[80.2419065,12.914736],[80.2415995,12.9131039],[80.241161,12.9109784],[80.2409616,12.9097543],[80.2406188,12.9080717],[80.2400327,12.9050407],[80.2393409,12.9013],[80.2390819,12.9000518],[80.239027,12.8997204],[80.238685,12.8997586],[80.2386206,12.8997612],[80.2385247,12.8995917],[80.2384382,12.8991024],[80.2384865,12.8990004],[80.2383149,12.8982422],[80.238288,12.8981977],[80.2382854,12.897714],[80.2383524,12.8967702],[80.2386045,12.8943831],[80.2390015,12.8917267],[80.2393341,12.8887251],[80.2395487,12.8872714],[80.240246,12.8828787],[80.2402568,12.8819897],[80.2401924,12.8816132],[80.2400958,12.8805882],[80.2400422,12.8785801],[80.2401173,12.8781304],[80.2405035,12.8765093],[80.2406859,12.8760177],[80.2407181,12.8757353],[80.2407396,12.8753588],[80.241158,12.8737167],[80.2411687,12.8731833],[80.2410936,12.872608],[80.2408147,12.8720014],[80.2405465,12.8714784],[80.2383792,12.8687171],[80.2381432,12.8684138],[80.2378428,12.8676608],[80.237478,12.8666776],[80.2371454,12.8651191],[80.2367027,12.8634564],[80.2364667,12.8617985],[80.2364109,12.8608099],[80.2363742,12.8600987],[80.2361613,12.8591526],[80.2359652,12.8584563],[80.2354905,12.8570179],[80.2351556,12.8571754],[80.2356434,12.8585191],[80.2356434,12.8590734],[80.2356219,12.8592669],[80.2355629,12.8594448],[80.2356219,12.8594918],[80.2358526,12.8592983],[80.2359022,12.8592996],[80.2361404,12.8605669],[80.2360433,12.8618256],[80.2359738,12.8629354],[80.2360028,12.8635136],[80.2359921,12.8638221],[80.2359867,12.8652865],[80.2365607,12.8670123],[80.2367216,12.8670489],[80.2367806,12.867007],[80.2365661,12.8663638],[80.2362496,12.8652498],[80.2361637,12.8639319],[80.2362723,12.8635579],[80.2363837,12.8636286],[80.2363676,12.863775],[80.2364051,12.8640627],[80.2370059,12.8666776],[80.2375102,12.8681523],[80.2375746,12.8685184],[80.2377999,12.8690728],[80.2386153,12.8701919],[80.2393877,12.8710391],[80.2406967,12.8723884],[80.2407288,12.8725766],[80.2404284,12.8739782],[80.240128,12.8753588],[80.2397311,12.8766871],[80.2397847,12.8770217],[80.2396452,12.8776074],[80.2393341,12.8781409],[80.2393234,12.878601],[80.2395058,12.879511],[80.239495,12.8812053],[80.239495,12.8816969],[80.2394199,12.8831716],[80.2394199,12.8835376],[80.2396238,12.8834958],[80.2394307,12.8841233],[80.2391946,12.8849286],[80.2391624,12.8855143],[80.2392483,12.885598],[80.2391302,12.8866857],[80.2389049,12.887355],[80.2386796,12.8890598],[80.2386045,12.8895827],[80.2385831,12.8905763],[80.2385187,12.8919359],[80.2381432,12.8943413],[80.2378964,12.8968931],[80.2378535,12.8984409],[80.2377784,12.899152],[80.2377087,12.8993298],[80.2377369,12.8997151],[80.237894,12.9000891],[80.2381206,12.9005073],[80.2382656,12.9008666],[80.2386645,12.9030459],[80.2392759,12.9061569],[80.2405294,12.9127008],[80.24087,12.9142921],[80.2410988,12.9155012],[80.2415576,12.9176934],[80.241759,12.9187366],[80.2419036,12.9194928],[80.2420404,12.9204158],[80.2421825,12.9210951],[80.2424218,12.922165],[80.2425932,12.922959],[80.2426348,12.9231071],[80.2432134,12.9232821]]]]}},
{"type":"Feature","properties":{"full_id":"w1237215477","osm_id":"1237215477","osm_type":"way","natural":"water","salt":null,"man_made":null,"layer":null,"covered":null,"landuse":null,"barrier":null,"tidal":null,"name:ta":null,"intermittent":null,"wikimedia_commons":null,"alt_name":null,"wetland":null,"place":null,"wikipedia":null,"wikidata":null,"name":null,"water":"pond","type":null},"geometry":{"type":"MultiPolygon","coordinates":[[[[80.2443302,12.8881567],[80.2443676,12.8881681],[80.2443956,12.8881863],[80.2444143,12.8882091],[80.2444213,12.8882591],[80.2444259,12.8883479],[80.2444329,12.8884344],[80.2444353,12.8885027],[80.2444399,12.8885323],[80.244461,12.8886393],[80.244468,12.8886962],[80.2444773,12.8888009],[80.2444866,12.888901],[80.244549,12.8893843],[80.2445754,12.8896656],[80.2445754,12.8897317],[80.2445856,12.8897806],[80.2445325,12.8897875],[80.2445503,12.8899647],[80.244528,12.8899588],[80.2444833,12.8899548],[80.2444406,12.8899627],[80.244404,12.8899786],[80.2443532,12.8899865],[80.2442983,12.8900004],[80.2442597,12.8900004],[80.2442332,12.8899905],[80.2442231,12.8899766],[80.2441824,12.8899687],[80.2441479,12.8899568],[80.2441357,12.8899409],[80.2441275,12.8898894],[80.2441113,12.8897587],[80.244093,12.8896695],[80.2440747,12.8896199],[80.2440706,12.8895605],[80.2440788,12.8895248],[80.2440727,12.8894456],[80.2440584,12.8893505],[80.2440462,12.8892692],[80.2440462,12.8892296],[80.2440401,12.8891741],[80.2440279,12.8891087],[80.2440239,12.8890552],[80.2440117,12.8889442],[80.2440056,12.888867],[80.2440137,12.8887996],[80.2440076,12.8887362],[80.2439873,12.8886411],[80.243969,12.8885499],[80.2439487,12.8884726],[80.2439385,12.8884172],[80.2439385,12.8883696],[80.2439405,12.8883359],[80.2439324,12.8882844],[80.2439283,12.8882567],[80.2439304,12.8882329],[80.2439365,12.888221],[80.2439487,12.888215],[80.2439873,12.8882071],[80.2440869,12.8881952],[80.2442027,12.8881794],[80.2442658,12.8881675],[80.2443302,12.8881567]]]]}},
{"type":"Feature","properties":{"full_id":"w1237337316","osm_id":"1237337316","osm_type":"way","natural":"water","salt":null,"man_made":null,"layer":null,"covered":null,"landuse":null,"barrier":null,"tidal":null,"name:ta":null,"intermittent":null,"wikimedia_commons":null,"alt_name":null,"wetland":null,"place":null,"wikipedia":null,"wikidata":null,"name":null,"water":"pond","type":null},"geometry":{"type":"MultiPolygon","coordinates":[[[[80.2341601,13.01505],[80.2344689,13.0152153],[80.234778,13.0154251],[80.2350901,13.0151757],[80.2350263,13.0149013],[80.2343705,13.0147656],[80.2342348,13.0149343],[80.2341601,13.01505]]]]}},
{"type":"Feature","properties":{"full_id":"w1237671544","osm_id":"1237671544","osm_type":"way","natural":"water","salt":null,"man_made":null,"layer":null,"covered":null,"landuse":null,"barrier":null,"tidal":null,"name:ta":null,"intermittent":null,"wikimedia_commons":null,"alt_name":null,"wetland":null,"place":null,"wikipedia":null,"wikidata":null,"name":null,"water":"pond","type":null},"geometry":{"type":"MultiPolygon","coordinates":[[[[80.1903455,13.1094862],[80.1912009,13.1095338],[80.1912269,13.1089256],[80.1912009,13.1088876],[80.1911554,13.1088939],[80.1910871,13.1089319],[80.1910383,13.1089382],[80.1909635,13.1089319],[80.1909082,13.1088907],[80.1908659,13.1088622],[80.1908106,13.1088559],[80.1907456,13.1088686],[80.1906577,13.1089066],[80.1905959,13.1089382],[80.1905016,13.1089541],[80.1904041,13.1089446],[80.1903293,13.1089224],[80.1903455,13.1094862]]]]}},
{"type":"Feature","properties":{"full_id":"w1237780636","osm_id":"1237780636","osm_type":"way","natural":"water","salt":null,"man_made":null,"layer":null,"covered":null,"landuse":null,"barrier":null,"tidal":null,"name:ta":null,"intermittent":null,"wikimedia_commons":null,"alt_name":null,"wetland":null,"place":null,"wikipedia":null,"wikidata":null,"name":null,"water":"pond","type":null},"geometry":{"type":"MultiPolygon","coordinates":[[[[80.3012457,13.1164083],[80.3013611,13.1164424],[80.3013855,13.1163553],[80.3012692,13.1163299],[80.3012457,13.1164083]]]]}},
{"type":"Feature","properties":{"full_id":"w1244062681","osm_id":"1244062681","osm_type":"way","natural":"water","salt":null,"man_made":null,"layer":null,"covered":null,"landuse":null,"barrier":null,"tidal":null,"name:ta":null,"intermittent":null,"wikimedia_commons":null,"alt_name":null,"wetland":null,"place":null,"wikipedia":null,"wikidata":null,"name":null,"water":"pond","type":null},"geometry":{"type":"MultiPolygon","coordinates":[[[[80.2062102,13.1006488],[80.2062584,13.1005782],[80.2063081,13.1005155],[80.2063711,13.1004685],[80.2064073,13.1004463],[80.2064596,13.1004528],[80.2064945,13.1004959],[80.2065052,13.1005456],[80.2064878,13.1005926],[80.2064502,13.1006135],[80.2064019,13.1006305],[80.2063657,13.1006605],[80.2063456,13.1006984],[80.2063309,13.1007219],[80.2063027,13.1007363],[80.2062292,13.1007188],[80.2062075,13.100684],[80.2062102,13.1006488]]]]}},
{"type":"Feature","properties":{"full_id":"w1249435250","osm_id":"1249435250","osm_type":"way","natural":"water","salt":null,"man_made":null,"layer":null,"covered":null,"landuse":null,"barrier":null,"tidal":null,"name:ta":"இராமாபுரம் ஏரி","intermittent":null,"wikimedia_commons":null,"alt_name":null,"wetland":null,"place":null,"wikipedia":null,"wikidata":null,"name":"Ramapuram Eri","water":"pond","type":null},"geometry":{"type":"MultiPolygon","coordinates":[[[[80.1827314,13.0319993],[80.183201,13.0319973],[80.1833677,13.0320092],[80.1833413,13.0324389],[80.1832945,13.0328033],[80.1832986,13.0328667],[80.1833169,13.0329499],[80.1833331,13.0331123],[80.183317,13.0331401],[80.1833169,13.0331519],[80.1832864,13.0331796],[80.1832295,13.0331954],[80.1831787,13.0332133],[80.1831502,13.0331697],[80.1831034,13.0331549],[80.1830696,13.0331549],[80.1830345,13.0331481],[80.18301,13.0331265],[80.1830042,13.0330912],[80.1829972,13.0330651],[80.1829832,13.0329832],[80.1829668,13.032916],[80.1829517,13.0328762],[80.1829295,13.0328626],[80.1829108,13.0328455],[80.1828898,13.0328228],[80.1828758,13.0328012],[80.1828524,13.0327557],[80.1828442,13.032725],[80.1828454,13.0326863],[80.1828454,13.0326522],[80.1828407,13.0325976],[80.1828419,13.0325487],[80.1828337,13.0325145],[80.1827952,13.032485],[80.1827684,13.0324793],[80.1827135,13.0324713],[80.1826633,13.0324645],[80.1826213,13.0324645],[80.1825874,13.0324634],[80.18255,13.0324634],[80.1825279,13.0324417],[80.1825255,13.032361],[80.1825232,13.032005],[80.1827314,13.0319993]]]]}},
{"type":"Feature","properties":{"full_id":"w1264620569","osm_id":"1264620569","osm_type":"way","natural":"water","salt":null,"man_made":null,"layer":null,"covered":null,"landuse":null,"barrier":null,"tidal":null,"name:ta":null,"intermittent":null,"wikimedia_commons":null,"alt_name":null,"wetland":null,"place":null,"wikipedia":null,"wikidata":null,"name":null,"water":null,"type":null},"geometry":{"type":"MultiPolygon","coordinates":[[[[80.2619271,13.0971128],[80.2619927,13.0972523],[80.2618098,13.0973431],[80.2617545,13.0972128],[80.2617744,13.0971885],[80.2617545,13.0971338],[80.2618426,13.097117],[80.2618503,13.0971666],[80.2619271,13.0971128]]]]}},
{"type":"Feature","properties":{"full_id":"w1268945378","osm_id":"1268945378","osm_type":"way","natural":"water","salt":null,"man_made":null,"layer":null,"covered":null,"landuse":null,"barrier":null,"tidal":null,"name:ta":null,"intermittent":null,"wikimedia_commons":null,"alt_name":null,"wetland":null,"place":null,"wikipedia":null,"wikidata":null,"name":null,"water":"pond","type":null},"geometry":{"type":"MultiPolygon","coordinates":[[[[80.1764876,13.0379182],[80.1765372,13.0379319],[80.1765691,13.0379026],[80.1765655,13.037863],[80.1765142,13.0378492],[80.1764841,13.0378751],[80.1764876,13.0379182]]]]}},
{"type":"Feature","properties":{"full_id":"w1270849333","osm_id":"1270849333","osm_type":"way","natural":"water","salt":null,"man_made":null,"layer":null,"covered":null,"landuse":null,"barrier":null,"tidal":null,"name:ta":null,"intermittent":null,"wikimedia_commons":null,"alt_name":null,"wetland":null,"place":null,"wikipedia":null,"wikidata":null,"name":"Nayakkar Kuttai","water":"pond","type":null},"geometry":{"type":"MultiPolygon","coordinates":[[[[80.1990044,12.957504],[80.1990301,12.9574847],[80.1990207,12.9574255],[80.1989904,12.9573959],[80.1988619,12.9574039],[80.1986646,12.9574028],[80.1985164,12.9574176],[80.1985,12.9574562],[80.198493,12.957578],[80.1985,12.9576918],[80.1985105,12.9577418],[80.1986028,12.9577464],[80.1986997,12.9577475],[80.1987569,12.9577213],[80.1988328,12.9576394],[80.1988444,12.9575575],[80.1988514,12.9575177],[80.1989542,12.9575154],[80.1990044,12.957504]]]]}},
{"type":"Feature","properties":{"full_id":"w1293433222","osm_id":"1293433222","osm_type":"way","natural":"water","salt":null,"man_made":null,"layer":null,"covered":null,"landuse":null,"barrier":null,"tidal":null,"name:ta":null,"intermittent":null,"wikimedia_commons":null,"alt_name":null,"wetland":null,"place":null,"wikipedia":null,"wikidata":null,"name":"Puthagaram Thangal","water":"lake","type":null},"geometry":{"type":"MultiPolygon","coordinates":[[[[80.1912426,13.1412609],[80.1909314,13.1411773],[80.1907759,13.1409161],[80.1907437,13.1407751],[80.1894294,13.1403833],[80.189129,13.1402683],[80.1889734,13.1403571],[80.1888822,13.1405243],[80.1889627,13.1408325],[80.1891451,13.141031],[80.1893919,13.14194],[80.1896493,13.14264],[80.1901536,13.1426818],[80.1903119,13.1428985],[80.1905237,13.1431885],[80.1907437,13.1429796],[80.1906096,13.1425878],[80.1909797,13.1424519],[80.1914464,13.1426034],[80.1912748,13.1417206],[80.1912426,13.1412609]]]]}},
{"type":"Feature","properties":{"full_id":"w1306967685","osm_id":"1306967685","osm_type":"way","natural":"water","salt":null,"man_made":null,"layer":null,"covered":null,"landuse":null,"barrier":null,"tidal":null,"name:ta":null,"intermittent":null,"wikimedia_commons":null,"alt_name":null,"wetland":null,"place":null,"wikipedia":null,"wikidata":null,"name":null,"water":null,"type":null},"geometry":{"type":"MultiPolygon","coordinates":[[[[80.1993739,13.1199274],[80.1994732,13.1201364],[80.1995979,13.1199927],[80.1996355,13.1198987],[80.199783,13.1197106],[80.1998504,13.1195837],[80.1999895,13.1193214],[80.1999144,13.1191986],[80.1996938,13.1188803],[80.1995523,13.1186762],[80.199319,13.1183418],[80.198635,13.1184019],[80.1986984,13.1185055],[80.1991232,13.1184959],[80.1995255,13.1190523],[80.1996677,13.1195147],[80.1993739,13.1199274]]]]}},
{"type":"Feature","properties":{"full_id":"w1318241202","osm_id":"1318241202","osm_type":"way","natural":"water","salt":null,"man_made":null,"layer":null,"covered":null,"landuse":null,"barrier":null,"tidal":null,"name:ta":null,"intermittent":null,"wikimedia_commons":null,"alt_name":null,"wetland":null,"place":null,"wikipedia":null,"wikidata":null,"name":null,"water":null,"type":null},"geometry":{"type":"MultiPolygon","coordinates":[[[[80.1903381,13.132719],[80.1902256,13.1328702],[80.1905421,13.1333561],[80.1906601,13.1334135],[80.1912341,13.1334867],[80.1913843,13.1334814],[80.191733,13.1334919],[80.1917854,13.1333571],[80.1918707,13.1333798],[80.1918563,13.133518],[80.1918885,13.1336016],[80.1921567,13.1337218],[80.1925671,13.1337662],[80.192948,13.1338341],[80.1931223,13.1339098],[80.1931666,13.1339229],[80.1931478,13.1341684],[80.1929628,13.1340091],[80.1924625,13.1339242],[80.1919368,13.1339908],[80.1917973,13.133983],[80.1916292,13.1339435],[80.1915085,13.1339148],[80.1912966,13.1338744],[80.1911612,13.1338522],[80.1904804,13.1337557],[80.1902148,13.1335676],[80.1898393,13.1332542],[80.1896355,13.1329434],[80.1894799,13.1325646],[80.1894335,13.1322771],[80.1903381,13.132719]]]]}},
{"type":"Feature","properties":{"full_id":"w1318749868","osm_id":"1318749868","osm_type":"way","natural":"water","salt":null,"man_made":null,"layer":null,"covered":null,"landuse":null,"barrier":null,"tidal":null,"name:ta":null,"intermittent":null,"wikimedia_commons":null,"alt_name":null,"wetland":null,"place":null,"wikipedia":null,"wikidata":null,"name":null,"water":"lake","type":null},"geometry":{"type":"MultiPolygon","coordinates":[[[[80.1781385,13.1329022],[80.1781358,13.1329596],[80.1782324,13.1329596],[80.1783933,13.1332992],[80.1785489,13.1335761],[80.1787527,13.133866],[80.1789619,13.1344407],[80.1789941,13.1344851],[80.1790773,13.1345138],[80.1791443,13.1345216],[80.179721,13.1344433],[80.1798363,13.1343728],[80.1799812,13.1344224],[80.180641,13.1343597],[80.1806839,13.1343257],[80.1807134,13.1342918],[80.1807322,13.1342552],[80.180751,13.1342186],[80.1807563,13.1337119],[80.1807456,13.1336466],[80.1806759,13.13361],[80.1805122,13.1336048],[80.1805154,13.1333541],[80.1806732,13.1333279],[80.1807608,13.1333222],[80.1807999,13.1333008],[80.1808105,13.1330435],[80.1807989,13.1330087],[80.1807645,13.1329892],[80.1781385,13.1329022]]]]}},
{"type":"Feature","properties":{"full_id":"w1321929235","osm_id":"1321929235","osm_type":"way","natural":"water","salt":null,"man_made":null,"layer":null,"covered":null,"landuse":null,"barrier":null,"tidal":null,"name:ta":null,"intermittent":null,"wikimedia_commons":null,"alt_name":null,"wetland":null,"place":null,"wikipedia":null,"wikidata":null,"name":null,"water":null,"type":null},"geometry":{"type":"MultiPolygon","coordinates":[[[[80.2537134,13.0497919],[80.2536678,13.0498702],[80.2536786,13.0499486],[80.2537188,13.0499774],[80.2537912,13.0499774],[80.2538636,13.049946],[80.2538663,13.0498885],[80.2538234,13.0498049],[80.2537617,13.0497814],[80.2537134,13.0497919]]]]}},
{"type":"Feature","properties":{"full_id":"w1321929236","osm_id":"1321929236","osm_type":"way","natural":"water","salt":null,"man_made":null,"layer":null,"covered":null,"landuse":null,"barrier":null,"tidal":null,"name:ta":null,"intermittent":null,"wikimedia_commons":null,"alt_name":null,"wetland":null,"place":null,"wikipedia":null,"wikidata":null,"name":null,"water":null,"type":null},"geometry":{"type":"MultiPolygon","coordinates":[[[[80.2544793,13.0495277],[80.2547741,13.0494939],[80.2547922,13.0495052],[80.2548608,13.04962],[80.2548624,13.0497452],[80.2548579,13.0498112],[80.2547578,13.049854],[80.2547347,13.049839],[80.2547116,13.0497891],[80.2546879,13.0497828],[80.2545379,13.0497235],[80.2545202,13.0497031],[80.254459,13.0495396],[80.2544793,13.0495277]]]]}},
{"type":"Feature","properties":{"full_id":"w1352802339","osm_id":"1352802339","osm_type":"way","natural":"water","salt":null,"man_made":null,"layer":null,"covered":null,"landuse":null,"barrier":null,"tidal":null,"name:ta":null,"intermittent":null,"wikimedia_commons":null,"alt_name":null,"wetland":null,"place":null,"wikipedia":null,"wikidata":null,"name":null,"water":null,"type":null},"geometry":{"type":"MultiPolygon","coordinates":[[[[80.2288649,12.8565042],[80.228799,12.857025],[80.2289331,12.8570389],[80.2290923,12.8561906],[80.2290876,12.855926],[80.2294423,12.8544437],[80.2294301,12.853674],[80.2292827,12.8531985],[80.228926,12.8560202],[80.2288649,12.8565042]]]]}},
{"type":"Feature","properties":{"full_id":"w1360153776","osm_id":"1360153776","osm_type":"way","natural":"water","salt":null,"man_made":null,"layer":null,"covered":null,"landuse":null,"barrier":null,"tidal":null,"name:ta":null,"intermittent":null,"wikimedia_commons":null,"alt_name":null,"wetland":null,"place":null,"wikipedia":null,"wikidata":null,"name":null,"water":"pond","type":null},"geometry":{"type":"MultiPolygon","coordinates":[[[[80.2425742,13.1485133],[80.2427819,13.1486319],[80.242833,13.1486806],[80.2428591,13.1488129],[80.2429797,13.1488087],[80.242933,13.1480602],[80.242858,13.1479014],[80.2427851,13.1478389],[80.2427123,13.1478728],[80.2426427,13.1479448],[80.2426188,13.1479956],[80.242622,13.1483715],[80.242609,13.1484445],[80.2425742,13.1485133]]]]}},
{"type":"Feature","properties":{"full_id":"w1360153777","osm_id":"1360153777","osm_type":"way","natural":"water","salt":null,"man_made":null,"layer":null,"covered":null,"landuse":null,"barrier":null,"tidal":null,"name:ta":null,"intermittent":null,"wikimedia_commons":null,"alt_name":null,"wetland":null,"place":null,"wikipedia":null,"wikidata":null,"name":null,"water":"pond","type":null},"geometry":{"type":"MultiPolygon","coordinates":[[[[80.2426594,13.1493604],[80.2429828,13.1490401],[80.2430667,13.1498296],[80.2430898,13.1499535],[80.2432806,13.1502593],[80.2432413,13.1503265],[80.24324,13.1504846],[80.2432643,13.1507337],[80.2433388,13.1508893],[80.2432576,13.1509894],[80.2431655,13.1509802],[80.2431182,13.1509499],[80.2431006,13.1509024],[80.2430519,13.1507812],[80.2429896,13.150652],[80.2428123,13.1502553],[80.242723,13.1499034],[80.2426769,13.1496135],[80.2426594,13.1493604]]]]}},
{"type":"Feature","properties":{"full_id":"w1360153778","osm_id":"1360153778","osm_type":"way","natural":"water","salt":null,"man_made":null,"layer":null,"covered":null,"landuse":null,"barrier":null,"tidal":null,"name:ta":null,"intermittent":null,"wikimedia_commons":null,"alt_name":null,"wetland":null,"place":null,"wikipedia":null,"wikidata":null,"name":null,"water":"pond","type":null},"geometry":{"type":"MultiPolygon","coordinates":[[[[80.2427862,13.1477826],[80.2428028,13.1476892],[80.2428437,13.1476282],[80.2428194,13.1474601],[80.2428181,13.1474115],[80.2428923,13.1473505],[80.2430585,13.1473343],[80.2431531,13.1473505],[80.2432414,13.1474426],[80.2432593,13.1480216],[80.2432388,13.1487725],[80.2432363,13.1489891],[80.2433309,13.1494623],[80.2431455,13.1494959],[80.2431237,13.1494374],[80.2430892,13.1489991],[80.243157,13.1489667],[80.2431762,13.1487189],[80.2430675,13.1487139],[80.2430214,13.1480864],[80.2430023,13.1479183],[80.2427862,13.1477826]]]]}},
{"type":"Feature","properties":{"full_id":"w1364549854","osm_id":"1364549854","osm_type":"way","natural":"water","salt":null,"man_made":null,"layer":null,"covered":null,"landuse":null,"barrier":null,"tidal":null,"name:ta":null,"intermittent":"yes","wikimedia_commons":null,"alt_name":null,"wetland":null,"place":null,"wikipedia":null,"wikidata":null,"name":null,"water":"basin","type":null},"geometry":{"type":"MultiPolygon","coordinates":[[[[80.2465725,12.9962507],[80.2465735,12.9961395],[80.2466247,12.9961411],[80.2466198,12.9962694],[80.2465725,12.9962669],[80.2465725,12.9962507]]]]}},
{"type":"Feature","properties":{"full_id":"w1373636274","osm_id":"1373636274","osm_type":"way","natural":"water","salt":null,"man_made":null,"layer":null,"covered":null,"landuse":null,"barrier":null,"tidal":null,"name:ta":null,"intermittent":null,"wikimedia_commons":null,"alt_name":null,"wetland":null,"place":null,"wikipedia":null,"wikidata":null,"name":null,"water":null,"type":null},"geometry":{"type":"MultiPolygon","coordinates":[[[[80.2338906,12.9533922],[80.2345464,12.9534895],[80.2346483,12.9535046],[80.2346523,12.9528812],[80.2339241,12.9529021],[80.2339254,12.9532236],[80.2338906,12.9533922]]]]}},
{"type":"Feature","properties":{"full_id":"w1374351608","osm_id":"1374351608","osm_type":"way","natural":"water","salt":null,"man_made":null,"layer":null,"covered":null,"landuse":null,"barrier":null,"tidal":null,"name:ta":null,"intermittent":null,"wikimedia_commons":null,"alt_name":null,"wetland":null,"place":null,"wikipedia":null,"wikidata":null,"name":null,"water":"canal","type":null},"geometry":{"type":"MultiPolygon","coordinates":[[[[80.2477455,12.9459659],[80.2476355,12.9454169],[80.247421,12.9442249],[80.2471313,12.9425415],[80.2468416,12.940858],[80.2465358,12.9409077],[80.246788,12.9422095],[80.2472761,12.9446981],[80.2475926,12.9462273],[80.2482592,12.949551],[80.2484617,12.9495301],[80.2477455,12.9459659]]]]}},
{"type":"Feature","properties":{"full_id":"w1390445059","osm_id":"1390445059","osm_type":"way","natural":"water","salt":null,"man_made":null,"layer":null,"covered":null,"landuse":null,"barrier":null,"tidal":null,"name:ta":null,"intermittent":null,"wikimedia_commons":null,"alt_name":null,"wetland":null,"place":null,"wikipedia":null,"wikidata":null,"name":null,"water":"pond","type":null},"geometry":{"type":"MultiPolygon","coordinates":[[[[80.1758029,13.0879324],[80.1763897,13.0879291],[80.1768932,13.0878445],[80.1769314,13.0877802],[80.1769123,13.0873558],[80.1768446,13.0873017],[80.1767022,13.0871613],[80.176671,13.0870852],[80.1760911,13.0870937],[80.1759904,13.0871326],[80.1758915,13.0871461],[80.1757595,13.0877041],[80.1757526,13.0877955],[80.1758029,13.0879324]]]]}},
{"type":"Feature","properties":{"full_id":"w1391093783","osm_id":"1391093783","osm_type":"way","natural":"water","salt":null,"man_made":null,"layer":null,"covered":null,"landuse":null,"barrier":null,"tidal":null,"name:ta":null,"intermittent":null,"wikimedia_commons":null,"alt_name":null,"wetland":null,"place":null,"wikipedia":null,"wikidata":null,"name":null,"water":"pond","type":null},"geometry":{"type":"MultiPolygon","coordinates":[[[[80.2757828,13.1087462],[80.2758324,13.1087684],[80.27589,13.1087971],[80.2759638,13.1088389],[80.2759719,13.1088468],[80.2759732,13.1088559],[80.2759464,13.1089931],[80.2759343,13.1090492],[80.2759155,13.109078],[80.2758954,13.1090897],[80.275878,13.1090884],[80.2758565,13.1090884],[80.2758391,13.1090936],[80.2758176,13.1091119],[80.2758069,13.1091198],[80.2757921,13.1091198],[80.2757854,13.1091132],[80.2757854,13.1090989],[80.2757895,13.1090858],[80.2757868,13.1090727],[80.2757734,13.109061],[80.2757425,13.1090518],[80.2756419,13.1090205],[80.2756205,13.1090114],[80.2756124,13.108997],[80.2756111,13.1089709],[80.2756191,13.1089317],[80.2756406,13.1088781],[80.275654,13.1088402],[80.2756647,13.1087932],[80.2756755,13.1087501],[80.2756782,13.1087358],[80.2756849,13.1087279],[80.2756956,13.1087214],[80.2757063,13.1087201],[80.2757305,13.1087279],[80.2757828,13.1087462]]]]}},
{"type":"Feature","properties":{"full_id":"w1427531921","osm_id":"1427531921","osm_type":"way","natural":"water","salt":null,"man_made":null,"layer":null,"covered":null,"landuse":null,"barrier":null,"tidal":null,"name:ta":null,"intermittent":null,"wikimedia_commons":null,"alt_name":null,"wetland":null,"place":null,"wikipedia":null,"wikidata":null,"name":null,"water":"lake","type":null},"geometry":{"type":"MultiPolygon","coordinates":[[[[80.1821392,13.1027234],[80.1821327,13.1025696],[80.1821693,13.1025867],[80.1821784,13.1026097],[80.182241,13.1026088],[80.1822513,13.1025433],[80.1822915,13.102475],[80.1824268,13.1022782],[80.1825117,13.1022216],[80.1826391,13.102252],[80.1829506,13.1023678],[80.1830525,13.1024809],[80.1830564,13.1026127],[80.1830527,13.1026964],[80.1830099,13.1027904],[80.1828128,13.1028923],[80.1827646,13.1029105],[80.1826379,13.1029036],[80.1824956,13.1028767],[80.1823391,13.1027919],[80.1823063,13.1028202],[80.1822525,13.1028071],[80.1822547,13.1027272],[80.1821392,13.1027234]]]]}},
{"type":"Feature","properties":{"full_id":"w1459226724","osm_id":"1459226724","osm_type":"way","natural":"water","salt":null,"man_made":null,"layer":null,"covered":null,"landuse":null,"barrier":null,"tidal":null,"name:ta":null,"intermittent":null,"wikimedia_commons":null,"alt_name":null,"wetland":null,"place":null,"wikipedia":null,"wikidata":null,"name":null,"water":null,"type":null},"geometry":{"type":"MultiPolygon","coordinates":[[[[80.2399625,12.9966721],[80.2399396,12.996561],[80.2399476,12.9965321],[80.2399796,12.9965021],[80.2400103,12.9964932],[80.2400662,12.9964832],[80.2401381,12.9964688],[80.2402179,12.9964421],[80.240276,12.9964421],[80.2403171,12.9964276],[80.2403433,12.9964088],[80.2403809,12.996391],[80.2404117,12.9963821],[80.2404539,12.9963754],[80.2405155,12.9963688],[80.2405543,12.996351],[80.2406387,12.9963643],[80.2406626,12.9963788],[80.2406774,12.9964132],[80.2406934,12.9964854],[80.240698,12.9965476],[80.2407048,12.9965999],[80.2407059,12.996631],[80.2406934,12.9966832],[80.2406455,12.9967176],[80.2405896,12.9967354],[80.2405554,12.9967354],[80.2405075,12.9967254],[80.2404733,12.996721],[80.240438,12.9967121],[80.2404129,12.996701],[80.2403787,12.996681],[80.2403365,12.9966465],[80.2403114,12.9966099],[80.2402624,12.9965888],[80.2402167,12.9966121],[80.2401757,12.9966299],[80.2401495,12.9966421],[80.2401175,12.9966743],[80.2400753,12.9966832],[80.2400286,12.9966732],[80.2400012,12.996671],[80.2399625,12.9966721]]]]}},
{"type":"Feature","properties":{"full_id":"w1459251535","osm_id":"1459251535","osm_type":"way","natural":"water","salt":null,"man_made":null,"layer":null,"covered":null,"landuse":null,"barrier":null,"tidal":null,"name:ta":null,"intermittent":null,"wikimedia_commons":null,"alt_name":null,"wetland":null,"place":null,"wikipedia":null,"wikidata":null,"name":null,"water":null,"type":null},"geometry":{"type":"MultiPolygon","coordinates":[[[[80.2169103,13.0065773],[80.2167564,13.006435],[80.2168203,13.0062655],[80.2168671,13.0061471],[80.2169073,13.0060438],[80.2170035,13.0058111],[80.217176,13.005498],[80.2172858,13.0053604],[80.2173217,13.0053323],[80.2173645,13.005347],[80.217691,13.0055696],[80.2178149,13.0056625],[80.2178417,13.0056987],[80.2179039,13.0057557],[80.2179622,13.0058022],[80.2180157,13.0058219],[80.2180678,13.0058473],[80.2180967,13.0058757],[80.2181189,13.0058945],[80.2181332,13.0059155],[80.2181365,13.0059557],[80.2180988,13.0060368],[80.2180785,13.0060941],[80.2180397,13.0061528],[80.2180124,13.0062075],[80.2179843,13.0062567],[80.2179589,13.0063253],[80.2179229,13.0064206],[80.2178694,13.0065193],[80.2177961,13.0066154],[80.2177313,13.0066775],[80.2176826,13.0067341],[80.2176075,13.0068264],[80.2175021,13.0069314],[80.2174376,13.006942],[80.2173592,13.0069049],[80.2172997,13.0068667],[80.2172348,13.0068239],[80.2171575,13.0067746],[80.2170935,13.0067312],[80.2170308,13.0066756],[80.2169103,13.0065773]]]]}},
{"type":"Feature","properties":{"full_id":"w1459251536","osm_id":"1459251536","osm_type":"way","natural":"water","salt":null,"man_made":null,"layer":null,"covered":null,"landuse":null,"barrier":null,"tidal":null,"name:ta":null,"intermittent":null,"wikimedia_commons":null,"alt_name":null,"wetland":null,"place":null,"wikipedia":null,"wikidata":null,"name":null,"water":null,"type":null},"geometry":{"type":"MultiPolygon","coordinates":[[[[80.2181546,13.0045776],[80.2180888,13.0045506],[80.2180112,13.0045166],[80.2179501,13.0044268],[80.2177437,13.0041727],[80.2175123,13.0038808],[80.2175032,13.0037808],[80.2175565,13.0036809],[80.2176576,13.003662],[80.2178595,13.0037139],[80.2181902,13.0037748],[80.2184011,13.0038209],[80.2185721,13.0038689],[80.2186478,13.0041059],[80.218653,13.0042463],[80.2186256,13.0043302],[80.2185965,13.0044332],[80.218552,13.0045231],[80.218495,13.0045897],[80.2184193,13.0046311],[80.2183323,13.0046392],[80.2182386,13.0046157],[80.2181546,13.0045776]]]]}},
{"type":"Feature","properties":{"full_id":"w1459251537","osm_id":"1459251537","osm_type":"way","natural":"water","salt":null,"man_made":null,"layer":null,"covered":null,"landuse":null,"barrier":null,"tidal":null,"name:ta":null,"intermittent":null,"wikimedia_commons":null,"alt_name":null,"wetland":null,"place":null,"wikipedia":null,"wikidata":null,"name":null,"water":null,"type":null},"geometry":{"type":"MultiPolygon","coordinates":[[[[80.2145095,13.0028884],[80.2144094,13.0023013],[80.2143911,13.0020901],[80.2144272,13.0020721],[80.2147404,13.0020719],[80.2152829,13.0020907],[80.2153545,13.0021219],[80.2153626,13.0021872],[80.2154251,13.0025452],[80.2154594,13.0028425],[80.2154346,13.0029088],[80.2153691,13.0029143],[80.2150004,13.0029707],[80.2146511,13.0029915],[80.214555,13.002984],[80.2145095,13.0028884]]]]}},
{"type":"Feature","properties":{"full_id":"w1459251538","osm_id":"1459251538","osm_type":"way","natural":"water","salt":null,"man_made":null,"layer":null,"covered":null,"landuse":null,"barrier":null,"tidal":null,"name:ta":null,"intermittent":null,"wikimedia_commons":null,"alt_name":null,"wetland":null,"place":null,"wikipedia":null,"wikidata":null,"name":null,"water":null,"type":null},"geometry":{"type":"MultiPolygon","coordinates":[[[[80.2249859,13.0013973],[80.2248135,13.0009082],[80.2247311,13.0006965],[80.2247011,13.0004921],[80.2246487,13.0002074],[80.2246337,13.0000029],[80.2246487,12.9997182],[80.2246487,12.9994554],[80.2246112,12.9992656],[80.2245588,12.9990028],[80.2244839,12.9987108],[80.2244464,12.9985137],[80.2243865,12.9981268],[80.224364,12.9978493],[80.224379,12.9974843],[80.2244014,12.9971996],[80.2244464,12.9969076],[80.2244689,12.996601],[80.2245588,12.9964112],[80.2247086,12.9965499],[80.2247686,12.9967616],[80.224836,12.9969587],[80.2248735,12.9971339],[80.2250233,12.9972945],[80.2251881,12.9973967],[80.2253605,12.9974843],[80.2254803,12.9977106],[80.225308,12.9978712],[80.2252556,12.9980902],[80.2252631,12.9983677],[80.2252106,12.9985502],[80.2248884,12.9987619],[80.224851,12.9989736],[80.2250083,12.999178],[80.2250982,12.9993605],[80.2252031,12.9995941],[80.2250758,12.9997839],[80.2250683,12.9999956],[80.2251807,13.0001344],[80.2251432,13.0003242],[80.2251282,13.0005578],[80.2250758,13.0007403],[80.2250683,13.0010177],[80.2251282,13.0012075],[80.2249859,13.0013973]]]]}},
{"type":"Feature","properties":{"full_id":"w1459251539","osm_id":"1459251539","osm_type":"way","natural":"water","salt":null,"man_made":null,"layer":null,"covered":null,"landuse":null,"barrier":null,"tidal":null,"name:ta":null,"intermittent":null,"wikimedia_commons":null,"alt_name":null,"wetland":null,"place":null,"wikipedia":null,"wikidata":null,"name":null,"water":null,"type":null},"geometry":{"type":"MultiPolygon","coordinates":[[[[80.2293439,13.0041534],[80.2291945,13.0041398],[80.229111,13.0040619],[80.2290798,13.003984],[80.2290798,13.0038655],[80.2291145,13.0037402],[80.2291736,13.0036487],[80.229264,13.0036047],[80.2293544,13.0036081],[80.2294517,13.0036352],[80.2295455,13.0036995],[80.2296324,13.0037842],[80.2296776,13.0038824],[80.2296603,13.0039908],[80.2296081,13.0040619],[80.2294865,13.0041059],[80.2293439,13.0041534]]]]}},
{"type":"Feature","properties":{"full_id":"w1459251545","osm_id":"1459251545","osm_type":"way","natural":"water","salt":null,"man_made":null,"layer":null,"covered":null,"landuse":null,"barrier":null,"tidal":null,"name:ta":null,"intermittent":null,"wikimedia_commons":null,"alt_name":null,"wetland":null,"place":null,"wikipedia":null,"wikidata":null,"name":null,"water":null,"type":null},"geometry":{"type":"MultiPolygon","coordinates":[[[[80.2301511,13.0074492],[80.2300582,13.0067609],[80.2307401,13.0066656],[80.2307915,13.0064179],[80.2309992,13.006287],[80.2310726,13.006275],[80.2311532,13.0062584],[80.2312412,13.0062703],[80.2313708,13.0062631],[80.2315125,13.0062989],[80.2314685,13.0064203],[80.2314368,13.0064965],[80.2313805,13.0065608],[80.2313268,13.0065989],[80.2312754,13.0066275],[80.231207,13.0066847],[80.2311532,13.0067252],[80.2310408,13.0067537],[80.2309528,13.0067585],[80.2308575,13.0067657],[80.2306668,13.0068181],[80.230723,13.0073682],[80.2301511,13.0074492]]]]}},
{"type":"Feature","properties":{"full_id":"w1474984804","osm_id":"1474984804","osm_type":"way","natural":"water","salt":null,"man_made":null,"layer":null,"covered":null,"landuse":null,"barrier":null,"tidal":null,"name:ta":null,"intermittent":null,"wikimedia_commons":null,"alt_name":null,"wetland":null,"place":null,"wikipedia":null,"wikidata":null,"name":"Elcot Lake","water":"lake","type":null},"geometry":{"type":"MultiPolygon","coordinates":[[[[80.2230828,12.9183112],[80.2230906,12.9180595],[80.2230953,12.9179207],[80.2230836,12.9178604],[80.2230451,12.9178057],[80.2230323,12.917742],[80.2230288,12.9177215],[80.2230661,12.9176578],[80.2231093,12.9176032],[80.2231058,12.9174905],[80.2230981,12.9173974],[80.2230637,12.9172771],[80.2231284,12.9171817],[80.2231269,12.9171177],[80.2231018,12.9169436],[80.2231142,12.9168298],[80.2231425,12.9168091],[80.2231956,12.9169264],[80.2232045,12.9170282],[80.2233142,12.9170575],[80.2233478,12.9170092],[80.2233867,12.9170161],[80.2234646,12.917023],[80.2235018,12.9170109],[80.2236115,12.9170954],[80.2236699,12.9170161],[80.2235991,12.9168988],[80.2237512,12.9168833],[80.2239089,12.9168019],[80.2242001,12.9167779],[80.2242234,12.9167448],[80.2243742,12.9167794],[80.2244327,12.9167209],[80.2244866,12.9167434],[80.2245667,12.9166683],[80.2245914,12.9166908],[80.2245606,12.9170167],[80.2248594,12.9170707],[80.2249442,12.9171038],[80.2250844,12.9170017],[80.2250884,12.9168751],[80.2251598,12.9167486],[80.2252247,12.9169302],[80.2252423,12.9172409],[80.2252504,12.9172614],[80.225095,12.9173211],[80.2250217,12.9174513],[80.2250626,12.9175264],[80.2250459,12.9175807],[80.2250633,12.9176245],[80.2250325,12.9176192],[80.2250144,12.9176441],[80.2249438,12.9176799],[80.224913,12.9176715],[80.2248561,12.9176944],[80.2248353,12.9177375],[80.2247964,12.9177068],[80.2247649,12.9177134],[80.2247615,12.9176601],[80.2247595,12.9176304],[80.2247186,12.9176245],[80.2247086,12.9175905],[80.2247374,12.9175774],[80.2247405,12.9175075],[80.2247951,12.9175134],[80.2248648,12.9175166],[80.2248889,12.9175782],[80.2248983,12.9176094],[80.22496,12.9176212],[80.2250425,12.9176081],[80.2250197,12.917583],[80.224976,12.917577],[80.2249701,12.9174931],[80.2249943,12.917471],[80.2249499,12.9174283],[80.2250004,12.9174096],[80.2250187,12.9173522],[80.2250492,12.9172957],[80.2251,12.9172699],[80.2251448,12.9172046],[80.225161,12.9171788],[80.225096,12.9171114],[80.2250352,12.9171152],[80.2249373,12.9171892],[80.224836,12.9171509],[80.2247391,12.9170875],[80.2245746,12.9170513],[80.2244153,12.9170461],[80.2242958,12.9170685],[80.2242012,12.9170685],[80.2241551,12.9171291],[80.2240791,12.9171116],[80.2239994,12.9170858],[80.223888,12.917122],[80.2238986,12.9171685],[80.2238119,12.9171961],[80.2237544,12.9171872],[80.223688,12.9172203],[80.2236526,12.9172427],[80.2236101,12.9172289],[80.2235022,12.917272],[80.2234261,12.9173169],[80.2233748,12.9173566],[80.2233874,12.917464],[80.223414,12.9174717],[80.223383,12.9175562],[80.2234078,12.9175804],[80.2234343,12.9175692],[80.2234803,12.91771],[80.2234526,12.9177475],[80.2234726,12.91777],[80.2234695,12.9177941],[80.2234911,12.9178061],[80.2234957,12.9178241],[80.2235342,12.9178406],[80.2236159,12.9178541],[80.2237037,12.9178571],[80.2237992,12.9178992],[80.2238377,12.9178876],[80.2239009,12.9178661],[80.223905,12.9178136],[80.2238968,12.917772],[80.2238358,12.9177046],[80.2237545,12.9176888],[80.2236834,12.9176689],[80.2236631,12.9176333],[80.223724,12.9176432],[80.2238338,12.9176313],[80.2238873,12.9175257],[80.2238907,12.9174411],[80.2238663,12.9173519],[80.2238765,12.9173044],[80.2239619,12.9172549],[80.2240208,12.9172786],[80.2240435,12.9173781],[80.2240488,12.9174093],[80.2240233,12.9174341],[80.2240595,12.9175688],[80.2240581,12.9175975],[80.2241316,12.917663],[80.2241641,12.9176812],[80.2241453,12.9177217],[80.2241494,12.9178129],[80.2241402,12.9178465],[80.2242114,12.9178901],[80.2241053,12.9178669],[80.2240555,12.9179434],[80.224042,12.9179528],[80.2240426,12.9180331],[80.2240688,12.9180692],[80.2240728,12.9180875],[80.2241211,12.9181097],[80.2241292,12.9181646],[80.2240567,12.9181568],[80.2240447,12.918179],[80.2239977,12.9181855],[80.2239372,12.9181829],[80.2239186,12.9181868],[80.223852,12.9181706],[80.2238205,12.9181831],[80.2237999,12.9181746],[80.2237738,12.9181637],[80.2237446,12.9181831],[80.2237013,12.9181635],[80.2236757,12.918179],[80.2236474,12.9181687],[80.2236049,12.9182015],[80.2235412,12.9181782],[80.2235297,12.9182248],[80.2234908,12.9182334],[80.223443,12.918223],[80.2234173,12.9182325],[80.2233678,12.9182248],[80.2233598,12.9182463],[80.2230828,12.9183112]]]]}},
{"type":"Feature","properties":{"full_id":"w1534298017","osm_id":"1534298017","osm_type":"way","natural":"water","salt":null,"man_made":null,"layer":null,"covered":null,"landuse":null,"barrier":null,"tidal":null,"name:ta":null,"intermittent":null,"wikimedia_commons":null,"alt_name":null,"wetland":null,"place":null,"wikipedia":null,"wikidata":null,"name":null,"water":"pond","type":null},"geometry":{"type":"MultiPolygon","coordinates":[[[[80.1828116,13.1405745],[80.1824508,13.1396449],[80.1825448,13.1394912],[80.1834317,13.1391985],[80.1838601,13.1403586],[80.1828116,13.1405745]]]]}},
{"type":"Feature","properties":{"full_id":"w1534298018","osm_id":"1534298018","osm_type":"way","natural":"water","salt":null,"man_made":null,"layer":null,"covered":null,"landuse":null,"barrier":null,"tidal":null,"name:ta":null,"intermittent":null,"wikimedia_commons":null,"alt_name":null,"wetland":null,"place":null,"wikipedia":null,"wikidata":null,"name":null,"water":"pond","type":null},"geometry":{"type":"MultiPolygon","coordinates":[[[[80.1833513,13.1350014],[80.1832254,13.1344408],[80.1834413,13.1342569],[80.1840079,13.1342831],[80.1841338,13.1349138],[80.1833513,13.1350014]]]]}},
{"type":"Feature","properties":{"full_id":"w1540976879","osm_id":"1540976879","osm_type":"way","natural":"water","salt":null,"man_made":null,"layer":null,"covered":null,"landuse":null,"barrier":null,"tidal":null,"name:ta":null,"intermittent":null,"wikimedia_commons":null,"alt_name":null,"wetland":null,"place":null,"wikipedia":null,"wikidata":null,"name":null,"water":"pond","type":null},"geometry":{"type":"MultiPolygon","coordinates":[[[[80.2428042,13.1511652],[80.2427459,13.1509217],[80.242673,13.1506993],[80.2426342,13.1506473],[80.2425589,13.1506189],[80.2424593,13.1506024],[80.2423816,13.1506],[80.2422869,13.1506166],[80.2422359,13.1506378],[80.2422067,13.1506615],[80.2421897,13.1507206],[80.2422092,13.1507821],[80.2422359,13.1508578],[80.242265,13.1509358],[80.2423185,13.1509902],[80.2424448,13.1510565],[80.2425783,13.1511014],[80.2428042,13.1511652]]]]}},
{"type":"Feature","properties":{"full_id":"w1543286693","osm_id":"1543286693","osm_type":"way","natural":"water","salt":null,"man_made":null,"layer":null,"covered":null,"landuse":null,"barrier":null,"tidal":null,"name:ta":null,"intermittent":null,"wikimedia_commons":null,"alt_name":null,"wetland":null,"place":null,"wikipedia":null,"wikidata":null,"name":null,"water":null,"type":null},"geometry":{"type":"MultiPolygon","coordinates":[[[[80.217436,13.0028967],[80.2181869,13.0031876],[80.2182702,13.003111],[80.2183351,13.0029627],[80.2185062,13.0025812],[80.2179607,13.0023519],[80.2176496,13.002306],[80.217436,13.0028967]]]]}},
{"type":"Feature","properties":{"full_id":"w1544042990","osm_id":"1544042990","osm_type":"way","natural":"water","salt":null,"man_made":null,"layer":null,"covered":null,"landuse":null,"barrier":null,"tidal":null,"name:ta":null,"intermittent":null,"wikimedia_commons":null,"alt_name":null,"wetland":null,"place":null,"wikipedia":null,"wikidata":null,"name":null,"water":"pond","type":null},"geometry":{"type":"MultiPolygon","coordinates":[[[[80.2503682,12.927545],[80.2502993,12.9272012],[80.2508605,12.9270572],[80.2509472,12.9274011],[80.2503682,12.927545]]]]}},
{"type":"Feature","properties":{"full_id":"w1545658240","osm_id":"1545658240","osm_type":"way","natural":"water","salt":null,"man_made":"clarifier","layer":null,"covered":null,"landuse":null,"barrier":null,"tidal":null,"name:ta":null,"intermittent":null,"wikimedia_commons":null,"alt_name":null,"wetland":null,"place":null,"wikipedia":null,"wikidata":null,"name":null,"water":"wastewater","type":null},"geometry":{"type":"MultiPolygon","coordinates":[[[[80.2312779,12.9572409],[80.231304,12.9572645],[80.2313236,12.9572933],[80.2313358,12.9573258],[80.2313399,12.9573602],[80.2313356,12.9573946],[80.2313232,12.957427],[80.2313034,12.9574557],[80.2312773,12.9574792],[80.2312462,12.957496],[80.231212,12.9575053],[80.2311765,12.9575066],[80.2311399,12.9574992],[80.2311063,12.9574833],[80.2310778,12.9574598],[80.231056,12.9574302],[80.2310423,12.9573964],[80.2310376,12.9573603],[80.2310421,12.9573241],[80.2310555,12.9572902],[80.2310771,12.9572605],[80.2311055,12.9572368],[80.231139,12.9572207],[80.2311755,12.9572131],[80.2312128,12.9572144],[80.231247,12.9572239],[80.2312779,12.9572409]]]]}},
{"type":"Feature","properties":{"full_id":"w1545658241","osm_id":"1545658241","osm_type":"way","natural":"water","salt":null,"man_made":"clarifier","layer":null,"covered":null,"landuse":null,"barrier":null,"tidal":null,"name:ta":null,"intermittent":null,"wikimedia_commons":null,"alt_name":null,"wetland":null,"place":null,"wikipedia":null,"wikidata":null,"name":null,"water":"wastewater","type":null},"geometry":{"type":"MultiPolygon","coordinates":[[[[80.231632,12.9572878],[80.231658,12.9573114],[80.2316777,12.9573402],[80.2316899,12.9573727],[80.2316939,12.9574071],[80.2316897,12.9574415],[80.2316773,12.9574739],[80.2316575,12.9575026],[80.2316313,12.9575261],[80.2316003,12.9575429],[80.2315661,12.9575522],[80.2315306,12.9575535],[80.231494,12.9575461],[80.2314604,12.9575302],[80.2314319,12.9575067],[80.2314101,12.9574771],[80.2313964,12.9574433],[80.2313917,12.9574072],[80.2313962,12.957371],[80.2314096,12.9573371],[80.2314312,12.9573074],[80.2314596,12.9572837],[80.2314931,12.9572676],[80.2315296,12.95726],[80.2315669,12.9572613],[80.2316011,12.9572708],[80.231632,12.9572878]]]]}},
{"type":"Feature","properties":{"full_id":"w1545658242","osm_id":"1545658242","osm_type":"way","natural":"water","salt":null,"man_made":"clarifier","layer":null,"covered":null,"landuse":null,"barrier":null,"tidal":null,"name:ta":null,"intermittent":null,"wikimedia_commons":null,"alt_name":null,"wetland":null,"place":null,"wikipedia":null,"wikidata":null,"name":null,"water":"wastewater","type":null},"geometry":{"type":"MultiPolygon","coordinates":[[[[80.2308455,12.9570444],[80.2308605,12.957069],[80.2308608,12.9570976],[80.2308465,12.9571226],[80.2308213,12.9571372],[80.2307917,12.9571376],[80.230766,12.9571236],[80.2307509,12.9570988],[80.2307506,12.9570701],[80.2307652,12.957045],[80.2307906,12.9570305],[80.23082,12.9570303],[80.2308455,12.9570444]]]]}},
{"type":"Feature","properties":{"full_id":"w1545658243","osm_id":"1545658243","osm_type":"way","natural":"water","salt":null,"man_made":"clarifier","layer":null,"covered":null,"landuse":null,"barrier":null,"tidal":null,"name:ta":null,"intermittent":null,"wikimedia_commons":null,"alt_name":null,"wetland":null,"place":null,"wikipedia":null,"wikidata":null,"name":null,"water":"wastewater","type":null},"geometry":{"type":"MultiPolygon","coordinates":[[[[80.2309484,12.9568203],[80.2309612,12.956847],[80.2309593,12.9568765],[80.2309433,12.9569015],[80.2309169,12.956916],[80.2308866,12.9569164],[80.2308598,12.9569027],[80.230842,12.9568753],[80.2308415,12.9568429],[80.2308585,12.9568149],[80.2308879,12.9567997],[80.2309211,12.9568017],[80.2309484,12.9568203]]]]}},
{"type":"Feature","properties":{"full_id":"w1545658245","osm_id":"1545658245","osm_type":"way","natural":"water","salt":null,"man_made":"clarifier","layer":null,"covered":null,"landuse":null,"barrier":null,"tidal":null,"name:ta":null,"intermittent":null,"wikimedia_commons":null,"alt_name":null,"wetland":null,"place":null,"wikipedia":null,"wikidata":null,"name":null,"water":"wastewater","type":null},"geometry":{"type":"MultiPolygon","coordinates":[[[[80.2355066,12.9576891],[80.2355402,12.9576713],[80.2355772,12.957662],[80.2356154,12.9576618],[80.2356515,12.9576702],[80.2356845,12.9576867],[80.2357126,12.9577103],[80.2357342,12.9577396],[80.2357481,12.9577732],[80.2357535,12.9578089],[80.23575,12.9578449],[80.235738,12.9578791],[80.235718,12.9579096],[80.2356912,12.9579346],[80.2356591,12.9579527],[80.2356235,12.957963],[80.2355865,12.9579648],[80.235549,12.9579577],[80.2355144,12.9579419],[80.2354847,12.9579184],[80.2354618,12.9578886],[80.235447,12.9578543],[80.2354412,12.9578175],[80.2354448,12.9577805],[80.2354574,12.9577453],[80.2354785,12.9577142],[80.2355066,12.9576891]]]]}},
{"type":"Feature","properties":{"full_id":"w1545658246","osm_id":"1545658246","osm_type":"way","natural":"water","salt":null,"man_made":"clarifier","layer":null,"covered":null,"landuse":null,"barrier":null,"tidal":null,"name:ta":null,"intermittent":null,"wikimedia_commons":null,"alt_name":null,"wetland":null,"place":null,"wikipedia":null,"wikidata":null,"name":null,"water":"wastewater","type":null},"geometry":{"type":"MultiPolygon","coordinates":[[[[80.2321165,12.9574329],[80.2321298,12.9574662],[80.2321276,12.9575019],[80.2321103,12.9575335],[80.232081,12.9575551],[80.2320452,12.9575628],[80.2320065,12.9575539],[80.2319761,12.9575291],[80.2319604,12.9574935],[80.2319628,12.9574549],[80.2319828,12.9574215],[80.232016,12.9574004],[80.2320555,12.9573961],[80.2320901,12.957408],[80.2321165,12.9574329]]]]}}
]
}
