{"type":"FeatureCollection","crs":{"type":"name","properties":{"name":"urn:ogc:def:crs:OGC:1.3:CRS84"}},"features":[{"type":"Feature","properties":{"name":"COOVUM RIVER","styleurl":"#m_ylw-pushpin"},"geometry":{"type":"GeometryCollection","geometries":[{"type":"LineString","coordinates":[[80.268566,13.036396],[80.268783,13.036743],[80.269019,13.037109],[80.269163,13.037382],[80.269277,13.03771],[80.26939,13.038273],[80.269442,13.038673],[80.269512,13.039257],[80.269529,13.039395],[80.269513,13.039398],[80.26964,13.039666],[80.269837,13.040199],[80.270012,13.04042],[80.270117,13.040547],[80.270217,13.040667],[80.270278,13.040755],[80.27041,13.040944],[80.270458,13.040947],[80.270476,13.040964],[80.270559,13.041038],[80.270652,13.041115],[80.270745,13.041184],[80.270826,13.041247],[80.270844,13.041256],[80.270867,13.041258],[80.270899,13.041249],[80.27093,13.041246],[80.270955,13.041256],[80.270968,13.041276],[80.270979,13.041312],[80.270989,13.04134],[80.271017,13.041391],[80.271022,13.041443],[80.271026,13.041507],[80.271026,13.041512],[80.271026,13.04153],[80.270968,13.041623],[80.271053,13.041693],[80.271126,13.041595],[80.271215,13.041673],[80.27125,13.041731],[80.271277,13.041773],[80.271317,13.041814],[80.271397,13.041866],[80.27147,13.041899],[80.271485,13.041906],[80.271602,13.041953],[80.27174,13.042014],[80.271867,13.04206],[80.272087,13.042115],[80.272222,13.042152],[80.272376,13.04217],[80.272559,13.042183],[80.272781,13.042188],[80.27283,13.04219],[80.272885,13.042172],[80.272922,13.042153],[80.27297,13.042123],[80.273086,13.042084],[80.273193,13.04206],[80.273231,13.042051],[80.273446,13.042017],[80.273666,13.042002],[80.273744,13.041984],[80.27382,13.041951],[80.274071,13.041857],[80.274245,13.041805],[80.274383,13.041739],[80.274434,13.041695],[80.274461,13.041671],[80.274603,13.041647],[80.274631,13.04164],[80.274703,13.041601],[80.274767,13.041579],[80.27489,13.041554],[80.274985,13.041544],[80.27511,13.041545],[80.275299,13.041574],[80.275421,13.041591],[80.275501,13.041613],[80.275554,13.041641],[80.275595,13.041682],[80.275634,13.041739],[80.275737,13.041903],[80.275778,13.041974],[80.275791,13.042016],[80.275804,13.042059],[80.275819,13.042081],[80.275843,13.042094],[80.275869,13.042112],[80.275892,13.042139],[80.275898,13.042164],[80.275886,13.042204],[80.275875,13.042229],[80.275871,13.042251],[80.275878,13.042266],[80.275891,13.042275],[80.275924,13.042284],[80.275949,13.042304],[80.275962,13.042331],[80.275967,13.042366],[80.275962,13.042406],[80.275957,13.042436],[80.275955,13.042467],[80.275966,13.042501],[80.275996,13.042547],[80.276031,13.042598],[80.276065,13.042655],[80.276087,13.042715],[80.276094,13.042737],[80.276136,13.04287],[80.276128,13.042902],[80.276134,13.042957],[80.276138,13.042974],[80.276169,13.043116],[80.276168,13.043132],[80.27618,13.043176],[80.276198,13.043206],[80.276198,13.043207],[80.276251,13.043338],[80.276274,13.043457],[80.276274,13.043479],[80.276271,13.043508],[80.276254,13.043597],[80.276248,13.043659],[80.276249,13.043684],[80.276274,13.043768],[80.276285,13.043805],[80.276322,13.043923],[80.276347,13.043981],[80.276382,13.044059],[80.276399,13.04411],[80.276413,13.044167],[80.276467,13.044359],[80.276512,13.044506],[80.276537,13.044641],[80.276547,13.044659],[80.276566,13.044718],[80.276586,13.044806],[80.276602,13.044864],[80.276613,13.044915],[80.276623,13.044967],[80.276637,13.045031],[80.276645,13.045061],[80.276659,13.045083],[80.27668,13.045168],[80.276698,13.04522],[80.2767,13.04523],[80.276704,13.045264],[80.276747,13.045399],[80.276785,13.045521],[80.276808,13.045563],[80.276841,13.045594],[80.276856,13.045614],[80.276887,13.045698],[80.27692,13.045781],[80.276932,13.045877],[80.276954,13.045927],[80.276955,13.045955],[80.276961,13.045987],[80.277016,13.046138],[80.277056,13.046225],[80.277098,13.046356],[80.277103,13.046366],[80.277122,13.046496],[80.27712,13.046515],[80.277114,13.046525],[80.277116,13.046542],[80.277125,13.046557],[80.277128,13.046558],[80.27714,13.046558],[80.277164,13.046561],[80.27717,13.046565],[80.277172,13.046568],[80.277197,13.04667],[80.277191,13.046681],[80.277184,13.046688],[80.277175,13.046694],[80.277171,13.046704],[80.277175,13.046723],[80.277183,13.046747],[80.277194,13.04677],[80.277233,13.046832],[80.27728,13.046964],[80.277308,13.047036],[80.277332,13.04707],[80.277356,13.047098],[80.277376,13.047125],[80.277434,13.047264],[80.277486,13.047398],[80.277523,13.047496],[80.277524,13.047499],[80.277541,13.047578],[80.277565,13.04768],[80.277583,13.047684],[80.277593,13.047692],[80.277621,13.047767],[80.277672,13.047894],[80.277698,13.047985],[80.277721,13.048072],[80.277737,13.048138],[80.277775,13.048216],[80.277813,13.048286],[80.277895,13.048482],[80.277963,13.04863],[80.27803,13.048845],[80.278064,13.04895],[80.278099,13.049116],[80.278136,13.04923],[80.278161,13.049324],[80.278185,13.049406],[80.278216,13.049528],[80.278229,13.049568],[80.278238,13.049603],[80.278258,13.049655],[80.278257,13.049686],[80.278271,13.049747],[80.278293,13.049817],[80.278329,13.049863],[80.278386,13.049938],[80.278421,13.049995],[80.278495,13.050086],[80.278542,13.050171],[80.278576,13.050237],[80.278648,13.050347],[80.278712,13.050497],[80.278793,13.050666],[80.278829,13.050698],[80.278854,13.05073],[80.278875,13.050742],[80.278888,13.050745],[80.278898,13.050757],[80.278924,13.050809],[80.27894,13.050829],[80.278957,13.050843],[80.278994,13.05097],[80.279017,13.051004],[80.279045,13.051046],[80.279092,13.051158],[80.279116,13.051232],[80.279133,13.051257],[80.279147,13.051266],[80.279153,13.05127],[80.279161,13.051289],[80.27917,13.051324],[80.279213,13.05143],[80.279245,13.051466],[80.279261,13.051499],[80.279286,13.051519],[80.279324,13.051544],[80.279326,13.051557],[80.27932,13.051566],[80.279318,13.051573],[80.279326,13.051613],[80.279333,13.051631],[80.279341,13.051643],[80.279353,13.051652],[80.279445,13.051747],[80.279467,13.05179],[80.279519,13.051863],[80.279526,13.051874],[80.279529,13.051899],[80.27953,13.051906],[80.279538,13.051923],[80.279543,13.051937],[80.279556,13.051949],[80.279588,13.052026],[80.279596,13.052044],[80.279605,13.052061],[80.279639,13.052078],[80.279646,13.052084],[80.279651,13.052098],[80.279659,13.052133],[80.279667,13.052156],[80.279689,13.052184],[80.279763,13.052314],[80.279772,13.052336],[80.279776,13.052356],[80.279791,13.052382],[80.279826,13.052436],[80.279853,13.052471],[80.279887,13.05252],[80.279971,13.052679],[80.279996,13.052724],[80.280035,13.052771],[80.280156,13.052945],[80.280235,13.053054],[80.28024,13.053065],[80.28024,13.05308],[80.280264,13.053138],[80.280314,13.053235],[80.280337,13.053278],[80.280348,13.053314],[80.280358,13.053351],[80.280386,13.053419],[80.280478,13.053613],[80.280519,13.053716],[80.280527,13.053743],[80.280543,13.0538],[80.280544,13.053886],[80.280571,13.054002],[80.28058,13.054044],[80.280569,13.05409],[80.280567,13.054176],[80.280562,13.054204],[80.280557,13.054261],[80.280553,13.054336],[80.28055,13.054444],[80.280549,13.054598],[80.280536,13.054795],[80.280526,13.054866],[80.280516,13.054901],[80.280511,13.054939],[80.280511,13.05497],[80.280516,13.055149],[80.280496,13.055278],[80.280474,13.055615],[80.280471,13.055828],[80.28046,13.055974],[80.280438,13.056188],[80.280439,13.056206],[80.280443,13.056216],[80.280449,13.056231],[80.280488,13.056269],[80.280492,13.05628],[80.280494,13.056291],[80.28048,13.056399],[80.280483,13.05655],[80.280487,13.056739],[80.28048,13.056858],[80.280476,13.057035],[80.280465,13.0571],[80.280455,13.057151],[80.280453,13.057187],[80.280452,13.05721],[80.280454,13.057311],[80.280444,13.057408],[80.280423,13.057467],[80.280416,13.057489],[80.2804,13.057545],[80.28043,13.057609],[80.280444,13.057637],[80.280458,13.057669],[80.280448,13.057871],[80.280447,13.057931],[80.280449,13.057963],[80.280435,13.058106],[80.280415,13.058234],[80.28041,13.058267],[80.280393,13.058307],[80.280378,13.058387],[80.280376,13.058419],[80.280379,13.058446],[80.280387,13.058492],[80.280397,13.058533],[80.280361,13.05886],[80.280331,13.059062],[80.280313,13.059206],[80.280302,13.059233],[80.280279,13.059331],[80.280267,13.059494],[80.280247,13.059575],[80.280217,13.059696],[80.280211,13.05973],[80.280209,13.059763],[80.28021,13.059808],[80.280197,13.059976],[80.280201,13.060013],[80.280206,13.060053],[80.280226,13.060182],[80.280243,13.060271],[80.280247,13.060322],[80.280251,13.060379],[80.28028,13.060612],[80.280282,13.06083],[80.280273,13.060981],[80.280271,13.06105],[80.280274,13.06107],[80.280282,13.061112],[80.280289,13.061155],[80.280292,13.061182],[80.2803,13.061224],[80.280315,13.061302],[80.280329,13.061397],[80.280362,13.061601],[80.280354,13.061644],[80.280356,13.061695],[80.280381,13.061947],[80.280407,13.062109],[80.280438,13.062235],[80.280468,13.062296],[80.280503,13.062569],[80.280524,13.062813],[80.280549,13.06301],[80.280597,13.063199],[80.280645,13.063411],[80.280646,13.063414],[80.280699,13.063697],[80.280732,13.063869],[80.28075,13.063913],[80.280799,13.06401],[80.280868,13.064156],[80.280906,13.064285],[80.280917,13.064331],[80.280954,13.064541],[80.280973,13.064638],[80.28099,13.064692],[80.281076,13.064917],[80.281137,13.065096],[80.281183,13.065238],[80.281197,13.065259],[80.28125,13.065347],[80.281362,13.065533],[80.281413,13.065594],[80.281416,13.065598],[80.281472,13.065653],[80.28154,13.065711],[80.28168,13.065831],[80.281785,13.065936],[80.281848,13.065997],[80.281943,13.066113],[80.281997,13.066182],[80.282034,13.066212],[80.28211,13.066299],[80.282182,13.06639],[80.282205,13.066415],[80.28228,13.06654],[80.28233,13.066602],[80.282353,13.066643],[80.282369,13.066686],[80.282388,13.06675],[80.282399,13.066802],[80.282415,13.066914],[80.282423,13.067009],[80.282438,13.067093],[80.282447,13.067114],[80.282474,13.06712],[80.282483,13.067227],[80.282456,13.067231],[80.282495,13.067531],[80.282516,13.06753],[80.282528,13.06764],[80.282478,13.067645],[80.282506,13.067797],[80.282528,13.06799],[80.282529,13.068029],[80.282526,13.068044],[80.282522,13.068061],[80.282514,13.068087],[80.282507,13.068104],[80.282487,13.068129],[80.282464,13.068155],[80.282432,13.068185],[80.282376,13.068217],[80.282289,13.068258],[80.282167,13.068307],[80.282044,13.068359],[80.281927,13.068395],[80.281772,13.068439],[80.28168,13.068461],[80.28161,13.068472],[80.28156,13.068483],[80.281489,13.068492],[80.281382,13.068518],[80.281132,13.068566],[80.281079,13.068572],[80.281001,13.06857],[80.280943,13.06857],[80.280867,13.068575],[80.280748,13.068595],[80.280644,13.068626],[80.28063,13.068631],[80.280561,13.068657],[80.280485,13.068682],[80.280382,13.068706],[80.280303,13.068722],[80.280248,13.068739],[80.280195,13.068764],[80.280021,13.068825],[80.279914,13.068842],[80.279757,13.068867],[80.279652,13.068897],[80.279563,13.068946],[80.279501,13.068987],[80.279431,13.069037],[80.279315,13.069098],[80.27921,13.069148],[80.279073,13.06922],[80.27893,13.069303],[80.278784,13.069389],[80.278673,13.069464],[80.278554,13.069545],[80.278438,13.069611],[80.278272,13.069714],[80.27816,13.069782],[80.278085,13.069834],[80.277978,13.069909],[80.277867,13.069983],[80.277801,13.070021],[80.277733,13.07008],[80.277695,13.070105],[80.277626,13.07015],[80.277516,13.070209],[80.277377,13.070301],[80.277317,13.070341],[80.277274,13.070366],[80.277171,13.070434],[80.277136,13.070459],[80.277023,13.070538],[80.276928,13.070605],[80.276803,13.070697],[80.276656,13.07082],[80.276575,13.070886],[80.27651,13.070946],[80.276474,13.070967],[80.276456,13.070978],[80.276439,13.070995],[80.276392,13.071038],[80.276298,13.071123],[80.276235,13.071175],[80.276138,13.071251],[80.2761,13.071279],[80.276069,13.071311],[80.276044,13.071336],[80.276011,13.071364],[80.275944,13.071418],[80.275804,13.071525],[80.275823,13.071555],[80.275723,13.071625],[80.275701,13.071595],[80.275625,13.071658],[80.275596,13.071679],[80.275566,13.071699],[80.275534,13.071718],[80.275502,13.071734],[80.275469,13.071749],[80.275436,13.071763],[80.275387,13.071781],[80.275338,13.071797],[80.275288,13.071811],[80.275238,13.071822],[80.275188,13.07183],[80.275138,13.071841],[80.275089,13.071855],[80.275041,13.07187],[80.275016,13.071876],[80.274992,13.071884],[80.274969,13.071894],[80.274946,13.071906],[80.274925,13.07192],[80.274901,13.071944],[80.274878,13.071968],[80.274856,13.071994],[80.274836,13.072021],[80.274818,13.072049],[80.274801,13.072079],[80.274787,13.072109],[80.274774,13.07214],[80.274763,13.072171],[80.274753,13.072203],[80.274751,13.072221],[80.274746,13.072237],[80.274739,13.072253],[80.27473,13.072268],[80.274718,13.072277],[80.274707,13.072288],[80.274698,13.072301],[80.274691,13.072314],[80.274685,13.072328],[80.274681,13.072343],[80.274671,13.072384],[80.274659,13.072425],[80.274644,13.072465],[80.274628,13.072505],[80.274627,13.072507],[80.274624,13.072508],[80.274622,13.072507],[80.27462,13.072505],[80.274621,13.072502],[80.274621,13.072448],[80.274624,13.072434],[80.274626,13.07242],[80.274624,13.072405],[80.274621,13.072392],[80.274616,13.072389],[80.274611,13.072389],[80.274606,13.072392],[80.274602,13.072396],[80.2746,13.072403],[80.274595,13.072432],[80.274585,13.072475],[80.274578,13.072519],[80.274573,13.072564],[80.27457,13.072608],[80.27457,13.072653],[80.274569,13.072668],[80.274571,13.072682],[80.274576,13.072696],[80.274583,13.072709],[80.274591,13.072721],[80.274601,13.07273],[80.274608,13.07274],[80.274614,13.072752],[80.274617,13.072764],[80.274619,13.072777],[80.274618,13.07279],[80.27461,13.072803],[80.274601,13.072815],[80.27459,13.072826],[80.274579,13.072836],[80.27457,13.072848],[80.274562,13.072861],[80.274556,13.072874],[80.274544,13.072897],[80.274534,13.072921],[80.274527,13.072946],[80.274521,13.072971],[80.274518,13.072997],[80.274516,13.073015],[80.274517,13.073034],[80.27452,13.073052],[80.274525,13.07307],[80.274529,13.073078],[80.27453,13.073086],[80.274528,13.073094],[80.274524,13.073102],[80.274519,13.073109],[80.274515,13.073118],[80.274512,13.073128],[80.27451,13.073137],[80.274509,13.073146],[80.274506,13.073154],[80.274501,13.073161],[80.274494,13.073166],[80.274487,13.07317],[80.274482,13.07317],[80.274478,13.073172],[80.274475,13.073176],[80.274475,13.073181],[80.274477,13.073185],[80.274483,13.073192],[80.274488,13.0732],[80.27449,13.073209],[80.27449,13.073218],[80.27447,13.073333],[80.274452,13.073448],[80.274438,13.073564],[80.274435,13.07357],[80.274435,13.073576],[80.274436,13.073582],[80.27444,13.073587],[80.274445,13.07359],[80.274451,13.073592],[80.274453,13.073592],[80.274455,13.073592],[80.274457,13.073592],[80.274459,13.073593],[80.274461,13.073594],[80.274463,13.073595],[80.274464,13.073596],[80.27447,13.073603],[80.274473,13.073611],[80.274475,13.073619],[80.274474,13.073628],[80.274472,13.073636],[80.274467,13.07365],[80.274461,13.073663],[80.274452,13.073675],[80.274442,13.073685],[80.27443,13.073694],[80.274421,13.073701],[80.274413,13.07371],[80.274406,13.073721],[80.274402,13.073732],[80.2744,13.073744],[80.274393,13.073761],[80.274388,13.073779],[80.274386,13.073797],[80.274386,13.073815],[80.274388,13.073833],[80.274392,13.073861],[80.274394,13.073889],[80.274393,13.073917],[80.274391,13.073945],[80.274389,13.073967],[80.274386,13.073988],[80.27438,13.074009],[80.274371,13.074028],[80.274358,13.074067],[80.274341,13.074105],[80.274321,13.074142],[80.274311,13.074162],[80.274303,13.074182],[80.274296,13.074203],[80.274291,13.074224],[80.274288,13.074246],[80.274287,13.074268],[80.274288,13.07429],[80.274221,13.074616],[80.274203,13.074701],[80.274201,13.07474],[80.274196,13.074779],[80.27419,13.074818],[80.274181,13.074856],[80.274171,13.074894],[80.274161,13.07491],[80.274152,13.074928],[80.274146,13.074946],[80.274141,13.074965],[80.274139,13.074984],[80.274143,13.074998],[80.274146,13.075013],[80.274146,13.075027],[80.274145,13.075042],[80.274142,13.075057],[80.274137,13.07507],[80.274126,13.075086],[80.274116,13.075102],[80.274108,13.07512],[80.274102,13.075138],[80.274087,13.07529],[80.274083,13.075317],[80.274062,13.075404],[80.274054,13.075425],[80.274044,13.075446],[80.274031,13.075466],[80.274029,13.075474],[80.274028,13.075483],[80.274029,13.075491],[80.274032,13.0755],[80.274037,13.075507],[80.274044,13.075515],[80.274049,13.075523],[80.274053,13.075533],[80.274055,13.075543],[80.274054,13.075553],[80.274055,13.075558],[80.274054,13.075562],[80.274051,13.075566],[80.274047,13.075568],[80.274043,13.075569],[80.274038,13.075568],[80.274032,13.075565],[80.274026,13.075565],[80.27402,13.075567],[80.274015,13.07557],[80.274001,13.075584],[80.273988,13.075599],[80.273978,13.075615],[80.27397,13.075633],[80.273965,13.075651],[80.273958,13.075674],[80.273954,13.075698],[80.273953,13.075722],[80.273954,13.075746],[80.273954,13.07577],[80.273951,13.075793],[80.273945,13.075817],[80.273937,13.075839],[80.273926,13.075861],[80.27392,13.075869],[80.273915,13.075879],[80.273913,13.075889],[80.273914,13.075908],[80.273913,13.075926],[80.273908,13.075944],[80.273901,13.075961],[80.273889,13.075994],[80.273879,13.076028],[80.27387,13.076062],[80.27387,13.07607],[80.273871,13.076078],[80.273875,13.076085],[80.27388,13.076092],[80.273887,13.076096],[80.273894,13.0761],[80.273901,13.076106],[80.273905,13.076113],[80.273909,13.076121],[80.273904,13.076127],[80.273898,13.076132],[80.273891,13.076135],[80.273879,13.076141],[80.273869,13.076148],[80.27386,13.076158],[80.273853,13.076168],[80.273848,13.07618],[80.273839,13.076266],[80.27384,13.076289],[80.273836,13.076382],[80.273824,13.076438],[80.27381,13.076493],[80.273794,13.076548],[80.273772,13.076666],[80.273767,13.076695],[80.273761,13.076724],[80.273751,13.076752],[80.273738,13.076781],[80.273727,13.07681],[80.273718,13.076841],[80.273711,13.076872],[80.273705,13.076903],[80.273703,13.076934],[80.273704,13.076965],[80.273708,13.076996],[80.273711,13.077008],[80.273705,13.077043],[80.273693,13.077069],[80.27367,13.077107],[80.273646,13.077133],[80.273535,13.077253],[80.273499,13.077305],[80.273496,13.077321],[80.273494,13.077336],[80.273483,13.07735],[80.273374,13.077509],[80.273269,13.077672],[80.273264,13.077687],[80.273258,13.0777],[80.273255,13.0777],[80.273249,13.077702],[80.273243,13.077712],[80.273166,13.077817],[80.273144,13.077845],[80.273085,13.077918],[80.272942,13.078078],[80.272931,13.078086],[80.272919,13.078095],[80.272906,13.078112],[80.272891,13.078141],[80.272882,13.07815],[80.272856,13.078166],[80.272836,13.078179],[80.272824,13.078188],[80.272761,13.078239],[80.27273,13.078254],[80.272706,13.078266],[80.272693,13.078277],[80.272686,13.078286],[80.272676,13.078293],[80.272586,13.078351],[80.272568,13.078357],[80.272558,13.078358],[80.272549,13.078365],[80.272531,13.078372],[80.272503,13.078389],[80.272479,13.078402],[80.272439,13.078428],[80.272426,13.078438],[80.272419,13.078447],[80.272412,13.078452],[80.272398,13.078454],[80.272377,13.078471],[80.272366,13.078475],[80.272359,13.078479],[80.272341,13.078481],[80.272315,13.078493],[80.272302,13.078502],[80.272282,13.078513],[80.272261,13.078515],[80.272234,13.078522],[80.272212,13.078527],[80.272198,13.078527],[80.272181,13.07853],[80.272163,13.078535],[80.272148,13.078549],[80.27214,13.078557],[80.272124,13.078563],[80.272103,13.078567],[80.272077,13.078582],[80.271993,13.078611],[80.271952,13.078632],[80.271927,13.078646],[80.271855,13.078674],[80.271835,13.078683],[80.271818,13.078694],[80.271802,13.078702],[80.271791,13.078708],[80.271782,13.078718],[80.271765,13.078731],[80.271752,13.078736],[80.271731,13.078742],[80.271707,13.078748],[80.27169,13.078751],[80.271675,13.07876],[80.27162,13.078796],[80.271586,13.078814],[80.271533,13.078831],[80.271503,13.078847],[80.271485,13.078857],[80.27147,13.078859],[80.271462,13.078862],[80.271449,13.078867],[80.27144,13.07887],[80.271427,13.07887],[80.271423,13.078876],[80.271404,13.078892],[80.271378,13.078902],[80.271377,13.078902],[80.271357,13.078909],[80.271337,13.078909],[80.271322,13.078911],[80.271296,13.078924],[80.271266,13.07893],[80.271254,13.078929],[80.271233,13.078932],[80.271216,13.078946],[80.271191,13.078956],[80.271171,13.078959],[80.27114,13.078962],[80.27111,13.078966],[80.271083,13.078972],[80.271029,13.079006],[80.270937,13.079057],[80.270811,13.079128],[80.27044,13.079297],[80.270145,13.079451],[80.269738,13.079591],[80.269304,13.079661],[80.268785,13.079647],[80.268294,13.079521],[80.26786,13.079339],[80.267397,13.079059],[80.267297,13.078959],[80.267204,13.078837],[80.267121,13.07874],[80.267082,13.078689],[80.267034,13.078609],[80.266978,13.078536],[80.266891,13.078455],[80.266853,13.078426],[80.266844,13.078413],[80.26684,13.078401],[80.266835,13.078373],[80.26683,13.078351],[80.266817,13.078313],[80.266804,13.078278],[80.26679,13.078238],[80.266776,13.078201],[80.266767,13.078176],[80.266762,13.078164],[80.266748,13.078124],[80.266736,13.078093],[80.266734,13.078077],[80.266735,13.078065],[80.266733,13.078049],[80.26673,13.078029],[80.266722,13.078011],[80.266701,13.077985],[80.266694,13.077958],[80.266691,13.077933],[80.266671,13.077886],[80.266646,13.077794],[80.266574,13.077651],[80.266567,13.077619],[80.266556,13.077585],[80.266537,13.077542],[80.266515,13.077498],[80.266501,13.077474],[80.26649,13.077437],[80.266478,13.077389],[80.266469,13.077346],[80.266463,13.077299],[80.26645,13.077247],[80.266441,13.077205],[80.266436,13.077165],[80.266425,13.077121],[80.266413,13.077071],[80.266404,13.077031],[80.266373,13.076843],[80.266275,13.076478],[80.266107,13.075945],[80.266009,13.075441],[80.266023,13.074978],[80.266149,13.074347],[80.266383,13.073907],[80.266451,13.073819],[80.266522,13.073724],[80.266549,13.073689],[80.266562,13.073678],[80.266581,13.073665],[80.266594,13.073658],[80.266612,13.073644],[80.266626,13.073627],[80.266637,13.073611],[80.266646,13.073598],[80.266655,13.07359],[80.266666,13.073587],[80.266681,13.073577],[80.266694,13.073565],[80.26672,13.073548],[80.266734,13.073534],[80.26674,13.073522],[80.266754,13.073492],[80.266762,13.073475],[80.266773,13.073456],[80.266781,13.073448],[80.266783,13.073446],[80.266804,13.073432],[80.266823,13.073424],[80.266831,13.073416],[80.266832,13.073409],[80.266829,13.073404],[80.26682,13.0734],[80.266818,13.073394],[80.266821,13.073385],[80.266824,13.073377],[80.26683,13.073369],[80.266839,13.073368],[80.266852,13.073365],[80.266863,13.073366],[80.266874,13.07336],[80.266881,13.073351],[80.266902,13.073308],[80.266915,13.073289],[80.26694,13.073266],[80.266957,13.073252],[80.266981,13.073224],[80.266985,13.073217],[80.266998,13.0732],[80.267009,13.07319],[80.267016,13.073188],[80.26703,13.073176],[80.267052,13.073166],[80.267068,13.073152],[80.26709,13.073127],[80.267095,13.073118],[80.267096,13.07311],[80.267097,13.073096],[80.267105,13.073089],[80.267114,13.07309],[80.26713,13.073088],[80.267139,13.073076],[80.267152,13.073062],[80.267168,13.073049],[80.267182,13.073037],[80.267198,13.073005],[80.267202,13.072993],[80.267202,13.072984],[80.267202,13.072979],[80.267205,13.07297],[80.267216,13.072968],[80.267227,13.072967],[80.267241,13.072956],[80.267252,13.072942],[80.267264,13.072925],[80.267272,13.072918],[80.267291,13.072912],[80.267319,13.072897],[80.26734,13.072883],[80.26736,13.072866],[80.267399,13.072819],[80.267447,13.072757],[80.267475,13.072722],[80.267485,13.072713],[80.267513,13.07269],[80.267545,13.072668],[80.267566,13.072653],[80.267592,13.072633],[80.267606,13.072616],[80.267619,13.072595],[80.267623,13.072575],[80.267625,13.072548],[80.267627,13.072528],[80.267632,13.072515],[80.267641,13.072506],[80.267658,13.072502],[80.267696,13.072499],[80.267712,13.072494],[80.267729,13.072482],[80.26775,13.072462],[80.267763,13.072443],[80.267778,13.072423],[80.267795,13.072408],[80.267814,13.072386],[80.267858,13.072341],[80.267884,13.072305],[80.267889,13.072294],[80.267889,13.072282],[80.267904,13.072262],[80.267913,13.072257],[80.267935,13.072247],[80.267953,13.072239],[80.267977,13.072225],[80.268029,13.072172],[80.268041,13.072166],[80.268048,13.072158],[80.268057,13.072145],[80.268065,13.072132],[80.268087,13.072099],[80.2681,13.07208],[80.268114,13.07207],[80.268129,13.072051],[80.268142,13.072036],[80.268174,13.072012],[80.268182,13.072001],[80.26819,13.071981],[80.268207,13.071949],[80.268217,13.071943],[80.268232,13.071937],[80.268254,13.071931],[80.268276,13.071921],[80.268291,13.071907],[80.268317,13.071879],[80.268337,13.071863],[80.268351,13.071848],[80.268358,13.071835],[80.268376,13.071806],[80.268412,13.071765],[80.268431,13.071742],[80.268444,13.071721],[80.26846,13.071702],[80.268485,13.071686],[80.268503,13.071672],[80.268518,13.071656],[80.268536,13.071626],[80.268541,13.071616],[80.268546,13.071605],[80.268545,13.071593],[80.268541,13.071583],[80.268538,13.071576],[80.268536,13.071565],[80.268538,13.071549],[80.268545,13.071536],[80.268556,13.071523],[80.268564,13.071518],[80.268578,13.071513],[80.268592,13.071507],[80.268603,13.071505],[80.268618,13.071498],[80.268625,13.071491],[80.268629,13.07148],[80.268636,13.071468],[80.268642,13.071462],[80.268652,13.071452],[80.268658,13.071443],[80.268662,13.071433],[80.268667,13.071423],[80.268679,13.071416],[80.268697,13.071413],[80.26871,13.07141],[80.268727,13.071401],[80.26874,13.071388],[80.268756,13.071373],[80.268778,13.071341],[80.268785,13.071327],[80.2688,13.071309],[80.268812,13.071296],[80.268823,13.071286],[80.268826,13.071274],[80.268821,13.07126],[80.268811,13.071243],[80.26879,13.071221],[80.268783,13.071212],[80.268783,13.071197],[80.268788,13.071186],[80.268796,13.071181],[80.268809,13.071178],[80.268825,13.071184],[80.268839,13.071187],[80.268862,13.071185],[80.268877,13.07118],[80.268889,13.071161],[80.268898,13.071152],[80.268932,13.071088],[80.268946,13.071058],[80.268952,13.071029],[80.268955,13.071006],[80.268959,13.070979],[80.268959,13.070957],[80.268964,13.070937],[80.268977,13.07092],[80.268993,13.070897],[80.26901,13.070874],[80.269019,13.070853],[80.269027,13.070832],[80.26903,13.070819],[80.269049,13.07079],[80.269084,13.07074],[80.269109,13.07071],[80.269133,13.070688],[80.26914,13.070672],[80.269147,13.070653],[80.269168,13.070601],[80.26917,13.070584],[80.269172,13.070559],[80.269178,13.070529],[80.269191,13.070503],[80.269199,13.070479],[80.269207,13.070458],[80.269212,13.070441],[80.269217,13.070413],[80.269217,13.070389],[80.269216,13.070365],[80.269218,13.070344],[80.269221,13.070326],[80.269225,13.070312],[80.269239,13.070294],[80.269248,13.070285],[80.269272,13.070269],[80.269283,13.07026],[80.269293,13.070244],[80.269293,13.070235],[80.269294,13.070219],[80.269301,13.070201],[80.269311,13.070187],[80.269318,13.070171],[80.269323,13.070152],[80.269326,13.070131],[80.269327,13.07011],[80.269336,13.070091],[80.269339,13.070081],[80.269347,13.070057],[80.269352,13.070037],[80.269353,13.070025],[80.269352,13.070024],[80.269348,13.070022],[80.26934,13.070027],[80.269333,13.070032],[80.269327,13.070036],[80.269323,13.070031],[80.269314,13.070019],[80.269308,13.070009],[80.269306,13.069993],[80.269309,13.06998],[80.269316,13.069966],[80.269329,13.069961],[80.269344,13.069954],[80.269351,13.069947],[80.269361,13.069931],[80.269375,13.069902],[80.269383,13.069893],[80.269398,13.069888],[80.26941,13.069883],[80.269419,13.069867],[80.269421,13.06985],[80.269426,13.069801],[80.269428,13.069774],[80.269432,13.069751],[80.269433,13.069736],[80.269427,13.069721],[80.269423,13.069708],[80.269421,13.069685],[80.26942,13.069664],[80.269422,13.069606],[80.269425,13.069576],[80.269433,13.069562],[80.269439,13.069534],[80.269444,13.069507],[80.269447,13.069484],[80.269456,13.069425],[80.269459,13.069399],[80.269459,13.069395],[80.269454,13.069393],[80.269448,13.069395],[80.26944,13.0694],[80.269436,13.069394],[80.269438,13.06938],[80.269445,13.069362],[80.269453,13.069351],[80.26946,13.069331],[80.269461,13.069321],[80.26946,13.069313],[80.269455,13.06931],[80.269445,13.06931],[80.26944,13.0693],[80.269445,13.069285],[80.269452,13.069267],[80.269457,13.069251],[80.269464,13.069237],[80.269463,13.069219],[80.269463,13.069196],[80.269449,13.069123],[80.269444,13.069104],[80.269441,13.069099],[80.269432,13.069095],[80.269422,13.069095],[80.269414,13.069092],[80.269407,13.069084],[80.26941,13.069071],[80.269458,13.069017],[80.269451,13.069003],[80.269423,13.068831],[80.269382,13.068645],[80.269292,13.068479],[80.269209,13.068148],[80.269065,13.067948],[80.26894,13.067713],[80.268713,13.067541],[80.268471,13.067389],[80.268306,13.06732],[80.268089,13.067256],[80.267635,13.067113],[80.266614,13.066953],[80.265507,13.066749],[80.264355,13.066675],[80.263422,13.066443],[80.262432,13.06604],[80.261705,13.065495],[80.261225,13.064907],[80.261096,13.064149],[80.261082,13.064135],[80.260894,13.063463],[80.260894,13.06342],[80.260749,13.063176],[80.2604,13.062704],[80.260095,13.06236],[80.259659,13.061929],[80.259208,13.061542],[80.258466,13.061068],[80.257974,13.060943],[80.257446,13.060894],[80.256906,13.061064],[80.256365,13.06152],[80.256028,13.062005],[80.255761,13.062619],[80.255749,13.062647],[80.255567,13.063316],[80.255542,13.063735],[80.255594,13.064625],[80.255537,13.065418],[80.255416,13.065718],[80.254812,13.06666],[80.254373,13.067238],[80.254066,13.067537],[80.253243,13.068446],[80.25254,13.069248],[80.251904,13.069729],[80.250798,13.070454],[80.250096,13.070828],[80.249648,13.070955],[80.249144,13.070986],[80.248587,13.070845],[80.247866,13.070553],[80.24744,13.070359],[80.246665,13.069939],[80.245879,13.069507],[80.244994,13.069012],[80.24411,13.068516],[80.243247,13.068213],[80.242515,13.067954],[80.241881,13.067705],[80.241095,13.067413],[80.240341,13.067089],[80.239336,13.066636],[80.238845,13.066399],[80.238517,13.066226],[80.238157,13.066161],[80.237621,13.066138],[80.236888,13.066168],[80.236374,13.066252],[80.23587,13.066454],[80.235377,13.066667],[80.235081,13.066902],[80.234654,13.067255],[80.234357,13.067544],[80.234083,13.067768],[80.233853,13.067853],[80.233569,13.067927],[80.233317,13.067905],[80.233055,13.067861],[80.232836,13.067882],[80.232672,13.067914],[80.232453,13.06787],[80.232191,13.067859],[80.232005,13.067976],[80.231803,13.068031],[80.231619,13.068052],[80.231607,13.068051],[80.23158,13.068051],[80.231516,13.068028],[80.231477,13.068015],[80.231443,13.068009],[80.231415,13.067999],[80.231394,13.067996],[80.231352,13.067999],[80.231273,13.068004],[80.231216,13.068001],[80.231179,13.067997],[80.231134,13.067989],[80.231097,13.067983],[80.231085,13.067981],[80.231064,13.067986],[80.231034,13.068001],[80.231017,13.068009],[80.231,13.068014],[80.23097,13.068013],[80.230952,13.068005],[80.230942,13.068],[80.230925,13.067999],[80.230879,13.067996],[80.230854,13.067991],[80.230835,13.067978],[80.230816,13.067974],[80.230784,13.067972],[80.230768,13.067967],[80.230757,13.067957],[80.230736,13.067939],[80.230716,13.067924],[80.230695,13.067917],[80.230667,13.067915],[80.230613,13.067905],[80.23056,13.067895],[80.230516,13.067885],[80.230494,13.067877],[80.230478,13.067865],[80.230453,13.067864],[80.230427,13.067857],[80.230404,13.067855],[80.230389,13.067849],[80.230368,13.067841],[80.230356,13.067836],[80.230341,13.06783],[80.230285,13.067819],[80.230214,13.067792],[80.230116,13.067779],[80.230084,13.067774],[80.230074,13.067777],[80.23006,13.067778],[80.230046,13.06778],[80.230032,13.067785],[80.230017,13.067779],[80.23001,13.067771],[80.229987,13.067765],[80.229963,13.067765],[80.229948,13.067757],[80.229945,13.067752],[80.22994,13.067747],[80.229932,13.067745],[80.229904,13.06775],[80.229869,13.067755],[80.229819,13.067752],[80.229763,13.067732],[80.229696,13.067712],[80.229628,13.067696],[80.229563,13.06766],[80.229499,13.067659],[80.229407,13.067658],[80.229328,13.06766],[80.229258,13.067684],[80.229198,13.067722],[80.229164,13.067732],[80.229145,13.067739],[80.229119,13.06776],[80.229079,13.067794],[80.228943,13.067892],[80.22887,13.067939],[80.228793,13.067973],[80.228715,13.067999],[80.228604,13.068054],[80.22856,13.068082],[80.228503,13.068118],[80.228433,13.068171],[80.228378,13.068221],[80.228358,13.06825],[80.228352,13.068318],[80.228353,13.068398],[80.22834,13.068532],[80.228342,13.06859],[80.228342,13.068645],[80.228361,13.068712],[80.228373,13.068835],[80.22839,13.068921],[80.228417,13.069009],[80.228439,13.069069],[80.228465,13.069117],[80.228484,13.069156],[80.228499,13.069191],[80.228517,13.069225],[80.228545,13.069255],[80.228588,13.069281],[80.228607,13.069316],[80.228643,13.069358],[80.228663,13.069408],[80.228705,13.069492],[80.22873,13.069534],[80.228755,13.069564],[80.228789,13.069586],[80.228817,13.069602],[80.228858,13.069623],[80.228899,13.069641],[80.228945,13.069663],[80.228996,13.069694],[80.229061,13.069731],[80.229107,13.069767],[80.229132,13.069791],[80.229173,13.069826],[80.229235,13.069891],[80.229288,13.069947],[80.229307,13.069965],[80.229366,13.070022],[80.22939,13.070048],[80.229413,13.070077],[80.22943,13.070112],[80.229443,13.070142],[80.229457,13.070171],[80.229477,13.070205],[80.229503,13.07024],[80.22953,13.070273],[80.229552,13.0703],[80.229576,13.070345],[80.229576,13.070366],[80.229583,13.070392],[80.229605,13.070427],[80.229621,13.070516],[80.22965,13.070562],[80.229669,13.070587],[80.229681,13.070619],[80.22968,13.070647],[80.229679,13.070678],[80.229683,13.070767],[80.229679,13.070872],[80.229695,13.070967],[80.229709,13.071016],[80.229724,13.07108],[80.229729,13.071128],[80.229728,13.07119],[80.229732,13.071329],[80.229727,13.071462],[80.229708,13.071576],[80.229675,13.071675],[80.229624,13.071803],[80.229568,13.071887],[80.229495,13.071965],[80.229418,13.072041],[80.22935,13.072088],[80.22924,13.07214],[80.229156,13.072197],[80.229084,13.072216],[80.229027,13.07222],[80.228953,13.072221],[80.2289,13.07222],[80.228774,13.07218],[80.228659,13.072147],[80.228558,13.072132],[80.228407,13.072129],[80.228319,13.072124],[80.228228,13.072108],[80.228094,13.072087],[80.227914,13.072064],[80.227855,13.072035],[80.227719,13.071995],[80.227567,13.071952],[80.227414,13.071927],[80.227263,13.07191],[80.227177,13.0719],[80.227077,13.071899],[80.226976,13.071904],[80.226892,13.071908],[80.226848,13.071912],[80.226811,13.071909],[80.22678,13.071897],[80.226723,13.071877],[80.226655,13.071864],[80.226545,13.071837],[80.226439,13.071837],[80.226372,13.071842],[80.22629,13.071833],[80.226239,13.071837],[80.226199,13.071833],[80.226015,13.07182],[80.225798,13.071812],[80.225692,13.071799],[80.225542,13.071779],[80.225447,13.071759],[80.2254,13.071759],[80.225344,13.071753],[80.225286,13.071735],[80.22528,13.071729],[80.22526,13.071709],[80.225222,13.071681],[80.225186,13.07166],[80.225156,13.071645],[80.225124,13.071633],[80.225088,13.071627],[80.225059,13.07163],[80.225024,13.07163],[80.224977,13.071623],[80.224934,13.071615],[80.224896,13.071606],[80.224858,13.071605],[80.224821,13.071604],[80.224783,13.071607],[80.224758,13.071614],[80.224744,13.071625],[80.224734,13.07164],[80.224718,13.071653],[80.224679,13.071663],[80.224625,13.071664],[80.224573,13.071662],[80.224535,13.071655],[80.224514,13.071648],[80.224497,13.071639],[80.224469,13.071635],[80.224427,13.071641],[80.224356,13.071652],[80.224274,13.071663],[80.224084,13.071707],[80.223911,13.071758],[80.22383,13.071791],[80.223768,13.071804],[80.223644,13.071836],[80.223564,13.071856],[80.223406,13.071899],[80.223327,13.07191],[80.223287,13.071917],[80.22325,13.071932],[80.223205,13.071955],[80.223155,13.071981],[80.223126,13.072007],[80.223099,13.07203],[80.22306,13.072056],[80.223019,13.072078],[80.222983,13.072086],[80.222948,13.07209],[80.222898,13.072098],[80.222866,13.072111],[80.222847,13.072126],[80.222829,13.072153],[80.222823,13.072182],[80.222809,13.072203],[80.222784,13.072225],[80.222744,13.072249],[80.222707,13.072269],[80.222675,13.072293],[80.222661,13.072307],[80.22265,13.072325],[80.222647,13.07235],[80.222633,13.072401],[80.222618,13.072434],[80.222586,13.072477],[80.222539,13.072535],[80.222511,13.072569],[80.222496,13.072602],[80.222488,13.072629],[80.222487,13.072652],[80.222494,13.072701],[80.222484,13.072729],[80.222447,13.072811],[80.222415,13.07287],[80.22241,13.072909],[80.2224,13.07296],[80.222381,13.072995],[80.222351,13.07303],[80.222324,13.073055],[80.222315,13.073071],[80.222287,13.073128],[80.222251,13.073162],[80.222208,13.073211],[80.222179,13.073257],[80.222158,13.073282],[80.222132,13.073297],[80.222116,13.073312],[80.222114,13.073326],[80.222124,13.073337],[80.222134,13.073343],[80.222148,13.073363],[80.222153,13.073409],[80.222168,13.07347],[80.222161,13.07351],[80.22213,13.073558],[80.222115,13.073581],[80.222097,13.073605],[80.222065,13.073628],[80.22203,13.073654],[80.221999,13.073692],[80.221982,13.073734],[80.221962,13.073835],[80.221935,13.073987],[80.22193,13.074031],[80.221932,13.074049],[80.221941,13.074059],[80.221998,13.074134],[80.222012,13.074169],[80.222016,13.074194],[80.222017,13.074199],[80.222038,13.074397],[80.222039,13.074446],[80.222039,13.074464],[80.22204,13.074484],[80.222048,13.07452],[80.222055,13.074549],[80.222052,13.074572],[80.22204,13.074589],[80.222024,13.07459],[80.222014,13.07459],[80.222009,13.074597],[80.222011,13.074627],[80.222029,13.074676],[80.222052,13.074733],[80.222055,13.074765],[80.222052,13.074798],[80.222042,13.074824],[80.222025,13.074851],[80.222006,13.074907],[80.221998,13.074967],[80.221996,13.075014],[80.222006,13.075043],[80.222015,13.075063],[80.22203,13.075101],[80.22205,13.075131],[80.222051,13.075158],[80.222054,13.075188],[80.222065,13.075236],[80.222069,13.075282],[80.222078,13.075307],[80.222088,13.075357],[80.222091,13.075394],[80.222089,13.075461],[80.222084,13.075567],[80.22208,13.075608],[80.222082,13.075647],[80.222066,13.075682],[80.222043,13.075738],[80.222034,13.075784],[80.222016,13.075821],[80.221985,13.075902],[80.221964,13.075954],[80.221934,13.075996],[80.221916,13.076034],[80.221901,13.076083],[80.221881,13.07614],[80.221857,13.076174],[80.221829,13.076222],[80.221803,13.076274],[80.221776,13.076374],[80.221755,13.076447],[80.221754,13.076473],[80.221754,13.076506],[80.221755,13.076529],[80.221742,13.076549],[80.221718,13.076577],[80.221692,13.0766],[80.221677,13.076627],[80.221663,13.076668],[80.221645,13.07672],[80.221621,13.076756],[80.221585,13.076788],[80.221533,13.076832],[80.221487,13.076889],[80.221452,13.076939],[80.221431,13.076992],[80.221419,13.077032],[80.221403,13.077063],[80.221385,13.077083],[80.221359,13.077093],[80.221313,13.077112],[80.221288,13.077126],[80.22128,13.077132],[80.221278,13.07715],[80.221274,13.077177],[80.221259,13.077198],[80.22123,13.077223],[80.221165,13.077257],[80.221133,13.077297],[80.221085,13.077354],[80.22101,13.077434],[80.22096,13.077503],[80.22091,13.077573],[80.220868,13.077636],[80.220832,13.077693],[80.220774,13.077761],[80.220747,13.077785],[80.220717,13.077812],[80.220694,13.077844],[80.220649,13.077908],[80.22064,13.077921],[80.220547,13.07806],[80.220428,13.078178],[80.220365,13.078259],[80.220288,13.078396],[80.220205,13.078525],[80.220187,13.078563],[80.220182,13.078619],[80.220167,13.078641],[80.22014,13.078659],[80.22012,13.078673],[80.220071,13.078784],[80.219952,13.078979],[80.219943,13.078999],[80.219938,13.079033],[80.219931,13.079063],[80.219925,13.079087],[80.219912,13.079115],[80.219896,13.079139],[80.219878,13.079154],[80.219863,13.079166],[80.219849,13.079175],[80.219835,13.07918],[80.219824,13.079185],[80.219807,13.079194],[80.219781,13.079212],[80.219757,13.079229],[80.219741,13.079244],[80.219722,13.079264],[80.219691,13.079299],[80.219625,13.079382],[80.219596,13.079407],[80.219577,13.079418],[80.219565,13.07943],[80.219548,13.079451],[80.219516,13.079475],[80.219483,13.079504],[80.219448,13.079527],[80.219415,13.079572],[80.219395,13.079597],[80.21937,13.07963],[80.219356,13.079646],[80.219342,13.079653],[80.219327,13.079658],[80.219317,13.07967],[80.219308,13.079685],[80.219297,13.079693],[80.219265,13.079712],[80.219234,13.07973],[80.219182,13.079771],[80.219174,13.079781],[80.219166,13.079793],[80.219157,13.079807],[80.219148,13.079837],[80.219133,13.079869],[80.219122,13.079883],[80.219101,13.079894],[80.219084,13.079898],[80.219069,13.079896],[80.219059,13.079893],[80.219053,13.079893],[80.219052,13.079896],[80.219052,13.079898],[80.219053,13.079912],[80.219053,13.079924],[80.21905,13.079937],[80.219044,13.079945],[80.219038,13.079953],[80.219031,13.07996],[80.219024,13.079964],[80.219016,13.079966],[80.219009,13.079966],[80.219006,13.079967],[80.219003,13.079972],[80.218999,13.079981],[80.218999,13.079998],[80.218998,13.080014],[80.218997,13.08003],[80.218992,13.080043],[80.218984,13.080051],[80.218969,13.080059],[80.218962,13.080062],[80.218946,13.080065],[80.218932,13.080067],[80.218925,13.080072],[80.218923,13.080075],[80.218914,13.080086],[80.218904,13.080094],[80.218895,13.080102],[80.218854,13.080156],[80.218792,13.080229],[80.218753,13.080272],[80.218714,13.080315],[80.218686,13.08034],[80.218664,13.080357],[80.218636,13.080377],[80.218612,13.080389],[80.218561,13.080411],[80.218495,13.080438],[80.218442,13.080466],[80.218386,13.08048],[80.218339,13.080499],[80.218288,13.08051],[80.218236,13.080518],[80.218217,13.08052],[80.218197,13.080525],[80.218181,13.080535],[80.218161,13.080548],[80.21814,13.080566],[80.218128,13.080572],[80.218113,13.080576],[80.218091,13.080578],[80.218061,13.080577],[80.21803,13.080578],[80.21798,13.080587],[80.217932,13.080598],[80.217891,13.080607],[80.217865,13.08061],[80.217808,13.080609],[80.217793,13.080605],[80.217778,13.0806],[80.217763,13.08059],[80.217739,13.080572],[80.217724,13.080558],[80.217719,13.080552],[80.217708,13.080542],[80.217688,13.080533],[80.217672,13.08053],[80.217657,13.080536],[80.217649,13.080542],[80.217636,13.080545],[80.217617,13.080542],[80.217608,13.080535],[80.217596,13.080523],[80.217578,13.080512],[80.217561,13.080504],[80.217543,13.080505],[80.217533,13.080516],[80.217511,13.080522],[80.217494,13.080519],[80.217472,13.080509],[80.21746,13.080499],[80.21745,13.08048],[80.217441,13.080458],[80.21743,13.080439],[80.21742,13.080426],[80.217399,13.080417],[80.217385,13.080415],[80.21737,13.080416],[80.217351,13.08042],[80.217336,13.080427],[80.217322,13.080435],[80.217313,13.080437],[80.217309,13.080433],[80.217304,13.080426],[80.217298,13.080424],[80.217292,13.080425],[80.217277,13.080424],[80.217267,13.080417],[80.217258,13.080406],[80.217229,13.080401],[80.217208,13.0804],[80.217186,13.080389],[80.217174,13.08037],[80.217155,13.080366],[80.217148,13.080369],[80.21713,13.080374],[80.217112,13.080367],[80.217091,13.080348],[80.217071,13.080331],[80.21705,13.080326],[80.217034,13.080318],[80.217021,13.080318],[80.217009,13.080314],[80.216998,13.080303],[80.216987,13.080301],[80.216978,13.080305],[80.216965,13.080311],[80.216955,13.080311],[80.216944,13.080309],[80.216925,13.080302],[80.216906,13.080285],[80.216896,13.080271],[80.216883,13.080265],[80.216864,13.080268],[80.216856,13.080274],[80.216853,13.080281],[80.216851,13.080298],[80.216842,13.080304],[80.216836,13.080307],[80.21681,13.0803],[80.216786,13.080291],[80.216767,13.080275],[80.216759,13.080257],[80.216747,13.080253],[80.216741,13.080248],[80.216722,13.080234],[80.216701,13.080219],[80.216683,13.080208],[80.21666,13.080204],[80.21661,13.080161],[80.216575,13.080131],[80.216555,13.080117],[80.216536,13.080111],[80.216516,13.080111],[80.216502,13.080107],[80.216484,13.080091],[80.216459,13.08008],[80.216444,13.080077],[80.216421,13.080074],[80.216412,13.08007],[80.216396,13.080057],[80.216387,13.080045],[80.216373,13.080023],[80.216365,13.079996],[80.216356,13.079967],[80.216346,13.079944],[80.216335,13.079926],[80.216324,13.079919],[80.216303,13.079911],[80.216285,13.079895],[80.216272,13.07988],[80.21626,13.079857],[80.216241,13.079832],[80.216209,13.079804],[80.216171,13.079777],[80.216143,13.079754],[80.216131,13.079743],[80.216109,13.079711],[80.216067,13.079655],[80.216032,13.07961],[80.216015,13.079589],[80.215993,13.079556],[80.215986,13.079537],[80.21598,13.07952],[80.215979,13.079507],[80.215983,13.079494],[80.215988,13.079472],[80.215987,13.079457],[80.21597,13.079417],[80.21595,13.079391],[80.215938,13.079377],[80.215921,13.079348],[80.215894,13.079299],[80.215891,13.079279],[80.215893,13.079265],[80.215896,13.079251],[80.215897,13.07924],[80.215894,13.079225],[80.215889,13.079216],[80.21588,13.079205],[80.215866,13.079189],[80.215864,13.079175],[80.215872,13.079146],[80.21588,13.079091],[80.21588,13.079046],[80.215874,13.079018],[80.215869,13.079004],[80.215866,13.07899],[80.21586,13.078981],[80.215853,13.078973],[80.21585,13.078966],[80.215839,13.078944],[80.215832,13.078911],[80.215841,13.078842],[80.215844,13.07883],[80.215813,13.078747],[80.215809,13.07873],[80.215809,13.078697],[80.215814,13.078668],[80.215825,13.078641],[80.215832,13.078528],[80.215826,13.078457],[80.215823,13.07844],[80.215814,13.078428],[80.215812,13.078413],[80.215811,13.078402],[80.215845,13.078358],[80.215852,13.078323],[80.215854,13.078307],[80.215851,13.078291],[80.215831,13.078259],[80.215826,13.078242],[80.215829,13.078217],[80.215857,13.07817],[80.215874,13.078124],[80.215878,13.078112],[80.215873,13.078102],[80.215864,13.078082],[80.215846,13.078033],[80.215849,13.077992],[80.21586,13.077938],[80.215869,13.077869],[80.215863,13.077845],[80.215844,13.077822],[80.215822,13.077759],[80.215823,13.07772],[80.215835,13.07765],[80.215837,13.077613],[80.215838,13.077589],[80.21583,13.07756],[80.215819,13.077479],[80.215823,13.077454],[80.215821,13.077436],[80.215809,13.077419],[80.21579,13.077381],[80.215768,13.077304],[80.21576,13.077285],[80.215749,13.077271],[80.215725,13.077258],[80.215717,13.077241],[80.215714,13.077223],[80.215713,13.077177],[80.215717,13.077131],[80.215714,13.077121],[80.215707,13.07712],[80.215684,13.077123],[80.21567,13.077139],[80.215653,13.077146],[80.215636,13.077131],[80.21563,13.077129],[80.215603,13.077044],[80.215593,13.077031],[80.215562,13.077013],[80.215541,13.077004],[80.215514,13.07697],[80.215494,13.076941],[80.215482,13.07692],[80.215472,13.076898],[80.215459,13.07688],[80.215445,13.076866],[80.215426,13.076859],[80.215404,13.07684],[80.215354,13.076815],[80.215339,13.076794],[80.21529,13.076719],[80.215264,13.076695],[80.215238,13.076682],[80.215209,13.07668],[80.215174,13.076674],[80.215148,13.07664],[80.215134,13.076589],[80.215127,13.076565],[80.21511,13.076547],[80.21509,13.076535],[80.214947,13.076519],[80.214654,13.076491],[80.214637,13.076482],[80.214624,13.076464],[80.214616,13.076428],[80.214601,13.076399],[80.214585,13.076384],[80.214551,13.076373],[80.21452,13.076366],[80.214478,13.076377],[80.214414,13.076388],[80.214309,13.076413],[80.214197,13.076442],[80.214071,13.076466],[80.213965,13.076497],[80.213884,13.076515],[80.213743,13.076599],[80.213554,13.076726],[80.213464,13.076782],[80.213336,13.076877],[80.213293,13.076921],[80.213173,13.077016],[80.21306,13.077104],[80.21301,13.077134],[80.21293,13.077195],[80.212864,13.07725],[80.212804,13.077295],[80.212788,13.077337],[80.212784,13.077368],[80.212767,13.077422],[80.212672,13.077514],[80.212575,13.077606],[80.212483,13.077665],[80.212436,13.077685],[80.212357,13.077715],[80.21234,13.077725],[80.212334,13.077729],[80.212306,13.077723],[80.212239,13.077728],[80.212163,13.077758],[80.212131,13.077767],[80.212073,13.077772],[80.21193,13.077796],[80.211922,13.077802],[80.211882,13.077821],[80.211839,13.07783],[80.211811,13.077846],[80.211804,13.077857],[80.211793,13.077872],[80.211784,13.077873],[80.211768,13.077866],[80.21174,13.077852],[80.211681,13.077848],[80.21167,13.077852],[80.211652,13.077848],[80.21163,13.077845],[80.211577,13.077872],[80.211559,13.077877],[80.211544,13.077873],[80.21153,13.077878],[80.211514,13.077888],[80.211497,13.077897],[80.211486,13.077904],[80.211472,13.077908],[80.211462,13.077906],[80.211447,13.077892],[80.211438,13.077887],[80.211425,13.077889],[80.211417,13.07789],[80.211388,13.077897],[80.211357,13.077916],[80.211328,13.077932],[80.211307,13.077942],[80.211279,13.07795],[80.21125,13.077954],[80.211221,13.077955],[80.211189,13.077957],[80.211158,13.077965],[80.211143,13.077987],[80.211126,13.078009],[80.211109,13.078031],[80.211086,13.078047],[80.211067,13.078049],[80.211045,13.078043],[80.211016,13.078035],[80.210974,13.07803],[80.210936,13.078028],[80.210879,13.07803],[80.210836,13.07803],[80.210805,13.078037],[80.210753,13.078048],[80.210711,13.07807],[80.210687,13.078077],[80.210665,13.078075],[80.210643,13.078069],[80.210623,13.078076],[80.210593,13.078075],[80.210574,13.078066],[80.21056,13.078056],[80.210539,13.078052],[80.210492,13.078056],[80.210441,13.078075],[80.210418,13.078089],[80.210388,13.07811],[80.210349,13.078119],[80.210312,13.078127],[80.210291,13.07814],[80.210269,13.078155],[80.210229,13.07817],[80.210205,13.078182],[80.210181,13.078195],[80.210136,13.078208],[80.210086,13.078235],[80.210032,13.078261],[80.209977,13.07828],[80.20995,13.078276],[80.209935,13.078282],[80.209906,13.07831],[80.209891,13.078311],[80.209876,13.078306],[80.209858,13.078305],[80.209828,13.078314],[80.209802,13.07833],[80.209782,13.078333],[80.209754,13.078338],[80.209709,13.078346],[80.209686,13.078355],[80.209667,13.078369],[80.209649,13.078377],[80.209635,13.078374],[80.209599,13.078376],[80.209576,13.07838],[80.209559,13.078396],[80.20954,13.078408],[80.209521,13.078414],[80.209503,13.078412],[80.209485,13.078421],[80.209473,13.078429],[80.209438,13.078426],[80.209422,13.078421],[80.209377,13.078402],[80.209351,13.078392],[80.209329,13.078392],[80.209288,13.078399],[80.209274,13.078404],[80.209263,13.078417],[80.209252,13.078424],[80.209247,13.07842],[80.209236,13.078408],[80.209229,13.078397],[80.209218,13.078388],[80.209192,13.07838],[80.20917,13.078379],[80.20916,13.078381],[80.209145,13.07839],[80.209119,13.078407],[80.209087,13.078424],[80.209056,13.078434],[80.209037,13.07843],[80.209014,13.078419],[80.208987,13.078411],[80.20896,13.078407],[80.208929,13.078411],[80.208915,13.07842],[80.208898,13.078425],[80.20889,13.078421],[80.208889,13.078405],[80.208882,13.078389],[80.208873,13.078383],[80.208862,13.078377],[80.208848,13.078374],[80.208829,13.078375],[80.208816,13.078381],[80.208806,13.078393],[80.208796,13.078402],[80.208767,13.078407],[80.208736,13.078408],[80.208701,13.078405],[80.208681,13.078403],[80.208656,13.078404],[80.208627,13.078408],[80.208572,13.078417],[80.20854,13.078422],[80.208518,13.078425],[80.208479,13.078419],[80.20843,13.078413],[80.208399,13.078408],[80.208369,13.078405],[80.208347,13.078397],[80.208326,13.078394],[80.208311,13.078399],[80.208303,13.078412],[80.208287,13.078422],[80.208266,13.078424],[80.208244,13.078421],[80.208179,13.078403],[80.208125,13.078396],[80.208089,13.078395],[80.208053,13.078395],[80.208001,13.078396],[80.207954,13.078397],[80.207918,13.078388],[80.20789,13.078389],[80.207854,13.078399],[80.207824,13.078403],[80.207795,13.078399],[80.207769,13.07839],[80.207724,13.078396],[80.207685,13.078407],[80.207647,13.078404],[80.207616,13.078395],[80.207576,13.078384],[80.207536,13.07837],[80.207491,13.078361],[80.207441,13.078362],[80.207422,13.078354],[80.207409,13.078344],[80.207384,13.078335],[80.207348,13.078342],[80.207308,13.078333],[80.207284,13.078328],[80.207256,13.078331],[80.207212,13.078336],[80.207165,13.078341],[80.20712,13.078349],[80.20708,13.078355],[80.207056,13.078361],[80.207035,13.078359],[80.20702,13.078346],[80.207004,13.078333],[80.206987,13.078323],[80.206965,13.078316],[80.206946,13.078293],[80.206948,13.078275],[80.206948,13.078251],[80.206945,13.078236],[80.206938,13.078217],[80.206921,13.078197],[80.206907,13.078179],[80.206882,13.078169],[80.206856,13.078154],[80.206832,13.078125],[80.206813,13.078103],[80.206809,13.078099],[80.206777,13.078065],[80.206764,13.078053],[80.206741,13.078033],[80.206721,13.078015],[80.206691,13.077991],[80.206657,13.077964],[80.206625,13.077941],[80.206602,13.077935],[80.206576,13.077929],[80.206555,13.07795],[80.206534,13.077996],[80.20652,13.078011],[80.206496,13.078017],[80.206474,13.078016],[80.206445,13.078],[80.206412,13.07798],[80.206385,13.077976],[80.206346,13.077973],[80.20631,13.077961],[80.206277,13.077948],[80.206252,13.077928],[80.206241,13.07791],[80.206236,13.077897],[80.206228,13.077889],[80.206199,13.07788],[80.206169,13.077894],[80.206145,13.077896],[80.206125,13.077881],[80.206113,13.077862],[80.206093,13.077846],[80.206067,13.077838],[80.206046,13.077834],[80.206028,13.077837],[80.205994,13.077848],[80.205959,13.077861],[80.205921,13.077866],[80.2059,13.077875],[80.205876,13.07789],[80.205836,13.07789],[80.205821,13.07789],[80.205808,13.077895],[80.205781,13.077884],[80.205775,13.077875],[80.205758,13.077847],[80.205738,13.077805],[80.205726,13.077778],[80.205709,13.077751],[80.205689,13.077736],[80.205665,13.077732],[80.205641,13.077737],[80.205603,13.077739],[80.205573,13.077733],[80.205547,13.077716],[80.205518,13.077705],[80.205488,13.077675],[80.20544,13.077664],[80.205427,13.077673],[80.205393,13.077683],[80.20535,13.077686],[80.205303,13.077685],[80.205258,13.077672],[80.205228,13.07766],[80.205204,13.077651],[80.205165,13.077642],[80.205145,13.077641],[80.205111,13.077652],[80.205088,13.077662],[80.205056,13.077679],[80.20501,13.077695],[80.20496,13.077712],[80.204929,13.077723],[80.204902,13.077728],[80.204875,13.077721],[80.204834,13.077705],[80.2048,13.077692],[80.204757,13.077673],[80.204715,13.07765],[80.204648,13.077606],[80.204625,13.07759],[80.204602,13.077563],[80.204592,13.077548],[80.204568,13.077535],[80.204547,13.077526],[80.204522,13.077511],[80.204478,13.07752],[80.204448,13.077523],[80.20443,13.077522],[80.204403,13.077518],[80.2044,13.077513],[80.204391,13.077499],[80.204381,13.077482],[80.204371,13.077468],[80.204361,13.077455],[80.204347,13.077444],[80.204341,13.077439],[80.204321,13.077434],[80.2043,13.077433],[80.204286,13.077435],[80.204268,13.077433],[80.204253,13.077426],[80.204237,13.077421],[80.204221,13.077422],[80.20421,13.077431],[80.20419,13.077448],[80.204171,13.077468],[80.204143,13.077485],[80.204102,13.077507],[80.204074,13.07752],[80.204038,13.077534],[80.204005,13.07754],[80.203953,13.077542],[80.203914,13.077534],[80.203857,13.077531],[80.20383,13.077524],[80.203809,13.077508],[80.20379,13.07749],[80.203761,13.077481],[80.203739,13.077485],[80.203732,13.077493],[80.203728,13.077515],[80.203717,13.077542],[80.203697,13.077558],[80.203668,13.07757],[80.203632,13.077567],[80.203602,13.07757],[80.203579,13.077573],[80.203556,13.077583],[80.203539,13.077597],[80.20352,13.077611],[80.203506,13.077609],[80.203493,13.077594],[80.203484,13.077575],[80.203486,13.077551],[80.203494,13.077516],[80.203508,13.077486],[80.203531,13.077444],[80.203549,13.077408],[80.203561,13.077379],[80.203563,13.077364],[80.203552,13.077353],[80.203524,13.077354],[80.20348,13.077376],[80.203418,13.077412],[80.203374,13.07745],[80.203352,13.077453],[80.203322,13.077454],[80.203291,13.077439],[80.203261,13.077424],[80.203225,13.077406],[80.203212,13.077404],[80.203168,13.077406],[80.203132,13.077411],[80.203092,13.077412],[80.203063,13.07741],[80.203045,13.077407],[80.203015,13.0774],[80.202992,13.077402],[80.202964,13.077385],[80.202951,13.07737],[80.202942,13.077364],[80.202928,13.077368],[80.20291,13.077379],[80.202892,13.077398],[80.202873,13.077404],[80.202845,13.0774],[80.202831,13.077398],[80.202808,13.077383],[80.202793,13.077369],[80.202789,13.077367],[80.202781,13.077371],[80.202765,13.077387],[80.202738,13.077394],[80.202721,13.077393],[80.202696,13.077386],[80.202679,13.077386],[80.202641,13.077384],[80.202603,13.077384],[80.202584,13.077377],[80.202575,13.077374],[80.202553,13.077354],[80.202547,13.077335],[80.202544,13.077315],[80.202542,13.077298],[80.202541,13.077292],[80.202538,13.077282],[80.202518,13.077281],[80.202495,13.07729],[80.202488,13.07727],[80.202482,13.077255],[80.202476,13.077244],[80.202475,13.077242],[80.202465,13.077232],[80.202452,13.077233],[80.202431,13.077248],[80.202411,13.077256],[80.202399,13.077255],[80.202378,13.077243],[80.202362,13.07723],[80.202338,13.077218],[80.202314,13.077207],[80.202298,13.077204],[80.20228,13.077205],[80.202252,13.077211],[80.202228,13.077211],[80.202204,13.077207],[80.202198,13.077206],[80.202174,13.077204],[80.202139,13.077207],[80.202101,13.077197],[80.202079,13.077196],[80.202051,13.077201],[80.202031,13.077212],[80.202017,13.077231],[80.202,13.077246],[80.201974,13.077254],[80.201936,13.077253],[80.201915,13.077243],[80.201901,13.077226],[80.201893,13.07721],[80.201887,13.077201],[80.201866,13.0772],[80.20184,13.077202],[80.201811,13.077199],[80.20177,13.07719],[80.201745,13.077187],[80.201723,13.077189],[80.2017,13.077202],[80.20168,13.077202],[80.201662,13.077186],[80.201637,13.07718],[80.201623,13.077187],[80.201618,13.077199],[80.201613,13.077208],[80.201595,13.077224],[80.201572,13.077236],[80.201543,13.077236],[80.201516,13.077232],[80.201488,13.077228],[80.201465,13.077236],[80.201446,13.07724],[80.201418,13.077234],[80.201404,13.077226],[80.201389,13.077227],[80.201361,13.077223],[80.201336,13.077213],[80.201317,13.077194],[80.201306,13.077186],[80.201293,13.077192],[80.20127,13.077206],[80.201247,13.077213],[80.201218,13.077212],[80.201189,13.077201],[80.201165,13.077189],[80.201139,13.077185],[80.201128,13.077189],[80.201106,13.077211],[80.201099,13.07723],[80.201094,13.077254],[80.201084,13.07727],[80.201069,13.07728],[80.201054,13.077289],[80.201044,13.0773],[80.201044,13.077311],[80.201047,13.077323],[80.201061,13.077342],[80.201077,13.077359],[80.201091,13.077376],[80.2011,13.077398],[80.201104,13.077424],[80.201101,13.07745],[80.201091,13.077469],[80.201071,13.077479],[80.20104,13.077484],[80.200998,13.077488],[80.200945,13.077502],[80.200915,13.077511],[80.200893,13.077503],[80.200872,13.077476],[80.200853,13.077465],[80.200829,13.077466],[80.200803,13.077481],[80.200786,13.077499],[80.200777,13.077521],[80.200764,13.077537],[80.200741,13.077546],[80.200718,13.077555],[80.200706,13.077566],[80.200707,13.07758],[80.200709,13.077595],[80.200694,13.07761],[80.200676,13.077616],[80.200658,13.077613],[80.200641,13.077605],[80.200626,13.077595],[80.200605,13.0776],[80.200595,13.077613],[80.200586,13.077631],[80.20057,13.077654],[80.200518,13.077701],[80.200499,13.077722],[80.200482,13.077737],[80.200461,13.077754],[80.200426,13.077767],[80.200391,13.077777],[80.200348,13.07779],[80.200269,13.077811],[80.200235,13.077811],[80.200193,13.077808],[80.200154,13.077815],[80.20012,13.077825],[80.200082,13.077837],[80.200041,13.077851],[80.200011,13.077865],[80.199956,13.077879],[80.199925,13.077882],[80.199899,13.077879],[80.199863,13.077855],[80.199825,13.077819],[80.199803,13.077789],[80.19979,13.077771],[80.199769,13.07776],[80.199717,13.077742],[80.199679,13.077743],[80.199645,13.07775],[80.199621,13.077762],[80.199612,13.077786],[80.199619,13.077805],[80.199631,13.077822],[80.199631,13.077842],[80.19962,13.077856],[80.199609,13.077858],[80.199587,13.077852],[80.199571,13.077855],[80.199553,13.077869],[80.199524,13.0779],[80.199471,13.07795],[80.199454,13.077962],[80.199451,13.077964],[80.199418,13.07796],[80.199363,13.077956],[80.199305,13.077954],[80.199261,13.077956],[80.199209,13.077958],[80.199181,13.077955],[80.199148,13.077943],[80.198921,13.07775],[80.198886,13.077732],[80.198837,13.077732],[80.198794,13.077734],[80.198765,13.077722],[80.198751,13.077705],[80.198745,13.077675],[80.198749,13.077657],[80.198748,13.077651],[80.198723,13.077646],[80.198694,13.077645],[80.198682,13.077649],[80.198675,13.077663],[80.198672,13.077682],[80.198667,13.077706],[80.198647,13.07774],[80.198624,13.077765],[80.19859,13.077788],[80.198559,13.077801],[80.198509,13.077809],[80.198486,13.077813],[80.198479,13.077821],[80.19848,13.07783],[80.198484,13.077852],[80.198482,13.077882],[80.198473,13.077913],[80.198462,13.077932],[80.19844,13.07794],[80.1984,13.077943],[80.198369,13.077934],[80.198343,13.077922],[80.198326,13.077918],[80.198308,13.077928],[80.198282,13.077944],[80.198253,13.077971],[80.198195,13.078015],[80.198163,13.078046],[80.198121,13.078074],[80.198082,13.07809],[80.198062,13.078102],[80.198056,13.078117],[80.198068,13.078205],[80.198095,13.078206],[80.198123,13.078211],[80.198132,13.078218],[80.198133,13.078235],[80.198137,13.078256],[80.198145,13.078285],[80.198146,13.078306],[80.198138,13.078326],[80.198116,13.078345],[80.198096,13.078353],[80.198088,13.078363],[80.198099,13.078425],[80.19805,13.078437],[80.198044,13.078435],[80.198026,13.078352],[80.198004,13.078306],[80.197982,13.078288],[80.197965,13.078271],[80.197946,13.078243],[80.197927,13.078208],[80.197915,13.078168],[80.197899,13.078129],[80.197858,13.078083],[80.197838,13.07806],[80.197823,13.078061],[80.1978,13.078072],[80.19777,13.078077],[80.19775,13.078081],[80.197733,13.078101],[80.197694,13.078134],[80.197665,13.078155],[80.197642,13.078167],[80.197613,13.078173],[80.197589,13.078174],[80.197588,13.078174],[80.197539,13.078166],[80.197481,13.078168],[80.197443,13.07818],[80.197404,13.07819],[80.197368,13.078186],[80.19735,13.078167],[80.19734,13.07815],[80.197331,13.078148],[80.197324,13.078155],[80.197297,13.078166],[80.197264,13.07817],[80.197238,13.078165],[80.197223,13.078156],[80.197205,13.078148],[80.197185,13.078155],[80.197162,13.078165],[80.197128,13.078172],[80.197096,13.07817],[80.197065,13.078157],[80.197009,13.078142],[80.196987,13.078145],[80.19697,13.078155],[80.19696,13.078163],[80.196962,13.078178],[80.19697,13.078192],[80.196967,13.078205],[80.196951,13.078217],[80.196915,13.078227],[80.196878,13.078234],[80.196852,13.078234],[80.196814,13.078235],[80.196778,13.078239],[80.19672,13.078254],[80.196589,13.078271],[80.196551,13.078274],[80.196504,13.078287],[80.196456,13.078293],[80.196416,13.07829],[80.196388,13.078279],[80.196375,13.078277],[80.196368,13.078282],[80.196346,13.078354],[80.196329,13.078365],[80.196316,13.078366],[80.196295,13.07836],[80.196272,13.07836],[80.196223,13.078359],[80.196199,13.078361],[80.196157,13.078374],[80.196067,13.078398],[80.196019,13.078406],[80.195969,13.07841],[80.195915,13.07842],[80.195884,13.07843],[80.195844,13.078456],[80.195787,13.078474],[80.19575,13.078481],[80.195714,13.078482],[80.195686,13.078486],[80.195638,13.078506],[80.195584,13.078513],[80.195476,13.078522],[80.195452,13.078518],[80.195446,13.078516],[80.195425,13.078499],[80.195414,13.078493],[80.195403,13.078493],[80.19537,13.078525],[80.195282,13.078571],[80.195226,13.078596],[80.19519,13.078605],[80.195143,13.078605],[80.195095,13.078611],[80.195054,13.078608],[80.195026,13.07859],[80.194993,13.078576],[80.194961,13.078574],[80.194925,13.078582],[80.194886,13.078596],[80.194843,13.078612],[80.19479,13.078631],[80.194749,13.07864],[80.194689,13.078656],[80.194611,13.078665],[80.194537,13.078674],[80.194461,13.078677],[80.194382,13.078668],[80.194328,13.078673],[80.194302,13.078654],[80.194286,13.078652],[80.194218,13.078676],[80.194185,13.078669],[80.194122,13.07867],[80.194032,13.078671],[80.193949,13.078683],[80.193898,13.078683],[80.193859,13.078654],[80.193835,13.078639],[80.193735,13.078612],[80.193715,13.078622],[80.19367,13.078644],[80.193597,13.078688],[80.193548,13.078721],[80.193522,13.078732],[80.193488,13.078728],[80.193454,13.078721],[80.193429,13.07871],[80.193397,13.078697],[80.193381,13.078686],[80.193351,13.078656],[80.193325,13.078632],[80.193282,13.078591],[80.193228,13.078539],[80.193193,13.078499],[80.193157,13.078465],[80.193129,13.078442],[80.193095,13.078421],[80.192983,13.078336],[80.192977,13.078329],[80.19296,13.078311],[80.192942,13.078275],[80.192891,13.078207],[80.192824,13.07812],[80.192792,13.078127],[80.192759,13.078142],[80.19273,13.078135],[80.19272,13.078125],[80.192703,13.078098],[80.192656,13.07801],[80.192644,13.077977],[80.192629,13.077942],[80.192612,13.07793],[80.192593,13.077926],[80.192564,13.077935],[80.192539,13.07793],[80.192524,13.077917],[80.192514,13.077911],[80.192494,13.077882],[80.192464,13.07785],[80.192399,13.077796],[80.192369,13.077784],[80.192344,13.077765],[80.19232,13.07774],[80.192311,13.077719],[80.192257,13.077655],[80.192242,13.077642],[80.192201,13.077617],[80.19218,13.077602],[80.192162,13.077576],[80.192157,13.077558],[80.19214,13.077512],[80.192115,13.077474],[80.192084,13.077428],[80.192056,13.077418],[80.192038,13.077393],[80.192042,13.077377],[80.191998,13.077323],[80.191928,13.077255],[80.191918,13.077173],[80.191894,13.07718],[80.191873,13.077178],[80.191865,13.077159],[80.191864,13.077101],[80.191863,13.076881],[80.191852,13.076872],[80.191827,13.076845],[80.191795,13.076765],[80.191758,13.076656],[80.191726,13.076615],[80.191709,13.076561],[80.1917,13.076509],[80.191672,13.076471],[80.191644,13.076429],[80.191621,13.076363],[80.191604,13.076303],[80.19159,13.076251],[80.191569,13.076202],[80.19151,13.076131],[80.191479,13.076073],[80.191457,13.076008],[80.191438,13.075974],[80.191407,13.075891],[80.191401,13.075862],[80.191383,13.075763],[80.191371,13.075754],[80.191363,13.07565],[80.191345,13.075618],[80.191327,13.075595],[80.191315,13.075551],[80.191298,13.075478],[80.191284,13.075391],[80.191261,13.075311],[80.191211,13.075229],[80.191116,13.075114],[80.19108,13.075111],[80.191036,13.075101],[80.191004,13.075088],[80.190981,13.075079],[80.19095,13.075052],[80.190919,13.075038],[80.190884,13.075013],[80.190829,13.074973],[80.190789,13.074938],[80.190742,13.074904],[80.190699,13.074876],[80.190634,13.074812],[80.190646,13.074772],[80.190633,13.074742],[80.190601,13.074715],[80.190536,13.074642],[80.190529,13.074609],[80.19053,13.074587],[80.19052,13.074551],[80.190479,13.074496],[80.190374,13.074401],[80.190333,13.074367],[80.190213,13.074268],[80.190103,13.074178],[80.189957,13.074053],[80.189808,13.073971],[80.18975,13.07395],[80.18972,13.073931],[80.189703,13.073899],[80.189676,13.073847],[80.189653,13.073817],[80.189617,13.073793],[80.18954,13.073772],[80.189519,13.073764],[80.189467,13.073726],[80.189407,13.073686],[80.189347,13.073661],[80.189289,13.073645],[80.189198,13.073629],[80.189178,13.073621],[80.189127,13.073577],[80.189095,13.073545],[80.189079,13.073534],[80.189052,13.073534],[80.189016,13.073533],[80.188976,13.073531],[80.188841,13.07349],[80.188724,13.073445],[80.188606,13.073384],[80.188555,13.073353],[80.188507,13.073325],[80.188441,13.073295],[80.188386,13.073284],[80.188381,13.073283],[80.188338,13.073272],[80.188275,13.073252],[80.188212,13.073238],[80.188172,13.073215],[80.188138,13.073198],[80.188031,13.073133],[80.187922,13.073087],[80.187841,13.073058],[80.187766,13.073025],[80.187704,13.073],[80.187623,13.072977],[80.187534,13.072927],[80.187484,13.072901],[80.1874,13.072872],[80.187319,13.072844],[80.187255,13.07282],[80.187134,13.072782],[80.187041,13.072749],[80.186978,13.072721],[80.18684,13.072669],[80.186778,13.072643],[80.1867,13.072616],[80.186679,13.072598],[80.186649,13.072563],[80.186633,13.072543],[80.18659,13.07252],[80.18657,13.072515],[80.186543,13.072524],[80.186503,13.072514],[80.186429,13.072482],[80.186374,13.07245],[80.186329,13.072429],[80.186305,13.07242],[80.186298,13.072429],[80.186277,13.072462],[80.186252,13.072455],[80.186219,13.072441],[80.186189,13.072424],[80.18618,13.072396],[80.186177,13.072365],[80.186163,13.072336],[80.186142,13.072322],[80.186079,13.072295],[80.186047,13.072287],[80.185996,13.072289],[80.185927,13.072282],[80.185883,13.072241],[80.185825,13.0722],[80.185741,13.072153],[80.185677,13.072125],[80.185616,13.072102],[80.185534,13.07208],[80.18545,13.072065],[80.185374,13.072063],[80.185321,13.072058],[80.18523,13.072041],[80.185186,13.07203],[80.185165,13.072014],[80.185155,13.072],[80.185139,13.071994],[80.185114,13.071993],[80.1851,13.072006],[80.185087,13.072031],[80.185072,13.072036],[80.185047,13.072029],[80.185024,13.07201],[80.185001,13.07199],[80.184983,13.071987],[80.184963,13.072001],[80.184956,13.072031],[80.184964,13.072082],[80.184972,13.072111],[80.184967,13.072134],[80.184946,13.072146],[80.184897,13.072169],[80.184877,13.072196],[80.184863,13.072197],[80.184853,13.07218],[80.184842,13.072157],[80.184824,13.072137],[80.184802,13.072125],[80.184771,13.072125],[80.184732,13.072143],[80.184699,13.072161],[80.184673,13.07217],[80.184654,13.072167],[80.184632,13.072176],[80.184618,13.07222],[80.184607,13.072253],[80.184588,13.072292],[80.184567,13.072303],[80.184532,13.072306],[80.184504,13.0723],[80.184472,13.072282],[80.184447,13.07226],[80.184423,13.07223],[80.184394,13.072198],[80.184386,13.072177],[80.18439,13.072156],[80.184404,13.072146],[80.184434,13.072143],[80.184468,13.072143],[80.184493,13.072126],[80.184501,13.072104],[80.184491,13.072085],[80.184473,13.072079],[80.184439,13.072073],[80.184404,13.072064],[80.184367,13.072048],[80.18433,13.072038],[80.184284,13.072021],[80.18423,13.071998],[80.184193,13.071977],[80.1841,13.071936],[80.184026,13.071922],[80.183942,13.071908],[80.183869,13.071898],[80.183849,13.0719],[80.18384,13.071912],[80.183838,13.071926],[80.183849,13.071946],[80.183877,13.071954],[80.183912,13.071962],[80.183947,13.071979],[80.183963,13.072002],[80.183973,13.07204],[80.18397,13.072099],[80.183965,13.072157],[80.183958,13.072193],[80.183942,13.072212],[80.183904,13.072228],[80.183843,13.072245],[80.183773,13.072258],[80.18374,13.072264],[80.183663,13.072276],[80.183603,13.072295],[80.183554,13.07231],[80.183523,13.072316],[80.183507,13.072314],[80.183494,13.072307],[80.183483,13.072281],[80.183483,13.072244],[80.183491,13.072184],[80.183504,13.072141],[80.183522,13.072117],[80.183521,13.072104],[80.183513,13.072089],[80.18349,13.072074],[80.183449,13.072067],[80.183405,13.072075],[80.183376,13.072076],[80.183354,13.072061],[80.183344,13.072042],[80.183349,13.072014],[80.183363,13.071954],[80.183374,13.071912],[80.183392,13.071892],[80.183401,13.071886],[80.183402,13.071875],[80.183399,13.07187],[80.183381,13.071868],[80.183357,13.071885],[80.183329,13.071934],[80.183296,13.071967],[80.183258,13.071989],[80.18322,13.072009],[80.183188,13.072019],[80.18316,13.072023],[80.183104,13.072013],[80.183031,13.071998],[80.182991,13.071998],[80.182949,13.072006],[80.182932,13.072017],[80.182921,13.072035],[80.182924,13.07206],[80.182923,13.072077],[80.182907,13.072084],[80.182885,13.072085],[80.182856,13.072074],[80.182827,13.072058],[80.182818,13.072041],[80.182807,13.072027],[80.182769,13.072021],[80.182723,13.072017],[80.182685,13.072013],[80.182628,13.071998],[80.182584,13.071978],[80.182552,13.07195],[80.182524,13.07192],[80.182489,13.07189],[80.182464,13.071879],[80.182439,13.07187],[80.182409,13.07186],[80.182384,13.071843],[80.182358,13.07182],[80.182333,13.07179],[80.182319,13.071773],[80.182215,13.071727],[80.182214,13.071715],[80.182201,13.071692],[80.182181,13.071677],[80.182121,13.071656],[80.182021,13.071627],[80.181937,13.071608],[80.18186,13.071595],[80.181792,13.07157],[80.181726,13.071544],[80.181603,13.071506],[80.181533,13.07148],[80.181409,13.071447],[80.18132,13.071421],[80.181229,13.071393],[80.181129,13.071364],[80.180981,13.071324],[80.180968,13.071317],[80.180961,13.071304],[80.180951,13.071283],[80.180946,13.071273],[80.180918,13.071268],[80.18089,13.071275],[80.180869,13.071277],[80.180845,13.071276],[80.180814,13.071257],[80.180797,13.071243],[80.180777,13.071237],[80.180757,13.071229],[80.180731,13.071214],[80.18072,13.0712],[80.180704,13.071183],[80.180683,13.071165],[80.180659,13.071137],[80.180648,13.071124],[80.18063,13.071115],[80.18061,13.071118],[80.180591,13.071135],[80.180564,13.071151],[80.180548,13.071155],[80.180532,13.07115],[80.180517,13.07114],[80.180486,13.071103],[80.180457,13.071082],[80.180427,13.071069],[80.180387,13.071055],[80.180357,13.071048],[80.180323,13.071049],[80.180301,13.071053],[80.180291,13.071064],[80.180266,13.071081],[80.180225,13.071115],[80.180203,13.071134],[80.180178,13.071141],[80.180134,13.071145],[80.180072,13.071142],[80.180026,13.071142],[80.17996,13.071142],[80.179872,13.071146],[80.179831,13.071145],[80.179814,13.071143],[80.179807,13.071138],[80.179801,13.071129],[80.179795,13.071108],[80.179784,13.071088],[80.179765,13.071061],[80.179677,13.071069],[80.179576,13.071073],[80.179478,13.071074],[80.179424,13.071068],[80.179357,13.071057],[80.179285,13.071042],[80.179222,13.071034],[80.179165,13.071025],[80.178715,13.071234],[80.178311,13.071448],[80.178116,13.071591],[80.177823,13.071602],[80.177567,13.071577],[80.177348,13.071385],[80.176982,13.071193],[80.176605,13.070928],[80.176142,13.070676],[80.175874,13.070543],[80.175582,13.070399],[80.17535,13.070314],[80.17518,13.070242],[80.174911,13.070169],[80.17472,13.070159],[80.174643,13.07005],[80.174522,13.069755],[80.174389,13.069474],[80.174242,13.069217],[80.174147,13.068776],[80.174093,13.068582],[80.173975,13.068408],[80.173938,13.068312],[80.173923,13.06824],[80.173848,13.068088],[80.173717,13.067806],[80.173605,13.067593],[80.173532,13.067459],[80.173396,13.067252],[80.173283,13.067114],[80.173043,13.066871],[80.172913,13.066736],[80.172693,13.066613],[80.172422,13.066471],[80.17216,13.066393],[80.171898,13.06632],[80.171554,13.066235],[80.171249,13.066198],[80.170938,13.066137],[80.170667,13.066092],[80.170246,13.066034],[80.169816,13.066008],[80.168928,13.066038],[80.168428,13.06598],[80.16787,13.065864],[80.167434,13.065726],[80.166956,13.06553],[80.166292,13.065225],[80.165857,13.065003],[80.16568,13.064877],[80.165522,13.064792],[80.165324,13.064699],[80.165092,13.06462],[80.164955,13.064563],[80.164629,13.06449],[80.164413,13.064454],[80.164248,13.06442],[80.164038,13.064393],[80.16383,13.064359],[80.163565,13.064305],[80.16337,13.064229],[80.16313,13.064079],[80.16292,13.063965],[80.162734,13.063871],[80.162673,13.063832],[80.162615,13.063781],[80.1626,13.063742],[80.162597,13.063673],[80.162582,13.063587],[80.162534,13.063533],[80.162406,13.06349],[80.162321,13.06343],[80.162144,13.063373],[80.161885,13.063291],[80.161632,13.06321],[80.161233,13.063116],[80.160922,13.063043],[80.160632,13.062994],[80.160416,13.062964],[80.160257,13.062924],[80.160035,13.062912],[80.159803,13.062848],[80.159632,13.062812],[80.159355,13.062748],[80.159294,13.062721],[80.159111,13.062675],[80.158901,13.062576],[80.15873,13.062522],[80.158602,13.062473],[80.15841,13.062425],[80.158298,13.062386],[80.15817,13.062346],[80.158063,13.062313],[80.157828,13.062309],[80.157636,13.062321],[80.157502,13.06235],[80.157306,13.062385],[80.157068,13.062444],[80.156913,13.062447],[80.156806,13.062446],[80.156721,13.062404],[80.156495,13.06235],[80.156352,13.06229],[80.156127,13.062172],[80.156045,13.0621],[80.15585,13.061992],[80.155704,13.061902],[80.155545,13.06182],[80.155366,13.061709],[80.155232,13.06164],[80.155095,13.061583],[80.154963,13.061579],[80.154674,13.061521],[80.154235,13.061502],[80.153719,13.061465],[80.153362,13.061448],[80.153033,13.061483],[80.152804,13.061587],[80.152504,13.06176],[80.152205,13.061872],[80.152231,13.061874],[80.152259,13.061979],[80.15267,13.061789],[80.1531,13.061638],[80.15351,13.061553],[80.153721,13.061542],[80.154157,13.061557],[80.154764,13.061617],[80.155061,13.061686],[80.155368,13.061805],[80.155609,13.061928],[80.155861,13.062062],[80.156117,13.062242],[80.156314,13.062347],[80.156555,13.062462],[80.156771,13.062528],[80.157009,13.062536],[80.157214,13.062511],[80.157452,13.062437],[80.157716,13.062387],[80.157899,13.062366],[80.158089,13.062403],[80.158323,13.062461],[80.158619,13.062562],[80.158912,13.062653],[80.159098,13.062736],[80.159347,13.062809],[80.159607,13.062863],[80.1598,13.062922],[80.160038,13.062983],[80.160228,13.063009],[80.160495,13.063049],[80.160748,13.063097],[80.161165,13.06317],[80.16156,13.063275],[80.161863,13.063355],[80.162138,13.063457],[80.162335,13.063558],[80.162448,13.063616],[80.162568,13.063813],[80.162679,13.063976],[80.162853,13.064096],[80.163084,13.064211],[80.163358,13.064304],[80.163587,13.064425],[80.163867,13.064474],[80.164209,13.064502],[80.164523,13.064559],[80.164876,13.064626],[80.165236,13.064756],[80.165431,13.064817],[80.165592,13.064919],[80.165796,13.065042],[80.165976,13.065165],[80.166143,13.065237],[80.166296,13.065328],[80.166594,13.06546],[80.166804,13.06556],[80.167097,13.065695],[80.167285,13.065762],[80.16752,13.065864],[80.167727,13.065924],[80.16805,13.066006],[80.168498,13.066106],[80.168803,13.066149],[80.168931,13.066176],[80.169465,13.066178],[80.169648,13.066152],[80.169789,13.066146],[80.169947,13.066144],[80.170148,13.06615],[80.170414,13.066199],[80.170682,13.066254],[80.171042,13.066315],[80.171435,13.06637],[80.171813,13.066431],[80.17213,13.066495],[80.17238,13.066588],[80.172599,13.066691],[80.172843,13.066865],[80.172986,13.066985],[80.173238,13.067207],[80.173384,13.067411],[80.173496,13.067644],[80.173592,13.06783],[80.17372,13.068133],[80.173802,13.068351],[80.173965,13.06872],[80.174053,13.069025],[80.174149,13.069429],[80.174203,13.069677],[80.174279,13.069848],[80.174439,13.070106],[80.174595,13.070202],[80.17479,13.070258],[80.175049,13.070296],[80.175369,13.070417],[80.17571,13.070534],[80.175981,13.070661],[80.176228,13.070802],[80.176465,13.070946],[80.17666,13.07107],[80.176983,13.071274],[80.177199,13.071406],[80.17743,13.071583],[80.177582,13.071668],[80.177884,13.071701],[80.178113,13.071696],[80.178266,13.071652],[80.178385,13.071595],[80.178593,13.071435],[80.178721,13.071375],[80.178874,13.071322],[80.179026,13.071298],[80.179087,13.071293],[80.179093,13.071293],[80.179115,13.071293],[80.179148,13.071296],[80.179164,13.071327],[80.179172,13.071329],[80.179201,13.071336],[80.179246,13.071336],[80.179319,13.071329],[80.179344,13.07133],[80.179393,13.07133],[80.17944,13.071328],[80.17949,13.071326],[80.179544,13.071319],[80.179597,13.071316],[80.179712,13.071313],[80.179781,13.071305],[80.179832,13.071294],[80.179876,13.071296],[80.179922,13.071301],[80.179995,13.071303],[80.180077,13.0713],[80.180133,13.071283],[80.180156,13.071254],[80.180196,13.07125],[80.18023,13.07127],[80.180286,13.07128],[80.180354,13.071291],[80.180403,13.071304],[80.180452,13.071323],[80.18047,13.071336],[80.18048,13.071355],[80.180493,13.071379],[80.180523,13.0714],[80.180568,13.07141],[80.180624,13.071408],[80.180663,13.071411],[80.180713,13.07142],[80.180749,13.071432],[80.180786,13.071451],[80.180815,13.071472],[80.180841,13.071495],[80.180856,13.071513],[80.180871,13.071521],[80.180896,13.071522],[80.180949,13.07152],[80.18098,13.071527],[80.181023,13.071552],[80.181054,13.071575],[80.181074,13.0716],[80.181099,13.071615],[80.181129,13.071631],[80.181168,13.071647],[80.181194,13.071671],[80.181209,13.071705],[80.181221,13.071745],[80.181243,13.071784],[80.181275,13.071804],[80.181331,13.071816],[80.181394,13.071827],[80.181458,13.071833],[80.181508,13.071826],[80.181548,13.071827],[80.181573,13.07184],[80.181624,13.071877],[80.181667,13.071919],[80.18168,13.071947],[80.181687,13.071985],[80.181686,13.072057],[80.181695,13.072136],[80.181704,13.072162],[80.181713,13.072193],[80.181717,13.072242],[80.181723,13.072258],[80.181726,13.072258],[80.181791,13.072255],[80.181814,13.072236],[80.181837,13.072205],[80.181889,13.072176],[80.181936,13.072151],[80.181975,13.072131],[80.18201,13.072115],[80.182044,13.072103],[80.18207,13.072099],[80.182097,13.072095],[80.182124,13.072103],[80.182138,13.072111],[80.182153,13.072126],[80.18216,13.072129],[80.182261,13.072136],[80.182285,13.072134],[80.182311,13.072123],[80.182342,13.0721],[80.182363,13.072059],[80.182385,13.072042],[80.182426,13.072027],[80.182457,13.072016],[80.182495,13.072015],[80.18254,13.072029],[80.182675,13.072079],[80.18274,13.072097],[80.182794,13.072111],[80.182814,13.072124],[80.18283,13.072146],[80.182857,13.072162],[80.182895,13.072162],[80.182927,13.072154],[80.182955,13.072157],[80.182978,13.07217],[80.183008,13.072191],[80.183038,13.072201],[80.183071,13.0722],[80.183104,13.072193],[80.183176,13.072151],[80.183228,13.072125],[80.183259,13.072121],[80.183299,13.072135],[80.183326,13.072154],[80.18335,13.072165],[80.183382,13.072166],[80.183406,13.072165],[80.183426,13.072178],[80.183437,13.072216],[80.183437,13.07229],[80.183431,13.072322],[80.183414,13.072345],[80.183383,13.072383],[80.183367,13.072406],[80.183356,13.072428],[80.183355,13.072446],[80.183365,13.072462],[80.183395,13.07247],[80.183442,13.072473],[80.183499,13.072472],[80.183546,13.072463],[80.183602,13.072449],[80.18365,13.07244],[80.183716,13.072434],[80.183772,13.072431],[80.183797,13.072429],[80.183891,13.072421],[80.183948,13.072415],[80.184041,13.072414],[80.184097,13.072408],[80.184138,13.072393],[80.184174,13.072377],[80.184224,13.072374],[80.184265,13.07237],[80.1843,13.072362],[80.184324,13.072367],[80.184347,13.072384],[80.184364,13.072399],[80.184393,13.072421],[80.184434,13.072421],[80.184468,13.072404],[80.1845,13.072374],[80.184534,13.072358],[80.184594,13.072352],[80.184624,13.072339],[80.184656,13.072336],[80.18472,13.072344],[80.184761,13.072338],[80.184816,13.072307],[80.184851,13.072275],[80.184873,13.072262],[80.184898,13.072254],[80.184898,13.072237],[80.184902,13.072222],[80.184918,13.07221],[80.184946,13.072208],[80.184963,13.072208],[80.185005,13.072198],[80.185036,13.072182],[80.185082,13.072165],[80.185117,13.07217],[80.185154,13.072187],[80.185179,13.072187],[80.185229,13.072177],[80.185293,13.072183],[80.185391,13.072198],[80.185458,13.072216],[80.185522,13.072239],[80.185583,13.072255],[80.185655,13.072274],[80.185721,13.072289],[80.185766,13.07232],[80.185831,13.07235],[80.185856,13.07237],[80.185901,13.072393],[80.18597,13.072456],[80.186003,13.07248],[80.186067,13.072502],[80.186189,13.072536],[80.186288,13.072552],[80.186379,13.072575],[80.186522,13.072636],[80.186621,13.07269],[80.186689,13.072732],[80.186781,13.072777],[80.186868,13.072813],[80.187019,13.07289],[80.187066,13.072912],[80.187121,13.072923],[80.187162,13.072934],[80.187194,13.072957],[80.187226,13.072981],[80.187315,13.073014],[80.187432,13.073043],[80.187493,13.073071],[80.187542,13.073124],[80.187631,13.073224],[80.187683,13.073275],[80.187729,13.073303],[80.187818,13.073352],[80.187911,13.073415],[80.188123,13.073524],[80.188206,13.073558],[80.188353,13.0736],[80.18838,13.073601],[80.188454,13.073603],[80.188558,13.073636],[80.18865,13.073676],[80.188729,13.07372],[80.188821,13.073749],[80.188915,13.073766],[80.188953,13.073771],[80.188979,13.073777],[80.189,13.073804],[80.18902,13.073838],[80.189061,13.073887],[80.189115,13.073923],[80.189143,13.073928],[80.189168,13.073916],[80.189182,13.073888],[80.189186,13.073864],[80.189183,13.073827],[80.189185,13.073803],[80.189221,13.073793],[80.189295,13.073777],[80.189335,13.073779],[80.189375,13.073804],[80.189443,13.073838],[80.189467,13.073855],[80.189473,13.073873],[80.189492,13.073954],[80.189507,13.074006],[80.189516,13.074049],[80.189541,13.074076],[80.189605,13.074099],[80.189723,13.074138],[80.189807,13.074169],[80.189865,13.074183],[80.189899,13.074203],[80.189915,13.074238],[80.189913,13.074258],[80.189906,13.074278],[80.189913,13.074294],[80.189934,13.074304],[80.189951,13.07431],[80.189955,13.074334],[80.189959,13.074364],[80.18996,13.074366],[80.189986,13.074414],[80.190014,13.074428],[80.190035,13.074434],[80.190055,13.074475],[80.190063,13.074503],[80.190093,13.074541],[80.190146,13.074571],[80.190168,13.074595],[80.190196,13.074638],[80.190211,13.074666],[80.190235,13.074677],[80.190273,13.074717],[80.190305,13.074757],[80.190342,13.074806],[80.190363,13.074834],[80.190416,13.07491],[80.190427,13.074931],[80.190439,13.074942],[80.190458,13.074951],[80.190489,13.074954],[80.190593,13.074961],[80.190656,13.074953],[80.190703,13.074952],[80.190741,13.074956],[80.190771,13.074965],[80.190793,13.074978],[80.19082,13.075007],[80.190861,13.075054],[80.190894,13.075093],[80.19093,13.075128],[80.190961,13.075148],[80.190995,13.075154],[80.191032,13.075172],[80.191053,13.075194],[80.191086,13.075254],[80.191111,13.075329],[80.191141,13.075414],[80.191184,13.075495],[80.191235,13.075588],[80.191265,13.07564],[80.191283,13.075663],[80.191309,13.075687],[80.191331,13.075733],[80.191336,13.075785],[80.19134,13.075834],[80.191327,13.075852],[80.19131,13.07586],[80.191292,13.075853],[80.191281,13.075831],[80.19127,13.075814],[80.191256,13.075814],[80.191239,13.075832],[80.191237,13.075858],[80.19125,13.075892],[80.191282,13.07593],[80.191305,13.075956],[80.191329,13.075989],[80.191349,13.076013],[80.191372,13.076096],[80.191382,13.076149],[80.191395,13.076182],[80.191415,13.076234],[80.191421,13.076267],[80.191416,13.076294],[80.191424,13.076324],[80.191438,13.07637],[80.191433,13.076427],[80.191435,13.076462],[80.191466,13.076528],[80.191519,13.076618],[80.191533,13.076669],[80.19156,13.076746],[80.191584,13.076848],[80.191619,13.076972],[80.191665,13.077112],[80.191686,13.07716],[80.191717,13.077205],[80.191745,13.077235],[80.191779,13.077256],[80.191827,13.077286],[80.19188,13.077329],[80.191911,13.077358],[80.191911,13.077372],[80.191891,13.077386],[80.191853,13.077397],[80.191816,13.077411],[80.191798,13.077433],[80.191799,13.077456],[80.191817,13.077498],[80.191832,13.077522],[80.191868,13.077536],[80.191914,13.077543],[80.191975,13.077546],[80.192005,13.077552],[80.192022,13.077561],[80.192028,13.077577],[80.192044,13.077603],[80.192068,13.077623],[80.192102,13.077634],[80.192127,13.077643],[80.192149,13.07766],[80.192166,13.077696],[80.192197,13.077762],[80.192231,13.07781],[80.192262,13.077843],[80.192298,13.077862],[80.192321,13.077891],[80.192347,13.077927],[80.19238,13.077967],[80.192406,13.077991],[80.192433,13.077993],[80.192463,13.077997],[80.192479,13.078009],[80.19249,13.078038],[80.192514,13.078069],[80.192539,13.078076],[80.192566,13.078068],[80.192583,13.078052],[80.192609,13.078052],[80.192627,13.078059],[80.192645,13.078076],[80.192647,13.078097],[80.19264,13.078124],[80.192646,13.078165],[80.192668,13.078209],[80.19273,13.078273],[80.192786,13.078307],[80.192824,13.078329],[80.192859,13.078375],[80.192887,13.078425],[80.192916,13.078467],[80.192944,13.078499],[80.192972,13.078523],[80.192976,13.078531],[80.192989,13.078558],[80.193007,13.078589],[80.193059,13.078637],[80.193145,13.078704],[80.193156,13.078712],[80.193203,13.078729],[80.193213,13.078732],[80.193357,13.078844],[80.193373,13.078872],[80.193394,13.078883],[80.193446,13.078886],[80.193565,13.078885],[80.193607,13.078871],[80.193633,13.078837],[80.193636,13.078818],[80.193655,13.078797],[80.193689,13.078782],[80.193728,13.07877],[80.193756,13.07875],[80.193788,13.078736],[80.193829,13.078729],[80.193872,13.078733],[80.193948,13.078753],[80.194033,13.078755],[80.194104,13.07875],[80.19419,13.078761],[80.194252,13.078763],[80.194301,13.078759],[80.194345,13.078753],[80.194389,13.078749],[80.194439,13.078754],[80.194504,13.07876],[80.194593,13.078771],[80.194667,13.078784],[80.194705,13.078796],[80.194743,13.078803],[80.194797,13.078801],[80.194855,13.078784],[80.19491,13.078764],[80.194956,13.078746],[80.195007,13.078727],[80.195054,13.078713],[80.195155,13.0787],[80.195224,13.078694],[80.195262,13.078686],[80.195304,13.078677],[80.19536,13.078669],[80.195413,13.078664],[80.19548,13.07865],[80.19561,13.07862],[80.195666,13.078605],[80.195702,13.07859],[80.195744,13.078573],[80.195784,13.078561],[80.195879,13.078542],[80.196023,13.078515],[80.196128,13.078497],[80.196209,13.078479],[80.196247,13.078465],[80.196285,13.078457],[80.196307,13.078453],[80.196329,13.078454],[80.19635,13.078474],[80.196362,13.078496],[80.196372,13.078502],[80.196389,13.078496],[80.196414,13.078468],[80.196462,13.07845],[80.196537,13.078416],[80.196614,13.078387],[80.196693,13.078361],[80.196741,13.078354],[80.196786,13.078352],[80.196837,13.078344],[80.196882,13.078335],[80.19695,13.078301],[80.196976,13.078283],[80.197003,13.078267],[80.197042,13.078257],[80.19708,13.078258],[80.197113,13.078265],[80.197145,13.078271],[80.197181,13.078267],[80.197211,13.078261],[80.197241,13.078259],[80.197268,13.078269],[80.197291,13.078296],[80.197303,13.07831],[80.197313,13.078311],[80.197324,13.078305],[80.19734,13.078284],[80.197358,13.078259],[80.19737,13.078256],[80.197405,13.07826],[80.197494,13.078258],[80.197589,13.078258],[80.197595,13.078258],[80.197664,13.07826],[80.19768,13.078261],[80.197695,13.078282],[80.197717,13.078318],[80.197736,13.078348],[80.197742,13.078368],[80.197752,13.078376],[80.197776,13.078367],[80.197809,13.078345],[80.19783,13.078324],[80.19786,13.078309],[80.1979,13.078301],[80.197947,13.078302],[80.197978,13.078311],[80.19799,13.078317],[80.19801,13.078407],[80.198017,13.078435],[80.198026,13.078453],[80.198041,13.078467],[80.198054,13.078474],[80.198106,13.078473],[80.198117,13.078462],[80.198131,13.078445],[80.198146,13.078427],[80.198151,13.078405],[80.198161,13.078392],[80.198178,13.078383],[80.198209,13.078389],[80.19823,13.078404],[80.198237,13.078421],[80.198244,13.078436],[80.198258,13.07844],[80.198292,13.078432],[80.198347,13.078407],[80.19837,13.078396],[80.198415,13.07838],[80.198438,13.078366],[80.198447,13.07835],[80.198453,13.078337],[80.198463,13.078321],[80.198468,13.07832],[80.198479,13.078327],[80.198484,13.078342],[80.198491,13.078357],[80.198514,13.078358],[80.198551,13.07835],[80.198592,13.078327],[80.198616,13.078303],[80.198647,13.078263],[80.19868,13.078205],[80.1987,13.078169],[80.198713,13.078155],[80.198744,13.078139],[80.198822,13.078113],[80.198876,13.07809],[80.199148,13.078096],[80.199201,13.078097],[80.199256,13.078087],[80.199337,13.07807],[80.199381,13.078049],[80.19942,13.07803],[80.199433,13.078025],[80.199449,13.078028],[80.199461,13.078037],[80.199478,13.078045],[80.199499,13.078047],[80.199516,13.078043],[80.199529,13.078036],[80.199533,13.078024],[80.199532,13.077996],[80.199532,13.077972],[80.199541,13.077959],[80.199559,13.07794],[80.199576,13.077918],[80.199591,13.077912],[80.199602,13.077918],[80.199616,13.07795],[80.199625,13.077965],[80.199649,13.077993],[80.199667,13.078007],[80.199682,13.078007],[80.199708,13.077999],[80.199735,13.077996],[80.199767,13.078002],[80.1998,13.07801],[80.199827,13.078011],[80.19988,13.078002],[80.19997,13.077966],[80.200032,13.077938],[80.200094,13.077923],[80.200187,13.0779],[80.200271,13.077869],[80.20034,13.077851],[80.200422,13.077825],[80.200481,13.077812],[80.200519,13.077801],[80.200568,13.077778],[80.200603,13.077762],[80.200634,13.077752],[80.200658,13.077747],[80.200675,13.077747],[80.20069,13.077741],[80.200703,13.077729],[80.200723,13.077682],[80.200792,13.077664],[80.200885,13.077643],[80.200944,13.077653],[80.200981,13.077659],[80.201013,13.077665],[80.20103,13.077662],[80.201051,13.077653],[80.201073,13.077644],[80.201112,13.077641],[80.201167,13.077654],[80.201196,13.077663],[80.201253,13.077669],[80.201305,13.077675],[80.201352,13.077675],[80.201413,13.07767],[80.201516,13.07765],[80.20157,13.077641],[80.201651,13.077631],[80.201709,13.077625],[80.201753,13.077624],[80.201798,13.077617],[80.201841,13.077608],[80.201862,13.07761],[80.201923,13.077607],[80.201965,13.077607],[80.202002,13.07761],[80.202027,13.077615],[80.202053,13.077612],[80.202091,13.077598],[80.202121,13.07761],[80.202144,13.077616],[80.202166,13.077618],[80.202187,13.077615],[80.202198,13.077622],[80.202203,13.077624],[80.202227,13.077635],[80.20225,13.07764],[80.202269,13.077635],[80.202281,13.077628],[80.202292,13.077621],[80.202306,13.077614],[80.202345,13.077613],[80.202381,13.077606],[80.202402,13.077611],[80.20242,13.07762],[80.202432,13.077625],[80.202453,13.077633],[80.20247,13.077645],[80.202487,13.077648],[80.202507,13.077641],[80.202529,13.077633],[80.202542,13.077635],[80.202554,13.077645],[80.202568,13.077654],[80.202582,13.077661],[80.202603,13.077657],[80.202625,13.077656],[80.202649,13.077659],[80.20268,13.077658],[80.202696,13.077665],[80.202701,13.077676],[80.202725,13.077684],[80.202738,13.077681],[80.202752,13.077678],[80.202765,13.07767],[80.202794,13.077663],[80.202817,13.077669],[80.202829,13.077667],[80.202844,13.077654],[80.202875,13.077648],[80.202903,13.077654],[80.202925,13.077657],[80.202951,13.077661],[80.202974,13.07768],[80.202994,13.077697],[80.203022,13.077706],[80.203075,13.077712],[80.203104,13.07771],[80.203161,13.077711],[80.203202,13.077721],[80.203233,13.077742],[80.203313,13.077766],[80.203363,13.077776],[80.203409,13.077789],[80.203455,13.077797],[80.203481,13.077798],[80.20351,13.077795],[80.203541,13.077794],[80.20356,13.077791],[80.20358,13.07779],[80.20359,13.077796],[80.203595,13.0778],[80.20362,13.077803],[80.203642,13.07781],[80.203657,13.077824],[80.203665,13.077839],[80.203675,13.077851],[80.203708,13.07786],[80.203738,13.077865],[80.203774,13.077874],[80.203808,13.077891],[80.203835,13.077899],[80.20386,13.07789],[80.203889,13.077871],[80.203901,13.077858],[80.203916,13.077838],[80.203929,13.077827],[80.203947,13.077821],[80.203968,13.077826],[80.203996,13.077833],[80.204064,13.07785],[80.204102,13.077864],[80.204117,13.077876],[80.204125,13.077898],[80.204131,13.077914],[80.204144,13.077935],[80.204158,13.077946],[80.204186,13.077956],[80.204214,13.077957],[80.204243,13.077964],[80.204273,13.077973],[80.204292,13.077975],[80.204306,13.077974],[80.204312,13.077966],[80.204317,13.077957],[80.204319,13.07795],[80.204327,13.077943],[80.204346,13.07794],[80.204361,13.077942],[80.204374,13.077948],[80.204386,13.077962],[80.2044,13.077979],[80.204414,13.077997],[80.20444,13.078008],[80.204469,13.078004],[80.204488,13.077994],[80.204512,13.077983],[80.204532,13.077972],[80.20457,13.077983],[80.204612,13.077993],[80.204654,13.078007],[80.204693,13.078019],[80.20473,13.078026],[80.204764,13.078027],[80.204829,13.078043],[80.204879,13.078048],[80.204913,13.07805],[80.204945,13.078045],[80.204965,13.078032],[80.205001,13.07802],[80.205051,13.078014],[80.205099,13.07802],[80.205131,13.07803],[80.205204,13.078066],[80.205226,13.078089],[80.205243,13.078102],[80.205271,13.0781],[80.205292,13.078093],[80.205337,13.078096],[80.205404,13.078082],[80.205444,13.078082],[80.20548,13.078083],[80.205528,13.078095],[80.205592,13.078125],[80.205686,13.078155],[80.205708,13.07817],[80.205747,13.078185],[80.205777,13.078198],[80.205805,13.078221],[80.205838,13.078263],[80.205865,13.078284],[80.20591,13.078312],[80.205948,13.07832],[80.205996,13.078333],[80.206039,13.078339],[80.206098,13.078354],[80.206159,13.078376],[80.206222,13.078401],[80.206256,13.078419],[80.206279,13.078437],[80.206301,13.078464],[80.206335,13.078494],[80.206383,13.078543],[80.206431,13.078586],[80.206465,13.078612],[80.206552,13.078647],[80.206589,13.078646],[80.206624,13.07864],[80.206676,13.078627],[80.206717,13.078609],[80.206754,13.0786],[80.206785,13.078598],[80.20681,13.078603],[80.206811,13.078603],[80.206826,13.078603],[80.206838,13.078602],[80.206894,13.078588],[80.206933,13.078581],[80.206966,13.07858],[80.206998,13.078582],[80.207031,13.078583],[80.207082,13.078603],[80.207101,13.078614],[80.207122,13.07862],[80.207145,13.078615],[80.207166,13.078617],[80.207189,13.078619],[80.207201,13.078613],[80.20721,13.078597],[80.207218,13.07858],[80.207229,13.078569],[80.207251,13.07857],[80.207258,13.078582],[80.207269,13.078613],[80.207278,13.078637],[80.207288,13.078655],[80.207315,13.07866],[80.207358,13.078659],[80.207382,13.078655],[80.207408,13.078643],[80.207439,13.078641],[80.207486,13.078639],[80.207531,13.078635],[80.207575,13.078629],[80.207619,13.078629],[80.207672,13.078633],[80.207714,13.078638],[80.207758,13.078644],[80.207808,13.078655],[80.207822,13.078666],[80.207842,13.078663],[80.207858,13.078656],[80.20791,13.078659],[80.207948,13.078668],[80.207994,13.078672],[80.208024,13.078674],[80.208057,13.078669],[80.2081,13.07865],[80.208137,13.078644],[80.208182,13.078634],[80.208219,13.078632],[80.20826,13.078629],[80.208298,13.07863],[80.208331,13.078628],[80.208354,13.078624],[80.208376,13.078621],[80.208411,13.078614],[80.208435,13.078621],[80.208455,13.078627],[80.208468,13.078628],[80.208492,13.078626],[80.208512,13.078623],[80.208536,13.078619],[80.208567,13.078619],[80.208597,13.078623],[80.208618,13.07863],[80.208636,13.078631],[80.208671,13.078629],[80.208701,13.078636],[80.208724,13.078643],[80.208768,13.078649],[80.208804,13.078654],[80.208831,13.078651],[80.20886,13.078646],[80.208891,13.07865],[80.208913,13.078651],[80.208942,13.078652],[80.208966,13.078651],[80.208982,13.078647],[80.209005,13.078638],[80.209017,13.078627],[80.209045,13.078622],[80.209063,13.078624],[80.209077,13.078632],[80.209089,13.078644],[80.209111,13.078655],[80.209141,13.078654],[80.209159,13.078658],[80.209177,13.078656],[80.20921,13.078652],[80.209232,13.078645],[80.209265,13.078645],[80.209302,13.078647],[80.209325,13.07865],[80.209351,13.078649],[80.209391,13.078643],[80.209419,13.078641],[80.209449,13.078641],[80.209481,13.078644],[80.209507,13.078643],[80.209549,13.078636],[80.209597,13.078647],[80.20961,13.078656],[80.209617,13.078654],[80.209622,13.078639],[80.209629,13.07863],[80.209648,13.078622],[80.209661,13.078624],[80.209672,13.078625],[80.209696,13.078615],[80.209715,13.078607],[80.209732,13.078605],[80.209744,13.078612],[80.209759,13.078617],[80.209778,13.078615],[80.20981,13.078603],[80.20985,13.078589],[80.209901,13.078575],[80.209931,13.078585],[80.209954,13.078595],[80.209973,13.0786],[80.209987,13.078598],[80.209996,13.078586],[80.209999,13.078565],[80.210003,13.078545],[80.210019,13.078523],[80.210035,13.078514],[80.210056,13.078511],[80.210086,13.078514],[80.210112,13.078516],[80.210136,13.078517],[80.210169,13.078522],[80.210176,13.078529],[80.210174,13.078534],[80.210165,13.07855],[80.210161,13.078563],[80.210165,13.078572],[80.210179,13.078574],[80.210208,13.078572],[80.21024,13.078568],[80.210272,13.078566],[80.210308,13.078566],[80.210347,13.078574],[80.21038,13.07858],[80.210411,13.078585],[80.210444,13.078586],[80.210484,13.078583],[80.210519,13.078587],[80.21055,13.078586],[80.210573,13.078577],[80.210578,13.078571],[80.210583,13.078552],[80.21058,13.078544],[80.210577,13.078527],[80.210575,13.078512],[80.210577,13.078502],[80.210593,13.07848],[80.210604,13.078475],[80.21061,13.078482],[80.210616,13.0785],[80.210623,13.078525],[80.210632,13.07855],[80.210637,13.078558],[80.210649,13.078559],[80.210675,13.078548],[80.21071,13.078538],[80.210753,13.07853],[80.210791,13.078524],[80.210811,13.078518],[80.21083,13.078504],[80.210842,13.078493],[80.210847,13.078484],[80.210862,13.078461],[80.21088,13.078443],[80.210903,13.078426],[80.210912,13.078417],[80.210927,13.078405],[80.210954,13.078391],[80.210966,13.078381],[80.210973,13.078368],[80.210995,13.078355],[80.211024,13.078343],[80.211094,13.07833],[80.211152,13.078311],[80.211214,13.078299],[80.211244,13.078302],[80.211314,13.078316],[80.211359,13.078324],[80.211407,13.078341],[80.211424,13.078346],[80.211437,13.07835],[80.211463,13.078356],[80.211484,13.078355],[80.21151,13.078346],[80.211547,13.078328],[80.211728,13.078237],[80.211756,13.078232],[80.21177,13.078235],[80.2118,13.078251],[80.211817,13.078253],[80.211843,13.078247],[80.211854,13.07824],[80.211989,13.078102],[80.212011,13.078084],[80.212129,13.078047],[80.212198,13.078055],[80.212225,13.07806],[80.212342,13.078019],[80.212537,13.077895],[80.212624,13.077813],[80.212869,13.077493],[80.21294,13.077412],[80.212957,13.077392],[80.212978,13.077369],[80.212995,13.077368],[80.213032,13.077364],[80.213071,13.077352],[80.213103,13.07733],[80.213122,13.07728],[80.213145,13.077246],[80.213247,13.077167],[80.213375,13.077061],[80.213412,13.077019],[80.213438,13.076991],[80.213461,13.076961],[80.213487,13.076942],[80.213517,13.076925],[80.213576,13.076888],[80.213597,13.076867],[80.21363,13.076841],[80.213832,13.076717],[80.213988,13.076659],[80.214181,13.076587],[80.214205,13.076589],[80.214228,13.076597],[80.214258,13.076608],[80.214281,13.076607],[80.214299,13.076604],[80.214378,13.076568],[80.214404,13.076569],[80.214427,13.076571],[80.214559,13.076595],[80.214627,13.076622],[80.214652,13.076641],[80.214678,13.076657],[80.21471,13.076667],[80.214902,13.07673],[80.215087,13.076791],[80.215293,13.076906],[80.215303,13.076919],[80.215324,13.076929],[80.215332,13.076926],[80.215341,13.076914],[80.215349,13.076917],[80.215352,13.076918],[80.215403,13.07695],[80.215406,13.076966],[80.215395,13.076972],[80.215398,13.076992],[80.215402,13.077008],[80.215425,13.077068],[80.215453,13.07709],[80.215498,13.077121],[80.215516,13.077158],[80.21553,13.07719],[80.215558,13.077223],[80.215608,13.077289],[80.215617,13.077317],[80.21562,13.077343],[80.215624,13.077365],[80.215633,13.077386],[80.215651,13.077419],[80.215656,13.077437],[80.215659,13.077457],[80.215702,13.077592],[80.215731,13.077748],[80.215714,13.077874],[80.215714,13.077895],[80.215719,13.077906],[80.215731,13.077919],[80.215744,13.077929],[80.215755,13.077946],[80.215761,13.077966],[80.21576,13.077984],[80.215751,13.078001],[80.215733,13.078025],[80.215684,13.078116],[80.21567,13.078157],[80.215668,13.078208],[80.215663,13.078339],[80.215649,13.078482],[80.215639,13.078658],[80.215633,13.078804],[80.215685,13.078966],[80.215687,13.078975],[80.215688,13.078982],[80.215688,13.078998],[80.21569,13.079018],[80.215691,13.079039],[80.215689,13.079053],[80.215689,13.079067],[80.215694,13.079135],[80.215706,13.079186],[80.215724,13.079236],[80.21574,13.079251],[80.215746,13.079262],[80.215758,13.079294],[80.215764,13.079341],[80.215769,13.07936],[80.215782,13.079393],[80.215799,13.079414],[80.2158,13.079426],[80.215795,13.079451],[80.215787,13.079477],[80.215812,13.079508],[80.215835,13.079535],[80.215854,13.07956],[80.215875,13.079602],[80.215899,13.079621],[80.215911,13.079632],[80.215928,13.079653],[80.215939,13.079671],[80.215948,13.079696],[80.215951,13.079716],[80.215953,13.079736],[80.215963,13.079755],[80.215974,13.079771],[80.215998,13.079788],[80.216019,13.079807],[80.216025,13.079824],[80.216029,13.079846],[80.216031,13.079852],[80.216037,13.07987],[80.216043,13.07989],[80.216048,13.079901],[80.216062,13.079907],[80.216067,13.079905],[80.21608,13.079913],[80.216087,13.079925],[80.216085,13.079942],[80.216083,13.079959],[80.216094,13.079983],[80.216103,13.080007],[80.216181,13.080067],[80.216216,13.080082],[80.216229,13.080082],[80.216257,13.080098],[80.216276,13.080124],[80.216287,13.080143],[80.216308,13.080151],[80.216363,13.080203],[80.216391,13.080236],[80.216428,13.08027],[80.216454,13.080313],[80.216504,13.08035],[80.216527,13.080376],[80.216551,13.080401],[80.21659,13.080424],[80.216622,13.080451],[80.216682,13.080488],[80.216894,13.080542],[80.216964,13.080566],[80.217105,13.080611],[80.217156,13.080653],[80.217197,13.080671],[80.21723,13.080685],[80.217536,13.080785],[80.217588,13.080753],[80.217611,13.080762],[80.217628,13.080768],[80.217644,13.080771],[80.217658,13.080774],[80.217718,13.080789],[80.217737,13.080812],[80.217745,13.080822],[80.217754,13.080826],[80.217773,13.080831],[80.217797,13.08083],[80.217829,13.08081],[80.217831,13.080803],[80.217844,13.080793],[80.217862,13.080788],[80.217953,13.080778],[80.217969,13.080784],[80.217982,13.08079],[80.218009,13.080793],[80.218055,13.080793],[80.218092,13.080791],[80.218111,13.080788],[80.218124,13.080781],[80.218157,13.080755],[80.218176,13.080739],[80.218218,13.080714],[80.218229,13.080711],[80.218244,13.080711],[80.218262,13.080722],[80.218273,13.080727],[80.218285,13.080732],[80.218303,13.080733],[80.21834,13.080726],[80.218381,13.080716],[80.218413,13.080706],[80.218473,13.080676],[80.218568,13.080629],[80.218658,13.08057],[80.218696,13.080552],[80.218736,13.080528],[80.218781,13.080495],[80.218809,13.080473],[80.218888,13.08039],[80.219033,13.080226],[80.21912,13.080147],[80.219186,13.080078],[80.21929,13.079977],[80.219316,13.079985],[80.219373,13.079939],[80.219409,13.079909],[80.219482,13.079822],[80.219518,13.079784],[80.219556,13.079749],[80.219576,13.079739],[80.219593,13.079735],[80.219619,13.079711],[80.219646,13.079679],[80.219724,13.079594],[80.21976,13.079569],[80.219795,13.079538],[80.21983,13.079506],[80.219864,13.079476],[80.219895,13.079445],[80.219937,13.079359],[80.219934,13.079342],[80.219934,13.079332],[80.219935,13.079325],[80.21994,13.079319],[80.21995,13.079316],[80.219964,13.079316],[80.219989,13.07932],[80.220006,13.079327],[80.220022,13.079326],[80.220038,13.079319],[80.220056,13.079305],[80.220094,13.079268],[80.220129,13.079239],[80.220158,13.079215],[80.220172,13.0792],[80.220185,13.079183],[80.220191,13.079167],[80.220194,13.079146],[80.220205,13.079123],[80.220213,13.079106],[80.22022,13.079092],[80.220235,13.079075],[80.220245,13.079061],[80.220261,13.079042],[80.220276,13.079022],[80.220289,13.078997],[80.2203,13.07898],[80.220367,13.078849],[80.22037,13.078831],[80.220373,13.078812],[80.220382,13.078796],[80.220523,13.078645],[80.22058,13.078564],[80.220641,13.07847],[80.220647,13.078463],[80.220695,13.078409],[80.220761,13.07833],[80.220812,13.078254],[80.220844,13.078208],[80.22087,13.078164],[80.220931,13.078065],[80.220961,13.078012],[80.220991,13.077975],[80.221042,13.07791],[80.221147,13.077798],[80.221204,13.077718],[80.221237,13.077661],[80.221279,13.077602],[80.221361,13.077501],[80.221417,13.077425],[80.221472,13.077368],[80.221529,13.077302],[80.221599,13.077206],[80.221649,13.077123],[80.221675,13.077067],[80.221701,13.077018],[80.221728,13.076987],[80.221764,13.076946],[80.221825,13.076881],[80.221876,13.076823],[80.221896,13.076791],[80.221914,13.076747],[80.221938,13.076694],[80.221949,13.076641],[80.221963,13.076551],[80.221977,13.076483],[80.221997,13.076401],[80.222007,13.076378],[80.222015,13.076376],[80.222033,13.076384],[80.222049,13.076396],[80.222068,13.076405],[80.222089,13.076396],[80.222116,13.076365],[80.222146,13.076303],[80.222161,13.076255],[80.222175,13.076193],[80.22219,13.076155],[80.222213,13.076116],[80.22223,13.076049],[80.222242,13.075962],[80.222261,13.075884],[80.222276,13.075824],[80.222279,13.075791],[80.222277,13.075764],[80.222267,13.07574],[80.222262,13.075709],[80.222264,13.075684],[80.222276,13.07566],[80.222287,13.075618],[80.222295,13.075569],[80.222298,13.0755],[80.222302,13.075454],[80.222295,13.075419],[80.222283,13.075392],[80.222289,13.075362],[80.222297,13.075313],[80.222295,13.075278],[80.222286,13.075255],[80.222272,13.075231],[80.222255,13.075223],[80.222239,13.075221],[80.222227,13.075197],[80.222218,13.075155],[80.222216,13.075126],[80.222234,13.075082],[80.222244,13.075073],[80.222263,13.075068],[80.222298,13.075068],[80.222314,13.075062],[80.222323,13.075045],[80.222321,13.075017],[80.222319,13.074985],[80.222326,13.074943],[80.222332,13.074916],[80.222328,13.074881],[80.222315,13.07486],[80.2223,13.074846],[80.222297,13.074813],[80.222302,13.074783],[80.222314,13.074759],[80.222323,13.074714],[80.222316,13.074655],[80.222317,13.074545],[80.222301,13.074465],[80.222291,13.074417],[80.222256,13.074177],[80.222253,13.074168],[80.222259,13.074153],[80.222283,13.074137],[80.222321,13.074124],[80.222361,13.074112],[80.22239,13.074091],[80.222399,13.074072],[80.222406,13.074068],[80.222407,13.074037],[80.222401,13.074006],[80.222389,13.073974],[80.222381,13.073951],[80.222381,13.073933],[80.222387,13.073926],[80.222412,13.073913],[80.22243,13.073903],[80.222439,13.073887],[80.222445,13.073869],[80.222446,13.073825],[80.222438,13.073797],[80.22242,13.073771],[80.222367,13.073722],[80.222348,13.073694],[80.222332,13.073652],[80.222328,13.073616],[80.222327,13.073587],[80.222323,13.073562],[80.222307,13.073535],[80.2223,13.073479],[80.222307,13.073435],[80.222321,13.073405],[80.222347,13.07337],[80.222371,13.073347],[80.222398,13.073323],[80.222429,13.073298],[80.222449,13.073284],[80.222462,13.073266],[80.222472,13.073247],[80.222493,13.073176],[80.222524,13.073121],[80.222544,13.073094],[80.222557,13.073068],[80.222562,13.07303],[80.222567,13.073009],[80.222584,13.072984],[80.222611,13.072952],[80.222681,13.07287],[80.222717,13.072829],[80.222732,13.072798],[80.222738,13.072759],[80.222749,13.072719],[80.22276,13.072685],[80.222779,13.072657],[80.222791,13.072633],[80.222796,13.0726],[80.222799,13.072573],[80.222797,13.072532],[80.222805,13.072481],[80.222818,13.072449],[80.222839,13.072426],[80.222886,13.072375],[80.222948,13.072323],[80.223036,13.072251],[80.223066,13.072245],[80.2231,13.072229],[80.223133,13.072186],[80.22316,13.072152],[80.223184,13.072127],[80.223209,13.07211],[80.223244,13.072092],[80.223316,13.072065],[80.223409,13.072014],[80.223452,13.071985],[80.223476,13.071961],[80.223502,13.071943],[80.223521,13.071937],[80.223553,13.071937],[80.223593,13.071937],[80.223611,13.071945],[80.22363,13.071959],[80.223654,13.071966],[80.223677,13.071959],[80.223705,13.07194],[80.22373,13.071919],[80.223752,13.071903],[80.223783,13.071891],[80.223901,13.071862],[80.223991,13.07184],[80.224045,13.071821],[80.224092,13.071801],[80.224144,13.071783],[80.224192,13.071771],[80.224257,13.071761],[80.224385,13.071736],[80.224437,13.071727],[80.224546,13.071718],[80.224601,13.07172],[80.22465,13.071728],[80.224728,13.071737],[80.224844,13.07174],[80.224906,13.071754],[80.224936,13.071768],[80.224974,13.071794],[80.225007,13.071815],[80.225028,13.071816],[80.225044,13.071807],[80.225053,13.071794],[80.225057,13.071778],[80.225073,13.071767],[80.225102,13.071773],[80.225141,13.071811],[80.225171,13.071838],[80.225214,13.071851],[80.225268,13.071859],[80.22528,13.071863],[80.225365,13.071898],[80.225398,13.071937],[80.225457,13.071963],[80.225542,13.071978],[80.2256,13.071984],[80.225642,13.071983],[80.225679,13.071974],[80.225709,13.071953],[80.225737,13.071928],[80.22576,13.071912],[80.225787,13.071904],[80.225829,13.071905],[80.225905,13.071925],[80.225961,13.071948],[80.225984,13.071969],[80.22601,13.071983],[80.226074,13.071994],[80.22618,13.072003],[80.226318,13.071998],[80.226418,13.071994],[80.2265,13.072004],[80.226548,13.072014],[80.226663,13.07203],[80.226756,13.072045],[80.226929,13.072057],[80.227022,13.072074],[80.227115,13.07208],[80.227165,13.072093],[80.227277,13.072121],[80.227385,13.072149],[80.227441,13.072153],[80.227512,13.072159],[80.227597,13.072162],[80.227647,13.072164],[80.2277,13.072179],[80.22777,13.072204],[80.227858,13.072221],[80.227901,13.072222],[80.227928,13.072226],[80.227957,13.07224],[80.228023,13.072292],[80.228064,13.072324],[80.228113,13.072344],[80.228149,13.072359],[80.228228,13.072392],[80.228281,13.072415],[80.228299,13.072412],[80.228325,13.072407],[80.228341,13.07241],[80.228369,13.072428],[80.228405,13.072454],[80.228436,13.072463],[80.228473,13.072459],[80.228538,13.072456],[80.228563,13.072451],[80.228576,13.072442],[80.228587,13.072422],[80.228607,13.072417],[80.228648,13.072426],[80.228686,13.072446],[80.228738,13.072444],[80.228837,13.072446],[80.228917,13.072432],[80.228997,13.072408],[80.229029,13.072392],[80.229081,13.07238],[80.229151,13.072366],[80.22922,13.072339],[80.229247,13.072317],[80.22929,13.072313],[80.229316,13.07231],[80.229345,13.072292],[80.229384,13.072257],[80.229453,13.072221],[80.229519,13.07219],[80.229576,13.072143],[80.229634,13.072091],[80.229681,13.072034],[80.229721,13.071973],[80.229748,13.07193],[80.229802,13.071829],[80.229836,13.071738],[80.229855,13.071654],[80.229879,13.071543],[80.229893,13.071472],[80.2299,13.071435],[80.229903,13.071412],[80.229903,13.071399],[80.229903,13.071369],[80.229902,13.071339],[80.229897,13.07132],[80.229893,13.071311],[80.229885,13.071299],[80.229864,13.071282],[80.229845,13.071259],[80.229822,13.071192],[80.229813,13.071139],[80.229822,13.071098],[80.229838,13.071054],[80.229846,13.071013],[80.229848,13.070952],[80.22986,13.07088],[80.229864,13.070799],[80.229859,13.070729],[80.229841,13.07067],[80.229822,13.070643],[80.229811,13.07062],[80.229797,13.07057],[80.229785,13.07051],[80.229752,13.070458],[80.229718,13.070401],[80.229712,13.070355],[80.229703,13.070327],[80.229663,13.07025],[80.229621,13.070163],[80.229572,13.070076],[80.22953,13.070018],[80.229482,13.069974],[80.229473,13.069966],[80.229449,13.069944],[80.229357,13.069811],[80.229295,13.069722],[80.229266,13.069697],[80.229242,13.069688],[80.229206,13.069681],[80.229178,13.069674],[80.229158,13.069664],[80.22914,13.069636],[80.229115,13.069609],[80.22908,13.069587],[80.229037,13.069562],[80.228999,13.069522],[80.228959,13.069465],[80.228934,13.069417],[80.228898,13.069362],[80.22884,13.069296],[80.228792,13.069242],[80.22876,13.069204],[80.228736,13.069184],[80.22871,13.06915],[80.228687,13.069102],[80.228672,13.069054],[80.228674,13.069018],[80.228667,13.068992],[80.228635,13.068948],[80.228612,13.068889],[80.22861,13.068845],[80.228594,13.068766],[80.228573,13.068695],[80.228551,13.068616],[80.228543,13.068513],[80.228551,13.068417],[80.228566,13.068365],[80.228586,13.068318],[80.228621,13.068283],[80.228666,13.068257],[80.228713,13.068229],[80.228748,13.068198],[80.228792,13.068158],[80.228824,13.068129],[80.228882,13.068105],[80.228944,13.068082],[80.229015,13.068044],[80.229159,13.067968],[80.229258,13.067912],[80.229297,13.067892],[80.229336,13.067888],[80.229371,13.067884],[80.229405,13.067874],[80.229421,13.067867],[80.229518,13.067832],[80.229559,13.067823],[80.229595,13.067833],[80.229658,13.06786],[80.229724,13.067885],[80.229754,13.067896],[80.229781,13.067895],[80.229838,13.067893],[80.22989,13.067891],[80.229904,13.067892],[80.229951,13.067908],[80.229991,13.067924],[80.230011,13.067931],[80.230026,13.067935],[80.230045,13.067931],[80.230071,13.067928],[80.230088,13.067936],[80.230093,13.067945],[80.230098,13.067948],[80.23012,13.06796],[80.230138,13.067973],[80.2302,13.068016],[80.230224,13.068019],[80.230246,13.06802],[80.230258,13.068015],[80.230264,13.068015],[80.230272,13.068017],[80.230287,13.068018],[80.230295,13.068018],[80.230303,13.068021],[80.230309,13.068023],[80.230319,13.068025],[80.230329,13.06803],[80.230342,13.068042],[80.230352,13.068044],[80.230363,13.068046],[80.230368,13.068043],[80.230379,13.068034],[80.230387,13.068036],[80.230395,13.068039],[80.230403,13.068041],[80.230421,13.068041],[80.23048,13.06805],[80.230493,13.068048],[80.230509,13.068045],[80.230521,13.068046],[80.230549,13.068066],[80.230563,13.068072],[80.230595,13.068079],[80.230655,13.068098],[80.230674,13.068105],[80.230711,13.068114],[80.230739,13.068124],[80.230765,13.068137],[80.230778,13.068143],[80.230796,13.068146],[80.230838,13.068151],[80.230869,13.068166],[80.230897,13.068185],[80.23091,13.068184],[80.230944,13.068198],[80.231014,13.068226],[80.231074,13.068243],[80.231108,13.068247],[80.231148,13.068247],[80.231218,13.06825],[80.231294,13.068256],[80.231368,13.068274],[80.231399,13.068298],[80.231418,13.068312],[80.231442,13.06832],[80.231464,13.068322],[80.231471,13.068328],[80.231469,13.068336],[80.231463,13.068357],[80.231461,13.068366],[80.231462,13.068371],[80.231476,13.068378],[80.231496,13.068381],[80.231515,13.068371],[80.231532,13.06835],[80.231555,13.068341],[80.23159,13.06832],[80.231599,13.068307],[80.231613,13.068301],[80.231622,13.068301],[80.231872,13.068318],[80.232036,13.068322],[80.23212,13.06839],[80.232178,13.068437],[80.232326,13.068463],[80.232453,13.068412],[80.232633,13.06834],[80.232808,13.06832],[80.232966,13.068325],[80.233056,13.0683],[80.233099,13.068222],[80.233178,13.068134],[80.233321,13.068083],[80.23339,13.068083],[80.233538,13.068063],[80.233733,13.068089],[80.23386,13.068084],[80.233961,13.068038],[80.234088,13.067987],[80.234167,13.067935],[80.234363,13.067803],[80.234554,13.067652],[80.23475,13.067434],[80.234941,13.067267],[80.235128,13.06714],[80.235259,13.06702],[80.235442,13.066919],[80.235696,13.066749],[80.235918,13.066602],[80.236033,13.066567],[80.236065,13.066622],[80.236307,13.066537],[80.236462,13.066483],[80.23662,13.066425],[80.236811,13.066395],[80.237005,13.066372],[80.237164,13.066357],[80.237326,13.066342],[80.237473,13.06635],[80.237655,13.066374],[80.237782,13.066374],[80.238008,13.066406],[80.238174,13.066426],[80.238384,13.066469],[80.238535,13.066513],[80.238677,13.066571],[80.238788,13.066638],[80.238899,13.066681],[80.239017,13.066743],[80.239104,13.06679],[80.239298,13.066868],[80.239389,13.066939],[80.239445,13.066985],[80.239572,13.067017],[80.239694,13.067068],[80.239769,13.067118],[80.239813,13.067157],[80.239896,13.067177],[80.239987,13.067224],[80.240106,13.067259],[80.241452,13.067834],[80.242509,13.068319],[80.242651,13.068339],[80.242849,13.06841],[80.242976,13.068433],[80.243225,13.068508],[80.24338,13.068555],[80.243665,13.06868],[80.24391,13.068759],[80.244247,13.06897],[80.244397,13.069032],[80.244615,13.069134],[80.24471,13.0692],[80.244955,13.069337],[80.245244,13.069493],[80.245632,13.069673],[80.245857,13.069798],[80.246024,13.069892],[80.246138,13.069966],[80.246261,13.070032],[80.246573,13.070182],[80.246736,13.070282],[80.246938,13.070393],[80.247092,13.070472],[80.247232,13.07054],[80.247359,13.070616],[80.247463,13.070669],[80.247763,13.070833],[80.247979,13.070941],[80.248161,13.071009],[80.24833,13.071068],[80.248464,13.071074],[80.248859,13.071189],[80.249111,13.071195],[80.24929,13.071219],[80.249521,13.071231],[80.25,13.071154],[80.250387,13.071015],[80.251096,13.070563],[80.25193,13.070049],[80.252547,13.069617],[80.25318,13.068968],[80.253781,13.068327],[80.25429,13.067741],[80.254714,13.067363],[80.255089,13.066894],[80.255464,13.066294],[80.255719,13.065936],[80.255839,13.065667],[80.255912,13.065128],[80.255901,13.06403],[80.255881,13.063429],[80.255904,13.063035],[80.256018,13.062662],[80.256252,13.062159],[80.25645,13.061876],[80.256782,13.061566],[80.256994,13.061401],[80.257297,13.061229],[80.257615,13.061168],[80.25803,13.061231],[80.258375,13.06135],[80.25872,13.061578],[80.259233,13.062063],[80.259745,13.062535],[80.260195,13.063061],[80.260468,13.063759],[80.260706,13.064278],[80.260957,13.065032],[80.261223,13.065572],[80.261758,13.065967],[80.262032,13.066168],[80.26262,13.066467],[80.263115,13.066702],[80.263531,13.066849],[80.264116,13.066987],[80.264939,13.067047],[80.265653,13.067088],[80.266209,13.067168],[80.267081,13.067345],[80.267854,13.067522],[80.26837,13.067738],[80.268716,13.068079],[80.268874,13.068313],[80.268893,13.068624],[80.26906,13.069053],[80.269077,13.069083],[80.269085,13.069132],[80.269088,13.069156],[80.269087,13.06918],[80.269089,13.069205],[80.269098,13.069235],[80.269107,13.069252],[80.269117,13.069276],[80.269116,13.069288],[80.269112,13.069308],[80.269111,13.069318],[80.269117,13.069331],[80.269115,13.069351],[80.269107,13.069384],[80.269104,13.069411],[80.269109,13.069441],[80.269115,13.069454],[80.269124,13.069482],[80.269125,13.069507],[80.269121,13.069543],[80.269114,13.069567],[80.26911,13.069595],[80.269107,13.069623],[80.269106,13.069644],[80.26911,13.069663],[80.269111,13.069677],[80.269106,13.069689],[80.269098,13.069697],[80.269091,13.0697],[80.269087,13.069711],[80.26909,13.069722],[80.269096,13.069738],[80.269093,13.069751],[80.269092,13.069772],[80.269089,13.069797],[80.269081,13.069817],[80.26907,13.069839],[80.269062,13.069851],[80.269058,13.069858],[80.26905,13.069882],[80.269039,13.069917],[80.269034,13.069941],[80.269034,13.06996],[80.269033,13.069987],[80.269027,13.070012],[80.269022,13.07003],[80.269019,13.070053],[80.269016,13.070074],[80.26901,13.07008],[80.268992,13.070105],[80.26899,13.070118],[80.26899,13.070134],[80.26899,13.070145],[80.268984,13.070164],[80.268976,13.070175],[80.268967,13.070193],[80.268959,13.070218],[80.268954,13.070241],[80.268945,13.070262],[80.268937,13.070285],[80.268936,13.070317],[80.268937,13.070334],[80.268933,13.070357],[80.268924,13.070383],[80.268913,13.070406],[80.268901,13.070427],[80.268894,13.070442],[80.268889,13.070463],[80.268883,13.070485],[80.268873,13.07051],[80.268864,13.070529],[80.268852,13.070555],[80.268839,13.070575],[80.268825,13.070594],[80.268813,13.070611],[80.268806,13.070634],[80.268806,13.070646],[80.2688,13.070661],[80.268789,13.070671],[80.268774,13.070699],[80.26876,13.070727],[80.26874,13.070781],[80.268738,13.070792],[80.268734,13.07081],[80.268727,13.070832],[80.268719,13.070845],[80.268704,13.070861],[80.268698,13.070872],[80.268689,13.070893],[80.268684,13.070916],[80.268671,13.070944],[80.268664,13.070962],[80.268656,13.070982],[80.268644,13.070997],[80.268635,13.071009],[80.268628,13.071034],[80.268611,13.071076],[80.268607,13.071093],[80.268599,13.071118],[80.26858,13.071139],[80.268562,13.071163],[80.268544,13.071182],[80.268524,13.071192],[80.268488,13.071221],[80.268475,13.071252],[80.268451,13.071279],[80.26843,13.071306],[80.268417,13.071336],[80.268391,13.071396],[80.268381,13.071417],[80.268369,13.071429],[80.268353,13.07144],[80.268333,13.071445],[80.268321,13.07145],[80.268303,13.071458],[80.268276,13.071467],[80.268255,13.071476],[80.268247,13.071481],[80.268228,13.071492],[80.268213,13.071506],[80.2682,13.071524],[80.26819,13.07154],[80.268183,13.071553],[80.268175,13.071561],[80.268153,13.071578],[80.268134,13.071599],[80.268123,13.071618],[80.268108,13.071636],[80.268087,13.07165],[80.268071,13.071663],[80.268059,13.071683],[80.268049,13.071701],[80.268038,13.071713],[80.268027,13.071722],[80.268011,13.071739],[80.267997,13.071754],[80.26799,13.071768],[80.267985,13.071785],[80.267969,13.071797],[80.267952,13.071807],[80.267936,13.071813],[80.267922,13.071818],[80.267906,13.07183],[80.267888,13.071847],[80.267874,13.071868],[80.267866,13.071881],[80.267857,13.071902],[80.267849,13.071915],[80.267839,13.071927],[80.267828,13.071945],[80.267818,13.071962],[80.267805,13.071977],[80.267792,13.071986],[80.267754,13.071998],[80.267738,13.072006],[80.267728,13.07202],[80.26772,13.072041],[80.267713,13.072056],[80.267698,13.072068],[80.267676,13.072081],[80.267658,13.072099],[80.26765,13.072114],[80.267638,13.072143],[80.267616,13.072167],[80.267598,13.072181],[80.267583,13.072185],[80.267573,13.072188],[80.26756,13.072206],[80.267546,13.072228],[80.267525,13.072245],[80.267498,13.072265],[80.267478,13.072277],[80.267463,13.072283],[80.267452,13.072292],[80.267447,13.072303],[80.267434,13.07231],[80.267421,13.072316],[80.267407,13.072325],[80.267397,13.072336],[80.267371,13.072368],[80.267351,13.072382],[80.267332,13.072394],[80.267319,13.072406],[80.267309,13.072423],[80.267297,13.072438],[80.26728,13.072447],[80.267271,13.072451],[80.267261,13.072462],[80.267251,13.072477],[80.267241,13.072486],[80.267226,13.072494],[80.267211,13.0725],[80.267195,13.072509],[80.267184,13.072524],[80.267174,13.072546],[80.267168,13.072564],[80.267158,13.072589],[80.267076,13.072674],[80.267056,13.07269],[80.267029,13.072712],[80.267004,13.072739],[80.266993,13.072748],[80.26698,13.072762],[80.266973,13.072772],[80.26697,13.072789],[80.266968,13.0728],[80.26696,13.072817],[80.266951,13.072832],[80.266937,13.072847],[80.266919,13.072863],[80.266908,13.072873],[80.266885,13.072883],[80.266866,13.072892],[80.266853,13.072904],[80.266805,13.072964],[80.266782,13.072989],[80.266688,13.073088],[80.266662,13.073122],[80.266636,13.073154],[80.266624,13.073168],[80.266618,13.073178],[80.266616,13.073188],[80.266612,13.073206],[80.266599,13.07322],[80.266585,13.073237],[80.266563,13.073244],[80.266555,13.073247],[80.266528,13.073267],[80.266518,13.073283],[80.266478,13.073331],[80.266464,13.073346],[80.266461,13.073356],[80.266454,13.073374],[80.266442,13.07338],[80.266422,13.073385],[80.266403,13.073396],[80.266392,13.073409],[80.266385,13.073423],[80.266023,13.073898],[80.265784,13.074403],[80.265686,13.07488],[80.265602,13.075328],[80.265567,13.075632],[80.265616,13.075861],[80.265685,13.076074],[80.265784,13.076226],[80.265882,13.076646],[80.266023,13.077197],[80.266026,13.077207],[80.266026,13.077225],[80.266025,13.077244],[80.266031,13.077278],[80.266038,13.077307],[80.26605,13.077338],[80.266061,13.077373],[80.266073,13.077412],[80.266084,13.077453],[80.266092,13.077491],[80.266099,13.077526],[80.266113,13.077568],[80.266128,13.077606],[80.266144,13.077641],[80.266165,13.077676],[80.266188,13.077706],[80.266203,13.077738],[80.266214,13.077765],[80.266213,13.077791],[80.266204,13.07782],[80.266201,13.077849],[80.266202,13.07787],[80.266202,13.077891],[80.266193,13.077916],[80.266192,13.077932],[80.266207,13.077945],[80.266232,13.077969],[80.266243,13.078008],[80.266254,13.078029],[80.266296,13.078044],[80.266328,13.078046],[80.266342,13.078058],[80.266342,13.078075],[80.266333,13.078094],[80.266316,13.078109],[80.266307,13.078116],[80.266296,13.078131],[80.266296,13.078142],[80.266301,13.078155],[80.266307,13.078171],[80.266318,13.078191],[80.266328,13.078215],[80.266356,13.078266],[80.266374,13.078317],[80.266411,13.078382],[80.266445,13.078443],[80.266556,13.078619],[80.26665,13.078754],[80.266758,13.07891],[80.266765,13.078919],[80.266852,13.079041],[80.266917,13.079116],[80.267186,13.079325],[80.267453,13.079577],[80.26793,13.079801],[80.268238,13.079928],[80.268617,13.080012],[80.269093,13.08011],[80.269556,13.080096],[80.270019,13.080012],[80.270496,13.079899],[80.270944,13.079605],[80.271281,13.079409],[80.271575,13.079269],[80.271834,13.079123],[80.271886,13.079092],[80.271935,13.079068],[80.271978,13.079057],[80.27201,13.079051],[80.272027,13.079048],[80.272034,13.079049],[80.272042,13.079053],[80.272059,13.079043],[80.272082,13.079033],[80.272101,13.079008],[80.272115,13.078998],[80.272144,13.078984],[80.272182,13.078963],[80.272206,13.078944],[80.272242,13.078917],[80.27228,13.078893],[80.272293,13.078887],[80.272307,13.078887],[80.272376,13.078872],[80.272388,13.078867],[80.272405,13.078854],[80.272426,13.07884],[80.272486,13.078832],[80.272529,13.078819],[80.27254,13.078815],[80.27255,13.078808],[80.272559,13.078796],[80.272577,13.078792],[80.272599,13.078794],[80.272617,13.078796],[80.272636,13.078802],[80.27266,13.078803],[80.272689,13.078802],[80.272718,13.078794],[80.272748,13.078782],[80.272824,13.07876],[80.272863,13.07874],[80.272891,13.078726],[80.272903,13.078718],[80.272913,13.078714],[80.272927,13.078712],[80.272945,13.07871],[80.273016,13.078754],[80.273101,13.078815],[80.273231,13.078881],[80.273324,13.078931],[80.273365,13.078941],[80.273399,13.078947],[80.273431,13.078951],[80.273458,13.078956],[80.273518,13.078971],[80.273626,13.078997],[80.273684,13.079023],[80.27371,13.07903],[80.273759,13.079037],[80.273816,13.079043],[80.273875,13.079044],[80.27392,13.079046],[80.27399,13.079061],[80.274059,13.079072],[80.27416,13.079098],[80.274313,13.079137],[80.27451,13.079179],[80.274664,13.079224],[80.274816,13.07927],[80.275073,13.079358],[80.275106,13.079408],[80.275128,13.079447],[80.275132,13.079473],[80.27513,13.079504],[80.27512,13.079546],[80.275098,13.07962],[80.275084,13.079708],[80.275065,13.079744],[80.275052,13.079802],[80.275068,13.079871],[80.275079,13.079906],[80.275079,13.079952],[80.275083,13.079977],[80.275092,13.080028],[80.275087,13.080089],[80.27509,13.080131],[80.275097,13.080181],[80.275088,13.080307],[80.275031,13.080654],[80.275013,13.080949],[80.275006,13.08106],[80.274985,13.081244],[80.274975,13.08134],[80.274974,13.081363],[80.274974,13.08145],[80.274971,13.081468],[80.274926,13.081796],[80.274921,13.081828],[80.274917,13.081855],[80.274874,13.08222],[80.274801,13.082794],[80.274739,13.083136],[80.274718,13.083288],[80.274701,13.083389],[80.274698,13.083428],[80.274692,13.083487],[80.274699,13.083521],[80.274697,13.083544],[80.274691,13.083578],[80.274675,13.083636],[80.274667,13.083659],[80.274654,13.083696],[80.27463,13.08375],[80.274603,13.083828],[80.274578,13.083911],[80.274547,13.083984],[80.2745,13.084183],[80.274472,13.084359],[80.274433,13.084596],[80.274394,13.084855],[80.274352,13.08511],[80.274325,13.085267],[80.274295,13.085495],[80.274272,13.085637],[80.274241,13.085816],[80.274212,13.085993],[80.27417,13.086275],[80.274157,13.086455],[80.274121,13.086671],[80.274139,13.086727],[80.274135,13.086782],[80.274097,13.086904],[80.27409,13.087043],[80.274073,13.087185],[80.274066,13.087486],[80.274065,13.087597],[80.274066,13.087803],[80.274034,13.088156],[80.274033,13.088179],[80.274027,13.088332],[80.274018,13.088501],[80.274009,13.088644],[80.274006,13.088777],[80.274,13.088904],[80.274008,13.089028],[80.273985,13.089149],[80.27397,13.089313],[80.273956,13.089525],[80.273956,13.089582],[80.273952,13.089642],[80.273937,13.089729],[80.273911,13.089885],[80.273901,13.090122],[80.273887,13.090276],[80.273879,13.090359],[80.273861,13.090459],[80.273848,13.090603],[80.273852,13.090741],[80.273861,13.090871],[80.273875,13.090925],[80.27389,13.09101],[80.27393,13.091112],[80.273942,13.091133],[80.273955,13.091152],[80.273973,13.09116],[80.274,13.091171],[80.274013,13.091185],[80.274026,13.091197],[80.274034,13.0912],[80.274052,13.091211],[80.274056,13.091223],[80.274065,13.091252],[80.27409,13.091284],[80.274245,13.091633],[80.274258,13.091656],[80.274274,13.091663],[80.27428,13.091671],[80.274284,13.091697],[80.27429,13.091749],[80.274292,13.091803],[80.274292,13.091841],[80.274286,13.091889],[80.274269,13.091945],[80.27426,13.092012],[80.274246,13.092026],[80.274243,13.092062],[80.274243,13.092097],[80.274233,13.092111],[80.274226,13.092117],[80.2742,13.092143],[80.274193,13.09215],[80.27419,13.09216],[80.274191,13.092166],[80.274201,13.092183],[80.274195,13.09225],[80.274192,13.092374],[80.274195,13.092397],[80.27419,13.09242],[80.274179,13.092457],[80.27418,13.09247],[80.274194,13.092515],[80.274222,13.092561],[80.274239,13.09258],[80.274302,13.092643],[80.274338,13.0927],[80.274416,13.092824],[80.274423,13.092836],[80.274429,13.092873],[80.274416,13.092944],[80.274394,13.093104],[80.274369,13.093162],[80.274296,13.093289],[80.274253,13.093361],[80.27423,13.093394],[80.274206,13.09342],[80.274187,13.093455],[80.274152,13.0935],[80.274147,13.093533],[80.274134,13.093566],[80.274087,13.093698],[80.274074,13.093769],[80.274065,13.093794],[80.274073,13.093843],[80.274074,13.093903],[80.27406,13.093934],[80.274047,13.093972],[80.274011,13.09407],[80.273991,13.094226],[80.27398,13.094304],[80.273967,13.094535],[80.274003,13.094663],[80.27394,13.094989],[80.273972,13.095295],[80.273967,13.095663],[80.273981,13.095896],[80.273976,13.096281],[80.27399,13.096828],[80.274012,13.096962],[80.274015,13.097002],[80.274021,13.097041],[80.274021,13.097085],[80.274009,13.097197],[80.274006,13.097221],[80.274002,13.097257],[80.274012,13.098101],[80.2739,13.099578],[80.273862,13.100204],[80.273687,13.10088],[80.273361,13.102119],[80.27291,13.103559],[80.272885,13.10426],[80.272623,13.105086],[80.272447,13.105963],[80.272222,13.106614],[80.272134,13.106726],[80.272126,13.106719],[80.272027,13.106971],[80.272034,13.106989],[80.271946,13.107215],[80.271358,13.108166],[80.270669,13.108992],[80.270194,13.109919],[80.270156,13.11057],[80.270069,13.111183],[80.270156,13.111872],[80.270294,13.112586],[80.270457,13.113086],[80.27072,13.113938],[80.271008,13.115127],[80.271233,13.115978],[80.271571,13.117368],[80.271946,13.118895],[80.27231,13.120373],[80.272572,13.121299],[80.272698,13.121775],[80.272785,13.122025],[80.272936,13.122313],[80.273048,13.122701],[80.273011,13.122952],[80.273173,13.12369],[80.273311,13.124103],[80.273374,13.124542],[80.273393,13.12465],[80.273399,13.124679],[80.273393,13.124883],[80.273543,13.125497],[80.27373,13.126187],[80.274008,13.127206],[80.274225,13.128128],[80.27445,13.129042],[80.274622,13.129904],[80.274847,13.130568],[80.274867,13.130648],[80.274914,13.130799],[80.274939,13.130806],[80.274949,13.130847],[80.275158,13.131668],[80.275377,13.132336],[80.275457,13.132587],[80.275975,13.134359],[80.276447,13.135809],[80.276803,13.136867],[80.277183,13.138237],[80.277644,13.139606],[80.278104,13.140688],[80.278898,13.142276],[80.279657,13.143852],[80.280543,13.145705],[80.281257,13.14716],[80.282204,13.149125],[80.283235,13.151328],[80.284181,13.153257],[80.284945,13.155017],[80.285588,13.156383],[80.286134,13.157389],[80.287263,13.159701],[80.288439,13.162276],[80.288852,13.162995],[80.288996,13.163821],[80.289211,13.165639],[80.289534,13.168057],[80.289868,13.170749],[80.290189,13.173645],[80.291087,13.175429],[80.291926,13.17664],[80.293202,13.178701],[80.294964,13.181445],[80.296106,13.183206],[80.296751,13.184045],[80.297311,13.184406],[80.298128,13.184851],[80.299042,13.185427],[80.299419,13.185835],[80.300599,13.187525],[80.301608,13.188963],[80.302738,13.190677],[80.303502,13.192425],[80.304837,13.195395],[80.306074,13.198305],[80.306558,13.199934],[80.306837,13.200604],[80.307591,13.20142],[80.309015,13.20305],[80.309611,13.203901],[80.310449,13.205387],[80.311822,13.207723],[80.31232,13.208645],[80.312939,13.210154],[80.313557,13.211627],[80.313933,13.212418],[80.314431,13.2134],[80.315064,13.214287],[80.315623,13.215161],[80.316146,13.215952],[80.316498,13.216492],[80.316741,13.216995],[80.3173,13.217917],[80.317689,13.218468],[80.317944,13.219067],[80.318284,13.21987],[80.318477,13.220588],[80.318549,13.221186],[80.31851,13.221883],[80.318643,13.222112],[80.318653,13.22111],[80.318631,13.220787],[80.318334,13.219631],[80.317956,13.218761],[80.317526,13.218021],[80.316877,13.21695],[80.316403,13.216109],[80.315484,13.2147],[80.314922,13.213873],[80.314499,13.213211],[80.314105,13.212492],[80.313632,13.211544],[80.312977,13.209913],[80.312104,13.207951],[80.311265,13.20647],[80.310813,13.205723],[80.310179,13.20458],[80.309567,13.203416],[80.308866,13.202617],[80.307946,13.201574],[80.307034,13.20043],[80.306764,13.200035],[80.306408,13.198964],[80.306009,13.197722],[80.305244,13.195911],[80.30448,13.19423],[80.303745,13.192663],[80.303512,13.19216],[80.30301,13.191003],[80.302339,13.189803],[80.301573,13.188681],[80.300639,13.187343],[80.299859,13.186207],[80.299195,13.185373],[80.298552,13.184919],[80.297696,13.184457],[80.29684,13.18391],[80.296738,13.183802],[80.296038,13.182773],[80.294922,13.181062],[80.294018,13.179603],[80.293326,13.178517],[80.292633,13.177403],[80.291918,13.176288],[80.291568,13.175677],[80.291029,13.17485],[80.290584,13.174103],[80.290417,13.173708],[80.290273,13.17276],[80.290088,13.171015],[80.289887,13.169371],[80.289629,13.167382],[80.289436,13.165903],[80.289264,13.164654],[80.289136,13.163369],[80.288925,13.162687],[80.288655,13.162284],[80.287818,13.16048],[80.286938,13.158626],[80.286064,13.156872],[80.28554,13.155809],[80.284877,13.15435],[80.284113,13.152683],[80.28313,13.15067],[80.282184,13.148665],[80.281311,13.146826],[80.280705,13.14559],[80.28009,13.144335],[80.279389,13.142858],[80.278976,13.141994],[80.278438,13.14088],[80.278025,13.139916],[80.277737,13.139214],[80.277261,13.137775],[80.276773,13.136135],[80.276097,13.134006],[80.275921,13.133406],[80.275183,13.130889],[80.274607,13.128949],[80.274183,13.127187],[80.273739,13.125581],[80.27345,13.124081],[80.273324,13.123426],[80.273112,13.122483],[80.27295,13.121905],[80.272591,13.120736],[80.272098,13.118842],[80.271739,13.117335],[80.271605,13.116729],[80.2715,13.116363],[80.271324,13.115595],[80.270986,13.114243],[80.27081,13.113602],[80.270598,13.11287],[80.270486,13.112553],[80.270359,13.112124],[80.270253,13.111581],[80.270274,13.111152],[80.270295,13.110793],[80.270352,13.11044],[80.27038,13.110314],[80.270429,13.110243],[80.270493,13.110187],[80.270577,13.11018],[80.270767,13.110081],[80.271436,13.1088],[80.271859,13.107778],[80.272464,13.106602],[80.272845,13.105624],[80.273077,13.10494],[80.273197,13.10437],[80.27319,13.103962],[80.273218,13.103546],[80.273472,13.102602],[80.273762,13.101518],[80.274112,13.100317],[80.274162,13.099628],[80.274212,13.098414],[80.274226,13.097273],[80.274226,13.097271],[80.274232,13.097221],[80.274232,13.09722],[80.274234,13.097109],[80.274237,13.097033],[80.274243,13.096982],[80.274245,13.096932],[80.274246,13.096842],[80.274239,13.096272],[80.274228,13.095878],[80.274227,13.095675],[80.274213,13.095284],[80.274219,13.095],[80.274221,13.094656],[80.27422,13.094557],[80.27422,13.094521],[80.274212,13.094269],[80.274205,13.094133],[80.274173,13.093982],[80.274171,13.093946],[80.27417,13.093934],[80.274177,13.093913],[80.274185,13.09389],[80.274194,13.093877],[80.274199,13.093869],[80.274209,13.093861],[80.274215,13.093854],[80.274218,13.09385],[80.274222,13.093841],[80.274224,13.093824],[80.274225,13.093809],[80.274237,13.093708],[80.274268,13.093545],[80.274275,13.093506],[80.274279,13.093483],[80.27429,13.093449],[80.274301,13.093431],[80.274318,13.093413],[80.274334,13.093399],[80.274355,13.093375],[80.274462,13.093209],[80.274515,13.093117],[80.274531,13.093074],[80.274543,13.093032],[80.274557,13.092974],[80.274563,13.092919],[80.274573,13.092804],[80.274568,13.092759],[80.274545,13.092701],[80.274451,13.092463],[80.27441,13.092332],[80.274392,13.092256],[80.274386,13.092193],[80.274374,13.092126],[80.274348,13.092012],[80.27433,13.091863],[80.274331,13.091825],[80.274337,13.091763],[80.274335,13.091739],[80.274327,13.09171],[80.274315,13.091675],[80.274307,13.091657],[80.274291,13.091635],[80.274267,13.091617],[80.274128,13.091221],[80.274115,13.091197],[80.274101,13.091187],[80.274086,13.091161],[80.274072,13.091133],[80.274046,13.091062],[80.274046,13.091026],[80.27406,13.090961],[80.274064,13.090888],[80.274077,13.090765],[80.274095,13.090628],[80.27406,13.09057],[80.274061,13.09052],[80.274065,13.090484],[80.274116,13.090448],[80.274129,13.09038],[80.274133,13.090265],[80.274137,13.090131],[80.27415,13.089885],[80.27414,13.089549],[80.274168,13.089324],[80.274192,13.089169],[80.274184,13.089022],[80.274182,13.088905],[80.274194,13.088792],[80.274202,13.088635],[80.274209,13.088498],[80.274202,13.088323],[80.274192,13.088179],[80.274192,13.088173],[80.274205,13.087807],[80.274216,13.087607],[80.274222,13.0875],[80.274229,13.087193],[80.274235,13.087051],[80.27425,13.086921],[80.274282,13.0867],[80.274316,13.086473],[80.274345,13.086301],[80.274386,13.086019],[80.274415,13.085844],[80.274446,13.085665],[80.274469,13.08552],[80.274499,13.085292],[80.274526,13.085138],[80.274568,13.084882],[80.274608,13.084622],[80.274646,13.084385],[80.274673,13.084211],[80.274721,13.08394],[80.274757,13.083733],[80.274775,13.08366],[80.274793,13.083589],[80.274815,13.083459],[80.274835,13.083328],[80.274856,13.083156],[80.274947,13.082761],[80.275009,13.082305],[80.275003,13.082244],[80.275013,13.082147],[80.275011,13.08187],[80.275022,13.08181],[80.275081,13.081483],[80.275083,13.081473],[80.275087,13.081463],[80.275092,13.081458],[80.275099,13.081454],[80.275111,13.081444],[80.275123,13.081422],[80.27513,13.081404],[80.275131,13.081393],[80.275143,13.081259],[80.275162,13.081075],[80.275238,13.080621],[80.27528,13.080316],[80.275299,13.080175],[80.275288,13.080113],[80.275288,13.080076],[80.275291,13.080047],[80.275307,13.079995],[80.275315,13.079964],[80.275326,13.079919],[80.275329,13.079877],[80.275318,13.079827],[80.275311,13.079791],[80.275297,13.079712],[80.275296,13.079644],[80.275283,13.079414],[80.275289,13.079366],[80.275299,13.079346],[80.27531,13.079331],[80.275334,13.07931],[80.275359,13.079294],[80.275391,13.07928],[80.27565,13.079295],[80.276005,13.079302],[80.276164,13.079298],[80.276276,13.079295],[80.276428,13.079351],[80.27653,13.07934],[80.276537,13.07934],[80.27675,13.079356],[80.276909,13.079364],[80.277043,13.079364],[80.277244,13.079364],[80.277361,13.07944],[80.277478,13.079398],[80.277612,13.079415],[80.277797,13.079415],[80.277931,13.07944],[80.27809,13.079431],[80.278299,13.079507],[80.278475,13.079498],[80.278642,13.079498],[80.27886,13.079524],[80.27912,13.07954],[80.27932,13.079532],[80.279471,13.079582],[80.279655,13.079557],[80.279873,13.079591],[80.280049,13.079591],[80.2803,13.079616],[80.280468,13.079616],[80.280643,13.079624],[80.280853,13.079632],[80.281012,13.079557],[80.281188,13.079457],[80.281389,13.079314],[80.281671,13.079158],[80.281704,13.079137],[80.281727,13.079111],[80.281748,13.079081],[80.28177,13.079046],[80.281787,13.079012],[80.281802,13.078966],[80.28181,13.078942],[80.281819,13.078927],[80.281831,13.078911],[80.281838,13.078902],[80.281846,13.078891],[80.281853,13.07888],[80.282044,13.078666],[80.282055,13.078659],[80.282074,13.078642],[80.282105,13.078615],[80.282115,13.07861],[80.282126,13.078604],[80.282139,13.078595],[80.282145,13.078587],[80.28216,13.078563],[80.28218,13.078537],[80.282192,13.078524],[80.282197,13.078515],[80.282207,13.078496],[80.282216,13.078479],[80.282224,13.078466],[80.28223,13.078454],[80.282238,13.078448],[80.282245,13.078444],[80.282268,13.078432],[80.282278,13.078412],[80.282307,13.078327],[80.282329,13.078243],[80.28234,13.078196],[80.282361,13.078136],[80.282373,13.078109],[80.282394,13.078079],[80.282418,13.078037],[80.282451,13.077972],[80.282464,13.077943],[80.282485,13.077888],[80.282494,13.077862],[80.282528,13.077812],[80.282547,13.077777],[80.282563,13.077752],[80.282599,13.077672],[80.282665,13.07754],[80.282691,13.07749],[80.282701,13.077463],[80.282749,13.077358],[80.282758,13.077339],[80.282774,13.07731],[80.282785,13.077295],[80.282796,13.077275],[80.282812,13.077243],[80.282826,13.077209],[80.282855,13.077154],[80.28291,13.077042],[80.283043,13.076753],[80.283183,13.076446],[80.283211,13.076389],[80.283237,13.076331],[80.283254,13.076291],[80.283262,13.076272],[80.283284,13.076212],[80.28332,13.076138],[80.283354,13.076063],[80.283385,13.075987],[80.283415,13.075911],[80.283449,13.075807],[80.283458,13.075787],[80.283465,13.075766],[80.28347,13.075745],[80.283473,13.075724],[80.283486,13.075682],[80.283498,13.07564],[80.283509,13.075598],[80.283517,13.075555],[80.283541,13.075504],[80.283562,13.075451],[80.283581,13.075398],[80.283597,13.075344],[80.283611,13.07529],[80.28368,13.075057],[80.283701,13.074969],[80.283725,13.074882],[80.283751,13.074795],[80.283788,13.074643],[80.283835,13.074445],[80.283853,13.074355],[80.283874,13.074265],[80.283896,13.074176],[80.283921,13.074087],[80.283937,13.074009],[80.283956,13.07393],[80.283976,13.073853],[80.283998,13.073776],[80.284038,13.073571],[80.284051,13.073503],[80.284062,13.073436],[80.284072,13.073368],[80.284079,13.0733],[80.284088,13.07325],[80.284095,13.0732],[80.284101,13.07315],[80.284104,13.073099],[80.284105,13.073049],[80.284102,13.073016],[80.284101,13.072983],[80.284102,13.07295],[80.284105,13.072917],[80.28411,13.072884],[80.284116,13.072852],[80.284125,13.07282],[80.284146,13.072605],[80.284156,13.072511],[80.284165,13.072416],[80.284171,13.072321],[80.284174,13.072226],[80.284181,13.072181],[80.284185,13.072136],[80.284188,13.07209],[80.284188,13.072045],[80.284186,13.071999],[80.284183,13.071954],[80.284194,13.071876],[80.284202,13.071798],[80.284207,13.07172],[80.284209,13.071642],[80.284235,13.071328],[80.284256,13.071051],[80.284258,13.071004],[80.284262,13.070958],[80.284268,13.070912],[80.284276,13.070866],[80.284272,13.070666],[80.284263,13.070654],[80.284256,13.070642],[80.284251,13.070629],[80.284248,13.070615],[80.284248,13.070601],[80.28425,13.070587],[80.284254,13.070573],[80.284265,13.070332],[80.28427,13.070286],[80.284278,13.070241],[80.284299,13.070123],[80.284303,13.070101],[80.284346,13.069938],[80.284368,13.069821],[80.284383,13.06975],[80.284408,13.069674],[80.284442,13.069572],[80.284461,13.069515],[80.284491,13.069484],[80.284549,13.069457],[80.284571,13.069455],[80.284933,13.069337],[80.285012,13.069329],[80.285034,13.069336],[80.285055,13.069338],[80.285067,13.069333],[80.285086,13.069309],[80.285126,13.069295],[80.285182,13.069286],[80.285225,13.069272],[80.28524,13.069267],[80.285254,13.069264],[80.285285,13.06926],[80.285319,13.069252],[80.285356,13.069244],[80.285386,13.069241],[80.285403,13.069237],[80.285425,13.069232],[80.285452,13.069223],[80.285468,13.069215],[80.285488,13.069213],[80.285505,13.06921],[80.285524,13.069206],[80.285552,13.069197],[80.285587,13.06918],[80.285612,13.069172],[80.285634,13.06917],[80.285656,13.069166],[80.285691,13.069158],[80.285725,13.069148],[80.28575,13.069136],[80.285782,13.069115],[80.285809,13.069101],[80.285844,13.069089],[80.285856,13.069084],[80.285871,13.069068],[80.285882,13.069055],[80.285906,13.069019],[80.285929,13.06899],[80.285945,13.06897],[80.285968,13.068954],[80.285988,13.068942],[80.286008,13.068935],[80.28616,13.068892],[80.286185,13.068886],[80.286197,13.068888],[80.28622,13.068894],[80.286249,13.06891],[80.286344,13.068969],[80.286416,13.068991],[80.286431,13.068995],[80.286444,13.068993],[80.286452,13.068988],[80.286455,13.068982],[80.286458,13.068979],[80.286484,13.068969],[80.286529,13.068957],[80.286567,13.068949],[80.286618,13.068942],[80.286722,13.068909],[80.286807,13.068883],[80.286865,13.068868],[80.286904,13.068854],[80.286927,13.068845],[80.286958,13.068838],[80.286983,13.068832],[80.287008,13.068825],[80.287039,13.068815],[80.287072,13.068805],[80.287098,13.068796],[80.287132,13.068785],[80.287175,13.068773],[80.287222,13.06876],[80.287285,13.068742],[80.287335,13.068727],[80.287391,13.068708],[80.28745,13.068687],[80.287504,13.068671],[80.287538,13.068652],[80.287579,13.068636],[80.287611,13.068619],[80.287631,13.068608],[80.287646,13.068602],[80.287669,13.068595],[80.28769,13.06859],[80.287732,13.068578],[80.287753,13.068571],[80.287783,13.06856],[80.287822,13.068544],[80.287859,13.068531],[80.287888,13.068528],[80.28791,13.068528],[80.287932,13.068527],[80.287968,13.068517],[80.288035,13.068499],[80.288053,13.068489],[80.288065,13.068479],[80.288076,13.068475],[80.288095,13.068473],[80.288148,13.068453],[80.288167,13.068444],[80.288187,13.068433],[80.288204,13.06842],[80.288226,13.068394],[80.288231,13.068386],[80.288239,13.068381],[80.288248,13.068381],[80.288255,13.06838],[80.288263,13.068373],[80.288276,13.068358],[80.288315,13.068303],[80.288335,13.068277],[80.288347,13.06826],[80.28837,13.068241],[80.288396,13.068232],[80.288484,13.068198],[80.288569,13.068168],[80.288619,13.068156],[80.288678,13.068139],[80.288704,13.068129],[80.288747,13.068105],[80.288796,13.068086],[80.288852,13.068066],[80.288884,13.068056],[80.288926,13.068039],[80.288998,13.068018],[80.289029,13.068011],[80.289065,13.068002],[80.289084,13.067991],[80.289123,13.067969],[80.289134,13.067966],[80.289156,13.067968],[80.289164,13.067968],[80.289174,13.067959],[80.289187,13.067942],[80.289188,13.067931],[80.289187,13.067919],[80.289193,13.067914],[80.2892,13.067905],[80.289204,13.067895],[80.289202,13.067883],[80.28917,13.067841],[80.289119,13.067794],[80.289095,13.067779],[80.289082,13.067771],[80.289062,13.067756],[80.289042,13.067739],[80.288973,13.067671],[80.288923,13.067594],[80.288877,13.067537],[80.288861,13.067519],[80.288839,13.067504],[80.288815,13.06749],[80.288791,13.067481],[80.288772,13.067476],[80.288756,13.067469],[80.288741,13.06746],[80.288718,13.06746],[80.288646,13.067469],[80.288613,13.067477],[80.288568,13.067483],[80.288556,13.067484],[80.288537,13.06748],[80.288522,13.067463],[80.288515,13.067443],[80.28851,13.067417],[80.288513,13.067393],[80.288523,13.06736],[80.288541,13.067334],[80.288572,13.067302],[80.288593,13.067289],[80.288632,13.067285],[80.288652,13.067288],[80.288681,13.0673],[80.288694,13.067314],[80.2887,13.067318],[80.288705,13.067312],[80.288703,13.067279],[80.288688,13.067244],[80.288612,13.067022],[80.288597,13.066979],[80.288585,13.066963],[80.288574,13.06693],[80.288564,13.06689],[80.288536,13.066846],[80.288521,13.066821],[80.288511,13.066798],[80.288513,13.066789],[80.288542,13.06674],[80.288585,13.066617],[80.288599,13.066594],[80.288617,13.066576],[80.288659,13.066551],[80.288712,13.066543],[80.288748,13.066545],[80.288812,13.066571],[80.288915,13.066624],[80.288966,13.066726],[80.28912,13.067042],[80.289231,13.067236],[80.289537,13.067786],[80.289855,13.068146],[80.289816,13.066597],[80.289122,13.06644],[80.288956,13.066391],[80.288828,13.066358],[80.28874,13.06633],[80.288726,13.066322],[80.288711,13.066316],[80.288695,13.066311],[80.288678,13.06631],[80.288662,13.06631],[80.288646,13.06631],[80.288631,13.066313],[80.288616,13.066317],[80.288602,13.066323],[80.288584,13.06633],[80.288566,13.066336],[80.288547,13.066339],[80.288528,13.066341],[80.2885,13.066338],[80.288472,13.066338],[80.288445,13.066341],[80.288417,13.066346],[80.288359,13.066357],[80.288326,13.066365],[80.28828,13.066383],[80.28816,13.066435],[80.288049,13.066478],[80.288003,13.066496],[80.287907,13.066527],[80.287859,13.066546],[80.287811,13.066567],[80.287765,13.06659],[80.28772,13.066616],[80.287661,13.066647],[80.287608,13.06667],[80.28758,13.066685],[80.287556,13.066702],[80.287536,13.066722],[80.287524,13.066736],[80.287492,13.066788],[80.287449,13.06688],[80.287428,13.066912],[80.287408,13.066929],[80.287388,13.06694],[80.287363,13.066946],[80.287342,13.066944],[80.287327,13.066942],[80.287319,13.066943],[80.287309,13.06695],[80.2873,13.066958],[80.287296,13.066967],[80.287294,13.066982],[80.287266,13.067022],[80.287215,13.067112],[80.287194,13.067149],[80.287177,13.067167],[80.28713,13.067202],[80.287063,13.067251],[80.287004,13.067297],[80.286965,13.067338],[80.286907,13.067393],[80.286895,13.067408],[80.286886,13.067414],[80.286867,13.067419],[80.28684,13.067432],[80.286822,13.067447],[80.286803,13.067455],[80.28677,13.067461],[80.286746,13.06746],[80.286722,13.067466],[80.286695,13.067476],[80.286662,13.067493],[80.286627,13.067514],[80.286607,13.067525],[80.28659,13.06753],[80.286555,13.067533],[80.286537,13.067531],[80.286522,13.067523],[80.286504,13.067513],[80.28649,13.06751],[80.28647,13.067516],[80.286414,13.06755],[80.286376,13.067571],[80.286368,13.067574],[80.286354,13.067576],[80.286342,13.06757],[80.286334,13.067563],[80.286325,13.067558],[80.286316,13.067558],[80.286306,13.067564],[80.28629,13.067572],[80.28628,13.067583],[80.286267,13.067593],[80.286239,13.067602],[80.286182,13.067612],[80.28615,13.067617],[80.286137,13.067616],[80.286131,13.06761],[80.286125,13.067601],[80.286116,13.067601],[80.286115,13.06761],[80.286118,13.067622],[80.286109,13.06763],[80.286064,13.06765],[80.28605,13.067657],[80.28604,13.067668],[80.286025,13.067673],[80.285997,13.067679],[80.285953,13.067691],[80.285927,13.067693],[80.28591,13.067685],[80.285899,13.067681],[80.285877,13.067685],[80.285845,13.067699],[80.285779,13.067722],[80.285683,13.067752],[80.285542,13.06779],[80.285382,13.06783],[80.285244,13.067861],[80.285227,13.067865],[80.285194,13.067874],[80.285062,13.067922],[80.284961,13.06795],[80.284861,13.067985],[80.284761,13.068032],[80.284713,13.068059],[80.284679,13.068068],[80.284651,13.068072],[80.284602,13.068078],[80.284582,13.068088],[80.284573,13.06811],[80.284568,13.068122],[80.284251,13.068188],[80.28422,13.068181],[80.284163,13.068176],[80.284136,13.068178],[80.284089,13.068185],[80.28388,13.068214],[80.28369,13.06823],[80.283504,13.068245],[80.283311,13.068263],[80.283206,13.068267],[80.283084,13.068263],[80.28297,13.068254],[80.282869,13.068241],[80.282836,13.068228],[80.282788,13.0682],[80.282749,13.068168],[80.282702,13.068105],[80.282674,13.068057],[80.282666,13.068039],[80.28266,13.068013],[80.282651,13.067984],[80.282646,13.067955],[80.282634,13.067781],[80.282627,13.067712],[80.282615,13.067673],[80.282613,13.067631],[80.28258,13.067631],[80.282571,13.067532],[80.282588,13.067529],[80.282562,13.067387],[80.28254,13.067292],[80.282533,13.067199],[80.282524,13.067117],[80.282518,13.067042],[80.282526,13.06699],[80.282538,13.066959],[80.282571,13.066902],[80.282607,13.066862],[80.282621,13.06684],[80.28262,13.066831],[80.282602,13.066818],[80.282575,13.066792],[80.282526,13.066698],[80.282491,13.066618],[80.28245,13.066542],[80.282408,13.066497],[80.282366,13.066453],[80.282239,13.066297],[80.282171,13.066195],[80.282115,13.066134],[80.282062,13.06609],[80.281967,13.065984],[80.281925,13.065932],[80.281873,13.065864],[80.28182,13.065815],[80.281791,13.065789],[80.281771,13.065781],[80.281737,13.065765],[80.281682,13.065724],[80.281647,13.065688],[80.281581,13.065624],[80.281546,13.065595],[80.281481,13.065539],[80.281467,13.065518],[80.281459,13.065488],[80.281449,13.065456],[80.281435,13.065415],[80.281421,13.065393],[80.281383,13.065339],[80.28135,13.065301],[80.281323,13.065261],[80.281278,13.065149],[80.281233,13.065027],[80.28119,13.064921],[80.281163,13.064833],[80.281102,13.064669],[80.28108,13.064609],[80.28107,13.064547],[80.281058,13.064471],[80.281007,13.06425],[80.280978,13.064119],[80.280977,13.064094],[80.280976,13.06407],[80.280969,13.064043],[80.280957,13.064014],[80.280921,13.063951],[80.280913,13.063897],[80.280896,13.063776],[80.280876,13.063705],[80.280851,13.063584],[80.280844,13.063521],[80.280839,13.063454],[80.280824,13.063319],[80.2808,13.063194],[80.280793,13.063163],[80.280783,13.063123],[80.280675,13.062947],[80.280647,13.062918],[80.280608,13.062878],[80.280607,13.062701],[80.280596,13.062501],[80.280577,13.062387],[80.280553,13.062214],[80.28049,13.062181],[80.280474,13.062095],[80.280451,13.061955],[80.280432,13.061809],[80.280435,13.061803],[80.280447,13.061791],[80.280453,13.061783],[80.280454,13.061769],[80.280446,13.06174],[80.280429,13.061689],[80.280405,13.061539],[80.280406,13.061518],[80.280409,13.061508],[80.280416,13.061503],[80.280427,13.0615],[80.280435,13.061499],[80.280444,13.061491],[80.280448,13.061473],[80.280424,13.0613],[80.28039,13.06112],[80.280376,13.06107],[80.280354,13.060994],[80.280367,13.060719],[80.280368,13.060681],[80.280371,13.06065],[80.280377,13.060534],[80.280342,13.060285],[80.28034,13.060114],[80.280336,13.059991],[80.280334,13.059807],[80.280343,13.059653],[80.280357,13.059547],[80.280365,13.059416],[80.280375,13.059304],[80.280378,13.05929],[80.280385,13.059276],[80.280394,13.05926],[80.280421,13.059168],[80.280449,13.058903],[80.280461,13.058523],[80.280477,13.058439],[80.280474,13.058284],[80.280504,13.058035],[80.280493,13.057897],[80.280508,13.057631],[80.280508,13.057604],[80.280503,13.057545],[80.2805,13.05753],[80.280503,13.057519],[80.280511,13.057485],[80.280519,13.057309],[80.280523,13.0572],[80.280534,13.057056],[80.28055,13.056803],[80.280556,13.056676],[80.280561,13.05655],[80.280566,13.056437],[80.280546,13.056297],[80.280544,13.056274],[80.280527,13.056213],[80.280512,13.05614],[80.280509,13.056133],[80.280518,13.05612],[80.280535,13.056104],[80.280549,13.056081],[80.280566,13.055839],[80.280588,13.055306],[80.280592,13.055026],[80.280602,13.054957],[80.280629,13.054888],[80.28064,13.05464],[80.280633,13.054226],[80.280635,13.054215],[80.280642,13.054192],[80.280672,13.054134],[80.280677,13.054125],[80.280683,13.054043],[80.280673,13.054007],[80.280646,13.053914],[80.280644,13.053835],[80.28063,13.053738],[80.2806,13.053596],[80.280502,13.053404],[80.280413,13.053196],[80.280322,13.053058],[80.280295,13.053008],[80.280169,13.052783],[80.280054,13.052581],[80.279993,13.052475],[80.279976,13.052461],[80.279842,13.052205],[80.279734,13.052026],[80.279702,13.051974],[80.279596,13.051804],[80.279526,13.051682],[80.279474,13.051593],[80.279407,13.051486],[80.27935,13.051389],[80.27925,13.0512],[80.279176,13.05106],[80.279102,13.050974],[80.279084,13.050947],[80.27902,13.050822],[80.279018,13.050792],[80.279011,13.050764],[80.27892,13.050585],[80.278894,13.050539],[80.278785,13.050376],[80.278694,13.050243],[80.278602,13.050071],[80.278483,13.04986],[80.278383,13.049682],[80.278344,13.049607],[80.278325,13.049583],[80.278308,13.049571],[80.278307,13.04956],[80.278313,13.049554],[80.278314,13.049547],[80.278311,13.049537],[80.278263,13.049396],[80.27824,13.049287],[80.278237,13.049275],[80.278236,13.049254],[80.278178,13.049066],[80.278089,13.048834],[80.277996,13.048574],[80.277927,13.048372],[80.277848,13.048174],[80.27777,13.047932],[80.277676,13.047648],[80.277627,13.0475],[80.277595,13.047403],[80.277524,13.047221],[80.277421,13.046927],[80.277353,13.046722],[80.277333,13.046701],[80.277328,13.046682],[80.277316,13.046663],[80.277305,13.046658],[80.277289,13.046659],[80.277272,13.046671],[80.277265,13.046669],[80.27724,13.046565],[80.277249,13.046555],[80.277249,13.04654],[80.277198,13.046353],[80.277152,13.046189],[80.277132,13.046171],[80.277127,13.046147],[80.277126,13.04612],[80.277115,13.046089],[80.277084,13.046051],[80.277056,13.046034],[80.277044,13.046023],[80.277032,13.045996],[80.27696,13.045771],[80.276902,13.045583],[80.276896,13.045569],[80.276888,13.045562],[80.276863,13.045567],[80.276859,13.045565],[80.276772,13.045305],[80.276724,13.04516],[80.276618,13.044837],[80.276642,13.044824],[80.276575,13.044618],[80.276467,13.044282],[80.276449,13.044205],[80.276465,13.044071],[80.276467,13.044037],[80.276464,13.044012],[80.276379,13.0438],[80.276364,13.04373],[80.276358,13.043691],[80.276359,13.04366],[80.276371,13.043522],[80.276366,13.043477],[80.276352,13.043437],[80.276332,13.043232],[80.276341,13.043158],[80.276351,13.043066],[80.276345,13.043016],[80.276337,13.042975],[80.27631,13.042835],[80.276257,13.04268],[80.276239,13.042598],[80.27623,13.042566],[80.276208,13.042511],[80.276191,13.042482],[80.276173,13.042444],[80.276156,13.042407],[80.276137,13.042367],[80.276112,13.042327],[80.276095,13.042306],[80.276079,13.042287],[80.276027,13.042221],[80.275996,13.042176],[80.275946,13.042126],[80.275915,13.042095],[80.275877,13.042058],[80.275843,13.042027],[80.275821,13.041999],[80.275814,13.041972],[80.275791,13.041903],[80.275759,13.041828],[80.275716,13.04176],[80.275676,13.041706],[80.275607,13.041599],[80.275561,13.041553],[80.275512,13.04152],[80.275473,13.041494],[80.275438,13.041476],[80.275384,13.041463],[80.275288,13.041469],[80.275191,13.041468],[80.275063,13.041482],[80.27498,13.041483],[80.274911,13.04148],[80.274861,13.041487],[80.27481,13.041503],[80.274764,13.041521],[80.274722,13.04154],[80.274686,13.041538],[80.274653,13.041527],[80.274624,13.041524],[80.274431,13.041601],[80.274381,13.041612],[80.274303,13.041625],[80.274219,13.041651],[80.274105,13.041694],[80.27396,13.041731],[80.273871,13.041753],[80.273759,13.041786],[80.273629,13.041827],[80.273549,13.041846],[80.273511,13.041852],[80.273467,13.041867],[80.27342,13.04189],[80.273371,13.041905],[80.273303,13.041918],[80.273212,13.041946],[80.273122,13.04196],[80.273085,13.041963],[80.273048,13.041975],[80.273004,13.042],[80.272946,13.042037],[80.2729,13.042062],[80.272873,13.042077],[80.272819,13.042105],[80.272752,13.042128],[80.272671,13.04213],[80.272561,13.042133],[80.272481,13.042124],[80.272372,13.042115],[80.272262,13.0421],[80.272187,13.042088],[80.272105,13.042067],[80.271964,13.042031],[80.271861,13.042002],[80.271741,13.041959],[80.271636,13.041904],[80.271523,13.041853],[80.271485,13.041834],[80.271456,13.04182],[80.271409,13.041784],[80.271366,13.041743],[80.271352,13.04171],[80.271351,13.041709],[80.271346,13.041669],[80.271335,13.041622],[80.271322,13.041578],[80.271294,13.041527],[80.271234,13.041471],[80.271212,13.041449],[80.271123,13.04134],[80.271053,13.041282],[80.270998,13.041246],[80.270983,13.041241],[80.270969,13.041233],[80.27096,13.041224],[80.270948,13.041208],[80.270934,13.041195],[80.270914,13.041183],[80.270891,13.041171],[80.270871,13.04116],[80.270855,13.041155],[80.270835,13.041147],[80.270814,13.041134],[80.270783,13.041098],[80.27075,13.041064],[80.270727,13.041044],[80.270693,13.041029],[80.270669,13.041018],[80.270647,13.04101],[80.27063,13.040998],[80.270619,13.040985],[80.270605,13.040967],[80.270591,13.04094],[80.270578,13.040923],[80.270555,13.040908],[80.270533,13.040895],[80.270511,13.040876],[80.270476,13.040848],[80.270455,13.040828],[80.270434,13.040802],[80.270405,13.040764],[80.270391,13.040743],[80.270371,13.040722],[80.270343,13.040697],[80.270317,13.040669],[80.270291,13.040641],[80.270258,13.040602],[80.270241,13.040579],[80.270221,13.040545],[80.270202,13.04051],[80.27018,13.040473],[80.27015,13.040428],[80.270137,13.040409],[80.270128,13.040403],[80.270119,13.040401],[80.270105,13.040399],[80.270087,13.040389],[80.270068,13.040374],[80.270049,13.040354],[80.270031,13.040333],[80.270019,13.040312],[80.270018,13.040298],[80.270021,13.040288],[80.270029,13.040276],[80.270041,13.040267],[80.270061,13.040254],[80.270082,13.040236],[80.270092,13.040223],[80.270098,13.040208],[80.270097,13.040196],[80.270091,13.04018],[80.270081,13.040166],[80.270066,13.040148],[80.270056,13.040136],[80.27005,13.040126],[80.270041,13.040118],[80.270025,13.040116],[80.270009,13.040115],[80.269993,13.040115],[80.269987,13.040111],[80.269978,13.040099],[80.269966,13.04008],[80.269957,13.040054],[80.269948,13.040015],[80.269944,13.039996],[80.269929,13.039963],[80.269912,13.039922],[80.269899,13.039886],[80.269887,13.039836],[80.26987,13.03979],[80.269851,13.039736],[80.269833,13.039692],[80.269823,13.039657],[80.269808,13.039625],[80.2698,13.039595],[80.26979,13.039574],[80.269778,13.039553],[80.269764,13.039536],[80.269749,13.039517],[80.269741,13.039505],[80.269732,13.039483],[80.269727,13.03946],[80.269724,13.039427],[80.269719,13.039406],[80.269713,13.039395],[80.269702,13.039392],[80.269686,13.039388],[80.269675,13.03938],[80.269667,13.039367],[80.269634,13.039258],[80.26963,13.039232],[80.26963,13.039181],[80.269625,13.039075],[80.26962,13.039007],[80.269605,13.038897],[80.269594,13.038835],[80.269583,13.038736],[80.269581,13.038701],[80.269585,13.038685],[80.269588,13.038677],[80.269589,13.038662],[80.269588,13.038645],[80.269594,13.038636],[80.269602,13.038621],[80.269611,13.038574],[80.269607,13.038541],[80.2696,13.038526],[80.269589,13.038514],[80.269574,13.038505],[80.269559,13.038493],[80.26955,13.038471],[80.26954,13.038435],[80.269535,13.038416],[80.269527,13.038373],[80.269524,13.038342],[80.269521,13.038278],[80.269526,13.038271],[80.269531,13.038267],[80.269536,13.038258],[80.269539,13.038242],[80.269539,13.038229],[80.269537,13.038217],[80.269537,13.038207],[80.269541,13.038204],[80.269549,13.038198],[80.269552,13.038189],[80.269552,13.038178],[80.269547,13.038167],[80.269538,13.038162],[80.269526,13.038165],[80.269513,13.038166],[80.269506,13.038157],[80.269502,13.03813],[80.269491,13.038077],[80.269478,13.038013],[80.269471,13.037969],[80.269454,13.03789],[80.269446,13.037839],[80.269442,13.037812],[80.269433,13.037776],[80.269415,13.037722],[80.269406,13.037683],[80.269391,13.03763],[80.269381,13.037584],[80.269377,13.037554],[80.269373,13.037531],[80.269372,13.037513],[80.269369,13.037499],[80.269355,13.037483],[80.269344,13.03747],[80.269333,13.03745],[80.269327,13.037422],[80.269328,13.0374],[80.269323,13.037374],[80.269312,13.03735],[80.269297,13.037331],[80.269283,13.037308],[80.269271,13.03729],[80.269256,13.03728],[80.269241,13.037269],[80.269226,13.037246],[80.269214,13.037216],[80.269207,13.037196],[80.269196,13.037177],[80.269182,13.037157],[80.269165,13.037126],[80.269154,13.037106],[80.269142,13.037086],[80.269135,13.037059],[80.26913,13.037041],[80.269125,13.037027],[80.269114,13.037015],[80.269103,13.037006],[80.269088,13.036991],[80.269076,13.036972],[80.269066,13.036946],[80.269045,13.036911],[80.269037,13.036894],[80.269032,13.036869],[80.26903,13.036847],[80.269027,13.036826],[80.269021,13.036812],[80.269012,13.036801],[80.269006,13.036785],[80.268999,13.036762],[80.268997,13.036744],[80.268988,13.036733],[80.268979,13.036726],[80.268974,13.036718],[80.268968,13.036709],[80.268957,13.036701],[80.268943,13.03669],[80.268929,13.036681],[80.268919,13.036667],[80.268911,13.036648],[80.26891,13.036629],[80.268908,13.036618],[80.26889,13.036587],[80.268879,13.036566],[80.268868,13.036542],[80.26886,13.036519],[80.268856,13.036502],[80.268853,13.036485],[80.268847,13.036466],[80.268839,13.03645],[80.268826,13.036434],[80.268813,13.036415],[80.26875,13.036335],[80.268748,13.036325],[80.268749,13.036313],[80.268749,13.036298],[80.268746,13.036284],[80.268742,13.036265],[80.268733,13.036247],[80.268719,13.03623],[80.268705,13.036216],[80.268686,13.0362],[80.268676,13.036194],[80.268659,13.036189],[80.268633,13.03618],[80.26861,13.03617],[80.268578,13.036157],[80.268536,13.036137],[80.268497,13.036125],[80.268466,13.036115],[80.268447,13.036104],[80.268429,13.036088],[80.268408,13.036071],[80.268396,13.036057],[80.268382,13.036045],[80.268363,13.036033],[80.268338,13.03602],[80.268308,13.036008],[80.268279,13.035997],[80.268252,13.035989],[80.268215,13.035979],[80.268186,13.035969],[80.268122,13.035942],[80.268059,13.035911],[80.268013,13.03589],[80.267996,13.035882],[80.267946,13.035867],[80.267743,13.035808],[80.267713,13.035807],[80.267697,13.035806],[80.267677,13.0358],[80.267667,13.035792],[80.267657,13.035775],[80.267643,13.035761],[80.26763,13.035748],[80.267612,13.03573],[80.267602,13.035715],[80.267591,13.035694],[80.26758,13.035683],[80.267564,13.035677],[80.267549,13.035673],[80.267531,13.035664],[80.267513,13.035648],[80.267497,13.035632],[80.26748,13.035614],[80.267447,13.035573],[80.26743,13.035547],[80.267413,13.035517],[80.267392,13.03548],[80.267371,13.035444],[80.267359,13.035421],[80.26735,13.0354],[80.267337,13.03538],[80.267326,13.035364],[80.267274,13.0353],[80.267229,13.035258],[80.267194,13.03522],[80.26717,13.035192],[80.267153,13.035163],[80.267135,13.035114],[80.267132,13.035089],[80.267107,13.035051],[80.267081,13.03503],[80.26705,13.035009],[80.267016,13.034985],[80.266963,13.034926],[80.266938,13.034884],[80.266898,13.03485],[80.266895,13.034847],[80.266752,13.034696],[80.266739,13.034682],[80.266683,13.034628],[80.266636,13.034574],[80.26653,13.034459],[80.266473,13.034412],[80.26646,13.034402],[80.266362,13.034333],[80.266325,13.034313],[80.266312,13.034294],[80.266309,13.034282],[80.266288,13.034261],[80.266242,13.034249],[80.266157,13.03421],[80.266137,13.034182],[80.266106,13.034149],[80.26606,13.034116],[80.266007,13.034088],[80.265953,13.03407],[80.265839,13.034026],[80.26574,13.033992],[80.265681,13.033979],[80.26565,13.033981],[80.265613,13.033979],[80.265579,13.03397],[80.265554,13.033952],[80.265517,13.033924],[80.265483,13.033902],[80.26544,13.033874],[80.26538,13.033843],[80.265321,13.033813],[80.265286,13.03379],[80.26526,13.033763],[80.265227,13.033742],[80.2652,13.033732],[80.265184,13.033738],[80.265163,13.033742],[80.265137,13.033732],[80.265126,13.033717],[80.265107,13.033714],[80.265091,13.03372],[80.265059,13.033715],[80.265015,13.033703],[80.264981,13.033681],[80.264978,13.033661],[80.264984,13.033642],[80.264981,13.033628],[80.264959,13.033625],[80.264922,13.033612],[80.264836,13.033576],[80.264827,13.033559],[80.26482,13.033538],[80.264799,13.033518],[80.264589,13.033422],[80.264469,13.033359],[80.264316,13.033275],[80.264216,13.033221],[80.264138,13.033167],[80.264104,13.033121],[80.264089,13.033097],[80.264071,13.03307],[80.264071,13.033069],[80.264032,13.032982],[80.263976,13.032913],[80.263927,13.032863],[80.263887,13.032813],[80.263862,13.032775],[80.263841,13.03276],[80.26382,13.032757],[80.263777,13.032742],[80.263739,13.032704],[80.263703,13.032656],[80.263666,13.032618],[80.263643,13.032588],[80.263624,13.032546],[80.263614,13.032531],[80.263591,13.032514],[80.263564,13.032481],[80.263532,13.032444],[80.263496,13.032413],[80.263454,13.032377],[80.263429,13.032342],[80.263402,13.032317],[80.263371,13.032297],[80.263324,13.03226],[80.263288,13.032225],[80.263249,13.032185],[80.263226,13.032169],[80.263197,13.03216],[80.263175,13.032142],[80.263154,13.032117],[80.263124,13.032092],[80.263099,13.032075],[80.263071,13.032056],[80.263058,13.032035],[80.263027,13.032004],[80.262943,13.031942],[80.262887,13.031902],[80.262846,13.031869],[80.262783,13.031811],[80.262556,13.031605],[80.2625,13.031544],[80.262488,13.031555],[80.262488,13.031555],[80.262484,13.031551],[80.262469,13.03154],[80.262464,13.031535],[80.262464,13.031533],[80.262465,13.03153],[80.262474,13.031517],[80.262449,13.031491],[80.262331,13.031372],[80.262294,13.031337],[80.262261,13.031306],[80.262213,13.031248],[80.262124,13.031153],[80.262009,13.031017],[80.261948,13.030953],[80.261917,13.030916],[80.261915,13.030914],[80.261863,13.030853],[80.261784,13.030753],[80.261692,13.03064],[80.261677,13.030613],[80.261663,13.03058],[80.261617,13.030478],[80.261588,13.030411],[80.261531,13.030292],[80.261504,13.030228],[80.261483,13.030178],[80.261432,13.030063],[80.261412,13.030014],[80.261404,13.029987],[80.261378,13.029935],[80.261357,13.029889],[80.261321,13.029807],[80.261294,13.029736],[80.261274,13.029679],[80.261242,13.029585],[80.261213,13.029535],[80.261202,13.029508],[80.261187,13.029464],[80.26118,13.029432],[80.261156,13.029369],[80.261154,13.029363],[80.261129,13.029307],[80.260931,13.029064],[80.260838,13.028622],[80.260755,13.028246],[80.260699,13.028005],[80.26062,13.027761],[80.260488,13.027378],[80.260482,13.027246],[80.260412,13.027051],[80.260344,13.026856],[80.260345,13.02685],[80.260352,13.026842],[80.260361,13.026833],[80.260366,13.026813],[80.260361,13.026773],[80.260352,13.026742],[80.260346,13.02672],[80.260338,13.026709],[80.26032,13.026701],[80.260296,13.026701],[80.26028,13.026697],[80.260268,13.026686],[80.260256,13.02667],[80.26024,13.026625],[80.260228,13.026575],[80.260214,13.026534],[80.260198,13.026491],[80.260187,13.02646],[80.260135,13.02635],[80.260113,13.026308],[80.260097,13.026286],[80.260082,13.02626],[80.260074,13.026237],[80.260072,13.026218],[80.260063,13.02619],[80.260016,13.026113],[80.259995,13.026096],[80.259979,13.026077],[80.259966,13.026053],[80.25995,13.026026],[80.259918,13.02599],[80.25988,13.025935],[80.259856,13.025901],[80.259834,13.025882],[80.259815,13.025864],[80.259791,13.025835],[80.259758,13.025797],[80.259701,13.025715],[80.259639,13.025652],[80.259595,13.025602],[80.259556,13.025562],[80.259474,13.025472],[80.259421,13.025416],[80.259372,13.025373],[80.259315,13.025325],[80.259248,13.025274],[80.259172,13.025216],[80.259109,13.025162],[80.259106,13.02516],[80.259105,13.025159],[80.258968,13.025033],[80.258723,13.024867],[80.258312,13.024612],[80.258305,13.024605],[80.258274,13.02458],[80.258237,13.024557],[80.258186,13.024534],[80.258125,13.02451],[80.258032,13.024471],[80.257962,13.024444],[80.257909,13.024427],[80.257856,13.024405],[80.257798,13.024372],[80.257739,13.024338],[80.257652,13.024285],[80.25761,13.024264],[80.257574,13.024245],[80.257482,13.024196],[80.257412,13.024159],[80.257213,13.024061],[80.257087,13.024001],[80.257024,13.02397],[80.256967,13.023945],[80.256917,13.023925],[80.256855,13.023902],[80.25677,13.023866],[80.25668,13.023821],[80.256614,13.023786],[80.256555,13.023757],[80.256503,13.023736],[80.256473,13.023718],[80.256435,13.023693],[80.256399,13.02368],[80.256295,13.023637],[80.256259,13.023625],[80.256215,13.023602],[80.256162,13.023572],[80.256124,13.023537],[80.256075,13.023502],[80.256014,13.023471],[80.255943,13.023443],[80.255926,13.02343],[80.255912,13.023414],[80.255873,13.023394],[80.255822,13.023383],[80.255787,13.023375],[80.255775,13.023359],[80.255767,13.023344],[80.255751,13.023339],[80.255731,13.023351],[80.255701,13.023367],[80.255674,13.02338],[80.255645,13.02339],[80.255598,13.023385],[80.255545,13.023369],[80.255401,13.023317],[80.255298,13.02327],[80.25521,13.023224],[80.255103,13.023176],[80.255057,13.023149],[80.255034,13.023126],[80.255008,13.023107],[80.254954,13.023086],[80.254863,13.023061],[80.254756,13.023045],[80.254661,13.023019],[80.254541,13.022977],[80.254431,13.022939],[80.254396,13.022927],[80.254291,13.022882],[80.254277,13.022877],[80.254166,13.022836],[80.25409,13.022795],[80.253958,13.02273],[80.253764,13.022676],[80.253655,13.022628],[80.253606,13.022606],[80.253562,13.02258],[80.2535,13.022541],[80.25344,13.022507],[80.253373,13.022462],[80.253319,13.022429],[80.253263,13.022393],[80.253228,13.022368],[80.253171,13.022328],[80.253149,13.022308],[80.253079,13.022245],[80.253028,13.022196],[80.253005,13.022169],[80.252992,13.022153],[80.252967,13.022106],[80.252939,13.022057],[80.252906,13.021995],[80.252898,13.021979],[80.252891,13.021967],[80.25288,13.021947],[80.252847,13.021927],[80.252811,13.021905],[80.25278,13.021899],[80.252759,13.021896],[80.252738,13.021892],[80.252703,13.021864],[80.252591,13.021777],[80.252551,13.021715],[80.252505,13.021639],[80.252454,13.021561],[80.252409,13.021487],[80.25239,13.021456],[80.252358,13.021407],[80.252321,13.021389],[80.252304,13.021393],[80.25229,13.021404],[80.252267,13.021391],[80.252259,13.021371],[80.25225,13.021347],[80.252228,13.021317],[80.252194,13.021276],[80.252164,13.021225],[80.252135,13.021184],[80.252117,13.021146],[80.252111,13.021119],[80.252094,13.021079],[80.252078,13.021039],[80.252042,13.020957],[80.252019,13.020887],[80.252008,13.020846],[80.251985,13.020773],[80.251939,13.02071],[80.251909,13.020668],[80.251887,13.020634],[80.251857,13.020579],[80.251792,13.020474],[80.25176,13.020429],[80.251732,13.020393],[80.251696,13.020352],[80.251671,13.020323],[80.251657,13.0203],[80.251645,13.020279],[80.251619,13.020237],[80.251554,13.020161],[80.251478,13.020062],[80.25141,13.019982],[80.251339,13.019897],[80.251211,13.019756],[80.251101,13.019657],[80.251108,13.019621],[80.251077,13.019585],[80.250935,13.019419],[80.250706,13.019219],[80.250592,13.019178],[80.250341,13.019033],[80.250227,13.018942],[80.250094,13.018866],[80.250096,13.018861],[80.249993,13.018797],[80.249805,13.018671],[80.249695,13.018565],[80.249659,13.018656],[80.249591,13.01876],[80.249629,13.018764],[80.249651,13.018771],[80.249685,13.018794],[80.249726,13.018826],[80.249813,13.018894],[80.249835,13.018904],[80.249857,13.01894],[80.249932,13.019057],[80.250445,13.019379],[80.250693,13.0195],[80.250907,13.019626],[80.250907,13.019625],[80.251062,13.01973],[80.251244,13.019903],[80.251519,13.020248],[80.251574,13.020316],[80.251679,13.020518],[80.25181,13.020732],[80.251891,13.020849],[80.25197,13.02094],[80.251983,13.020946],[80.251984,13.020953],[80.252003,13.020993],[80.252038,13.021069],[80.252089,13.021158],[80.25212,13.021214],[80.252202,13.021333],[80.252236,13.021387],[80.252258,13.021409],[80.252285,13.021426],[80.252315,13.021433],[80.252347,13.021447],[80.252371,13.021468],[80.252408,13.021526],[80.25244,13.021577],[80.252462,13.021609],[80.252479,13.021634],[80.252524,13.021708],[80.252583,13.021802],[80.252634,13.021849],[80.252705,13.021924],[80.252734,13.021947],[80.252757,13.021954],[80.252788,13.021954],[80.252817,13.021952],[80.252852,13.021961],[80.252879,13.021981],[80.252899,13.02201],[80.252907,13.022038],[80.252921,13.022112],[80.252927,13.022169],[80.252934,13.022218],[80.252946,13.02225],[80.253,13.022311],[80.253005,13.022314],[80.253094,13.022384],[80.253213,13.022476],[80.253282,13.022532],[80.253387,13.022604],[80.253512,13.022688],[80.253573,13.022721],[80.253639,13.022755],[80.253688,13.02278],[80.253736,13.022803],[80.253827,13.022828],[80.253881,13.022849],[80.253945,13.022871],[80.254012,13.0229],[80.254107,13.022938],[80.254166,13.022958],[80.254231,13.022975],[80.254293,13.022994],[80.254345,13.02301],[80.254413,13.023036],[80.254535,13.023087],[80.254616,13.023117],[80.254704,13.023144],[80.254737,13.023151],[80.255771,13.023597],[80.256641,13.023981],[80.256978,13.024109],[80.256978,13.024107],[80.257424,13.024326],[80.257673,13.024424],[80.257957,13.024607],[80.258251,13.024731],[80.258531,13.024883],[80.258537,13.024888],[80.258582,13.024919],[80.258717,13.025001],[80.258824,13.025073],[80.258855,13.025099],[80.258886,13.025117],[80.258914,13.025138],[80.258938,13.025155],[80.258966,13.025167],[80.258993,13.025184],[80.259009,13.025207],[80.259039,13.025241],[80.259069,13.025282],[80.259087,13.025303],[80.259103,13.025322],[80.259123,13.025339],[80.259161,13.025361],[80.259223,13.025402],[80.259263,13.025428],[80.259322,13.025474],[80.259382,13.025532],[80.259411,13.025556],[80.259436,13.025573],[80.259458,13.025583],[80.259473,13.02559],[80.259474,13.02559],[80.259501,13.025606],[80.259528,13.025618],[80.259547,13.025632],[80.259581,13.025667],[80.259615,13.025706],[80.259651,13.025759],[80.25968,13.025805],[80.259708,13.025856],[80.259753,13.025934],[80.25978,13.025976],[80.259811,13.026031],[80.259847,13.026118],[80.259865,13.026153],[80.259871,13.026162],[80.259878,13.026171],[80.259888,13.026178],[80.259902,13.02619],[80.259917,13.026211],[80.259926,13.02622],[80.259934,13.026223],[80.259944,13.026223],[80.25995,13.026224],[80.259958,13.026232],[80.259962,13.026241],[80.259969,13.026258],[80.259987,13.026285],[80.259998,13.026302],[80.260012,13.02636],[80.260019,13.026365],[80.260037,13.026373],[80.260052,13.02638],[80.260064,13.026391],[80.260079,13.026411],[80.260095,13.026427],[80.260104,13.026438],[80.260103,13.026463],[80.260092,13.026475],[80.260084,13.026485],[80.260084,13.026499],[80.26009,13.026521],[80.260102,13.026549],[80.260115,13.026574],[80.260119,13.026589],[80.260118,13.026607],[80.26012,13.026624],[80.260124,13.02664],[80.26013,13.026651],[80.260163,13.026658],[80.260205,13.026736],[80.260214,13.026753],[80.260217,13.026763],[80.260219,13.026771],[80.260271,13.026932],[80.260314,13.027052],[80.260354,13.027149],[80.26037,13.027191],[80.260387,13.027233],[80.260409,13.027272],[80.260491,13.027663],[80.260618,13.028144],[80.260782,13.02881],[80.260894,13.029074],[80.261078,13.029338],[80.26108,13.029367],[80.261081,13.029369],[80.261095,13.029403],[80.261107,13.029434],[80.261133,13.029531],[80.261161,13.029626],[80.261173,13.02965],[80.261187,13.029674],[80.261193,13.029704],[80.261198,13.029735],[80.261207,13.029772],[80.261253,13.029908],[80.261265,13.029963],[80.261287,13.030038],[80.261334,13.030144],[80.261359,13.030209],[80.26141,13.030339],[80.261432,13.030381],[80.261467,13.030431],[80.26151,13.030502],[80.261543,13.030546],[80.261567,13.030595],[80.261571,13.030645],[80.261575,13.030659],[80.26159,13.03068],[80.26161,13.030704],[80.261612,13.030719],[80.261626,13.030737],[80.261651,13.030755],[80.261686,13.030775],[80.261698,13.030803],[80.261737,13.030874],[80.261769,13.03092],[80.261804,13.030958],[80.261852,13.031001],[80.261914,13.031059],[80.261964,13.031131],[80.262003,13.031198],[80.262087,13.031306],[80.262119,13.031347],[80.262164,13.031397],[80.262235,13.031472],[80.262267,13.031504],[80.262293,13.031522],[80.262309,13.031533],[80.262384,13.031564],[80.262399,13.03157],[80.2624,13.031571],[80.262428,13.031583],[80.262466,13.03161],[80.262504,13.031638],[80.262568,13.031691],[80.262628,13.03175],[80.262696,13.031818],[80.262753,13.031877],[80.262826,13.031947],[80.262988,13.032094],[80.263069,13.032164],[80.263206,13.032294],[80.263289,13.032375],[80.26339,13.032465],[80.263532,13.032591],[80.263632,13.032678],[80.263764,13.032787],[80.263815,13.032832],[80.263856,13.032879],[80.263899,13.032928],[80.263953,13.032992],[80.26397,13.033014],[80.263973,13.033018],[80.264014,13.03308],[80.264102,13.033187],[80.264178,13.033255],[80.264339,13.033364],[80.264405,13.03341],[80.26448,13.033451],[80.26462,13.033525],[80.264704,13.033581],[80.264772,13.033632],[80.26497,13.033765],[80.265035,13.033806],[80.265092,13.033836],[80.265134,13.033841],[80.265169,13.033856],[80.265211,13.033879],[80.265285,13.033902],[80.265287,13.033902],[80.26533,13.033908],[80.265367,13.033927],[80.265393,13.033945],[80.265423,13.033957],[80.265463,13.033963],[80.265497,13.033984],[80.265524,13.034015],[80.265548,13.03404],[80.265587,13.034054],[80.265641,13.034058],[80.265711,13.034087],[80.265845,13.03413],[80.265959,13.034172],[80.26601,13.034212],[80.266119,13.034265],[80.266216,13.034308],[80.266226,13.034326],[80.266244,13.034354],[80.266273,13.034378],[80.266326,13.034413],[80.266383,13.034441],[80.266436,13.034456],[80.266469,13.034471],[80.266512,13.034522],[80.266542,13.034547],[80.26657,13.034575],[80.266584,13.034602],[80.266627,13.034658],[80.26675,13.034797],[80.26675,13.034798],[80.266895,13.03489],[80.266918,13.034904],[80.266936,13.03493],[80.266949,13.034954],[80.266979,13.034977],[80.267027,13.035011],[80.267054,13.035039],[80.267076,13.035087],[80.267084,13.035121],[80.267091,13.03514],[80.267108,13.035167],[80.267138,13.035203],[80.26716,13.035231],[80.267194,13.035264],[80.267224,13.035314],[80.267233,13.035346],[80.267243,13.035382],[80.267263,13.035408],[80.267377,13.03555],[80.26747,13.035669],[80.267575,13.035785],[80.267621,13.035831],[80.267661,13.035853],[80.267713,13.035875],[80.267935,13.03594],[80.267983,13.035955],[80.26805,13.035977],[80.26811,13.035998],[80.268132,13.036005],[80.268288,13.036142],[80.268415,13.03624],[80.268551,13.036402],[80.268566,13.036396]]},{"type":"LineString","coordinates":[[80.273739,13.078836],[80.273655,13.078817],[80.273622,13.078817],[80.273583,13.078819],[80.273552,13.078809],[80.273499,13.078795],[80.273442,13.078785],[80.273419,13.078781],[80.273374,13.078766],[80.27333,13.078746],[80.273291,13.07873],[80.273254,13.078714],[80.273229,13.078701],[80.273211,13.078689],[80.273187,13.078673],[80.273144,13.078653],[80.273125,13.07859],[80.273123,13.078581],[80.27313,13.078548],[80.273147,13.078527],[80.273166,13.07851],[80.273181,13.078497],[80.273196,13.07848],[80.273207,13.07846],[80.273217,13.078446],[80.273224,13.078436],[80.273242,13.078413],[80.273246,13.078409],[80.273266,13.078384],[80.273267,13.078373],[80.273268,13.078363],[80.273273,13.078351],[80.273288,13.078336],[80.273306,13.078313],[80.273332,13.078283],[80.273349,13.078241],[80.273379,13.078223],[80.273386,13.078216],[80.273397,13.078206],[80.273406,13.078193],[80.273409,13.078178],[80.273408,13.078171],[80.273414,13.078156],[80.273425,13.078144],[80.273445,13.078122],[80.273451,13.078107],[80.273463,13.078088],[80.273466,13.07805],[80.273467,13.078016],[80.273469,13.07801],[80.273492,13.078002],[80.273508,13.077984],[80.273509,13.077967],[80.273524,13.077943],[80.273533,13.077928],[80.273567,13.077898],[80.273577,13.077885],[80.273579,13.077872],[80.273574,13.077861],[80.273577,13.077829],[80.273583,13.077801],[80.273589,13.07778],[80.273618,13.077689],[80.273653,13.077557],[80.273703,13.077519],[80.273722,13.077516],[80.273731,13.077514],[80.273749,13.077522],[80.273772,13.077524],[80.273807,13.077524],[80.273808,13.077526],[80.273811,13.077527],[80.273821,13.077529],[80.273835,13.077523],[80.273852,13.077512],[80.273867,13.0775],[80.273878,13.077482],[80.273882,13.077466],[80.273887,13.077455],[80.273898,13.077442],[80.273921,13.077412],[80.273948,13.077389],[80.273954,13.077379],[80.273983,13.077359],[80.274001,13.07734],[80.274021,13.077314],[80.274041,13.077283],[80.274082,13.077212],[80.274099,13.077167],[80.27411,13.077116],[80.274107,13.077097],[80.274105,13.077085],[80.274123,13.077041],[80.274132,13.077016],[80.274134,13.076999],[80.27414,13.076982],[80.274148,13.076967],[80.274156,13.076958],[80.274162,13.076948],[80.274166,13.076938],[80.274168,13.076927],[80.274175,13.076907],[80.274178,13.076888],[80.274179,13.076868],[80.27418,13.076846],[80.274183,13.076825],[80.274189,13.076804],[80.274197,13.076783],[80.274207,13.076764],[80.274215,13.076751],[80.274221,13.076737],[80.274227,13.076723],[80.274227,13.076721],[80.274231,13.076688],[80.274237,13.076655],[80.274245,13.076623],[80.274255,13.076587],[80.274264,13.07655],[80.27427,13.076513],[80.274283,13.076441],[80.274279,13.076401],[80.274287,13.076365],[80.274298,13.07633],[80.274298,13.07633],[80.274301,13.076312],[80.274301,13.076293],[80.274299,13.076275],[80.274295,13.076257],[80.274298,13.07624],[80.274304,13.076223],[80.274313,13.076208],[80.274319,13.076182],[80.274324,13.076156],[80.274326,13.076129],[80.274333,13.076063],[80.274344,13.075998],[80.274357,13.075933],[80.274366,13.07588],[80.274377,13.075827],[80.274389,13.075774],[80.274404,13.075722],[80.274421,13.07567],[80.274432,13.075599],[80.274434,13.075586],[80.274444,13.075549],[80.274455,13.075512],[80.274469,13.075476],[80.274483,13.075437],[80.274498,13.075398],[80.274515,13.07536],[80.274522,13.07531],[80.274524,13.075294],[80.274526,13.075272],[80.27453,13.07525],[80.274537,13.075229],[80.274546,13.075209],[80.274552,13.075182],[80.274555,13.075155],[80.274556,13.075127],[80.274563,13.075088],[80.274573,13.07505],[80.274585,13.075012],[80.2746,13.074975],[80.274608,13.074944],[80.274613,13.074913],[80.274615,13.074882],[80.274624,13.074846],[80.27463,13.07481],[80.274634,13.074774],[80.274636,13.074738],[80.27465,13.074699],[80.274658,13.074667],[80.274669,13.074617],[80.274709,13.074442],[80.274721,13.074409],[80.274731,13.074376],[80.274739,13.074343],[80.27474,13.074302],[80.274743,13.074272],[80.274754,13.074248],[80.274761,13.074222],[80.274765,13.074196],[80.274772,13.074171],[80.274777,13.074146],[80.274779,13.07412],[80.274796,13.074038],[80.274805,13.073995],[80.274811,13.073951],[80.274814,13.073907],[80.274816,13.073895],[80.27482,13.073884],[80.274826,13.073874],[80.274843,13.073825],[80.274857,13.073775],[80.274869,13.073725],[80.274869,13.073706],[80.274872,13.073688],[80.274877,13.07367],[80.274884,13.073652],[80.274892,13.073636],[80.274904,13.073596],[80.274914,13.073557],[80.274922,13.073516],[80.274953,13.073423],[80.274965,13.073395],[80.274979,13.073368],[80.274995,13.073342],[80.275013,13.073317],[80.275032,13.073294],[80.275063,13.073235],[80.275072,13.073222],[80.275145,13.073134],[80.275162,13.073106],[80.275178,13.073077],[80.275191,13.073047],[80.275211,13.073021],[80.275233,13.072998],[80.275257,13.072976],[80.275293,13.072903],[80.275298,13.072894],[80.275313,13.072877],[80.275325,13.072858],[80.275336,13.072838],[80.275338,13.072816],[80.275343,13.072794],[80.275351,13.072772],[80.275368,13.072742],[80.275387,13.072713],[80.275408,13.072684],[80.27543,13.072658],[80.275454,13.072632],[80.27548,13.072608],[80.275506,13.072585],[80.275534,13.072564],[80.275564,13.072544],[80.275598,13.07251],[80.275634,13.072479],[80.275672,13.072449],[80.27569,13.072439],[80.275707,13.072426],[80.275722,13.072412],[80.275793,13.072289],[80.27585,13.072173],[80.275891,13.072122],[80.275935,13.072073],[80.27598,13.072025],[80.276009,13.071998],[80.276022,13.071986],[80.276161,13.071853],[80.276238,13.07178],[80.276357,13.071683],[80.276515,13.071557],[80.276681,13.071419],[80.276829,13.071296],[80.276892,13.071237],[80.277004,13.071134],[80.277201,13.070983],[80.277364,13.07087],[80.277494,13.070784],[80.277634,13.070698],[80.277875,13.070557],[80.27788,13.070555],[80.278077,13.070438],[80.278131,13.070402],[80.278192,13.070361],[80.278217,13.070343],[80.278363,13.070259],[80.278442,13.070203],[80.278547,13.070138],[80.278594,13.070107],[80.27872,13.070026],[80.278828,13.069959],[80.278934,13.069892],[80.279074,13.069805],[80.279207,13.069721],[80.279382,13.069617],[80.27948,13.069554],[80.279527,13.069523],[80.279565,13.069509],[80.279644,13.069485],[80.279766,13.06944],[80.279852,13.069401],[80.279873,13.069391],[80.279954,13.069353],[80.280043,13.069324],[80.280183,13.069282],[80.280305,13.069248],[80.280484,13.069207],[80.280629,13.069176],[80.280653,13.06917],[80.280822,13.069141],[80.281035,13.069102],[80.281199,13.069067],[80.281264,13.069057],[80.281314,13.069055],[80.281355,13.069045],[80.281398,13.069038],[80.281464,13.069044],[80.281679,13.069084],[80.281844,13.069133],[80.282017,13.069178],[80.282168,13.06923],[80.282258,13.06929],[80.282398,13.069378],[80.282532,13.069465],[80.282701,13.069599],[80.282796,13.069668],[80.282905,13.06977],[80.283018,13.069871],[80.283112,13.069948],[80.283176,13.069998],[80.283224,13.070056],[80.283284,13.07012],[80.283305,13.070142],[80.283324,13.070171],[80.283346,13.070198],[80.28337,13.070224],[80.283392,13.070238],[80.283412,13.070253],[80.283432,13.07027],[80.283451,13.070288],[80.283468,13.070307],[80.283581,13.070452],[80.283657,13.070533],[80.283705,13.0706],[80.283756,13.070665],[80.283808,13.070729],[80.28385,13.070781],[80.283889,13.070835],[80.283927,13.07089],[80.283937,13.070909],[80.283945,13.070928],[80.28395,13.070949],[80.283952,13.07097],[80.283952,13.070991],[80.283944,13.071164],[80.283934,13.071363],[80.28393,13.071423],[80.283924,13.071483],[80.283915,13.071543],[80.283909,13.071562],[80.283905,13.071581],[80.283903,13.0716],[80.283906,13.071636],[80.283906,13.071672],[80.283905,13.071708],[80.283901,13.071743],[80.283895,13.071779],[80.283886,13.071814],[80.283882,13.071986],[80.283874,13.072058],[80.283868,13.072129],[80.283864,13.072201],[80.283862,13.072272],[80.283841,13.072551],[80.283834,13.072628],[80.283829,13.072705],[80.283827,13.072783],[80.283791,13.073117],[80.283786,13.073178],[80.283779,13.073239],[80.28377,13.073299],[80.283758,13.073359],[80.283706,13.073661],[80.283672,13.073827],[80.283673,13.073847],[80.283673,13.073868],[80.28367,13.073888],[80.283665,13.073908],[80.28365,13.073944],[80.283637,13.073981],[80.283625,13.074019],[80.283616,13.074057],[80.283609,13.074095],[80.283596,13.074148],[80.283581,13.074201],[80.283564,13.074253],[80.28355,13.074328],[80.283533,13.074403],[80.283513,13.074477],[80.283469,13.074642],[80.283459,13.074679],[80.283397,13.074955],[80.283384,13.074992],[80.283374,13.075029],[80.283366,13.075066],[80.283361,13.075104],[80.283357,13.075133],[80.283351,13.075161],[80.283343,13.075188],[80.283333,13.075215],[80.283321,13.075241],[80.283311,13.075257],[80.283302,13.075274],[80.283295,13.075292],[80.28329,13.075311],[80.283286,13.07533],[80.283227,13.075492],[80.283213,13.075537],[80.283197,13.07558],[80.28318,13.075623],[80.283161,13.075666],[80.283154,13.075682],[80.283149,13.075699],[80.283146,13.075716],[80.283146,13.075734],[80.283148,13.075741],[80.283149,13.075749],[80.283148,13.075757],[80.283145,13.075764],[80.283141,13.075771],[80.283126,13.075787],[80.283099,13.075824],[80.283021,13.07604],[80.282983,13.076124],[80.282947,13.076208],[80.282912,13.076293],[80.28288,13.076378],[80.282834,13.076479],[80.282789,13.076581],[80.282747,13.076683],[80.282704,13.076763],[80.282663,13.076843],[80.282623,13.076925],[80.282586,13.077007],[80.282563,13.077056],[80.282509,13.077167],[80.282489,13.07721],[80.282473,13.077247],[80.282446,13.077292],[80.282403,13.077378],[80.282369,13.077437],[80.282357,13.077459],[80.28234,13.077486],[80.282317,13.077532],[80.282265,13.077634],[80.282256,13.077653],[80.282252,13.077669],[80.282232,13.077708],[80.282197,13.077768],[80.28216,13.077832],[80.282148,13.07786],[80.282144,13.077884],[80.28213,13.077912],[80.28211,13.077952],[80.282074,13.07802],[80.282056,13.078053],[80.282024,13.078113],[80.282006,13.078148],[80.281987,13.078184],[80.281987,13.078193],[80.281995,13.078205],[80.282011,13.078224],[80.281956,13.078276],[80.281951,13.078276],[80.281944,13.078273],[80.281935,13.078276],[80.281926,13.078293],[80.281926,13.078307],[80.281924,13.078322],[80.281905,13.07835],[80.281891,13.07836],[80.281875,13.078371],[80.281863,13.078386],[80.281858,13.078403],[80.281856,13.07843],[80.281865,13.078477],[80.281872,13.078498],[80.281873,13.078509],[80.281691,13.078747],[80.281627,13.078833],[80.281594,13.078868],[80.281569,13.078887],[80.281543,13.078907],[80.281522,13.078926],[80.281506,13.078945],[80.281496,13.078958],[80.281481,13.078977],[80.281458,13.078992],[80.281437,13.078998],[80.281415,13.079007],[80.281393,13.079019],[80.281377,13.079036],[80.28137,13.079049],[80.281361,13.079067],[80.281357,13.079097],[80.281349,13.079108],[80.281329,13.079118],[80.281312,13.079123],[80.281294,13.079126],[80.281276,13.079127],[80.281096,13.079239],[80.280987,13.079297],[80.280777,13.079356],[80.280602,13.079398],[80.280392,13.079381],[80.280166,13.079373],[80.279831,13.079364],[80.279521,13.079339],[80.279078,13.079297],[80.278709,13.079297],[80.278291,13.079289],[80.278098,13.079264],[80.277964,13.07923],[80.277688,13.07923],[80.277453,13.079205],[80.277244,13.079189],[80.277035,13.079163],[80.276767,13.079138],[80.276551,13.079154],[80.27603,13.079126],[80.275675,13.079105],[80.275477,13.079133],[80.275316,13.079267],[80.27514,13.079326],[80.27496,13.079277],[80.274721,13.079175],[80.274562,13.079138],[80.274139,13.078958],[80.273962,13.078909],[80.273906,13.07889],[80.273871,13.078881],[80.273815,13.07887],[80.273739,13.078836]]},{"type":"Polygon","coordinates":[[[80.268566,13.036396],[80.268783,13.036743],[80.269019,13.037109],[80.269163,13.037382],[80.269277,13.03771],[80.26939,13.038273],[80.269442,13.038673],[80.269512,13.039257],[80.269529,13.039395],[80.269513,13.039398],[80.26964,13.039666],[80.269837,13.040199],[80.270012,13.04042],[80.270117,13.040547],[80.270217,13.040667],[80.270278,13.040755],[80.27041,13.040944],[80.270458,13.040947],[80.270476,13.040964],[80.270559,13.041038],[80.270652,13.041115],[80.270745,13.041184],[80.270826,13.041247],[80.270844,13.041256],[80.270867,13.041258],[80.270899,13.041249],[80.27093,13.041246],[80.270955,13.041256],[80.270968,13.041276],[80.270979,13.041312],[80.270989,13.04134],[80.271017,13.041391],[80.271022,13.041443],[80.271026,13.041507],[80.271026,13.041512],[80.271026,13.04153],[80.270968,13.041623],[80.271053,13.041693],[80.271126,13.041595],[80.271215,13.041673],[80.27125,13.041731],[80.271277,13.041773],[80.271317,13.041814],[80.271397,13.041866],[80.27147,13.041899],[80.271485,13.041906],[80.271602,13.041953],[80.27174,13.042014],[80.271867,13.04206],[80.272087,13.042115],[80.272222,13.042152],[80.272376,13.04217],[80.272559,13.042183],[80.272781,13.042188],[80.27283,13.04219],[80.272885,13.042172],[80.272922,13.042153],[80.27297,13.042123],[80.273086,13.042084],[80.273193,13.04206],[80.273231,13.042051],[80.273446,13.042017],[80.273666,13.042002],[80.273744,13.041984],[80.27382,13.041951],[80.274071,13.041857],[80.274245,13.041805],[80.274383,13.041739],[80.274434,13.041695],[80.274461,13.041671],[80.274603,13.041647],[80.274631,13.04164],[80.274703,13.041601],[80.274767,13.041579],[80.27489,13.041554],[80.274985,13.041544],[80.27511,13.041545],[80.275299,13.041574],[80.275421,13.041591],[80.275501,13.041613],[80.275554,13.041641],[80.275595,13.041682],[80.275634,13.041739],[80.275737,13.041903],[80.275778,13.041974],[80.275791,13.042016],[80.275804,13.042059],[80.275819,13.042081],[80.275843,13.042094],[80.275869,13.042112],[80.275892,13.042139],[80.275898,13.042164],[80.275886,13.042204],[80.275875,13.042229],[80.275871,13.042251],[80.275878,13.042266],[80.275891,13.042275],[80.275924,13.042284],[80.275949,13.042304],[80.275962,13.042331],[80.275967,13.042366],[80.275962,13.042406],[80.275957,13.042436],[80.275955,13.042467],[80.275966,13.042501],[80.275996,13.042547],[80.276031,13.042598],[80.276065,13.042655],[80.276087,13.042715],[80.276094,13.042737],[80.276136,13.04287],[80.276128,13.042902],[80.276134,13.042957],[80.276138,13.042974],[80.276169,13.043116],[80.276168,13.043132],[80.27618,13.043176],[80.276198,13.043206],[80.276198,13.043207],[80.276251,13.043338],[80.276274,13.043457],[80.276274,13.043479],[80.276271,13.043508],[80.276254,13.043597],[80.276248,13.043659],[80.276249,13.043684],[80.276274,13.043768],[80.276285,13.043805],[80.276322,13.043923],[80.276347,13.043981],[80.276382,13.044059],[80.276399,13.04411],[80.276413,13.044167],[80.276467,13.044359],[80.276512,13.044506],[80.276537,13.044641],[80.276547,13.044659],[80.276566,13.044718],[80.276586,13.044806],[80.276602,13.044864],[80.276613,13.044915],[80.276623,13.044967],[80.276637,13.045031],[80.276645,13.045061],[80.276659,13.045083],[80.27668,13.045168],[80.276698,13.04522],[80.2767,13.04523],[80.276704,13.045264],[80.276747,13.045399],[80.276785,13.045521],[80.276808,13.045563],[80.276841,13.045594],[80.276856,13.045614],[80.276887,13.045698],[80.27692,13.045781],[80.276932,13.045877],[80.276954,13.045927],[80.276955,13.045955],[80.276961,13.045987],[80.277016,13.046138],[80.277056,13.046225],[80.277098,13.046356],[80.277103,13.046366],[80.277122,13.046496],[80.27712,13.046515],[80.277114,13.046525],[80.277116,13.046542],[80.277125,13.046557],[80.277128,13.046558],[80.27714,13.046558],[80.277164,13.046561],[80.27717,13.046565],[80.277172,13.046568],[80.277197,13.04667],[80.277191,13.046681],[80.277184,13.046688],[80.277175,13.046694],[80.277171,13.046704],[80.277175,13.046723],[80.277183,13.046747],[80.277194,13.04677],[80.277233,13.046832],[80.27728,13.046964],[80.277308,13.047036],[80.277332,13.04707],[80.277356,13.047098],[80.277376,13.047125],[80.277434,13.047264],[80.277486,13.047398],[80.277523,13.047496],[80.277524,13.047499],[80.277541,13.047578],[80.277565,13.04768],[80.277583,13.047684],[80.277593,13.047692],[80.277621,13.047767],[80.277672,13.047894],[80.277698,13.047985],[80.277721,13.048072],[80.277737,13.048138],[80.277775,13.048216],[80.277813,13.048286],[80.277895,13.048482],[80.277963,13.04863],[80.27803,13.048845],[80.278064,13.04895],[80.278099,13.049116],[80.278136,13.04923],[80.278161,13.049324],[80.278185,13.049406],[80.278216,13.049528],[80.278229,13.049568],[80.278238,13.049603],[80.278258,13.049655],[80.278257,13.049686],[80.278271,13.049747],[80.278293,13.049817],[80.278329,13.049863],[80.278386,13.049938],[80.278421,13.049995],[80.278495,13.050086],[80.278542,13.050171],[80.278576,13.050237],[80.278648,13.050347],[80.278712,13.050497],[80.278793,13.050666],[80.278829,13.050698],[80.278854,13.05073],[80.278875,13.050742],[80.278888,13.050745],[80.278898,13.050757],[80.278924,13.050809],[80.27894,13.050829],[80.278957,13.050843],[80.278994,13.05097],[80.279017,13.051004],[80.279045,13.051046],[80.279092,13.051158],[80.279116,13.051232],[80.279133,13.051257],[80.279147,13.051266],[80.279153,13.05127],[80.279161,13.051289],[80.27917,13.051324],[80.279213,13.05143],[80.279245,13.051466],[80.279261,13.051499],[80.279286,13.051519],[80.279324,13.051544],[80.279326,13.051557],[80.27932,13.051566],[80.279318,13.051573],[80.279326,13.051613],[80.279333,13.051631],[80.279341,13.051643],[80.279353,13.051652],[80.279445,13.051747],[80.279467,13.05179],[80.279519,13.051863],[80.279526,13.051874],[80.279529,13.051899],[80.27953,13.051906],[80.279538,13.051923],[80.279543,13.051937],[80.279556,13.051949],[80.279588,13.052026],[80.279596,13.052044],[80.279605,13.052061],[80.279639,13.052078],[80.279646,13.052084],[80.279651,13.052098],[80.279659,13.052133],[80.279667,13.052156],[80.279689,13.052184],[80.279763,13.052314],[80.279772,13.052336],[80.279776,13.052356],[80.279791,13.052382],[80.279826,13.052436],[80.279853,13.052471],[80.279887,13.05252],[80.279971,13.052679],[80.279996,13.052724],[80.280035,13.052771],[80.280156,13.052945],[80.280235,13.053054],[80.28024,13.053065],[80.28024,13.05308],[80.280264,13.053138],[80.280314,13.053235],[80.280337,13.053278],[80.280348,13.053314],[80.280358,13.053351],[80.280386,13.053419],[80.280478,13.053613],[80.280519,13.053716],[80.280527,13.053743],[80.280543,13.0538],[80.280544,13.053886],[80.280571,13.054002],[80.28058,13.054044],[80.280569,13.05409],[80.280567,13.054176],[80.280562,13.054204],[80.280557,13.054261],[80.280553,13.054336],[80.28055,13.054444],[80.280549,13.054598],[80.280536,13.054795],[80.280526,13.054866],[80.280516,13.054901],[80.280511,13.054939],[80.280511,13.05497],[80.280516,13.055149],[80.280496,13.055278],[80.280474,13.055615],[80.280471,13.055828],[80.28046,13.055974],[80.280438,13.056188],[80.280439,13.056206],[80.280443,13.056216],[80.280449,13.056231],[80.280488,13.056269],[80.280492,13.05628],[80.280494,13.056291],[80.28048,13.056399],[80.280483,13.05655],[80.280487,13.056739],[80.28048,13.056858],[80.280476,13.057035],[80.280465,13.0571],[80.280455,13.057151],[80.280453,13.057187],[80.280452,13.05721],[80.280454,13.057311],[80.280444,13.057408],[80.280423,13.057467],[80.280416,13.057489],[80.2804,13.057545],[80.28043,13.057609],[80.280444,13.057637],[80.280458,13.057669],[80.280448,13.057871],[80.280447,13.057931],[80.280449,13.057963],[80.280435,13.058106],[80.280415,13.058234],[80.28041,13.058267],[80.280393,13.058307],[80.280378,13.058387],[80.280376,13.058419],[80.280379,13.058446],[80.280387,13.058492],[80.280397,13.058533],[80.280361,13.05886],[80.280331,13.059062],[80.280313,13.059206],[80.280302,13.059233],[80.280279,13.059331],[80.280267,13.059494],[80.280247,13.059575],[80.280217,13.059696],[80.280211,13.05973],[80.280209,13.059763],[80.28021,13.059808],[80.280197,13.059976],[80.280201,13.060013],[80.280206,13.060053],[80.280226,13.060182],[80.280243,13.060271],[80.280247,13.060322],[80.280251,13.060379],[80.28028,13.060612],[80.280282,13.06083],[80.280273,13.060981],[80.280271,13.06105],[80.280274,13.06107],[80.280282,13.061112],[80.280289,13.061155],[80.280292,13.061182],[80.2803,13.061224],[80.280315,13.061302],[80.280329,13.061397],[80.280362,13.061601],[80.280354,13.061644],[80.280356,13.061695],[80.280381,13.061947],[80.280407,13.062109],[80.280438,13.062235],[80.280468,13.062296],[80.280503,13.062569],[80.280524,13.062813],[80.280549,13.06301],[80.280597,13.063199],[80.280645,13.063411],[80.280646,13.063414],[80.280699,13.063697],[80.280732,13.063869],[80.28075,13.063913],[80.280799,13.06401],[80.280868,13.064156],[80.280906,13.064285],[80.280917,13.064331],[80.280954,13.064541],[80.280973,13.064638],[80.28099,13.064692],[80.281076,13.064917],[80.281137,13.065096],[80.281183,13.065238],[80.281197,13.065259],[80.28125,13.065347],[80.281362,13.065533],[80.281413,13.065594],[80.281416,13.065598],[80.281472,13.065653],[80.28154,13.065711],[80.28168,13.065831],[80.281785,13.065936],[80.281848,13.065997],[80.281943,13.066113],[80.281997,13.066182],[80.282034,13.066212],[80.28211,13.066299],[80.282182,13.06639],[80.282205,13.066415],[80.28228,13.06654],[80.28233,13.066602],[80.282353,13.066643],[80.282369,13.066686],[80.282388,13.06675],[80.282399,13.066802],[80.282415,13.066914],[80.282423,13.067009],[80.282438,13.067093],[80.282447,13.067114],[80.282474,13.06712],[80.282483,13.067227],[80.282456,13.067231],[80.282495,13.067531],[80.282516,13.06753],[80.282528,13.06764],[80.282478,13.067645],[80.282506,13.067797],[80.282528,13.06799],[80.282529,13.068029],[80.282526,13.068044],[80.282522,13.068061],[80.282514,13.068087],[80.282507,13.068104],[80.282487,13.068129],[80.282464,13.068155],[80.282432,13.068185],[80.282376,13.068217],[80.282289,13.068258],[80.282167,13.068307],[80.282044,13.068359],[80.281927,13.068395],[80.281772,13.068439],[80.28168,13.068461],[80.28161,13.068472],[80.28156,13.068483],[80.281489,13.068492],[80.281382,13.068518],[80.281132,13.068566],[80.281079,13.068572],[80.281001,13.06857],[80.280943,13.06857],[80.280867,13.068575],[80.280748,13.068595],[80.280644,13.068626],[80.28063,13.068631],[80.280561,13.068657],[80.280485,13.068682],[80.280382,13.068706],[80.280303,13.068722],[80.280248,13.068739],[80.280195,13.068764],[80.280021,13.068825],[80.279914,13.068842],[80.279757,13.068867],[80.279652,13.068897],[80.279563,13.068946],[80.279501,13.068987],[80.279431,13.069037],[80.279315,13.069098],[80.27921,13.069148],[80.279073,13.06922],[80.27893,13.069303],[80.278784,13.069389],[80.278673,13.069464],[80.278554,13.069545],[80.278438,13.069611],[80.278272,13.069714],[80.27816,13.069782],[80.278085,13.069834],[80.277978,13.069909],[80.277867,13.069983],[80.277801,13.070021],[80.277733,13.07008],[80.277695,13.070105],[80.277626,13.07015],[80.277516,13.070209],[80.277377,13.070301],[80.277317,13.070341],[80.277274,13.070366],[80.277171,13.070434],[80.277136,13.070459],[80.277023,13.070538],[80.276928,13.070605],[80.276803,13.070697],[80.276656,13.07082],[80.276575,13.070886],[80.27651,13.070946],[80.276474,13.070967],[80.276456,13.070978],[80.276439,13.070995],[80.276392,13.071038],[80.276298,13.071123],[80.276235,13.071175],[80.276138,13.071251],[80.2761,13.071279],[80.276069,13.071311],[80.276044,13.071336],[80.276011,13.071364],[80.275944,13.071418],[80.275804,13.071525],[80.275823,13.071555],[80.275723,13.071625],[80.275701,13.071595],[80.275625,13.071658],[80.275596,13.071679],[80.275566,13.071699],[80.275534,13.071718],[80.275502,13.071734],[80.275469,13.071749],[80.275436,13.071763],[80.275387,13.071781],[80.275338,13.071797],[80.275288,13.071811],[80.275238,13.071822],[80.275188,13.07183],[80.275138,13.071841],[80.275089,13.071855],[80.275041,13.07187],[80.275016,13.071876],[80.274992,13.071884],[80.274969,13.071894],[80.274946,13.071906],[80.274925,13.07192],[80.274901,13.071944],[80.274878,13.071968],[80.274856,13.071994],[80.274836,13.072021],[80.274818,13.072049],[80.274801,13.072079],[80.274787,13.072109],[80.274774,13.07214],[80.274763,13.072171],[80.274753,13.072203],[80.274751,13.072221],[80.274746,13.072237],[80.274739,13.072253],[80.27473,13.072268],[80.274718,13.072277],[80.274707,13.072288],[80.274698,13.072301],[80.274691,13.072314],[80.274685,13.072328],[80.274681,13.072343],[80.274671,13.072384],[80.274659,13.072425],[80.274644,13.072465],[80.274628,13.072505],[80.274627,13.072507],[80.274624,13.072508],[80.274622,13.072507],[80.27462,13.072505],[80.274621,13.072502],[80.274621,13.072448],[80.274624,13.072434],[80.274626,13.07242],[80.274624,13.072405],[80.274621,13.072392],[80.274616,13.072389],[80.274611,13.072389],[80.274606,13.072392],[80.274602,13.072396],[80.2746,13.072403],[80.274595,13.072432],[80.274585,13.072475],[80.274578,13.072519],[80.274573,13.072564],[80.27457,13.072608],[80.27457,13.072653],[80.274569,13.072668],[80.274571,13.072682],[80.274576,13.072696],[80.274583,13.072709],[80.274591,13.072721],[80.274601,13.07273],[80.274608,13.07274],[80.274614,13.072752],[80.274617,13.072764],[80.274619,13.072777],[80.274618,13.07279],[80.27461,13.072803],[80.274601,13.072815],[80.27459,13.072826],[80.274579,13.072836],[80.27457,13.072848],[80.274562,13.072861],[80.274556,13.072874],[80.274544,13.072897],[80.274534,13.072921],[80.274527,13.072946],[80.274521,13.072971],[80.274518,13.072997],[80.274516,13.073015],[80.274517,13.073034],[80.27452,13.073052],[80.274525,13.07307],[80.274529,13.073078],[80.27453,13.073086],[80.274528,13.073094],[80.274524,13.073102],[80.274519,13.073109],[80.274515,13.073118],[80.274512,13.073128],[80.27451,13.073137],[80.274509,13.073146],[80.274506,13.073154],[80.274501,13.073161],[80.274494,13.073166],[80.274487,13.07317],[80.274482,13.07317],[80.274478,13.073172],[80.274475,13.073176],[80.274475,13.073181],[80.274477,13.073185],[80.274483,13.073192],[80.274488,13.0732],[80.27449,13.073209],[80.27449,13.073218],[80.27447,13.073333],[80.274452,13.073448],[80.274438,13.073564],[80.274435,13.07357],[80.274435,13.073576],[80.274436,13.073582],[80.27444,13.073587],[80.274445,13.07359],[80.274451,13.073592],[80.274453,13.073592],[80.274455,13.073592],[80.274457,13.073592],[80.274459,13.073593],[80.274461,13.073594],[80.274463,13.073595],[80.274464,13.073596],[80.27447,13.073603],[80.274473,13.073611],[80.274475,13.073619],[80.274474,13.073628],[80.274472,13.073636],[80.274467,13.07365],[80.274461,13.073663],[80.274452,13.073675],[80.274442,13.073685],[80.27443,13.073694],[80.274421,13.073701],[80.274413,13.07371],[80.274406,13.073721],[80.274402,13.073732],[80.2744,13.073744],[80.274393,13.073761],[80.274388,13.073779],[80.274386,13.073797],[80.274386,13.073815],[80.274388,13.073833],[80.274392,13.073861],[80.274394,13.073889],[80.274393,13.073917],[80.274391,13.073945],[80.274389,13.073967],[80.274386,13.073988],[80.27438,13.074009],[80.274371,13.074028],[80.274358,13.074067],[80.274341,13.074105],[80.274321,13.074142],[80.274311,13.074162],[80.274303,13.074182],[80.274296,13.074203],[80.274291,13.074224],[80.274288,13.074246],[80.274287,13.074268],[80.274288,13.07429],[80.274221,13.074616],[80.274203,13.074701],[80.274201,13.07474],[80.274196,13.074779],[80.27419,13.074818],[80.274181,13.074856],[80.274171,13.074894],[80.274161,13.07491],[80.274152,13.074928],[80.274146,13.074946],[80.274141,13.074965],[80.274139,13.074984],[80.274143,13.074998],[80.274146,13.075013],[80.274146,13.075027],[80.274145,13.075042],[80.274142,13.075057],[80.274137,13.07507],[80.274126,13.075086],[80.274116,13.075102],[80.274108,13.07512],[80.274102,13.075138],[80.274087,13.07529],[80.274083,13.075317],[80.274062,13.075404],[80.274054,13.075425],[80.274044,13.075446],[80.274031,13.075466],[80.274029,13.075474],[80.274028,13.075483],[80.274029,13.075491],[80.274032,13.0755],[80.274037,13.075507],[80.274044,13.075515],[80.274049,13.075523],[80.274053,13.075533],[80.274055,13.075543],[80.274054,13.075553],[80.274055,13.075558],[80.274054,13.075562],[80.274051,13.075566],[80.274047,13.075568],[80.274043,13.075569],[80.274038,13.075568],[80.274032,13.075565],[80.274026,13.075565],[80.27402,13.075567],[80.274015,13.07557],[80.274001,13.075584],[80.273988,13.075599],[80.273978,13.075615],[80.27397,13.075633],[80.273965,13.075651],[80.273958,13.075674],[80.273954,13.075698],[80.273953,13.075722],[80.273954,13.075746],[80.273954,13.07577],[80.273951,13.075793],[80.273945,13.075817],[80.273937,13.075839],[80.273926,13.075861],[80.27392,13.075869],[80.273915,13.075879],[80.273913,13.075889],[80.273914,13.075908],[80.273913,13.075926],[80.273908,13.075944],[80.273901,13.075961],[80.273889,13.075994],[80.273879,13.076028],[80.27387,13.076062],[80.27387,13.07607],[80.273871,13.076078],[80.273875,13.076085],[80.27388,13.076092],[80.273887,13.076096],[80.273894,13.0761],[80.273901,13.076106],[80.273905,13.076113],[80.273909,13.076121],[80.273904,13.076127],[80.273898,13.076132],[80.273891,13.076135],[80.273879,13.076141],[80.273869,13.076148],[80.27386,13.076158],[80.273853,13.076168],[80.273848,13.07618],[80.273839,13.076266],[80.27384,13.076289],[80.273836,13.076382],[80.273824,13.076438],[80.27381,13.076493],[80.273794,13.076548],[80.273772,13.076666],[80.273767,13.076695],[80.273761,13.076724],[80.273751,13.076752],[80.273738,13.076781],[80.273727,13.07681],[80.273718,13.076841],[80.273711,13.076872],[80.273705,13.076903],[80.273703,13.076934],[80.273704,13.076965],[80.273708,13.076996],[80.273711,13.077008],[80.273705,13.077043],[80.273693,13.077069],[80.27367,13.077107],[80.273646,13.077133],[80.273535,13.077253],[80.273499,13.077305],[80.273496,13.077321],[80.273494,13.077336],[80.273483,13.07735],[80.273374,13.077509],[80.273269,13.077672],[80.273264,13.077687],[80.273258,13.0777],[80.273255,13.0777],[80.273249,13.077702],[80.273243,13.077712],[80.273166,13.077817],[80.273144,13.077845],[80.273085,13.077918],[80.272942,13.078078],[80.272931,13.078086],[80.272919,13.078095],[80.272906,13.078112],[80.272891,13.078141],[80.272882,13.07815],[80.272856,13.078166],[80.272836,13.078179],[80.272824,13.078188],[80.272761,13.078239],[80.27273,13.078254],[80.272706,13.078266],[80.272693,13.078277],[80.272686,13.078286],[80.272676,13.078293],[80.272586,13.078351],[80.272568,13.078357],[80.272558,13.078358],[80.272549,13.078365],[80.272531,13.078372],[80.272503,13.078389],[80.272479,13.078402],[80.272439,13.078428],[80.272426,13.078438],[80.272419,13.078447],[80.272412,13.078452],[80.272398,13.078454],[80.272377,13.078471],[80.272366,13.078475],[80.272359,13.078479],[80.272341,13.078481],[80.272315,13.078493],[80.272302,13.078502],[80.272282,13.078513],[80.272261,13.078515],[80.272234,13.078522],[80.272212,13.078527],[80.272198,13.078527],[80.272181,13.07853],[80.272163,13.078535],[80.272148,13.078549],[80.27214,13.078557],[80.272124,13.078563],[80.272103,13.078567],[80.272077,13.078582],[80.271993,13.078611],[80.271952,13.078632],[80.271927,13.078646],[80.271855,13.078674],[80.271835,13.078683],[80.271818,13.078694],[80.271802,13.078702],[80.271791,13.078708],[80.271782,13.078718],[80.271765,13.078731],[80.271752,13.078736],[80.271731,13.078742],[80.271707,13.078748],[80.27169,13.078751],[80.271675,13.07876],[80.27162,13.078796],[80.271586,13.078814],[80.271533,13.078831],[80.271503,13.078847],[80.271485,13.078857],[80.27147,13.078859],[80.271462,13.078862],[80.271449,13.078867],[80.27144,13.07887],[80.271427,13.07887],[80.271423,13.078876],[80.271404,13.078892],[80.271378,13.078902],[80.271377,13.078902],[80.271357,13.078909],[80.271337,13.078909],[80.271322,13.078911],[80.271296,13.078924],[80.271266,13.07893],[80.271254,13.078929],[80.271233,13.078932],[80.271216,13.078946],[80.271191,13.078956],[80.271171,13.078959],[80.27114,13.078962],[80.27111,13.078966],[80.271083,13.078972],[80.271029,13.079006],[80.270937,13.079057],[80.270811,13.079128],[80.27044,13.079297],[80.270145,13.079451],[80.269738,13.079591],[80.269304,13.079661],[80.268785,13.079647],[80.268294,13.079521],[80.26786,13.079339],[80.267397,13.079059],[80.267297,13.078959],[80.267204,13.078837],[80.267121,13.07874],[80.267082,13.078689],[80.267034,13.078609],[80.266978,13.078536],[80.266891,13.078455],[80.266853,13.078426],[80.266844,13.078413],[80.26684,13.078401],[80.266835,13.078373],[80.26683,13.078351],[80.266817,13.078313],[80.266804,13.078278],[80.26679,13.078238],[80.266776,13.078201],[80.266767,13.078176],[80.266762,13.078164],[80.266748,13.078124],[80.266736,13.078093],[80.266734,13.078077],[80.266735,13.078065],[80.266733,13.078049],[80.26673,13.078029],[80.266722,13.078011],[80.266701,13.077985],[80.266694,13.077958],[80.266691,13.077933],[80.266671,13.077886],[80.266646,13.077794],[80.266574,13.077651],[80.266567,13.077619],[80.266556,13.077585],[80.266537,13.077542],[80.266515,13.077498],[80.266501,13.077474],[80.26649,13.077437],[80.266478,13.077389],[80.266469,13.077346],[80.266463,13.077299],[80.26645,13.077247],[80.266441,13.077205],[80.266436,13.077165],[80.266425,13.077121],[80.266413,13.077071],[80.266404,13.077031],[80.266373,13.076843],[80.266275,13.076478],[80.266107,13.075945],[80.266009,13.075441],[80.266023,13.074978],[80.266149,13.074347],[80.266383,13.073907],[80.266451,13.073819],[80.266522,13.073724],[80.266549,13.073689],[80.266562,13.073678],[80.266581,13.073665],[80.266594,13.073658],[80.266612,13.073644],[80.266626,13.073627],[80.266637,13.073611],[80.266646,13.073598],[80.266655,13.07359],[80.266666,13.073587],[80.266681,13.073577],[80.266694,13.073565],[80.26672,13.073548],[80.266734,13.073534],[80.26674,13.073522],[80.266754,13.073492],[80.266762,13.073475],[80.266773,13.073456],[80.266781,13.073448],[80.266783,13.073446],[80.266804,13.073432],[80.266823,13.073424],[80.266831,13.073416],[80.266832,13.073409],[80.266829,13.073404],[80.26682,13.0734],[80.266818,13.073394],[80.266821,13.073385],[80.266824,13.073377],[80.26683,13.073369],[80.266839,13.073368],[80.266852,13.073365],[80.266863,13.073366],[80.266874,13.07336],[80.266881,13.073351],[80.266902,13.073308],[80.266915,13.073289],[80.26694,13.073266],[80.266957,13.073252],[80.266981,13.073224],[80.266985,13.073217],[80.266998,13.0732],[80.267009,13.07319],[80.267016,13.073188],[80.26703,13.073176],[80.267052,13.073166],[80.267068,13.073152],[80.26709,13.073127],[80.267095,13.073118],[80.267096,13.07311],[80.267097,13.073096],[80.267105,13.073089],[80.267114,13.07309],[80.26713,13.073088],[80.267139,13.073076],[80.267152,13.073062],[80.267168,13.073049],[80.267182,13.073037],[80.267198,13.073005],[80.267202,13.072993],[80.267202,13.072984],[80.267202,13.072979],[80.267205,13.07297],[80.267216,13.072968],[80.267227,13.072967],[80.267241,13.072956],[80.267252,13.072942],[80.267264,13.072925],[80.267272,13.072918],[80.267291,13.072912],[80.267319,13.072897],[80.26734,13.072883],[80.26736,13.072866],[80.267399,13.072819],[80.267447,13.072757],[80.267475,13.072722],[80.267485,13.072713],[80.267513,13.07269],[80.267545,13.072668],[80.267566,13.072653],[80.267592,13.072633],[80.267606,13.072616],[80.267619,13.072595],[80.267623,13.072575],[80.267625,13.072548],[80.267627,13.072528],[80.267632,13.072515],[80.267641,13.072506],[80.267658,13.072502],[80.267696,13.072499],[80.267712,13.072494],[80.267729,13.072482],[80.26775,13.072462],[80.267763,13.072443],[80.267778,13.072423],[80.267795,13.072408],[80.267814,13.072386],[80.267858,13.072341],[80.267884,13.072305],[80.267889,13.072294],[80.267889,13.072282],[80.267904,13.072262],[80.267913,13.072257],[80.267935,13.072247],[80.267953,13.072239],[80.267977,13.072225],[80.268029,13.072172],[80.268041,13.072166],[80.268048,13.072158],[80.268057,13.072145],[80.268065,13.072132],[80.268087,13.072099],[80.2681,13.07208],[80.268114,13.07207],[80.268129,13.072051],[80.268142,13.072036],[80.268174,13.072012],[80.268182,13.072001],[80.26819,13.071981],[80.268207,13.071949],[80.268217,13.071943],[80.268232,13.071937],[80.268254,13.071931],[80.268276,13.071921],[80.268291,13.071907],[80.268317,13.071879],[80.268337,13.071863],[80.268351,13.071848],[80.268358,13.071835],[80.268376,13.071806],[80.268412,13.071765],[80.268431,13.071742],[80.268444,13.071721],[80.26846,13.071702],[80.268485,13.071686],[80.268503,13.071672],[80.268518,13.071656],[80.268536,13.071626],[80.268541,13.071616],[80.268546,13.071605],[80.268545,13.071593],[80.268541,13.071583],[80.268538,13.071576],[80.268536,13.071565],[80.268538,13.071549],[80.268545,13.071536],[80.268556,13.071523],[80.268564,13.071518],[80.268578,13.071513],[80.268592,13.071507],[80.268603,13.071505],[80.268618,13.071498],[80.268625,13.071491],[80.268629,13.07148],[80.268636,13.071468],[80.268642,13.071462],[80.268652,13.071452],[80.268658,13.071443],[80.268662,13.071433],[80.268667,13.071423],[80.268679,13.071416],[80.268697,13.071413],[80.26871,13.07141],[80.268727,13.071401],[80.26874,13.071388],[80.268756,13.071373],[80.268778,13.071341],[80.268785,13.071327],[80.2688,13.071309],[80.268812,13.071296],[80.268823,13.071286],[80.268826,13.071274],[80.268821,13.07126],[80.268811,13.071243],[80.26879,13.071221],[80.268783,13.071212],[80.268783,13.071197],[80.268788,13.071186],[80.268796,13.071181],[80.268809,13.071178],[80.268825,13.071184],[80.268839,13.071187],[80.268862,13.071185],[80.268877,13.07118],[80.268889,13.071161],[80.268898,13.071152],[80.268932,13.071088],[80.268946,13.071058],[80.268952,13.071029],[80.268955,13.071006],[80.268959,13.070979],[80.268959,13.070957],[80.268964,13.070937],[80.268977,13.07092],[80.268993,13.070897],[80.26901,13.070874],[80.269019,13.070853],[80.269027,13.070832],[80.26903,13.070819],[80.269049,13.07079],[80.269084,13.07074],[80.269109,13.07071],[80.269133,13.070688],[80.26914,13.070672],[80.269147,13.070653],[80.269168,13.070601],[80.26917,13.070584],[80.269172,13.070559],[80.269178,13.070529],[80.269191,13.070503],[80.269199,13.070479],[80.269207,13.070458],[80.269212,13.070441],[80.269217,13.070413],[80.269217,13.070389],[80.269216,13.070365],[80.269218,13.070344],[80.269221,13.070326],[80.269225,13.070312],[80.269239,13.070294],[80.269248,13.070285],[80.269272,13.070269],[80.269283,13.07026],[80.269293,13.070244],[80.269293,13.070235],[80.269294,13.070219],[80.269301,13.070201],[80.269311,13.070187],[80.269318,13.070171],[80.269323,13.070152],[80.269326,13.070131],[80.269327,13.07011],[80.269336,13.070091],[80.269339,13.070081],[80.269347,13.070057],[80.269352,13.070037],[80.269353,13.070025],[80.269352,13.070024],[80.269348,13.070022],[80.26934,13.070027],[80.269333,13.070032],[80.269327,13.070036],[80.269323,13.070031],[80.269314,13.070019],[80.269308,13.070009],[80.269306,13.069993],[80.269309,13.06998],[80.269316,13.069966],[80.269329,13.069961],[80.269344,13.069954],[80.269351,13.069947],[80.269361,13.069931],[80.269375,13.069902],[80.269383,13.069893],[80.269398,13.069888],[80.26941,13.069883],[80.269419,13.069867],[80.269421,13.06985],[80.269426,13.069801],[80.269428,13.069774],[80.269432,13.069751],[80.269433,13.069736],[80.269427,13.069721],[80.269423,13.069708],[80.269421,13.069685],[80.26942,13.069664],[80.269422,13.069606],[80.269425,13.069576],[80.269433,13.069562],[80.269439,13.069534],[80.269444,13.069507],[80.269447,13.069484],[80.269456,13.069425],[80.269459,13.069399],[80.269459,13.069395],[80.269454,13.069393],[80.269448,13.069395],[80.26944,13.0694],[80.269436,13.069394],[80.269438,13.06938],[80.269445,13.069362],[80.269453,13.069351],[80.26946,13.069331],[80.269461,13.069321],[80.26946,13.069313],[80.269455,13.06931],[80.269445,13.06931],[80.26944,13.0693],[80.269445,13.069285],[80.269452,13.069267],[80.269457,13.069251],[80.269464,13.069237],[80.269463,13.069219],[80.269463,13.069196],[80.269449,13.069123],[80.269444,13.069104],[80.269441,13.069099],[80.269432,13.069095],[80.269422,13.069095],[80.269414,13.069092],[80.269407,13.069084],[80.26941,13.069071],[80.269458,13.069017],[80.269451,13.069003],[80.269423,13.068831],[80.269382,13.068645],[80.269292,13.068479],[80.269209,13.068148],[80.269065,13.067948],[80.26894,13.067713],[80.268713,13.067541],[80.268471,13.067389],[80.268306,13.06732],[80.268089,13.067256],[80.267635,13.067113],[80.266614,13.066953],[80.265507,13.066749],[80.264355,13.066675],[80.263422,13.066443],[80.262432,13.06604],[80.261705,13.065495],[80.261225,13.064907],[80.261096,13.064149],[80.261082,13.064135],[80.260894,13.063463],[80.260894,13.06342],[80.260749,13.063176],[80.2604,13.062704],[80.260095,13.06236],[80.259659,13.061929],[80.259208,13.061542],[80.258466,13.061068],[80.257974,13.060943],[80.257446,13.060894],[80.256906,13.061064],[80.256365,13.06152],[80.256028,13.062005],[80.255761,13.062619],[80.255749,13.062647],[80.255567,13.063316],[80.255542,13.063735],[80.255594,13.064625],[80.255537,13.065418],[80.255416,13.065718],[80.254812,13.06666],[80.254373,13.067238],[80.254066,13.067537],[80.253243,13.068446],[80.25254,13.069248],[80.251904,13.069729],[80.250798,13.070454],[80.250096,13.070828],[80.249648,13.070955],[80.249144,13.070986],[80.248587,13.070845],[80.247866,13.070553],[80.24744,13.070359],[80.246665,13.069939],[80.245879,13.069507],[80.244994,13.069012],[80.24411,13.068516],[80.243247,13.068213],[80.242515,13.067954],[80.241881,13.067705],[80.241095,13.067413],[80.240341,13.067089],[80.239336,13.066636],[80.238845,13.066399],[80.238517,13.066226],[80.238157,13.066161],[80.237621,13.066138],[80.236888,13.066168],[80.236374,13.066252],[80.23587,13.066454],[80.235377,13.066667],[80.235081,13.066902],[80.234654,13.067255],[80.234357,13.067544],[80.234083,13.067768],[80.233853,13.067853],[80.233569,13.067927],[80.233317,13.067905],[80.233055,13.067861],[80.232836,13.067882],[80.232672,13.067914],[80.232453,13.06787],[80.232191,13.067859],[80.232005,13.067976],[80.231803,13.068031],[80.231619,13.068052],[80.231607,13.068051],[80.23158,13.068051],[80.231516,13.068028],[80.231477,13.068015],[80.231443,13.068009],[80.231415,13.067999],[80.231394,13.067996],[80.231352,13.067999],[80.231273,13.068004],[80.231216,13.068001],[80.231179,13.067997],[80.231134,13.067989],[80.231097,13.067983],[80.231085,13.067981],[80.231064,13.067986],[80.231034,13.068001],[80.231017,13.068009],[80.231,13.068014],[80.23097,13.068013],[80.230952,13.068005],[80.230942,13.068],[80.230925,13.067999],[80.230879,13.067996],[80.230854,13.067991],[80.230835,13.067978],[80.230816,13.067974],[80.230784,13.067972],[80.230768,13.067967],[80.230757,13.067957],[80.230736,13.067939],[80.230716,13.067924],[80.230695,13.067917],[80.230667,13.067915],[80.230613,13.067905],[80.23056,13.067895],[80.230516,13.067885],[80.230494,13.067877],[80.230478,13.067865],[80.230453,13.067864],[80.230427,13.067857],[80.230404,13.067855],[80.230389,13.067849],[80.230368,13.067841],[80.230356,13.067836],[80.230341,13.06783],[80.230285,13.067819],[80.230214,13.067792],[80.230116,13.067779],[80.230084,13.067774],[80.230074,13.067777],[80.23006,13.067778],[80.230046,13.06778],[80.230032,13.067785],[80.230017,13.067779],[80.23001,13.067771],[80.229987,13.067765],[80.229963,13.067765],[80.229948,13.067757],[80.229945,13.067752],[80.22994,13.067747],[80.229932,13.067745],[80.229904,13.06775],[80.229869,13.067755],[80.229819,13.067752],[80.229763,13.067732],[80.229696,13.067712],[80.229628,13.067696],[80.229563,13.06766],[80.229499,13.067659],[80.229407,13.067658],[80.229328,13.06766],[80.229258,13.067684],[80.229198,13.067722],[80.229164,13.067732],[80.229145,13.067739],[80.229119,13.06776],[80.229079,13.067794],[80.228943,13.067892],[80.22887,13.067939],[80.228793,13.067973],[80.228715,13.067999],[80.228604,13.068054],[80.22856,13.068082],[80.228503,13.068118],[80.228433,13.068171],[80.228378,13.068221],[80.228358,13.06825],[80.228352,13.068318],[80.228353,13.068398],[80.22834,13.068532],[80.228342,13.06859],[80.228342,13.068645],[80.228361,13.068712],[80.228373,13.068835],[80.22839,13.068921],[80.228417,13.069009],[80.228439,13.069069],[80.228465,13.069117],[80.228484,13.069156],[80.228499,13.069191],[80.228517,13.069225],[80.228545,13.069255],[80.228588,13.069281],[80.228607,13.069316],[80.228643,13.069358],[80.228663,13.069408],[80.228705,13.069492],[80.22873,13.069534],[80.228755,13.069564],[80.228789,13.069586],[80.228817,13.069602],[80.228858,13.069623],[80.228899,13.069641],[80.228945,13.069663],[80.228996,13.069694],[80.229061,13.069731],[80.229107,13.069767],[80.229132,13.069791],[80.229173,13.069826],[80.229235,13.069891],[80.229288,13.069947],[80.229307,13.069965],[80.229366,13.070022],[80.22939,13.070048],[80.229413,13.070077],[80.22943,13.070112],[80.229443,13.070142],[80.229457,13.070171],[80.229477,13.070205],[80.229503,13.07024],[80.22953,13.070273],[80.229552,13.0703],[80.229576,13.070345],[80.229576,13.070366],[80.229583,13.070392],[80.229605,13.070427],[80.229621,13.070516],[80.22965,13.070562],[80.229669,13.070587],[80.229681,13.070619],[80.22968,13.070647],[80.229679,13.070678],[80.229683,13.070767],[80.229679,13.070872],[80.229695,13.070967],[80.229709,13.071016],[80.229724,13.07108],[80.229729,13.071128],[80.229728,13.07119],[80.229732,13.071329],[80.229727,13.071462],[80.229708,13.071576],[80.229675,13.071675],[80.229624,13.071803],[80.229568,13.071887],[80.229495,13.071965],[80.229418,13.072041],[80.22935,13.072088],[80.22924,13.07214],[80.229156,13.072197],[80.229084,13.072216],[80.229027,13.07222],[80.228953,13.072221],[80.2289,13.07222],[80.228774,13.07218],[80.228659,13.072147],[80.228558,13.072132],[80.228407,13.072129],[80.228319,13.072124],[80.228228,13.072108],[80.228094,13.072087],[80.227914,13.072064],[80.227855,13.072035],[80.227719,13.071995],[80.227567,13.071952],[80.227414,13.071927],[80.227263,13.07191],[80.227177,13.0719],[80.227077,13.071899],[80.226976,13.071904],[80.226892,13.071908],[80.226848,13.071912],[80.226811,13.071909],[80.22678,13.071897],[80.226723,13.071877],[80.226655,13.071864],[80.226545,13.071837],[80.226439,13.071837],[80.226372,13.071842],[80.22629,13.071833],[80.226239,13.071837],[80.226199,13.071833],[80.226015,13.07182],[80.225798,13.071812],[80.225692,13.071799],[80.225542,13.071779],[80.225447,13.071759],[80.2254,13.071759],[80.225344,13.071753],[80.225286,13.071735],[80.22528,13.071729],[80.22526,13.071709],[80.225222,13.071681],[80.225186,13.07166],[80.225156,13.071645],[80.225124,13.071633],[80.225088,13.071627],[80.225059,13.07163],[80.225024,13.07163],[80.224977,13.071623],[80.224934,13.071615],[80.224896,13.071606],[80.224858,13.071605],[80.224821,13.071604],[80.224783,13.071607],[80.224758,13.071614],[80.224744,13.071625],[80.224734,13.07164],[80.224718,13.071653],[80.224679,13.071663],[80.224625,13.071664],[80.224573,13.071662],[80.224535,13.071655],[80.224514,13.071648],[80.224497,13.071639],[80.224469,13.071635],[80.224427,13.071641],[80.224356,13.071652],[80.224274,13.071663],[80.224084,13.071707],[80.223911,13.071758],[80.22383,13.071791],[80.223768,13.071804],[80.223644,13.071836],[80.223564,13.071856],[80.223406,13.071899],[80.223327,13.07191],[80.223287,13.071917],[80.22325,13.071932],[80.223205,13.071955],[80.223155,13.071981],[80.223126,13.072007],[80.223099,13.07203],[80.22306,13.072056],[80.223019,13.072078],[80.222983,13.072086],[80.222948,13.07209],[80.222898,13.072098],[80.222866,13.072111],[80.222847,13.072126],[80.222829,13.072153],[80.222823,13.072182],[80.222809,13.072203],[80.222784,13.072225],[80.222744,13.072249],[80.222707,13.072269],[80.222675,13.072293],[80.222661,13.072307],[80.22265,13.072325],[80.222647,13.07235],[80.222633,13.072401],[80.222618,13.072434],[80.222586,13.072477],[80.222539,13.072535],[80.222511,13.072569],[80.222496,13.072602],[80.222488,13.072629],[80.222487,13.072652],[80.222494,13.072701],[80.222484,13.072729],[80.222447,13.072811],[80.222415,13.07287],[80.22241,13.072909],[80.2224,13.07296],[80.222381,13.072995],[80.222351,13.07303],[80.222324,13.073055],[80.222315,13.073071],[80.222287,13.073128],[80.222251,13.073162],[80.222208,13.073211],[80.222179,13.073257],[80.222158,13.073282],[80.222132,13.073297],[80.222116,13.073312],[80.222114,13.073326],[80.222124,13.073337],[80.222134,13.073343],[80.222148,13.073363],[80.222153,13.073409],[80.222168,13.07347],[80.222161,13.07351],[80.22213,13.073558],[80.222115,13.073581],[80.222097,13.073605],[80.222065,13.073628],[80.22203,13.073654],[80.221999,13.073692],[80.221982,13.073734],[80.221962,13.073835],[80.221935,13.073987],[80.22193,13.074031],[80.221932,13.074049],[80.221941,13.074059],[80.221998,13.074134],[80.222012,13.074169],[80.222016,13.074194],[80.222017,13.074199],[80.222038,13.074397],[80.222039,13.074446],[80.222039,13.074464],[80.22204,13.074484],[80.222048,13.07452],[80.222055,13.074549],[80.222052,13.074572],[80.22204,13.074589],[80.222024,13.07459],[80.222014,13.07459],[80.222009,13.074597],[80.222011,13.074627],[80.222029,13.074676],[80.222052,13.074733],[80.222055,13.074765],[80.222052,13.074798],[80.222042,13.074824],[80.222025,13.074851],[80.222006,13.074907],[80.221998,13.074967],[80.221996,13.075014],[80.222006,13.075043],[80.222015,13.075063],[80.22203,13.075101],[80.22205,13.075131],[80.222051,13.075158],[80.222054,13.075188],[80.222065,13.075236],[80.222069,13.075282],[80.222078,13.075307],[80.222088,13.075357],[80.222091,13.075394],[80.222089,13.075461],[80.222084,13.075567],[80.22208,13.075608],[80.222082,13.075647],[80.222066,13.075682],[80.222043,13.075738],[80.222034,13.075784],[80.222016,13.075821],[80.221985,13.075902],[80.221964,13.075954],[80.221934,13.075996],[80.221916,13.076034],[80.221901,13.076083],[80.221881,13.07614],[80.221857,13.076174],[80.221829,13.076222],[80.221803,13.076274],[80.221776,13.076374],[80.221755,13.076447],[80.221754,13.076473],[80.221754,13.076506],[80.221755,13.076529],[80.221742,13.076549],[80.221718,13.076577],[80.221692,13.0766],[80.221677,13.076627],[80.221663,13.076668],[80.221645,13.07672],[80.221621,13.076756],[80.221585,13.076788],[80.221533,13.076832],[80.221487,13.076889],[80.221452,13.076939],[80.221431,13.076992],[80.221419,13.077032],[80.221403,13.077063],[80.221385,13.077083],[80.221359,13.077093],[80.221313,13.077112],[80.221288,13.077126],[80.22128,13.077132],[80.221278,13.07715],[80.221274,13.077177],[80.221259,13.077198],[80.22123,13.077223],[80.221165,13.077257],[80.221133,13.077297],[80.221085,13.077354],[80.22101,13.077434],[80.22096,13.077503],[80.22091,13.077573],[80.220868,13.077636],[80.220832,13.077693],[80.220774,13.077761],[80.220747,13.077785],[80.220717,13.077812],[80.220694,13.077844],[80.220649,13.077908],[80.22064,13.077921],[80.220547,13.07806],[80.220428,13.078178],[80.220365,13.078259],[80.220288,13.078396],[80.220205,13.078525],[80.220187,13.078563],[80.220182,13.078619],[80.220167,13.078641],[80.22014,13.078659],[80.22012,13.078673],[80.220071,13.078784],[80.219952,13.078979],[80.219943,13.078999],[80.219938,13.079033],[80.219931,13.079063],[80.219925,13.079087],[80.219912,13.079115],[80.219896,13.079139],[80.219878,13.079154],[80.219863,13.079166],[80.219849,13.079175],[80.219835,13.07918],[80.219824,13.079185],[80.219807,13.079194],[80.219781,13.079212],[80.219757,13.079229],[80.219741,13.079244],[80.219722,13.079264],[80.219691,13.079299],[80.219625,13.079382],[80.219596,13.079407],[80.219577,13.079418],[80.219565,13.07943],[80.219548,13.079451],[80.219516,13.079475],[80.219483,13.079504],[80.219448,13.079527],[80.219415,13.079572],[80.219395,13.079597],[80.21937,13.07963],[80.219356,13.079646],[80.219342,13.079653],[80.219327,13.079658],[80.219317,13.07967],[80.219308,13.079685],[80.219297,13.079693],[80.219265,13.079712],[80.219234,13.07973],[80.219182,13.079771],[80.219174,13.079781],[80.219166,13.079793],[80.219157,13.079807],[80.219148,13.079837],[80.219133,13.079869],[80.219122,13.079883],[80.219101,13.079894],[80.219084,13.079898],[80.219069,13.079896],[80.219059,13.079893],[80.219053,13.079893],[80.219052,13.079896],[80.219052,13.079898],[80.219053,13.079912],[80.219053,13.079924],[80.21905,13.079937],[80.219044,13.079945],[80.219038,13.079953],[80.219031,13.07996],[80.219024,13.079964],[80.219016,13.079966],[80.219009,13.079966],[80.219006,13.079967],[80.219003,13.079972],[80.218999,13.079981],[80.218999,13.079998],[80.218998,13.080014],[80.218997,13.08003],[80.218992,13.080043],[80.218984,13.080051],[80.218969,13.080059],[80.218962,13.080062],[80.218946,13.080065],[80.218932,13.080067],[80.218925,13.080072],[80.218923,13.080075],[80.218914,13.080086],[80.218904,13.080094],[80.218895,13.080102],[80.218854,13.080156],[80.218792,13.080229],[80.218753,13.080272],[80.218714,13.080315],[80.218686,13.08034],[80.218664,13.080357],[80.218636,13.080377],[80.218612,13.080389],[80.218561,13.080411],[80.218495,13.080438],[80.218442,13.080466],[80.218386,13.08048],[80.218339,13.080499],[80.218288,13.08051],[80.218236,13.080518],[80.218217,13.08052],[80.218197,13.080525],[80.218181,13.080535],[80.218161,13.080548],[80.21814,13.080566],[80.218128,13.080572],[80.218113,13.080576],[80.218091,13.080578],[80.218061,13.080577],[80.21803,13.080578],[80.21798,13.080587],[80.217932,13.080598],[80.217891,13.080607],[80.217865,13.08061],[80.217808,13.080609],[80.217793,13.080605],[80.217778,13.0806],[80.217763,13.08059],[80.217739,13.080572],[80.217724,13.080558],[80.217719,13.080552],[80.217708,13.080542],[80.217688,13.080533],[80.217672,13.08053],[80.217657,13.080536],[80.217649,13.080542],[80.217636,13.080545],[80.217617,13.080542],[80.217608,13.080535],[80.217596,13.080523],[80.217578,13.080512],[80.217561,13.080504],[80.217543,13.080505],[80.217533,13.080516],[80.217511,13.080522],[80.217494,13.080519],[80.217472,13.080509],[80.21746,13.080499],[80.21745,13.08048],[80.217441,13.080458],[80.21743,13.080439],[80.21742,13.080426],[80.217399,13.080417],[80.217385,13.080415],[80.21737,13.080416],[80.217351,13.08042],[80.217336,13.080427],[80.217322,13.080435],[80.217313,13.080437],[80.217309,13.080433],[80.217304,13.080426],[80.217298,13.080424],[80.217292,13.080425],[80.217277,13.080424],[80.217267,13.080417],[80.217258,13.080406],[80.217229,13.080401],[80.217208,13.0804],[80.217186,13.080389],[80.217174,13.08037],[80.217155,13.080366],[80.217148,13.080369],[80.21713,13.080374],[80.217112,13.080367],[80.217091,13.080348],[80.217071,13.080331],[80.21705,13.080326],[80.217034,13.080318],[80.217021,13.080318],[80.217009,13.080314],[80.216998,13.080303],[80.216987,13.080301],[80.216978,13.080305],[80.216965,13.080311],[80.216955,13.080311],[80.216944,13.080309],[80.216925,13.080302],[80.216906,13.080285],[80.216896,13.080271],[80.216883,13.080265],[80.216864,13.080268],[80.216856,13.080274],[80.216853,13.080281],[80.216851,13.080298],[80.216842,13.080304],[80.216836,13.080307],[80.21681,13.0803],[80.216786,13.080291],[80.216767,13.080275],[80.216759,13.080257],[80.216747,13.080253],[80.216741,13.080248],[80.216722,13.080234],[80.216701,13.080219],[80.216683,13.080208],[80.21666,13.080204],[80.21661,13.080161],[80.216575,13.080131],[80.216555,13.080117],[80.216536,13.080111],[80.216516,13.080111],[80.216502,13.080107],[80.216484,13.080091],[80.216459,13.08008],[80.216444,13.080077],[80.216421,13.080074],[80.216412,13.08007],[80.216396,13.080057],[80.216387,13.080045],[80.216373,13.080023],[80.216365,13.079996],[80.216356,13.079967],[80.216346,13.079944],[80.216335,13.079926],[80.216324,13.079919],[80.216303,13.079911],[80.216285,13.079895],[80.216272,13.07988],[80.21626,13.079857],[80.216241,13.079832],[80.216209,13.079804],[80.216171,13.079777],[80.216143,13.079754],[80.216131,13.079743],[80.216109,13.079711],[80.216067,13.079655],[80.216032,13.07961],[80.216015,13.079589],[80.215993,13.079556],[80.215986,13.079537],[80.21598,13.07952],[80.215979,13.079507],[80.215983,13.079494],[80.215988,13.079472],[80.215987,13.079457],[80.21597,13.079417],[80.21595,13.079391],[80.215938,13.079377],[80.215921,13.079348],[80.215894,13.079299],[80.215891,13.079279],[80.215893,13.079265],[80.215896,13.079251],[80.215897,13.07924],[80.215894,13.079225],[80.215889,13.079216],[80.21588,13.079205],[80.215866,13.079189],[80.215864,13.079175],[80.215872,13.079146],[80.21588,13.079091],[80.21588,13.079046],[80.215874,13.079018],[80.215869,13.079004],[80.215866,13.07899],[80.21586,13.078981],[80.215853,13.078973],[80.21585,13.078966],[80.215839,13.078944],[80.215832,13.078911],[80.215841,13.078842],[80.215844,13.07883],[80.215813,13.078747],[80.215809,13.07873],[80.215809,13.078697],[80.215814,13.078668],[80.215825,13.078641],[80.215832,13.078528],[80.215826,13.078457],[80.215823,13.07844],[80.215814,13.078428],[80.215812,13.078413],[80.215811,13.078402],[80.215845,13.078358],[80.215852,13.078323],[80.215854,13.078307],[80.215851,13.078291],[80.215831,13.078259],[80.215826,13.078242],[80.215829,13.078217],[80.215857,13.07817],[80.215874,13.078124],[80.215878,13.078112],[80.215873,13.078102],[80.215864,13.078082],[80.215846,13.078033],[80.215849,13.077992],[80.21586,13.077938],[80.215869,13.077869],[80.215863,13.077845],[80.215844,13.077822],[80.215822,13.077759],[80.215823,13.07772],[80.215835,13.07765],[80.215837,13.077613],[80.215838,13.077589],[80.21583,13.07756],[80.215819,13.077479],[80.215823,13.077454],[80.215821,13.077436],[80.215809,13.077419],[80.21579,13.077381],[80.215768,13.077304],[80.21576,13.077285],[80.215749,13.077271],[80.215725,13.077258],[80.215717,13.077241],[80.215714,13.077223],[80.215713,13.077177],[80.215717,13.077131],[80.215714,13.077121],[80.215707,13.07712],[80.215684,13.077123],[80.21567,13.077139],[80.215653,13.077146],[80.215636,13.077131],[80.21563,13.077129],[80.215603,13.077044],[80.215593,13.077031],[80.215562,13.077013],[80.215541,13.077004],[80.215514,13.07697],[80.215494,13.076941],[80.215482,13.07692],[80.215472,13.076898],[80.215459,13.07688],[80.215445,13.076866],[80.215426,13.076859],[80.215404,13.07684],[80.215354,13.076815],[80.215339,13.076794],[80.21529,13.076719],[80.215264,13.076695],[80.215238,13.076682],[80.215209,13.07668],[80.215174,13.076674],[80.215148,13.07664],[80.215134,13.076589],[80.215127,13.076565],[80.21511,13.076547],[80.21509,13.076535],[80.214947,13.076519],[80.214654,13.076491],[80.214637,13.076482],[80.214624,13.076464],[80.214616,13.076428],[80.214601,13.076399],[80.214585,13.076384],[80.214551,13.076373],[80.21452,13.076366],[80.214478,13.076377],[80.214414,13.076388],[80.214309,13.076413],[80.214197,13.076442],[80.214071,13.076466],[80.213965,13.076497],[80.213884,13.076515],[80.213743,13.076599],[80.213554,13.076726],[80.213464,13.076782],[80.213336,13.076877],[80.213293,13.076921],[80.213173,13.077016],[80.21306,13.077104],[80.21301,13.077134],[80.21293,13.077195],[80.212864,13.07725],[80.212804,13.077295],[80.212788,13.077337],[80.212784,13.077368],[80.212767,13.077422],[80.212672,13.077514],[80.212575,13.077606],[80.212483,13.077665],[80.212436,13.077685],[80.212357,13.077715],[80.21234,13.077725],[80.212334,13.077729],[80.212306,13.077723],[80.212239,13.077728],[80.212163,13.077758],[80.212131,13.077767],[80.212073,13.077772],[80.21193,13.077796],[80.211922,13.077802],[80.211882,13.077821],[80.211839,13.07783],[80.211811,13.077846],[80.211804,13.077857],[80.211793,13.077872],[80.211784,13.077873],[80.211768,13.077866],[80.21174,13.077852],[80.211681,13.077848],[80.21167,13.077852],[80.211652,13.077848],[80.21163,13.077845],[80.211577,13.077872],[80.211559,13.077877],[80.211544,13.077873],[80.21153,13.077878],[80.211514,13.077888],[80.211497,13.077897],[80.211486,13.077904],[80.211472,13.077908],[80.211462,13.077906],[80.211447,13.077892],[80.211438,13.077887],[80.211425,13.077889],[80.211417,13.07789],[80.211388,13.077897],[80.211357,13.077916],[80.211328,13.077932],[80.211307,13.077942],[80.211279,13.07795],[80.21125,13.077954],[80.211221,13.077955],[80.211189,13.077957],[80.211158,13.077965],[80.211143,13.077987],[80.211126,13.078009],[80.211109,13.078031],[80.211086,13.078047],[80.211067,13.078049],[80.211045,13.078043],[80.211016,13.078035],[80.210974,13.07803],[80.210936,13.078028],[80.210879,13.07803],[80.210836,13.07803],[80.210805,13.078037],[80.210753,13.078048],[80.210711,13.07807],[80.210687,13.078077],[80.210665,13.078075],[80.210643,13.078069],[80.210623,13.078076],[80.210593,13.078075],[80.210574,13.078066],[80.21056,13.078056],[80.210539,13.078052],[80.210492,13.078056],[80.210441,13.078075],[80.210418,13.078089],[80.210388,13.07811],[80.210349,13.078119],[80.210312,13.078127],[80.210291,13.07814],[80.210269,13.078155],[80.210229,13.07817],[80.210205,13.078182],[80.210181,13.078195],[80.210136,13.078208],[80.210086,13.078235],[80.210032,13.078261],[80.209977,13.07828],[80.20995,13.078276],[80.209935,13.078282],[80.209906,13.07831],[80.209891,13.078311],[80.209876,13.078306],[80.209858,13.078305],[80.209828,13.078314],[80.209802,13.07833],[80.209782,13.078333],[80.209754,13.078338],[80.209709,13.078346],[80.209686,13.078355],[80.209667,13.078369],[80.209649,13.078377],[80.209635,13.078374],[80.209599,13.078376],[80.209576,13.07838],[80.209559,13.078396],[80.20954,13.078408],[80.209521,13.078414],[80.209503,13.078412],[80.209485,13.078421],[80.209473,13.078429],[80.209438,13.078426],[80.209422,13.078421],[80.209377,13.078402],[80.209351,13.078392],[80.209329,13.078392],[80.209288,13.078399],[80.209274,13.078404],[80.209263,13.078417],[80.209252,13.078424],[80.209247,13.07842],[80.209236,13.078408],[80.209229,13.078397],[80.209218,13.078388],[80.209192,13.07838],[80.20917,13.078379],[80.20916,13.078381],[80.209145,13.07839],[80.209119,13.078407],[80.209087,13.078424],[80.209056,13.078434],[80.209037,13.07843],[80.209014,13.078419],[80.208987,13.078411],[80.20896,13.078407],[80.208929,13.078411],[80.208915,13.07842],[80.208898,13.078425],[80.20889,13.078421],[80.208889,13.078405],[80.208882,13.078389],[80.208873,13.078383],[80.208862,13.078377],[80.208848,13.078374],[80.208829,13.078375],[80.208816,13.078381],[80.208806,13.078393],[80.208796,13.078402],[80.208767,13.078407],[80.208736,13.078408],[80.208701,13.078405],[80.208681,13.078403],[80.208656,13.078404],[80.208627,13.078408],[80.208572,13.078417],[80.20854,13.078422],[80.208518,13.078425],[80.208479,13.078419],[80.20843,13.078413],[80.208399,13.078408],[80.208369,13.078405],[80.208347,13.078397],[80.208326,13.078394],[80.208311,13.078399],[80.208303,13.078412],[80.208287,13.078422],[80.208266,13.078424],[80.208244,13.078421],[80.208179,13.078403],[80.208125,13.078396],[80.208089,13.078395],[80.208053,13.078395],[80.208001,13.078396],[80.207954,13.078397],[80.207918,13.078388],[80.20789,13.078389],[80.207854,13.078399],[80.207824,13.078403],[80.207795,13.078399],[80.207769,13.07839],[80.207724,13.078396],[80.207685,13.078407],[80.207647,13.078404],[80.207616,13.078395],[80.207576,13.078384],[80.207536,13.07837],[80.207491,13.078361],[80.207441,13.078362],[80.207422,13.078354],[80.207409,13.078344],[80.207384,13.078335],[80.207348,13.078342],[80.207308,13.078333],[80.207284,13.078328],[80.207256,13.078331],[80.207212,13.078336],[80.207165,13.078341],[80.20712,13.078349],[80.20708,13.078355],[80.207056,13.078361],[80.207035,13.078359],[80.20702,13.078346],[80.207004,13.078333],[80.206987,13.078323],[80.206965,13.078316],[80.206946,13.078293],[80.206948,13.078275],[80.206948,13.078251],[80.206945,13.078236],[80.206938,13.078217],[80.206921,13.078197],[80.206907,13.078179],[80.206882,13.078169],[80.206856,13.078154],[80.206832,13.078125],[80.206813,13.078103],[80.206809,13.078099],[80.206777,13.078065],[80.206764,13.078053],[80.206741,13.078033],[80.206721,13.078015],[80.206691,13.077991],[80.206657,13.077964],[80.206625,13.077941],[80.206602,13.077935],[80.206576,13.077929],[80.206555,13.07795],[80.206534,13.077996],[80.20652,13.078011],[80.206496,13.078017],[80.206474,13.078016],[80.206445,13.078],[80.206412,13.07798],[80.206385,13.077976],[80.206346,13.077973],[80.20631,13.077961],[80.206277,13.077948],[80.206252,13.077928],[80.206241,13.07791],[80.206236,13.077897],[80.206228,13.077889],[80.206199,13.07788],[80.206169,13.077894],[80.206145,13.077896],[80.206125,13.077881],[80.206113,13.077862],[80.206093,13.077846],[80.206067,13.077838],[80.206046,13.077834],[80.206028,13.077837],[80.205994,13.077848],[80.205959,13.077861],[80.205921,13.077866],[80.2059,13.077875],[80.205876,13.07789],[80.205836,13.07789],[80.205821,13.07789],[80.205808,13.077895],[80.205781,13.077884],[80.205775,13.077875],[80.205758,13.077847],[80.205738,13.077805],[80.205726,13.077778],[80.205709,13.077751],[80.205689,13.077736],[80.205665,13.077732],[80.205641,13.077737],[80.205603,13.077739],[80.205573,13.077733],[80.205547,13.077716],[80.205518,13.077705],[80.205488,13.077675],[80.20544,13.077664],[80.205427,13.077673],[80.205393,13.077683],[80.20535,13.077686],[80.205303,13.077685],[80.205258,13.077672],[80.205228,13.07766],[80.205204,13.077651],[80.205165,13.077642],[80.205145,13.077641],[80.205111,13.077652],[80.205088,13.077662],[80.205056,13.077679],[80.20501,13.077695],[80.20496,13.077712],[80.204929,13.077723],[80.204902,13.077728],[80.204875,13.077721],[80.204834,13.077705],[80.2048,13.077692],[80.204757,13.077673],[80.204715,13.07765],[80.204648,13.077606],[80.204625,13.07759],[80.204602,13.077563],[80.204592,13.077548],[80.204568,13.077535],[80.204547,13.077526],[80.204522,13.077511],[80.204478,13.07752],[80.204448,13.077523],[80.20443,13.077522],[80.204403,13.077518],[80.2044,13.077513],[80.204391,13.077499],[80.204381,13.077482],[80.204371,13.077468],[80.204361,13.077455],[80.204347,13.077444],[80.204341,13.077439],[80.204321,13.077434],[80.2043,13.077433],[80.204286,13.077435],[80.204268,13.077433],[80.204253,13.077426],[80.204237,13.077421],[80.204221,13.077422],[80.20421,13.077431],[80.20419,13.077448],[80.204171,13.077468],[80.204143,13.077485],[80.204102,13.077507],[80.204074,13.07752],[80.204038,13.077534],[80.204005,13.07754],[80.203953,13.077542],[80.203914,13.077534],[80.203857,13.077531],[80.20383,13.077524],[80.203809,13.077508],[80.20379,13.07749],[80.203761,13.077481],[80.203739,13.077485],[80.203732,13.077493],[80.203728,13.077515],[80.203717,13.077542],[80.203697,13.077558],[80.203668,13.07757],[80.203632,13.077567],[80.203602,13.07757],[80.203579,13.077573],[80.203556,13.077583],[80.203539,13.077597],[80.20352,13.077611],[80.203506,13.077609],[80.203493,13.077594],[80.203484,13.077575],[80.203486,13.077551],[80.203494,13.077516],[80.203508,13.077486],[80.203531,13.077444],[80.203549,13.077408],[80.203561,13.077379],[80.203563,13.077364],[80.203552,13.077353],[80.203524,13.077354],[80.20348,13.077376],[80.203418,13.077412],[80.203374,13.07745],[80.203352,13.077453],[80.203322,13.077454],[80.203291,13.077439],[80.203261,13.077424],[80.203225,13.077406],[80.203212,13.077404],[80.203168,13.077406],[80.203132,13.077411],[80.203092,13.077412],[80.203063,13.07741],[80.203045,13.077407],[80.203015,13.0774],[80.202992,13.077402],[80.202964,13.077385],[80.202951,13.07737],[80.202942,13.077364],[80.202928,13.077368],[80.20291,13.077379],[80.202892,13.077398],[80.202873,13.077404],[80.202845,13.0774],[80.202831,13.077398],[80.202808,13.077383],[80.202793,13.077369],[80.202789,13.077367],[80.202781,13.077371],[80.202765,13.077387],[80.202738,13.077394],[80.202721,13.077393],[80.202696,13.077386],[80.202679,13.077386],[80.202641,13.077384],[80.202603,13.077384],[80.202584,13.077377],[80.202575,13.077374],[80.202553,13.077354],[80.202547,13.077335],[80.202544,13.077315],[80.202542,13.077298],[80.202541,13.077292],[80.202538,13.077282],[80.202518,13.077281],[80.202495,13.07729],[80.202488,13.07727],[80.202482,13.077255],[80.202476,13.077244],[80.202475,13.077242],[80.202465,13.077232],[80.202452,13.077233],[80.202431,13.077248],[80.202411,13.077256],[80.202399,13.077255],[80.202378,13.077243],[80.202362,13.07723],[80.202338,13.077218],[80.202314,13.077207],[80.202298,13.077204],[80.20228,13.077205],[80.202252,13.077211],[80.202228,13.077211],[80.202204,13.077207],[80.202198,13.077206],[80.202174,13.077204],[80.202139,13.077207],[80.202101,13.077197],[80.202079,13.077196],[80.202051,13.077201],[80.202031,13.077212],[80.202017,13.077231],[80.202,13.077246],[80.201974,13.077254],[80.201936,13.077253],[80.201915,13.077243],[80.201901,13.077226],[80.201893,13.07721],[80.201887,13.077201],[80.201866,13.0772],[80.20184,13.077202],[80.201811,13.077199],[80.20177,13.07719],[80.201745,13.077187],[80.201723,13.077189],[80.2017,13.077202],[80.20168,13.077202],[80.201662,13.077186],[80.201637,13.07718],[80.201623,13.077187],[80.201618,13.077199],[80.201613,13.077208],[80.201595,13.077224],[80.201572,13.077236],[80.201543,13.077236],[80.201516,13.077232],[80.201488,13.077228],[80.201465,13.077236],[80.201446,13.07724],[80.201418,13.077234],[80.201404,13.077226],[80.201389,13.077227],[80.201361,13.077223],[80.201336,13.077213],[80.201317,13.077194],[80.201306,13.077186],[80.201293,13.077192],[80.20127,13.077206],[80.201247,13.077213],[80.201218,13.077212],[80.201189,13.077201],[80.201165,13.077189],[80.201139,13.077185],[80.201128,13.077189],[80.201106,13.077211],[80.201099,13.07723],[80.201094,13.077254],[80.201084,13.07727],[80.201069,13.07728],[80.201054,13.077289],[80.201044,13.0773],[80.201044,13.077311],[80.201047,13.077323],[80.201061,13.077342],[80.201077,13.077359],[80.201091,13.077376],[80.2011,13.077398],[80.201104,13.077424],[80.201101,13.07745],[80.201091,13.077469],[80.201071,13.077479],[80.20104,13.077484],[80.200998,13.077488],[80.200945,13.077502],[80.200915,13.077511],[80.200893,13.077503],[80.200872,13.077476],[80.200853,13.077465],[80.200829,13.077466],[80.200803,13.077481],[80.200786,13.077499],[80.200777,13.077521],[80.200764,13.077537],[80.200741,13.077546],[80.200718,13.077555],[80.200706,13.077566],[80.200707,13.07758],[80.200709,13.077595],[80.200694,13.07761],[80.200676,13.077616],[80.200658,13.077613],[80.200641,13.077605],[80.200626,13.077595],[80.200605,13.0776],[80.200595,13.077613],[80.200586,13.077631],[80.20057,13.077654],[80.200518,13.077701],[80.200499,13.077722],[80.200482,13.077737],[80.200461,13.077754],[80.200426,13.077767],[80.200391,13.077777],[80.200348,13.07779],[80.200269,13.077811],[80.200235,13.077811],[80.200193,13.077808],[80.200154,13.077815],[80.20012,13.077825],[80.200082,13.077837],[80.200041,13.077851],[80.200011,13.077865],[80.199956,13.077879],[80.199925,13.077882],[80.199899,13.077879],[80.199863,13.077855],[80.199825,13.077819],[80.199803,13.077789],[80.19979,13.077771],[80.199769,13.07776],[80.199717,13.077742],[80.199679,13.077743],[80.199645,13.07775],[80.199621,13.077762],[80.199612,13.077786],[80.199619,13.077805],[80.199631,13.077822],[80.199631,13.077842],[80.19962,13.077856],[80.199609,13.077858],[80.199587,13.077852],[80.199571,13.077855],[80.199553,13.077869],[80.199524,13.0779],[80.199471,13.07795],[80.199454,13.077962],[80.199451,13.077964],[80.199418,13.07796],[80.199363,13.077956],[80.199305,13.077954],[80.199261,13.077956],[80.199209,13.077958],[80.199181,13.077955],[80.199148,13.077943],[80.198921,13.07775],[80.198886,13.077732],[80.198837,13.077732],[80.198794,13.077734],[80.198765,13.077722],[80.198751,13.077705],[80.198745,13.077675],[80.198749,13.077657],[80.198748,13.077651],[80.198723,13.077646],[80.198694,13.077645],[80.198682,13.077649],[80.198675,13.077663],[80.198672,13.077682],[80.198667,13.077706],[80.198647,13.07774],[80.198624,13.077765],[80.19859,13.077788],[80.198559,13.077801],[80.198509,13.077809],[80.198486,13.077813],[80.198479,13.077821],[80.19848,13.07783],[80.198484,13.077852],[80.198482,13.077882],[80.198473,13.077913],[80.198462,13.077932],[80.19844,13.07794],[80.1984,13.077943],[80.198369,13.077934],[80.198343,13.077922],[80.198326,13.077918],[80.198308,13.077928],[80.198282,13.077944],[80.198253,13.077971],[80.198195,13.078015],[80.198163,13.078046],[80.198121,13.078074],[80.198082,13.07809],[80.198062,13.078102],[80.198056,13.078117],[80.198068,13.078205],[80.198095,13.078206],[80.198123,13.078211],[80.198132,13.078218],[80.198133,13.078235],[80.198137,13.078256],[80.198145,13.078285],[80.198146,13.078306],[80.198138,13.078326],[80.198116,13.078345],[80.198096,13.078353],[80.198088,13.078363],[80.198099,13.078425],[80.19805,13.078437],[80.198044,13.078435],[80.198026,13.078352],[80.198004,13.078306],[80.197982,13.078288],[80.197965,13.078271],[80.197946,13.078243],[80.197927,13.078208],[80.197915,13.078168],[80.197899,13.078129],[80.197858,13.078083],[80.197838,13.07806],[80.197823,13.078061],[80.1978,13.078072],[80.19777,13.078077],[80.19775,13.078081],[80.197733,13.078101],[80.197694,13.078134],[80.197665,13.078155],[80.197642,13.078167],[80.197613,13.078173],[80.197589,13.078174],[80.197588,13.078174],[80.197539,13.078166],[80.197481,13.078168],[80.197443,13.07818],[80.197404,13.07819],[80.197368,13.078186],[80.19735,13.078167],[80.19734,13.07815],[80.197331,13.078148],[80.197324,13.078155],[80.197297,13.078166],[80.197264,13.07817],[80.197238,13.078165],[80.197223,13.078156],[80.197205,13.078148],[80.197185,13.078155],[80.197162,13.078165],[80.197128,13.078172],[80.197096,13.07817],[80.197065,13.078157],[80.197009,13.078142],[80.196987,13.078145],[80.19697,13.078155],[80.19696,13.078163],[80.196962,13.078178],[80.19697,13.078192],[80.196967,13.078205],[80.196951,13.078217],[80.196915,13.078227],[80.196878,13.078234],[80.196852,13.078234],[80.196814,13.078235],[80.196778,13.078239],[80.19672,13.078254],[80.196589,13.078271],[80.196551,13.078274],[80.196504,13.078287],[80.196456,13.078293],[80.196416,13.07829],[80.196388,13.078279],[80.196375,13.078277],[80.196368,13.078282],[80.196346,13.078354],[80.196329,13.078365],[80.196316,13.078366],[80.196295,13.07836],[80.196272,13.07836],[80.196223,13.078359],[80.196199,13.078361],[80.196157,13.078374],[80.196067,13.078398],[80.196019,13.078406],[80.195969,13.07841],[80.195915,13.07842],[80.195884,13.07843],[80.195844,13.078456],[80.195787,13.078474],[80.19575,13.078481],[80.195714,13.078482],[80.195686,13.078486],[80.195638,13.078506],[80.195584,13.078513],[80.195476,13.078522],[80.195452,13.078518],[80.195446,13.078516],[80.195425,13.078499],[80.195414,13.078493],[80.195403,13.078493],[80.19537,13.078525],[80.195282,13.078571],[80.195226,13.078596],[80.19519,13.078605],[80.195143,13.078605],[80.195095,13.078611],[80.195054,13.078608],[80.195026,13.07859],[80.194993,13.078576],[80.194961,13.078574],[80.194925,13.078582],[80.194886,13.078596],[80.194843,13.078612],[80.19479,13.078631],[80.194749,13.07864],[80.194689,13.078656],[80.194611,13.078665],[80.194537,13.078674],[80.194461,13.078677],[80.194382,13.078668],[80.194328,13.078673],[80.194302,13.078654],[80.194286,13.078652],[80.194218,13.078676],[80.194185,13.078669],[80.194122,13.07867],[80.194032,13.078671],[80.193949,13.078683],[80.193898,13.078683],[80.193859,13.078654],[80.193835,13.078639],[80.193735,13.078612],[80.193715,13.078622],[80.19367,13.078644],[80.193597,13.078688],[80.193548,13.078721],[80.193522,13.078732],[80.193488,13.078728],[80.193454,13.078721],[80.193429,13.07871],[80.193397,13.078697],[80.193381,13.078686],[80.193351,13.078656],[80.193325,13.078632],[80.193282,13.078591],[80.193228,13.078539],[80.193193,13.078499],[80.193157,13.078465],[80.193129,13.078442],[80.193095,13.078421],[80.192983,13.078336],[80.192977,13.078329],[80.19296,13.078311],[80.192942,13.078275],[80.192891,13.078207],[80.192824,13.07812],[80.192792,13.078127],[80.192759,13.078142],[80.19273,13.078135],[80.19272,13.078125],[80.192703,13.078098],[80.192656,13.07801],[80.192644,13.077977],[80.192629,13.077942],[80.192612,13.07793],[80.192593,13.077926],[80.192564,13.077935],[80.192539,13.07793],[80.192524,13.077917],[80.192514,13.077911],[80.192494,13.077882],[80.192464,13.07785],[80.192399,13.077796],[80.192369,13.077784],[80.192344,13.077765],[80.19232,13.07774],[80.192311,13.077719],[80.192257,13.077655],[80.192242,13.077642],[80.192201,13.077617],[80.19218,13.077602],[80.192162,13.077576],[80.192157,13.077558],[80.19214,13.077512],[80.192115,13.077474],[80.192084,13.077428],[80.192056,13.077418],[80.192038,13.077393],[80.192042,13.077377],[80.191998,13.077323],[80.191928,13.077255],[80.191918,13.077173],[80.191894,13.07718],[80.191873,13.077178],[80.191865,13.077159],[80.191864,13.077101],[80.191863,13.076881],[80.191852,13.076872],[80.191827,13.076845],[80.191795,13.076765],[80.191758,13.076656],[80.191726,13.076615],[80.191709,13.076561],[80.1917,13.076509],[80.191672,13.076471],[80.191644,13.076429],[80.191621,13.076363],[80.191604,13.076303],[80.19159,13.076251],[80.191569,13.076202],[80.19151,13.076131],[80.191479,13.076073],[80.191457,13.076008],[80.191438,13.075974],[80.191407,13.075891],[80.191401,13.075862],[80.191383,13.075763],[80.191371,13.075754],[80.191363,13.07565],[80.191345,13.075618],[80.191327,13.075595],[80.191315,13.075551],[80.191298,13.075478],[80.191284,13.075391],[80.191261,13.075311],[80.191211,13.075229],[80.191116,13.075114],[80.19108,13.075111],[80.191036,13.075101],[80.191004,13.075088],[80.190981,13.075079],[80.19095,13.075052],[80.190919,13.075038],[80.190884,13.075013],[80.190829,13.074973],[80.190789,13.074938],[80.190742,13.074904],[80.190699,13.074876],[80.190634,13.074812],[80.190646,13.074772],[80.190633,13.074742],[80.190601,13.074715],[80.190536,13.074642],[80.190529,13.074609],[80.19053,13.074587],[80.19052,13.074551],[80.190479,13.074496],[80.190374,13.074401],[80.190333,13.074367],[80.190213,13.074268],[80.190103,13.074178],[80.189957,13.074053],[80.189808,13.073971],[80.18975,13.07395],[80.18972,13.073931],[80.189703,13.073899],[80.189676,13.073847],[80.189653,13.073817],[80.189617,13.073793],[80.18954,13.073772],[80.189519,13.073764],[80.189467,13.073726],[80.189407,13.073686],[80.189347,13.073661],[80.189289,13.073645],[80.189198,13.073629],[80.189178,13.073621],[80.189127,13.073577],[80.189095,13.073545],[80.189079,13.073534],[80.189052,13.073534],[80.189016,13.073533],[80.188976,13.073531],[80.188841,13.07349],[80.188724,13.073445],[80.188606,13.073384],[80.188555,13.073353],[80.188507,13.073325],[80.188441,13.073295],[80.188386,13.073284],[80.188381,13.073283],[80.188338,13.073272],[80.188275,13.073252],[80.188212,13.073238],[80.188172,13.073215],[80.188138,13.073198],[80.188031,13.073133],[80.187922,13.073087],[80.187841,13.073058],[80.187766,13.073025],[80.187704,13.073],[80.187623,13.072977],[80.187534,13.072927],[80.187484,13.072901],[80.1874,13.072872],[80.187319,13.072844],[80.187255,13.07282],[80.187134,13.072782],[80.187041,13.072749],[80.186978,13.072721],[80.18684,13.072669],[80.186778,13.072643],[80.1867,13.072616],[80.186679,13.072598],[80.186649,13.072563],[80.186633,13.072543],[80.18659,13.07252],[80.18657,13.072515],[80.186543,13.072524],[80.186503,13.072514],[80.186429,13.072482],[80.186374,13.07245],[80.186329,13.072429],[80.186305,13.07242],[80.186298,13.072429],[80.186277,13.072462],[80.186252,13.072455],[80.186219,13.072441],[80.186189,13.072424],[80.18618,13.072396],[80.186177,13.072365],[80.186163,13.072336],[80.186142,13.072322],[80.186079,13.072295],[80.186047,13.072287],[80.185996,13.072289],[80.185927,13.072282],[80.185883,13.072241],[80.185825,13.0722],[80.185741,13.072153],[80.185677,13.072125],[80.185616,13.072102],[80.185534,13.07208],[80.18545,13.072065],[80.185374,13.072063],[80.185321,13.072058],[80.18523,13.072041],[80.185186,13.07203],[80.185165,13.072014],[80.185155,13.072],[80.185139,13.071994],[80.185114,13.071993],[80.1851,13.072006],[80.185087,13.072031],[80.185072,13.072036],[80.185047,13.072029],[80.185024,13.07201],[80.185001,13.07199],[80.184983,13.071987],[80.184963,13.072001],[80.184956,13.072031],[80.184964,13.072082],[80.184972,13.072111],[80.184967,13.072134],[80.184946,13.072146],[80.184897,13.072169],[80.184877,13.072196],[80.184863,13.072197],[80.184853,13.07218],[80.184842,13.072157],[80.184824,13.072137],[80.184802,13.072125],[80.184771,13.072125],[80.184732,13.072143],[80.184699,13.072161],[80.184673,13.07217],[80.184654,13.072167],[80.184632,13.072176],[80.184618,13.07222],[80.184607,13.072253],[80.184588,13.072292],[80.184567,13.072303],[80.184532,13.072306],[80.184504,13.0723],[80.184472,13.072282],[80.184447,13.07226],[80.184423,13.07223],[80.184394,13.072198],[80.184386,13.072177],[80.18439,13.072156],[80.184404,13.072146],[80.184434,13.072143],[80.184468,13.072143],[80.184493,13.072126],[80.184501,13.072104],[80.184491,13.072085],[80.184473,13.072079],[80.184439,13.072073],[80.184404,13.072064],[80.184367,13.072048],[80.18433,13.072038],[80.184284,13.072021],[80.18423,13.071998],[80.184193,13.071977],[80.1841,13.071936],[80.184026,13.071922],[80.183942,13.071908],[80.183869,13.071898],[80.183849,13.0719],[80.18384,13.071912],[80.183838,13.071926],[80.183849,13.071946],[80.183877,13.071954],[80.183912,13.071962],[80.183947,13.071979],[80.183963,13.072002],[80.183973,13.07204],[80.18397,13.072099],[80.183965,13.072157],[80.183958,13.072193],[80.183942,13.072212],[80.183904,13.072228],[80.183843,13.072245],[80.183773,13.072258],[80.18374,13.072264],[80.183663,13.072276],[80.183603,13.072295],[80.183554,13.07231],[80.183523,13.072316],[80.183507,13.072314],[80.183494,13.072307],[80.183483,13.072281],[80.183483,13.072244],[80.183491,13.072184],[80.183504,13.072141],[80.183522,13.072117],[80.183521,13.072104],[80.183513,13.072089],[80.18349,13.072074],[80.183449,13.072067],[80.183405,13.072075],[80.183376,13.072076],[80.183354,13.072061],[80.183344,13.072042],[80.183349,13.072014],[80.183363,13.071954],[80.183374,13.071912],[80.183392,13.071892],[80.183401,13.071886],[80.183402,13.071875],[80.183399,13.07187],[80.183381,13.071868],[80.183357,13.071885],[80.183329,13.071934],[80.183296,13.071967],[80.183258,13.071989],[80.18322,13.072009],[80.183188,13.072019],[80.18316,13.072023],[80.183104,13.072013],[80.183031,13.071998],[80.182991,13.071998],[80.182949,13.072006],[80.182932,13.072017],[80.182921,13.072035],[80.182924,13.07206],[80.182923,13.072077],[80.182907,13.072084],[80.182885,13.072085],[80.182856,13.072074],[80.182827,13.072058],[80.182818,13.072041],[80.182807,13.072027],[80.182769,13.072021],[80.182723,13.072017],[80.182685,13.072013],[80.182628,13.071998],[80.182584,13.071978],[80.182552,13.07195],[80.182524,13.07192],[80.182489,13.07189],[80.182464,13.071879],[80.182439,13.07187],[80.182409,13.07186],[80.182384,13.071843],[80.182358,13.07182],[80.182333,13.07179],[80.182319,13.071773],[80.182215,13.071727],[80.182214,13.071715],[80.182201,13.071692],[80.182181,13.071677],[80.182121,13.071656],[80.182021,13.071627],[80.181937,13.071608],[80.18186,13.071595],[80.181792,13.07157],[80.181726,13.071544],[80.181603,13.071506],[80.181533,13.07148],[80.181409,13.071447],[80.18132,13.071421],[80.181229,13.071393],[80.181129,13.071364],[80.180981,13.071324],[80.180968,13.071317],[80.180961,13.071304],[80.180951,13.071283],[80.180946,13.071273],[80.180918,13.071268],[80.18089,13.071275],[80.180869,13.071277],[80.180845,13.071276],[80.180814,13.071257],[80.180797,13.071243],[80.180777,13.071237],[80.180757,13.071229],[80.180731,13.071214],[80.18072,13.0712],[80.180704,13.071183],[80.180683,13.071165],[80.180659,13.071137],[80.180648,13.071124],[80.18063,13.071115],[80.18061,13.071118],[80.180591,13.071135],[80.180564,13.071151],[80.180548,13.071155],[80.180532,13.07115],[80.180517,13.07114],[80.180486,13.071103],[80.180457,13.071082],[80.180427,13.071069],[80.180387,13.071055],[80.180357,13.071048],[80.180323,13.071049],[80.180301,13.071053],[80.180291,13.071064],[80.180266,13.071081],[80.180225,13.071115],[80.180203,13.071134],[80.180178,13.071141],[80.180134,13.071145],[80.180072,13.071142],[80.180026,13.071142],[80.17996,13.071142],[80.179872,13.071146],[80.179831,13.071145],[80.179814,13.071143],[80.179807,13.071138],[80.179801,13.071129],[80.179795,13.071108],[80.179784,13.071088],[80.179765,13.071061],[80.179677,13.071069],[80.179576,13.071073],[80.179478,13.071074],[80.179424,13.071068],[80.179357,13.071057],[80.179285,13.071042],[80.179222,13.071034],[80.179165,13.071025],[80.178715,13.071234],[80.178311,13.071448],[80.178116,13.071591],[80.177823,13.071602],[80.177567,13.071577],[80.177348,13.071385],[80.176982,13.071193],[80.176605,13.070928],[80.176142,13.070676],[80.175874,13.070543],[80.175582,13.070399],[80.17535,13.070314],[80.17518,13.070242],[80.174911,13.070169],[80.17472,13.070159],[80.174643,13.07005],[80.174522,13.069755],[80.174389,13.069474],[80.174242,13.069217],[80.174147,13.068776],[80.174093,13.068582],[80.173975,13.068408],[80.173938,13.068312],[80.173923,13.06824],[80.173848,13.068088],[80.173717,13.067806],[80.173605,13.067593],[80.173532,13.067459],[80.173396,13.067252],[80.173283,13.067114],[80.173043,13.066871],[80.172913,13.066736],[80.172693,13.066613],[80.172422,13.066471],[80.17216,13.066393],[80.171898,13.06632],[80.171554,13.066235],[80.171249,13.066198],[80.170938,13.066137],[80.170667,13.066092],[80.170246,13.066034],[80.169816,13.066008],[80.168928,13.066038],[80.168428,13.06598],[80.16787,13.065864],[80.167434,13.065726],[80.166956,13.06553],[80.166292,13.065225],[80.165857,13.065003],[80.16568,13.064877],[80.165522,13.064792],[80.165324,13.064699],[80.165092,13.06462],[80.164955,13.064563],[80.164629,13.06449],[80.164413,13.064454],[80.164248,13.06442],[80.164038,13.064393],[80.16383,13.064359],[80.163565,13.064305],[80.16337,13.064229],[80.16313,13.064079],[80.16292,13.063965],[80.162734,13.063871],[80.162673,13.063832],[80.162615,13.063781],[80.1626,13.063742],[80.162597,13.063673],[80.162582,13.063587],[80.162534,13.063533],[80.162406,13.06349],[80.162321,13.06343],[80.162144,13.063373],[80.161885,13.063291],[80.161632,13.06321],[80.161233,13.063116],[80.160922,13.063043],[80.160632,13.062994],[80.160416,13.062964],[80.160257,13.062924],[80.160035,13.062912],[80.159803,13.062848],[80.159632,13.062812],[80.159355,13.062748],[80.159294,13.062721],[80.159111,13.062675],[80.158901,13.062576],[80.15873,13.062522],[80.158602,13.062473],[80.15841,13.062425],[80.158298,13.062386],[80.15817,13.062346],[80.158063,13.062313],[80.157828,13.062309],[80.157636,13.062321],[80.157502,13.06235],[80.157306,13.062385],[80.157068,13.062444],[80.156913,13.062447],[80.156806,13.062446],[80.156721,13.062404],[80.156495,13.06235],[80.156352,13.06229],[80.156127,13.062172],[80.156045,13.0621],[80.15585,13.061992],[80.155704,13.061902],[80.155545,13.06182],[80.155366,13.061709],[80.155232,13.06164],[80.155095,13.061583],[80.154963,13.061579],[80.154674,13.061521],[80.154235,13.061502],[80.153719,13.061465],[80.153362,13.061448],[80.153033,13.061483],[80.152804,13.061587],[80.152504,13.06176],[80.152205,13.061872],[80.152231,13.061874],[80.152259,13.061979],[80.15267,13.061789],[80.1531,13.061638],[80.15351,13.061553],[80.153721,13.061542],[80.154157,13.061557],[80.154764,13.061617],[80.155061,13.061686],[80.155368,13.061805],[80.155609,13.061928],[80.155861,13.062062],[80.156117,13.062242],[80.156314,13.062347],[80.156555,13.062462],[80.156771,13.062528],[80.157009,13.062536],[80.157214,13.062511],[80.157452,13.062437],[80.157716,13.062387],[80.157899,13.062366],[80.158089,13.062403],[80.158323,13.062461],[80.158619,13.062562],[80.158912,13.062653],[80.159098,13.062736],[80.159347,13.062809],[80.159607,13.062863],[80.1598,13.062922],[80.160038,13.062983],[80.160228,13.063009],[80.160495,13.063049],[80.160748,13.063097],[80.161165,13.06317],[80.16156,13.063275],[80.161863,13.063355],[80.162138,13.063457],[80.162335,13.063558],[80.162448,13.063616],[80.162568,13.063813],[80.162679,13.063976],[80.162853,13.064096],[80.163084,13.064211],[80.163358,13.064304],[80.163587,13.064425],[80.163867,13.064474],[80.164209,13.064502],[80.164523,13.064559],[80.164876,13.064626],[80.165236,13.064756],[80.165431,13.064817],[80.165592,13.064919],[80.165796,13.065042],[80.165976,13.065165],[80.166143,13.065237],[80.166296,13.065328],[80.166594,13.06546],[80.166804,13.06556],[80.167097,13.065695],[80.167285,13.065762],[80.16752,13.065864],[80.167727,13.065924],[80.16805,13.066006],[80.168498,13.066106],[80.168803,13.066149],[80.168931,13.066176],[80.169465,13.066178],[80.169648,13.066152],[80.169789,13.066146],[80.169947,13.066144],[80.170148,13.06615],[80.170414,13.066199],[80.170682,13.066254],[80.171042,13.066315],[80.171435,13.06637],[80.171813,13.066431],[80.17213,13.066495],[80.17238,13.066588],[80.172599,13.066691],[80.172843,13.066865],[80.172986,13.066985],[80.173238,13.067207],[80.173384,13.067411],[80.173496,13.067644],[80.173592,13.06783],[80.17372,13.068133],[80.173802,13.068351],[80.173965,13.06872],[80.174053,13.069025],[80.174149,13.069429],[80.174203,13.069677],[80.174279,13.069848],[80.174439,13.070106],[80.174595,13.070202],[80.17479,13.070258],[80.175049,13.070296],[80.175369,13.070417],[80.17571,13.070534],[80.175981,13.070661],[80.176228,13.070802],[80.176465,13.070946],[80.17666,13.07107],[80.176983,13.071274],[80.177199,13.071406],[80.17743,13.071583],[80.177582,13.071668],[80.177884,13.071701],[80.178113,13.071696],[80.178266,13.071652],[80.178385,13.071595],[80.178593,13.071435],[80.178721,13.071375],[80.178874,13.071322],[80.179026,13.071298],[80.179087,13.071293],[80.179093,13.071293],[80.179115,13.071293],[80.179148,13.071296],[80.179164,13.071327],[80.179172,13.071329],[80.179201,13.071336],[80.179246,13.071336],[80.179319,13.071329],[80.179344,13.07133],[80.179393,13.07133],[80.17944,13.071328],[80.17949,13.071326],[80.179544,13.071319],[80.179597,13.071316],[80.179712,13.071313],[80.179781,13.071305],[80.179832,13.071294],[80.179876,13.071296],[80.179922,13.071301],[80.179995,13.071303],[80.180077,13.0713],[80.180133,13.071283],[80.180156,13.071254],[80.180196,13.07125],[80.18023,13.07127],[80.180286,13.07128],[80.180354,13.071291],[80.180403,13.071304],[80.180452,13.071323],[80.18047,13.071336],[80.18048,13.071355],[80.180493,13.071379],[80.180523,13.0714],[80.180568,13.07141],[80.180624,13.071408],[80.180663,13.071411],[80.180713,13.07142],[80.180749,13.071432],[80.180786,13.071451],[80.180815,13.071472],[80.180841,13.071495],[80.180856,13.071513],[80.180871,13.071521],[80.180896,13.071522],[80.180949,13.07152],[80.18098,13.071527],[80.181023,13.071552],[80.181054,13.071575],[80.181074,13.0716],[80.181099,13.071615],[80.181129,13.071631],[80.181168,13.071647],[80.181194,13.071671],[80.181209,13.071705],[80.181221,13.071745],[80.181243,13.071784],[80.181275,13.071804],[80.181331,13.071816],[80.181394,13.071827],[80.181458,13.071833],[80.181508,13.071826],[80.181548,13.071827],[80.181573,13.07184],[80.181624,13.071877],[80.181667,13.071919],[80.18168,13.071947],[80.181687,13.071985],[80.181686,13.072057],[80.181695,13.072136],[80.181704,13.072162],[80.181713,13.072193],[80.181717,13.072242],[80.181723,13.072258],[80.181726,13.072258],[80.181791,13.072255],[80.181814,13.072236],[80.181837,13.072205],[80.181889,13.072176],[80.181936,13.072151],[80.181975,13.072131],[80.18201,13.072115],[80.182044,13.072103],[80.18207,13.072099],[80.182097,13.072095],[80.182124,13.072103],[80.182138,13.072111],[80.182153,13.072126],[80.18216,13.072129],[80.182261,13.072136],[80.182285,13.072134],[80.182311,13.072123],[80.182342,13.0721],[80.182363,13.072059],[80.182385,13.072042],[80.182426,13.072027],[80.182457,13.072016],[80.182495,13.072015],[80.18254,13.072029],[80.182675,13.072079],[80.18274,13.072097],[80.182794,13.072111],[80.182814,13.072124],[80.18283,13.072146],[80.182857,13.072162],[80.182895,13.072162],[80.182927,13.072154],[80.182955,13.072157],[80.182978,13.07217],[80.183008,13.072191],[80.183038,13.072201],[80.183071,13.0722],[80.183104,13.072193],[80.183176,13.072151],[80.183228,13.072125],[80.183259,13.072121],[80.183299,13.072135],[80.183326,13.072154],[80.18335,13.072165],[80.183382,13.072166],[80.183406,13.072165],[80.183426,13.072178],[80.183437,13.072216],[80.183437,13.07229],[80.183431,13.072322],[80.183414,13.072345],[80.183383,13.072383],[80.183367,13.072406],[80.183356,13.072428],[80.183355,13.072446],[80.183365,13.072462],[80.183395,13.07247],[80.183442,13.072473],[80.183499,13.072472],[80.183546,13.072463],[80.183602,13.072449],[80.18365,13.07244],[80.183716,13.072434],[80.183772,13.072431],[80.183797,13.072429],[80.183891,13.072421],[80.183948,13.072415],[80.184041,13.072414],[80.184097,13.072408],[80.184138,13.072393],[80.184174,13.072377],[80.184224,13.072374],[80.184265,13.07237],[80.1843,13.072362],[80.184324,13.072367],[80.184347,13.072384],[80.184364,13.072399],[80.184393,13.072421],[80.184434,13.072421],[80.184468,13.072404],[80.1845,13.072374],[80.184534,13.072358],[80.184594,13.072352],[80.184624,13.072339],[80.184656,13.072336],[80.18472,13.072344],[80.184761,13.072338],[80.184816,13.072307],[80.184851,13.072275],[80.184873,13.072262],[80.184898,13.072254],[80.184898,13.072237],[80.184902,13.072222],[80.184918,13.07221],[80.184946,13.072208],[80.184963,13.072208],[80.185005,13.072198],[80.185036,13.072182],[80.185082,13.072165],[80.185117,13.07217],[80.185154,13.072187],[80.185179,13.072187],[80.185229,13.072177],[80.185293,13.072183],[80.185391,13.072198],[80.185458,13.072216],[80.185522,13.072239],[80.185583,13.072255],[80.185655,13.072274],[80.185721,13.072289],[80.185766,13.07232],[80.185831,13.07235],[80.185856,13.07237],[80.185901,13.072393],[80.18597,13.072456],[80.186003,13.07248],[80.186067,13.072502],[80.186189,13.072536],[80.186288,13.072552],[80.186379,13.072575],[80.186522,13.072636],[80.186621,13.07269],[80.186689,13.072732],[80.186781,13.072777],[80.186868,13.072813],[80.187019,13.07289],[80.187066,13.072912],[80.187121,13.072923],[80.187162,13.072934],[80.187194,13.072957],[80.187226,13.072981],[80.187315,13.073014],[80.187432,13.073043],[80.187493,13.073071],[80.187542,13.073124],[80.187631,13.073224],[80.187683,13.073275],[80.187729,13.073303],[80.187818,13.073352],[80.187911,13.073415],[80.188123,13.073524],[80.188206,13.073558],[80.188353,13.0736],[80.18838,13.073601],[80.188454,13.073603],[80.188558,13.073636],[80.18865,13.073676],[80.188729,13.07372],[80.188821,13.073749],[80.188915,13.073766],[80.188953,13.073771],[80.188979,13.073777],[80.189,13.073804],[80.18902,13.073838],[80.189061,13.073887],[80.189115,13.073923],[80.189143,13.073928],[80.189168,13.073916],[80.189182,13.073888],[80.189186,13.073864],[80.189183,13.073827],[80.189185,13.073803],[80.189221,13.073793],[80.189295,13.073777],[80.189335,13.073779],[80.189375,13.073804],[80.189443,13.073838],[80.189467,13.073855],[80.189473,13.073873],[80.189492,13.073954],[80.189507,13.074006],[80.189516,13.074049],[80.189541,13.074076],[80.189605,13.074099],[80.189723,13.074138],[80.189807,13.074169],[80.189865,13.074183],[80.189899,13.074203],[80.189915,13.074238],[80.189913,13.074258],[80.189906,13.074278],[80.189913,13.074294],[80.189934,13.074304],[80.189951,13.07431],[80.189955,13.074334],[80.189959,13.074364],[80.18996,13.074366],[80.189986,13.074414],[80.190014,13.074428],[80.190035,13.074434],[80.190055,13.074475],[80.190063,13.074503],[80.190093,13.074541],[80.190146,13.074571],[80.190168,13.074595],[80.190196,13.074638],[80.190211,13.074666],[80.190235,13.074677],[80.190273,13.074717],[80.190305,13.074757],[80.190342,13.074806],[80.190363,13.074834],[80.190416,13.07491],[80.190427,13.074931],[80.190439,13.074942],[80.190458,13.074951],[80.190489,13.074954],[80.190593,13.074961],[80.190656,13.074953],[80.190703,13.074952],[80.190741,13.074956],[80.190771,13.074965],[80.190793,13.074978],[80.19082,13.075007],[80.190861,13.075054],[80.190894,13.075093],[80.19093,13.075128],[80.190961,13.075148],[80.190995,13.075154],[80.191032,13.075172],[80.191053,13.075194],[80.191086,13.075254],[80.191111,13.075329],[80.191141,13.075414],[80.191184,13.075495],[80.191235,13.075588],[80.191265,13.07564],[80.191283,13.075663],[80.191309,13.075687],[80.191331,13.075733],[80.191336,13.075785],[80.19134,13.075834],[80.191327,13.075852],[80.19131,13.07586],[80.191292,13.075853],[80.191281,13.075831],[80.19127,13.075814],[80.191256,13.075814],[80.191239,13.075832],[80.191237,13.075858],[80.19125,13.075892],[80.191282,13.07593],[80.191305,13.075956],[80.191329,13.075989],[80.191349,13.076013],[80.191372,13.076096],[80.191382,13.076149],[80.191395,13.076182],[80.191415,13.076234],[80.191421,13.076267],[80.191416,13.076294],[80.191424,13.076324],[80.191438,13.07637],[80.191433,13.076427],[80.191435,13.076462],[80.191466,13.076528],[80.191519,13.076618],[80.191533,13.076669],[80.19156,13.076746],[80.191584,13.076848],[80.191619,13.076972],[80.191665,13.077112],[80.191686,13.07716],[80.191717,13.077205],[80.191745,13.077235],[80.191779,13.077256],[80.191827,13.077286],[80.19188,13.077329],[80.191911,13.077358],[80.191911,13.077372],[80.191891,13.077386],[80.191853,13.077397],[80.191816,13.077411],[80.191798,13.077433],[80.191799,13.077456],[80.191817,13.077498],[80.191832,13.077522],[80.191868,13.077536],[80.191914,13.077543],[80.191975,13.077546],[80.192005,13.077552],[80.192022,13.077561],[80.192028,13.077577],[80.192044,13.077603],[80.192068,13.077623],[80.192102,13.077634],[80.192127,13.077643],[80.192149,13.07766],[80.192166,13.077696],[80.192197,13.077762],[80.192231,13.07781],[80.192262,13.077843],[80.192298,13.077862],[80.192321,13.077891],[80.192347,13.077927],[80.19238,13.077967],[80.192406,13.077991],[80.192433,13.077993],[80.192463,13.077997],[80.192479,13.078009],[80.19249,13.078038],[80.192514,13.078069],[80.192539,13.078076],[80.192566,13.078068],[80.192583,13.078052],[80.192609,13.078052],[80.192627,13.078059],[80.192645,13.078076],[80.192647,13.078097],[80.19264,13.078124],[80.192646,13.078165],[80.192668,13.078209],[80.19273,13.078273],[80.192786,13.078307],[80.192824,13.078329],[80.192859,13.078375],[80.192887,13.078425],[80.192916,13.078467],[80.192944,13.078499],[80.192972,13.078523],[80.192976,13.078531],[80.192989,13.078558],[80.193007,13.078589],[80.193059,13.078637],[80.193145,13.078704],[80.193156,13.078712],[80.193203,13.078729],[80.193213,13.078732],[80.193357,13.078844],[80.193373,13.078872],[80.193394,13.078883],[80.193446,13.078886],[80.193565,13.078885],[80.193607,13.078871],[80.193633,13.078837],[80.193636,13.078818],[80.193655,13.078797],[80.193689,13.078782],[80.193728,13.07877],[80.193756,13.07875],[80.193788,13.078736],[80.193829,13.078729],[80.193872,13.078733],[80.193948,13.078753],[80.194033,13.078755],[80.194104,13.07875],[80.19419,13.078761],[80.194252,13.078763],[80.194301,13.078759],[80.194345,13.078753],[80.194389,13.078749],[80.194439,13.078754],[80.194504,13.07876],[80.194593,13.078771],[80.194667,13.078784],[80.194705,13.078796],[80.194743,13.078803],[80.194797,13.078801],[80.194855,13.078784],[80.19491,13.078764],[80.194956,13.078746],[80.195007,13.078727],[80.195054,13.078713],[80.195155,13.0787],[80.195224,13.078694],[80.195262,13.078686],[80.195304,13.078677],[80.19536,13.078669],[80.195413,13.078664],[80.19548,13.07865],[80.19561,13.07862],[80.195666,13.078605],[80.195702,13.07859],[80.195744,13.078573],[80.195784,13.078561],[80.195879,13.078542],[80.196023,13.078515],[80.196128,13.078497],[80.196209,13.078479],[80.196247,13.078465],[80.196285,13.078457],[80.196307,13.078453],[80.196329,13.078454],[80.19635,13.078474],[80.196362,13.078496],[80.196372,13.078502],[80.196389,13.078496],[80.196414,13.078468],[80.196462,13.07845],[80.196537,13.078416],[80.196614,13.078387],[80.196693,13.078361],[80.196741,13.078354],[80.196786,13.078352],[80.196837,13.078344],[80.196882,13.078335],[80.19695,13.078301],[80.196976,13.078283],[80.197003,13.078267],[80.197042,13.078257],[80.19708,13.078258],[80.197113,13.078265],[80.197145,13.078271],[80.197181,13.078267],[80.197211,13.078261],[80.197241,13.078259],[80.197268,13.078269],[80.197291,13.078296],[80.197303,13.07831],[80.197313,13.078311],[80.197324,13.078305],[80.19734,13.078284],[80.197358,13.078259],[80.19737,13.078256],[80.197405,13.07826],[80.197494,13.078258],[80.197589,13.078258],[80.197595,13.078258],[80.197664,13.07826],[80.19768,13.078261],[80.197695,13.078282],[80.197717,13.078318],[80.197736,13.078348],[80.197742,13.078368],[80.197752,13.078376],[80.197776,13.078367],[80.197809,13.078345],[80.19783,13.078324],[80.19786,13.078309],[80.1979,13.078301],[80.197947,13.078302],[80.197978,13.078311],[80.19799,13.078317],[80.19801,13.078407],[80.198017,13.078435],[80.198026,13.078453],[80.198041,13.078467],[80.198054,13.078474],[80.198106,13.078473],[80.198117,13.078462],[80.198131,13.078445],[80.198146,13.078427],[80.198151,13.078405],[80.198161,13.078392],[80.198178,13.078383],[80.198209,13.078389],[80.19823,13.078404],[80.198237,13.078421],[80.198244,13.078436],[80.198258,13.07844],[80.198292,13.078432],[80.198347,13.078407],[80.19837,13.078396],[80.198415,13.07838],[80.198438,13.078366],[80.198447,13.07835],[80.198453,13.078337],[80.198463,13.078321],[80.198468,13.07832],[80.198479,13.078327],[80.198484,13.078342],[80.198491,13.078357],[80.198514,13.078358],[80.198551,13.07835],[80.198592,13.078327],[80.198616,13.078303],[80.198647,13.078263],[80.19868,13.078205],[80.1987,13.078169],[80.198713,13.078155],[80.198744,13.078139],[80.198822,13.078113],[80.198876,13.07809],[80.199148,13.078096],[80.199201,13.078097],[80.199256,13.078087],[80.199337,13.07807],[80.199381,13.078049],[80.19942,13.07803],[80.199433,13.078025],[80.199449,13.078028],[80.199461,13.078037],[80.199478,13.078045],[80.199499,13.078047],[80.199516,13.078043],[80.199529,13.078036],[80.199533,13.078024],[80.199532,13.077996],[80.199532,13.077972],[80.199541,13.077959],[80.199559,13.07794],[80.199576,13.077918],[80.199591,13.077912],[80.199602,13.077918],[80.199616,13.07795],[80.199625,13.077965],[80.199649,13.077993],[80.199667,13.078007],[80.199682,13.078007],[80.199708,13.077999],[80.199735,13.077996],[80.199767,13.078002],[80.1998,13.07801],[80.199827,13.078011],[80.19988,13.078002],[80.19997,13.077966],[80.200032,13.077938],[80.200094,13.077923],[80.200187,13.0779],[80.200271,13.077869],[80.20034,13.077851],[80.200422,13.077825],[80.200481,13.077812],[80.200519,13.077801],[80.200568,13.077778],[80.200603,13.077762],[80.200634,13.077752],[80.200658,13.077747],[80.200675,13.077747],[80.20069,13.077741],[80.200703,13.077729],[80.200723,13.077682],[80.200792,13.077664],[80.200885,13.077643],[80.200944,13.077653],[80.200981,13.077659],[80.201013,13.077665],[80.20103,13.077662],[80.201051,13.077653],[80.201073,13.077644],[80.201112,13.077641],[80.201167,13.077654],[80.201196,13.077663],[80.201253,13.077669],[80.201305,13.077675],[80.201352,13.077675],[80.201413,13.07767],[80.201516,13.07765],[80.20157,13.077641],[80.201651,13.077631],[80.201709,13.077625],[80.201753,13.077624],[80.201798,13.077617],[80.201841,13.077608],[80.201862,13.07761],[80.201923,13.077607],[80.201965,13.077607],[80.202002,13.07761],[80.202027,13.077615],[80.202053,13.077612],[80.202091,13.077598],[80.202121,13.07761],[80.202144,13.077616],[80.202166,13.077618],[80.202187,13.077615],[80.202198,13.077622],[80.202203,13.077624],[80.202227,13.077635],[80.20225,13.07764],[80.202269,13.077635],[80.202281,13.077628],[80.202292,13.077621],[80.202306,13.077614],[80.202345,13.077613],[80.202381,13.077606],[80.202402,13.077611],[80.20242,13.07762],[80.202432,13.077625],[80.202453,13.077633],[80.20247,13.077645],[80.202487,13.077648],[80.202507,13.077641],[80.202529,13.077633],[80.202542,13.077635],[80.202554,13.077645],[80.202568,13.077654],[80.202582,13.077661],[80.202603,13.077657],[80.202625,13.077656],[80.202649,13.077659],[80.20268,13.077658],[80.202696,13.077665],[80.202701,13.077676],[80.202725,13.077684],[80.202738,13.077681],[80.202752,13.077678],[80.202765,13.07767],[80.202794,13.077663],[80.202817,13.077669],[80.202829,13.077667],[80.202844,13.077654],[80.202875,13.077648],[80.202903,13.077654],[80.202925,13.077657],[80.202951,13.077661],[80.202974,13.07768],[80.202994,13.077697],[80.203022,13.077706],[80.203075,13.077712],[80.203104,13.07771],[80.203161,13.077711],[80.203202,13.077721],[80.203233,13.077742],[80.203313,13.077766],[80.203363,13.077776],[80.203409,13.077789],[80.203455,13.077797],[80.203481,13.077798],[80.20351,13.077795],[80.203541,13.077794],[80.20356,13.077791],[80.20358,13.07779],[80.20359,13.077796],[80.203595,13.0778],[80.20362,13.077803],[80.203642,13.07781],[80.203657,13.077824],[80.203665,13.077839],[80.203675,13.077851],[80.203708,13.07786],[80.203738,13.077865],[80.203774,13.077874],[80.203808,13.077891],[80.203835,13.077899],[80.20386,13.07789],[80.203889,13.077871],[80.203901,13.077858],[80.203916,13.077838],[80.203929,13.077827],[80.203947,13.077821],[80.203968,13.077826],[80.203996,13.077833],[80.204064,13.07785],[80.204102,13.077864],[80.204117,13.077876],[80.204125,13.077898],[80.204131,13.077914],[80.204144,13.077935],[80.204158,13.077946],[80.204186,13.077956],[80.204214,13.077957],[80.204243,13.077964],[80.204273,13.077973],[80.204292,13.077975],[80.204306,13.077974],[80.204312,13.077966],[80.204317,13.077957],[80.204319,13.07795],[80.204327,13.077943],[80.204346,13.07794],[80.204361,13.077942],[80.204374,13.077948],[80.204386,13.077962],[80.2044,13.077979],[80.204414,13.077997],[80.20444,13.078008],[80.204469,13.078004],[80.204488,13.077994],[80.204512,13.077983],[80.204532,13.077972],[80.20457,13.077983],[80.204612,13.077993],[80.204654,13.078007],[80.204693,13.078019],[80.20473,13.078026],[80.204764,13.078027],[80.204829,13.078043],[80.204879,13.078048],[80.204913,13.07805],[80.204945,13.078045],[80.204965,13.078032],[80.205001,13.07802],[80.205051,13.078014],[80.205099,13.07802],[80.205131,13.07803],[80.205204,13.078066],[80.205226,13.078089],[80.205243,13.078102],[80.205271,13.0781],[80.205292,13.078093],[80.205337,13.078096],[80.205404,13.078082],[80.205444,13.078082],[80.20548,13.078083],[80.205528,13.078095],[80.205592,13.078125],[80.205686,13.078155],[80.205708,13.07817],[80.205747,13.078185],[80.205777,13.078198],[80.205805,13.078221],[80.205838,13.078263],[80.205865,13.078284],[80.20591,13.078312],[80.205948,13.07832],[80.205996,13.078333],[80.206039,13.078339],[80.206098,13.078354],[80.206159,13.078376],[80.206222,13.078401],[80.206256,13.078419],[80.206279,13.078437],[80.206301,13.078464],[80.206335,13.078494],[80.206383,13.078543],[80.206431,13.078586],[80.206465,13.078612],[80.206552,13.078647],[80.206589,13.078646],[80.206624,13.07864],[80.206676,13.078627],[80.206717,13.078609],[80.206754,13.0786],[80.206785,13.078598],[80.20681,13.078603],[80.206811,13.078603],[80.206826,13.078603],[80.206838,13.078602],[80.206894,13.078588],[80.206933,13.078581],[80.206966,13.07858],[80.206998,13.078582],[80.207031,13.078583],[80.207082,13.078603],[80.207101,13.078614],[80.207122,13.07862],[80.207145,13.078615],[80.207166,13.078617],[80.207189,13.078619],[80.207201,13.078613],[80.20721,13.078597],[80.207218,13.07858],[80.207229,13.078569],[80.207251,13.07857],[80.207258,13.078582],[80.207269,13.078613],[80.207278,13.078637],[80.207288,13.078655],[80.207315,13.07866],[80.207358,13.078659],[80.207382,13.078655],[80.207408,13.078643],[80.207439,13.078641],[80.207486,13.078639],[80.207531,13.078635],[80.207575,13.078629],[80.207619,13.078629],[80.207672,13.078633],[80.207714,13.078638],[80.207758,13.078644],[80.207808,13.078655],[80.207822,13.078666],[80.207842,13.078663],[80.207858,13.078656],[80.20791,13.078659],[80.207948,13.078668],[80.207994,13.078672],[80.208024,13.078674],[80.208057,13.078669],[80.2081,13.07865],[80.208137,13.078644],[80.208182,13.078634],[80.208219,13.078632],[80.20826,13.078629],[80.208298,13.07863],[80.208331,13.078628],[80.208354,13.078624],[80.208376,13.078621],[80.208411,13.078614],[80.208435,13.078621],[80.208455,13.078627],[80.208468,13.078628],[80.208492,13.078626],[80.208512,13.078623],[80.208536,13.078619],[80.208567,13.078619],[80.208597,13.078623],[80.208618,13.07863],[80.208636,13.078631],[80.208671,13.078629],[80.208701,13.078636],[80.208724,13.078643],[80.208768,13.078649],[80.208804,13.078654],[80.208831,13.078651],[80.20886,13.078646],[80.208891,13.07865],[80.208913,13.078651],[80.208942,13.078652],[80.208966,13.078651],[80.208982,13.078647],[80.209005,13.078638],[80.209017,13.078627],[80.209045,13.078622],[80.209063,13.078624],[80.209077,13.078632],[80.209089,13.078644],[80.209111,13.078655],[80.209141,13.078654],[80.209159,13.078658],[80.209177,13.078656],[80.20921,13.078652],[80.209232,13.078645],[80.209265,13.078645],[80.209302,13.078647],[80.209325,13.07865],[80.209351,13.078649],[80.209391,13.078643],[80.209419,13.078641],[80.209449,13.078641],[80.209481,13.078644],[80.209507,13.078643],[80.209549,13.078636],[80.209597,13.078647],[80.20961,13.078656],[80.209617,13.078654],[80.209622,13.078639],[80.209629,13.07863],[80.209648,13.078622],[80.209661,13.078624],[80.209672,13.078625],[80.209696,13.078615],[80.209715,13.078607],[80.209732,13.078605],[80.209744,13.078612],[80.209759,13.078617],[80.209778,13.078615],[80.20981,13.078603],[80.20985,13.078589],[80.209901,13.078575],[80.209931,13.078585],[80.209954,13.078595],[80.209973,13.0786],[80.209987,13.078598],[80.209996,13.078586],[80.209999,13.078565],[80.210003,13.078545],[80.210019,13.078523],[80.210035,13.078514],[80.210056,13.078511],[80.210086,13.078514],[80.210112,13.078516],[80.210136,13.078517],[80.210169,13.078522],[80.210176,13.078529],[80.210174,13.078534],[80.210165,13.07855],[80.210161,13.078563],[80.210165,13.078572],[80.210179,13.078574],[80.210208,13.078572],[80.21024,13.078568],[80.210272,13.078566],[80.210308,13.078566],[80.210347,13.078574],[80.21038,13.07858],[80.210411,13.078585],[80.210444,13.078586],[80.210484,13.078583],[80.210519,13.078587],[80.21055,13.078586],[80.210573,13.078577],[80.210578,13.078571],[80.210583,13.078552],[80.21058,13.078544],[80.210577,13.078527],[80.210575,13.078512],[80.210577,13.078502],[80.210593,13.07848],[80.210604,13.078475],[80.21061,13.078482],[80.210616,13.0785],[80.210623,13.078525],[80.210632,13.07855],[80.210637,13.078558],[80.210649,13.078559],[80.210675,13.078548],[80.21071,13.078538],[80.210753,13.07853],[80.210791,13.078524],[80.210811,13.078518],[80.21083,13.078504],[80.210842,13.078493],[80.210847,13.078484],[80.210862,13.078461],[80.21088,13.078443],[80.210903,13.078426],[80.210912,13.078417],[80.210927,13.078405],[80.210954,13.078391],[80.210966,13.078381],[80.210973,13.078368],[80.210995,13.078355],[80.211024,13.078343],[80.211094,13.07833],[80.211152,13.078311],[80.211214,13.078299],[80.211244,13.078302],[80.211314,13.078316],[80.211359,13.078324],[80.211407,13.078341],[80.211424,13.078346],[80.211437,13.07835],[80.211463,13.078356],[80.211484,13.078355],[80.21151,13.078346],[80.211547,13.078328],[80.211728,13.078237],[80.211756,13.078232],[80.21177,13.078235],[80.2118,13.078251],[80.211817,13.078253],[80.211843,13.078247],[80.211854,13.07824],[80.211989,13.078102],[80.212011,13.078084],[80.212129,13.078047],[80.212198,13.078055],[80.212225,13.07806],[80.212342,13.078019],[80.212537,13.077895],[80.212624,13.077813],[80.212869,13.077493],[80.21294,13.077412],[80.212957,13.077392],[80.212978,13.077369],[80.212995,13.077368],[80.213032,13.077364],[80.213071,13.077352],[80.213103,13.07733],[80.213122,13.07728],[80.213145,13.077246],[80.213247,13.077167],[80.213375,13.077061],[80.213412,13.077019],[80.213438,13.076991],[80.213461,13.076961],[80.213487,13.076942],[80.213517,13.076925],[80.213576,13.076888],[80.213597,13.076867],[80.21363,13.076841],[80.213832,13.076717],[80.213988,13.076659],[80.214181,13.076587],[80.214205,13.076589],[80.214228,13.076597],[80.214258,13.076608],[80.214281,13.076607],[80.214299,13.076604],[80.214378,13.076568],[80.214404,13.076569],[80.214427,13.076571],[80.214559,13.076595],[80.214627,13.076622],[80.214652,13.076641],[80.214678,13.076657],[80.21471,13.076667],[80.214902,13.07673],[80.215087,13.076791],[80.215293,13.076906],[80.215303,13.076919],[80.215324,13.076929],[80.215332,13.076926],[80.215341,13.076914],[80.215349,13.076917],[80.215352,13.076918],[80.215403,13.07695],[80.215406,13.076966],[80.215395,13.076972],[80.215398,13.076992],[80.215402,13.077008],[80.215425,13.077068],[80.215453,13.07709],[80.215498,13.077121],[80.215516,13.077158],[80.21553,13.07719],[80.215558,13.077223],[80.215608,13.077289],[80.215617,13.077317],[80.21562,13.077343],[80.215624,13.077365],[80.215633,13.077386],[80.215651,13.077419],[80.215656,13.077437],[80.215659,13.077457],[80.215702,13.077592],[80.215731,13.077748],[80.215714,13.077874],[80.215714,13.077895],[80.215719,13.077906],[80.215731,13.077919],[80.215744,13.077929],[80.215755,13.077946],[80.215761,13.077966],[80.21576,13.077984],[80.215751,13.078001],[80.215733,13.078025],[80.215684,13.078116],[80.21567,13.078157],[80.215668,13.078208],[80.215663,13.078339],[80.215649,13.078482],[80.215639,13.078658],[80.215633,13.078804],[80.215685,13.078966],[80.215687,13.078975],[80.215688,13.078982],[80.215688,13.078998],[80.21569,13.079018],[80.215691,13.079039],[80.215689,13.079053],[80.215689,13.079067],[80.215694,13.079135],[80.215706,13.079186],[80.215724,13.079236],[80.21574,13.079251],[80.215746,13.079262],[80.215758,13.079294],[80.215764,13.079341],[80.215769,13.07936],[80.215782,13.079393],[80.215799,13.079414],[80.2158,13.079426],[80.215795,13.079451],[80.215787,13.079477],[80.215812,13.079508],[80.215835,13.079535],[80.215854,13.07956],[80.215875,13.079602],[80.215899,13.079621],[80.215911,13.079632],[80.215928,13.079653],[80.215939,13.079671],[80.215948,13.079696],[80.215951,13.079716],[80.215953,13.079736],[80.215963,13.079755],[80.215974,13.079771],[80.215998,13.079788],[80.216019,13.079807],[80.216025,13.079824],[80.216029,13.079846],[80.216031,13.079852],[80.216037,13.07987],[80.216043,13.07989],[80.216048,13.079901],[80.216062,13.079907],[80.216067,13.079905],[80.21608,13.079913],[80.216087,13.079925],[80.216085,13.079942],[80.216083,13.079959],[80.216094,13.079983],[80.216103,13.080007],[80.216181,13.080067],[80.216216,13.080082],[80.216229,13.080082],[80.216257,13.080098],[80.216276,13.080124],[80.216287,13.080143],[80.216308,13.080151],[80.216363,13.080203],[80.216391,13.080236],[80.216428,13.08027],[80.216454,13.080313],[80.216504,13.08035],[80.216527,13.080376],[80.216551,13.080401],[80.21659,13.080424],[80.216622,13.080451],[80.216682,13.080488],[80.216894,13.080542],[80.216964,13.080566],[80.217105,13.080611],[80.217156,13.080653],[80.217197,13.080671],[80.21723,13.080685],[80.217536,13.080785],[80.217588,13.080753],[80.217611,13.080762],[80.217628,13.080768],[80.217644,13.080771],[80.217658,13.080774],[80.217718,13.080789],[80.217737,13.080812],[80.217745,13.080822],[80.217754,13.080826],[80.217773,13.080831],[80.217797,13.08083],[80.217829,13.08081],[80.217831,13.080803],[80.217844,13.080793],[80.217862,13.080788],[80.217953,13.080778],[80.217969,13.080784],[80.217982,13.08079],[80.218009,13.080793],[80.218055,13.080793],[80.218092,13.080791],[80.218111,13.080788],[80.218124,13.080781],[80.218157,13.080755],[80.218176,13.080739],[80.218218,13.080714],[80.218229,13.080711],[80.218244,13.080711],[80.218262,13.080722],[80.218273,13.080727],[80.218285,13.080732],[80.218303,13.080733],[80.21834,13.080726],[80.218381,13.080716],[80.218413,13.080706],[80.218473,13.080676],[80.218568,13.080629],[80.218658,13.08057],[80.218696,13.080552],[80.218736,13.080528],[80.218781,13.080495],[80.218809,13.080473],[80.218888,13.08039],[80.219033,13.080226],[80.21912,13.080147],[80.219186,13.080078],[80.21929,13.079977],[80.219316,13.079985],[80.219373,13.079939],[80.219409,13.079909],[80.219482,13.079822],[80.219518,13.079784],[80.219556,13.079749],[80.219576,13.079739],[80.219593,13.079735],[80.219619,13.079711],[80.219646,13.079679],[80.219724,13.079594],[80.21976,13.079569],[80.219795,13.079538],[80.21983,13.079506],[80.219864,13.079476],[80.219895,13.079445],[80.219937,13.079359],[80.219934,13.079342],[80.219934,13.079332],[80.219935,13.079325],[80.21994,13.079319],[80.21995,13.079316],[80.219964,13.079316],[80.219989,13.07932],[80.220006,13.079327],[80.220022,13.079326],[80.220038,13.079319],[80.220056,13.079305],[80.220094,13.079268],[80.220129,13.079239],[80.220158,13.079215],[80.220172,13.0792],[80.220185,13.079183],[80.220191,13.079167],[80.220194,13.079146],[80.220205,13.079123],[80.220213,13.079106],[80.22022,13.079092],[80.220235,13.079075],[80.220245,13.079061],[80.220261,13.079042],[80.220276,13.079022],[80.220289,13.078997],[80.2203,13.07898],[80.220367,13.078849],[80.22037,13.078831],[80.220373,13.078812],[80.220382,13.078796],[80.220523,13.078645],[80.22058,13.078564],[80.220641,13.07847],[80.220647,13.078463],[80.220695,13.078409],[80.220761,13.07833],[80.220812,13.078254],[80.220844,13.078208],[80.22087,13.078164],[80.220931,13.078065],[80.220961,13.078012],[80.220991,13.077975],[80.221042,13.07791],[80.221147,13.077798],[80.221204,13.077718],[80.221237,13.077661],[80.221279,13.077602],[80.221361,13.077501],[80.221417,13.077425],[80.221472,13.077368],[80.221529,13.077302],[80.221599,13.077206],[80.221649,13.077123],[80.221675,13.077067],[80.221701,13.077018],[80.221728,13.076987],[80.221764,13.076946],[80.221825,13.076881],[80.221876,13.076823],[80.221896,13.076791],[80.221914,13.076747],[80.221938,13.076694],[80.221949,13.076641],[80.221963,13.076551],[80.221977,13.076483],[80.221997,13.076401],[80.222007,13.076378],[80.222015,13.076376],[80.222033,13.076384],[80.222049,13.076396],[80.222068,13.076405],[80.222089,13.076396],[80.222116,13.076365],[80.222146,13.076303],[80.222161,13.076255],[80.222175,13.076193],[80.22219,13.076155],[80.222213,13.076116],[80.22223,13.076049],[80.222242,13.075962],[80.222261,13.075884],[80.222276,13.075824],[80.222279,13.075791],[80.222277,13.075764],[80.222267,13.07574],[80.222262,13.075709],[80.222264,13.075684],[80.222276,13.07566],[80.222287,13.075618],[80.222295,13.075569],[80.222298,13.0755],[80.222302,13.075454],[80.222295,13.075419],[80.222283,13.075392],[80.222289,13.075362],[80.222297,13.075313],[80.222295,13.075278],[80.222286,13.075255],[80.222272,13.075231],[80.222255,13.075223],[80.222239,13.075221],[80.222227,13.075197],[80.222218,13.075155],[80.222216,13.075126],[80.222234,13.075082],[80.222244,13.075073],[80.222263,13.075068],[80.222298,13.075068],[80.222314,13.075062],[80.222323,13.075045],[80.222321,13.075017],[80.222319,13.074985],[80.222326,13.074943],[80.222332,13.074916],[80.222328,13.074881],[80.222315,13.07486],[80.2223,13.074846],[80.222297,13.074813],[80.222302,13.074783],[80.222314,13.074759],[80.222323,13.074714],[80.222316,13.074655],[80.222317,13.074545],[80.222301,13.074465],[80.222291,13.074417],[80.222256,13.074177],[80.222253,13.074168],[80.222259,13.074153],[80.222283,13.074137],[80.222321,13.074124],[80.222361,13.074112],[80.22239,13.074091],[80.222399,13.074072],[80.222406,13.074068],[80.222407,13.074037],[80.222401,13.074006],[80.222389,13.073974],[80.222381,13.073951],[80.222381,13.073933],[80.222387,13.073926],[80.222412,13.073913],[80.22243,13.073903],[80.222439,13.073887],[80.222445,13.073869],[80.222446,13.073825],[80.222438,13.073797],[80.22242,13.073771],[80.222367,13.073722],[80.222348,13.073694],[80.222332,13.073652],[80.222328,13.073616],[80.222327,13.073587],[80.222323,13.073562],[80.222307,13.073535],[80.2223,13.073479],[80.222307,13.073435],[80.222321,13.073405],[80.222347,13.07337],[80.222371,13.073347],[80.222398,13.073323],[80.222429,13.073298],[80.222449,13.073284],[80.222462,13.073266],[80.222472,13.073247],[80.222493,13.073176],[80.222524,13.073121],[80.222544,13.073094],[80.222557,13.073068],[80.222562,13.07303],[80.222567,13.073009],[80.222584,13.072984],[80.222611,13.072952],[80.222681,13.07287],[80.222717,13.072829],[80.222732,13.072798],[80.222738,13.072759],[80.222749,13.072719],[80.22276,13.072685],[80.222779,13.072657],[80.222791,13.072633],[80.222796,13.0726],[80.222799,13.072573],[80.222797,13.072532],[80.222805,13.072481],[80.222818,13.072449],[80.222839,13.072426],[80.222886,13.072375],[80.222948,13.072323],[80.223036,13.072251],[80.223066,13.072245],[80.2231,13.072229],[80.223133,13.072186],[80.22316,13.072152],[80.223184,13.072127],[80.223209,13.07211],[80.223244,13.072092],[80.223316,13.072065],[80.223409,13.072014],[80.223452,13.071985],[80.223476,13.071961],[80.223502,13.071943],[80.223521,13.071937],[80.223553,13.071937],[80.223593,13.071937],[80.223611,13.071945],[80.22363,13.071959],[80.223654,13.071966],[80.223677,13.071959],[80.223705,13.07194],[80.22373,13.071919],[80.223752,13.071903],[80.223783,13.071891],[80.223901,13.071862],[80.223991,13.07184],[80.224045,13.071821],[80.224092,13.071801],[80.224144,13.071783],[80.224192,13.071771],[80.224257,13.071761],[80.224385,13.071736],[80.224437,13.071727],[80.224546,13.071718],[80.224601,13.07172],[80.22465,13.071728],[80.224728,13.071737],[80.224844,13.07174],[80.224906,13.071754],[80.224936,13.071768],[80.224974,13.071794],[80.225007,13.071815],[80.225028,13.071816],[80.225044,13.071807],[80.225053,13.071794],[80.225057,13.071778],[80.225073,13.071767],[80.225102,13.071773],[80.225141,13.071811],[80.225171,13.071838],[80.225214,13.071851],[80.225268,13.071859],[80.22528,13.071863],[80.225365,13.071898],[80.225398,13.071937],[80.225457,13.071963],[80.225542,13.071978],[80.2256,13.071984],[80.225642,13.071983],[80.225679,13.071974],[80.225709,13.071953],[80.225737,13.071928],[80.22576,13.071912],[80.225787,13.071904],[80.225829,13.071905],[80.225905,13.071925],[80.225961,13.071948],[80.225984,13.071969],[80.22601,13.071983],[80.226074,13.071994],[80.22618,13.072003],[80.226318,13.071998],[80.226418,13.071994],[80.2265,13.072004],[80.226548,13.072014],[80.226663,13.07203],[80.226756,13.072045],[80.226929,13.072057],[80.227022,13.072074],[80.227115,13.07208],[80.227165,13.072093],[80.227277,13.072121],[80.227385,13.072149],[80.227441,13.072153],[80.227512,13.072159],[80.227597,13.072162],[80.227647,13.072164],[80.2277,13.072179],[80.22777,13.072204],[80.227858,13.072221],[80.227901,13.072222],[80.227928,13.072226],[80.227957,13.07224],[80.228023,13.072292],[80.228064,13.072324],[80.228113,13.072344],[80.228149,13.072359],[80.228228,13.072392],[80.228281,13.072415],[80.228299,13.072412],[80.228325,13.072407],[80.228341,13.07241],[80.228369,13.072428],[80.228405,13.072454],[80.228436,13.072463],[80.228473,13.072459],[80.228538,13.072456],[80.228563,13.072451],[80.228576,13.072442],[80.228587,13.072422],[80.228607,13.072417],[80.228648,13.072426],[80.228686,13.072446],[80.228738,13.072444],[80.228837,13.072446],[80.228917,13.072432],[80.228997,13.072408],[80.229029,13.072392],[80.229081,13.07238],[80.229151,13.072366],[80.22922,13.072339],[80.229247,13.072317],[80.22929,13.072313],[80.229316,13.07231],[80.229345,13.072292],[80.229384,13.072257],[80.229453,13.072221],[80.229519,13.07219],[80.229576,13.072143],[80.229634,13.072091],[80.229681,13.072034],[80.229721,13.071973],[80.229748,13.07193],[80.229802,13.071829],[80.229836,13.071738],[80.229855,13.071654],[80.229879,13.071543],[80.229893,13.071472],[80.2299,13.071435],[80.229903,13.071412],[80.229903,13.071399],[80.229903,13.071369],[80.229902,13.071339],[80.229897,13.07132],[80.229893,13.071311],[80.229885,13.071299],[80.229864,13.071282],[80.229845,13.071259],[80.229822,13.071192],[80.229813,13.071139],[80.229822,13.071098],[80.229838,13.071054],[80.229846,13.071013],[80.229848,13.070952],[80.22986,13.07088],[80.229864,13.070799],[80.229859,13.070729],[80.229841,13.07067],[80.229822,13.070643],[80.229811,13.07062],[80.229797,13.07057],[80.229785,13.07051],[80.229752,13.070458],[80.229718,13.070401],[80.229712,13.070355],[80.229703,13.070327],[80.229663,13.07025],[80.229621,13.070163],[80.229572,13.070076],[80.22953,13.070018],[80.229482,13.069974],[80.229473,13.069966],[80.229449,13.069944],[80.229357,13.069811],[80.229295,13.069722],[80.229266,13.069697],[80.229242,13.069688],[80.229206,13.069681],[80.229178,13.069674],[80.229158,13.069664],[80.22914,13.069636],[80.229115,13.069609],[80.22908,13.069587],[80.229037,13.069562],[80.228999,13.069522],[80.228959,13.069465],[80.228934,13.069417],[80.228898,13.069362],[80.22884,13.069296],[80.228792,13.069242],[80.22876,13.069204],[80.228736,13.069184],[80.22871,13.06915],[80.228687,13.069102],[80.228672,13.069054],[80.228674,13.069018],[80.228667,13.068992],[80.228635,13.068948],[80.228612,13.068889],[80.22861,13.068845],[80.228594,13.068766],[80.228573,13.068695],[80.228551,13.068616],[80.228543,13.068513],[80.228551,13.068417],[80.228566,13.068365],[80.228586,13.068318],[80.228621,13.068283],[80.228666,13.068257],[80.228713,13.068229],[80.228748,13.068198],[80.228792,13.068158],[80.228824,13.068129],[80.228882,13.068105],[80.228944,13.068082],[80.229015,13.068044],[80.229159,13.067968],[80.229258,13.067912],[80.229297,13.067892],[80.229336,13.067888],[80.229371,13.067884],[80.229405,13.067874],[80.229421,13.067867],[80.229518,13.067832],[80.229559,13.067823],[80.229595,13.067833],[80.229658,13.06786],[80.229724,13.067885],[80.229754,13.067896],[80.229781,13.067895],[80.229838,13.067893],[80.22989,13.067891],[80.229904,13.067892],[80.229951,13.067908],[80.229991,13.067924],[80.230011,13.067931],[80.230026,13.067935],[80.230045,13.067931],[80.230071,13.067928],[80.230088,13.067936],[80.230093,13.067945],[80.230098,13.067948],[80.23012,13.06796],[80.230138,13.067973],[80.2302,13.068016],[80.230224,13.068019],[80.230246,13.06802],[80.230258,13.068015],[80.230264,13.068015],[80.230272,13.068017],[80.230287,13.068018],[80.230295,13.068018],[80.230303,13.068021],[80.230309,13.068023],[80.230319,13.068025],[80.230329,13.06803],[80.230342,13.068042],[80.230352,13.068044],[80.230363,13.068046],[80.230368,13.068043],[80.230379,13.068034],[80.230387,13.068036],[80.230395,13.068039],[80.230403,13.068041],[80.230421,13.068041],[80.23048,13.06805],[80.230493,13.068048],[80.230509,13.068045],[80.230521,13.068046],[80.230549,13.068066],[80.230563,13.068072],[80.230595,13.068079],[80.230655,13.068098],[80.230674,13.068105],[80.230711,13.068114],[80.230739,13.068124],[80.230765,13.068137],[80.230778,13.068143],[80.230796,13.068146],[80.230838,13.068151],[80.230869,13.068166],[80.230897,13.068185],[80.23091,13.068184],[80.230944,13.068198],[80.231014,13.068226],[80.231074,13.068243],[80.231108,13.068247],[80.231148,13.068247],[80.231218,13.06825],[80.231294,13.068256],[80.231368,13.068274],[80.231399,13.068298],[80.231418,13.068312],[80.231442,13.06832],[80.231464,13.068322],[80.231471,13.068328],[80.231469,13.068336],[80.231463,13.068357],[80.231461,13.068366],[80.231462,13.068371],[80.231476,13.068378],[80.231496,13.068381],[80.231515,13.068371],[80.231532,13.06835],[80.231555,13.068341],[80.23159,13.06832],[80.231599,13.068307],[80.231613,13.068301],[80.231622,13.068301],[80.231872,13.068318],[80.232036,13.068322],[80.23212,13.06839],[80.232178,13.068437],[80.232326,13.068463],[80.232453,13.068412],[80.232633,13.06834],[80.232808,13.06832],[80.232966,13.068325],[80.233056,13.0683],[80.233099,13.068222],[80.233178,13.068134],[80.233321,13.068083],[80.23339,13.068083],[80.233538,13.068063],[80.233733,13.068089],[80.23386,13.068084],[80.233961,13.068038],[80.234088,13.067987],[80.234167,13.067935],[80.234363,13.067803],[80.234554,13.067652],[80.23475,13.067434],[80.234941,13.067267],[80.235128,13.06714],[80.235259,13.06702],[80.235442,13.066919],[80.235696,13.066749],[80.235918,13.066602],[80.236033,13.066567],[80.236065,13.066622],[80.236307,13.066537],[80.236462,13.066483],[80.23662,13.066425],[80.236811,13.066395],[80.237005,13.066372],[80.237164,13.066357],[80.237326,13.066342],[80.237473,13.06635],[80.237655,13.066374],[80.237782,13.066374],[80.238008,13.066406],[80.238174,13.066426],[80.238384,13.066469],[80.238535,13.066513],[80.238677,13.066571],[80.238788,13.066638],[80.238899,13.066681],[80.239017,13.066743],[80.239104,13.06679],[80.239298,13.066868],[80.239389,13.066939],[80.239445,13.066985],[80.239572,13.067017],[80.239694,13.067068],[80.239769,13.067118],[80.239813,13.067157],[80.239896,13.067177],[80.239987,13.067224],[80.240106,13.067259],[80.241452,13.067834],[80.242509,13.068319],[80.242651,13.068339],[80.242849,13.06841],[80.242976,13.068433],[80.243225,13.068508],[80.24338,13.068555],[80.243665,13.06868],[80.24391,13.068759],[80.244247,13.06897],[80.244397,13.069032],[80.244615,13.069134],[80.24471,13.0692],[80.244955,13.069337],[80.245244,13.069493],[80.245632,13.069673],[80.245857,13.069798],[80.246024,13.069892],[80.246138,13.069966],[80.246261,13.070032],[80.246573,13.070182],[80.246736,13.070282],[80.246938,13.070393],[80.247092,13.070472],[80.247232,13.07054],[80.247359,13.070616],[80.247463,13.070669],[80.247763,13.070833],[80.247979,13.070941],[80.248161,13.071009],[80.24833,13.071068],[80.248464,13.071074],[80.248859,13.071189],[80.249111,13.071195],[80.24929,13.071219],[80.249521,13.071231],[80.25,13.071154],[80.250387,13.071015],[80.251096,13.070563],[80.25193,13.070049],[80.252547,13.069617],[80.25318,13.068968],[80.253781,13.068327],[80.25429,13.067741],[80.254714,13.067363],[80.255089,13.066894],[80.255464,13.066294],[80.255719,13.065936],[80.255839,13.065667],[80.255912,13.065128],[80.255901,13.06403],[80.255881,13.063429],[80.255904,13.063035],[80.256018,13.062662],[80.256252,13.062159],[80.25645,13.061876],[80.256782,13.061566],[80.256994,13.061401],[80.257297,13.061229],[80.257615,13.061168],[80.25803,13.061231],[80.258375,13.06135],[80.25872,13.061578],[80.259233,13.062063],[80.259745,13.062535],[80.260195,13.063061],[80.260468,13.063759],[80.260706,13.064278],[80.260957,13.065032],[80.261223,13.065572],[80.261758,13.065967],[80.262032,13.066168],[80.26262,13.066467],[80.263115,13.066702],[80.263531,13.066849],[80.264116,13.066987],[80.264939,13.067047],[80.265653,13.067088],[80.266209,13.067168],[80.267081,13.067345],[80.267854,13.067522],[80.26837,13.067738],[80.268716,13.068079],[80.268874,13.068313],[80.268893,13.068624],[80.26906,13.069053],[80.269077,13.069083],[80.269085,13.069132],[80.269088,13.069156],[80.269087,13.06918],[80.269089,13.069205],[80.269098,13.069235],[80.269107,13.069252],[80.269117,13.069276],[80.269116,13.069288],[80.269112,13.069308],[80.269111,13.069318],[80.269117,13.069331],[80.269115,13.069351],[80.269107,13.069384],[80.269104,13.069411],[80.269109,13.069441],[80.269115,13.069454],[80.269124,13.069482],[80.269125,13.069507],[80.269121,13.069543],[80.269114,13.069567],[80.26911,13.069595],[80.269107,13.069623],[80.269106,13.069644],[80.26911,13.069663],[80.269111,13.069677],[80.269106,13.069689],[80.269098,13.069697],[80.269091,13.0697],[80.269087,13.069711],[80.26909,13.069722],[80.269096,13.069738],[80.269093,13.069751],[80.269092,13.069772],[80.269089,13.069797],[80.269081,13.069817],[80.26907,13.069839],[80.269062,13.069851],[80.269058,13.069858],[80.26905,13.069882],[80.269039,13.069917],[80.269034,13.069941],[80.269034,13.06996],[80.269033,13.069987],[80.269027,13.070012],[80.269022,13.07003],[80.269019,13.070053],[80.269016,13.070074],[80.26901,13.07008],[80.268992,13.070105],[80.26899,13.070118],[80.26899,13.070134],[80.26899,13.070145],[80.268984,13.070164],[80.268976,13.070175],[80.268967,13.070193],[80.268959,13.070218],[80.268954,13.070241],[80.268945,13.070262],[80.268937,13.070285],[80.268936,13.070317],[80.268937,13.070334],[80.268933,13.070357],[80.268924,13.070383],[80.268913,13.070406],[80.268901,13.070427],[80.268894,13.070442],[80.268889,13.070463],[80.268883,13.070485],[80.268873,13.07051],[80.268864,13.070529],[80.268852,13.070555],[80.268839,13.070575],[80.268825,13.070594],[80.268813,13.070611],[80.268806,13.070634],[80.268806,13.070646],[80.2688,13.070661],[80.268789,13.070671],[80.268774,13.070699],[80.26876,13.070727],[80.26874,13.070781],[80.268738,13.070792],[80.268734,13.07081],[80.268727,13.070832],[80.268719,13.070845],[80.268704,13.070861],[80.268698,13.070872],[80.268689,13.070893],[80.268684,13.070916],[80.268671,13.070944],[80.268664,13.070962],[80.268656,13.070982],[80.268644,13.070997],[80.268635,13.071009],[80.268628,13.071034],[80.268611,13.071076],[80.268607,13.071093],[80.268599,13.071118],[80.26858,13.071139],[80.268562,13.071163],[80.268544,13.071182],[80.268524,13.071192],[80.268488,13.071221],[80.268475,13.071252],[80.268451,13.071279],[80.26843,13.071306],[80.268417,13.071336],[80.268391,13.071396],[80.268381,13.071417],[80.268369,13.071429],[80.268353,13.07144],[80.268333,13.071445],[80.268321,13.07145],[80.268303,13.071458],[80.268276,13.071467],[80.268255,13.071476],[80.268247,13.071481],[80.268228,13.071492],[80.268213,13.071506],[80.2682,13.071524],[80.26819,13.07154],[80.268183,13.071553],[80.268175,13.071561],[80.268153,13.071578],[80.268134,13.071599],[80.268123,13.071618],[80.268108,13.071636],[80.268087,13.07165],[80.268071,13.071663],[80.268059,13.071683],[80.268049,13.071701],[80.268038,13.071713],[80.268027,13.071722],[80.268011,13.071739],[80.267997,13.071754],[80.26799,13.071768],[80.267985,13.071785],[80.267969,13.071797],[80.267952,13.071807],[80.267936,13.071813],[80.267922,13.071818],[80.267906,13.07183],[80.267888,13.071847],[80.267874,13.071868],[80.267866,13.071881],[80.267857,13.071902],[80.267849,13.071915],[80.267839,13.071927],[80.267828,13.071945],[80.267818,13.071962],[80.267805,13.071977],[80.267792,13.071986],[80.267754,13.071998],[80.267738,13.072006],[80.267728,13.07202],[80.26772,13.072041],[80.267713,13.072056],[80.267698,13.072068],[80.267676,13.072081],[80.267658,13.072099],[80.26765,13.072114],[80.267638,13.072143],[80.267616,13.072167],[80.267598,13.072181],[80.267583,13.072185],[80.267573,13.072188],[80.26756,13.072206],[80.267546,13.072228],[80.267525,13.072245],[80.267498,13.072265],[80.267478,13.072277],[80.267463,13.072283],[80.267452,13.072292],[80.267447,13.072303],[80.267434,13.07231],[80.267421,13.072316],[80.267407,13.072325],[80.267397,13.072336],[80.267371,13.072368],[80.267351,13.072382],[80.267332,13.072394],[80.267319,13.072406],[80.267309,13.072423],[80.267297,13.072438],[80.26728,13.072447],[80.267271,13.072451],[80.267261,13.072462],[80.267251,13.072477],[80.267241,13.072486],[80.267226,13.072494],[80.267211,13.0725],[80.267195,13.072509],[80.267184,13.072524],[80.267174,13.072546],[80.267168,13.072564],[80.267158,13.072589],[80.267076,13.072674],[80.267056,13.07269],[80.267029,13.072712],[80.267004,13.072739],[80.266993,13.072748],[80.26698,13.072762],[80.266973,13.072772],[80.26697,13.072789],[80.266968,13.0728],[80.26696,13.072817],[80.266951,13.072832],[80.266937,13.072847],[80.266919,13.072863],[80.266908,13.072873],[80.266885,13.072883],[80.266866,13.072892],[80.266853,13.072904],[80.266805,13.072964],[80.266782,13.072989],[80.266688,13.073088],[80.266662,13.073122],[80.266636,13.073154],[80.266624,13.073168],[80.266618,13.073178],[80.266616,13.073188],[80.266612,13.073206],[80.266599,13.07322],[80.266585,13.073237],[80.266563,13.073244],[80.266555,13.073247],[80.266528,13.073267],[80.266518,13.073283],[80.266478,13.073331],[80.266464,13.073346],[80.266461,13.073356],[80.266454,13.073374],[80.266442,13.07338],[80.266422,13.073385],[80.266403,13.073396],[80.266392,13.073409],[80.266385,13.073423],[80.266023,13.073898],[80.265784,13.074403],[80.265686,13.07488],[80.265602,13.075328],[80.265567,13.075632],[80.265616,13.075861],[80.265685,13.076074],[80.265784,13.076226],[80.265882,13.076646],[80.266023,13.077197],[80.266026,13.077207],[80.266026,13.077225],[80.266025,13.077244],[80.266031,13.077278],[80.266038,13.077307],[80.26605,13.077338],[80.266061,13.077373],[80.266073,13.077412],[80.266084,13.077453],[80.266092,13.077491],[80.266099,13.077526],[80.266113,13.077568],[80.266128,13.077606],[80.266144,13.077641],[80.266165,13.077676],[80.266188,13.077706],[80.266203,13.077738],[80.266214,13.077765],[80.266213,13.077791],[80.266204,13.07782],[80.266201,13.077849],[80.266202,13.07787],[80.266202,13.077891],[80.266193,13.077916],[80.266192,13.077932],[80.266207,13.077945],[80.266232,13.077969],[80.266243,13.078008],[80.266254,13.078029],[80.266296,13.078044],[80.266328,13.078046],[80.266342,13.078058],[80.266342,13.078075],[80.266333,13.078094],[80.266316,13.078109],[80.266307,13.078116],[80.266296,13.078131],[80.266296,13.078142],[80.266301,13.078155],[80.266307,13.078171],[80.266318,13.078191],[80.266328,13.078215],[80.266356,13.078266],[80.266374,13.078317],[80.266411,13.078382],[80.266445,13.078443],[80.266556,13.078619],[80.26665,13.078754],[80.266758,13.07891],[80.266765,13.078919],[80.266852,13.079041],[80.266917,13.079116],[80.267186,13.079325],[80.267453,13.079577],[80.26793,13.079801],[80.268238,13.079928],[80.268617,13.080012],[80.269093,13.08011],[80.269556,13.080096],[80.270019,13.080012],[80.270496,13.079899],[80.270944,13.079605],[80.271281,13.079409],[80.271575,13.079269],[80.271834,13.079123],[80.271886,13.079092],[80.271935,13.079068],[80.271978,13.079057],[80.27201,13.079051],[80.272027,13.079048],[80.272034,13.079049],[80.272042,13.079053],[80.272059,13.079043],[80.272082,13.079033],[80.272101,13.079008],[80.272115,13.078998],[80.272144,13.078984],[80.272182,13.078963],[80.272206,13.078944],[80.272242,13.078917],[80.27228,13.078893],[80.272293,13.078887],[80.272307,13.078887],[80.272376,13.078872],[80.272388,13.078867],[80.272405,13.078854],[80.272426,13.07884],[80.272486,13.078832],[80.272529,13.078819],[80.27254,13.078815],[80.27255,13.078808],[80.272559,13.078796],[80.272577,13.078792],[80.272599,13.078794],[80.272617,13.078796],[80.272636,13.078802],[80.27266,13.078803],[80.272689,13.078802],[80.272718,13.078794],[80.272748,13.078782],[80.272824,13.07876],[80.272863,13.07874],[80.272891,13.078726],[80.272903,13.078718],[80.272913,13.078714],[80.272927,13.078712],[80.272945,13.07871],[80.273016,13.078754],[80.273101,13.078815],[80.273231,13.078881],[80.273324,13.078931],[80.273365,13.078941],[80.273399,13.078947],[80.273431,13.078951],[80.273458,13.078956],[80.273518,13.078971],[80.273626,13.078997],[80.273684,13.079023],[80.27371,13.07903],[80.273759,13.079037],[80.273816,13.079043],[80.273875,13.079044],[80.27392,13.079046],[80.27399,13.079061],[80.274059,13.079072],[80.27416,13.079098],[80.274313,13.079137],[80.27451,13.079179],[80.274664,13.079224],[80.274816,13.07927],[80.275073,13.079358],[80.275106,13.079408],[80.275128,13.079447],[80.275132,13.079473],[80.27513,13.079504],[80.27512,13.079546],[80.275098,13.07962],[80.275084,13.079708],[80.275065,13.079744],[80.275052,13.079802],[80.275068,13.079871],[80.275079,13.079906],[80.275079,13.079952],[80.275083,13.079977],[80.275092,13.080028],[80.275087,13.080089],[80.27509,13.080131],[80.275097,13.080181],[80.275088,13.080307],[80.275031,13.080654],[80.275013,13.080949],[80.275006,13.08106],[80.274985,13.081244],[80.274975,13.08134],[80.274974,13.081363],[80.274974,13.08145],[80.274971,13.081468],[80.274926,13.081796],[80.274921,13.081828],[80.274917,13.081855],[80.274874,13.08222],[80.274801,13.082794],[80.274739,13.083136],[80.274718,13.083288],[80.274701,13.083389],[80.274698,13.083428],[80.274692,13.083487],[80.274699,13.083521],[80.274697,13.083544],[80.274691,13.083578],[80.274675,13.083636],[80.274667,13.083659],[80.274654,13.083696],[80.27463,13.08375],[80.274603,13.083828],[80.274578,13.083911],[80.274547,13.083984],[80.2745,13.084183],[80.274472,13.084359],[80.274433,13.084596],[80.274394,13.084855],[80.274352,13.08511],[80.274325,13.085267],[80.274295,13.085495],[80.274272,13.085637],[80.274241,13.085816],[80.274212,13.085993],[80.27417,13.086275],[80.274157,13.086455],[80.274121,13.086671],[80.274139,13.086727],[80.274135,13.086782],[80.274097,13.086904],[80.27409,13.087043],[80.274073,13.087185],[80.274066,13.087486],[80.274065,13.087597],[80.274066,13.087803],[80.274034,13.088156],[80.274033,13.088179],[80.274027,13.088332],[80.274018,13.088501],[80.274009,13.088644],[80.274006,13.088777],[80.274,13.088904],[80.274008,13.089028],[80.273985,13.089149],[80.27397,13.089313],[80.273956,13.089525],[80.273956,13.089582],[80.273952,13.089642],[80.273937,13.089729],[80.273911,13.089885],[80.273901,13.090122],[80.273887,13.090276],[80.273879,13.090359],[80.273861,13.090459],[80.273848,13.090603],[80.273852,13.090741],[80.273861,13.090871],[80.273875,13.090925],[80.27389,13.09101],[80.27393,13.091112],[80.273942,13.091133],[80.273955,13.091152],[80.273973,13.09116],[80.274,13.091171],[80.274013,13.091185],[80.274026,13.091197],[80.274034,13.0912],[80.274052,13.091211],[80.274056,13.091223],[80.274065,13.091252],[80.27409,13.091284],[80.274245,13.091633],[80.274258,13.091656],[80.274274,13.091663],[80.27428,13.091671],[80.274284,13.091697],[80.27429,13.091749],[80.274292,13.091803],[80.274292,13.091841],[80.274286,13.091889],[80.274269,13.091945],[80.27426,13.092012],[80.274246,13.092026],[80.274243,13.092062],[80.274243,13.092097],[80.274233,13.092111],[80.274226,13.092117],[80.2742,13.092143],[80.274193,13.09215],[80.27419,13.09216],[80.274191,13.092166],[80.274201,13.092183],[80.274195,13.09225],[80.274192,13.092374],[80.274195,13.092397],[80.27419,13.09242],[80.274179,13.092457],[80.27418,13.09247],[80.274194,13.092515],[80.274222,13.092561],[80.274239,13.09258],[80.274302,13.092643],[80.274338,13.0927],[80.274416,13.092824],[80.274423,13.092836],[80.274429,13.092873],[80.274416,13.092944],[80.274394,13.093104],[80.274369,13.093162],[80.274296,13.093289],[80.274253,13.093361],[80.27423,13.093394],[80.274206,13.09342],[80.274187,13.093455],[80.274152,13.0935],[80.274147,13.093533],[80.274134,13.093566],[80.274087,13.093698],[80.274074,13.093769],[80.274065,13.093794],[80.274073,13.093843],[80.274074,13.093903],[80.27406,13.093934],[80.274047,13.093972],[80.274011,13.09407],[80.273991,13.094226],[80.27398,13.094304],[80.273967,13.094535],[80.274003,13.094663],[80.27394,13.094989],[80.273972,13.095295],[80.273967,13.095663],[80.273981,13.095896],[80.273976,13.096281],[80.27399,13.096828],[80.274012,13.096962],[80.274015,13.097002],[80.274021,13.097041],[80.274021,13.097085],[80.274009,13.097197],[80.274006,13.097221],[80.274002,13.097257],[80.274012,13.098101],[80.2739,13.099578],[80.273862,13.100204],[80.273687,13.10088],[80.273361,13.102119],[80.27291,13.103559],[80.272885,13.10426],[80.272623,13.105086],[80.272447,13.105963],[80.272222,13.106614],[80.272134,13.106726],[80.272126,13.106719],[80.272027,13.106971],[80.272034,13.106989],[80.271946,13.107215],[80.271358,13.108166],[80.270669,13.108992],[80.270194,13.109919],[80.270156,13.11057],[80.270069,13.111183],[80.270156,13.111872],[80.270294,13.112586],[80.270457,13.113086],[80.27072,13.113938],[80.271008,13.115127],[80.271233,13.115978],[80.271571,13.117368],[80.271946,13.118895],[80.27231,13.120373],[80.272572,13.121299],[80.272698,13.121775],[80.272785,13.122025],[80.272936,13.122313],[80.273048,13.122701],[80.273011,13.122952],[80.273173,13.12369],[80.273311,13.124103],[80.273374,13.124542],[80.273393,13.12465],[80.273399,13.124679],[80.273393,13.124883],[80.273543,13.125497],[80.27373,13.126187],[80.274008,13.127206],[80.274225,13.128128],[80.27445,13.129042],[80.274622,13.129904],[80.274847,13.130568],[80.274867,13.130648],[80.274914,13.130799],[80.274939,13.130806],[80.274949,13.130847],[80.275158,13.131668],[80.275377,13.132336],[80.275457,13.132587],[80.275975,13.134359],[80.276447,13.135809],[80.276803,13.136867],[80.277183,13.138237],[80.277644,13.139606],[80.278104,13.140688],[80.278898,13.142276],[80.279657,13.143852],[80.280543,13.145705],[80.281257,13.14716],[80.282204,13.149125],[80.283235,13.151328],[80.284181,13.153257],[80.284945,13.155017],[80.285588,13.156383],[80.286134,13.157389],[80.287263,13.159701],[80.288439,13.162276],[80.288852,13.162995],[80.288996,13.163821],[80.289211,13.165639],[80.289534,13.168057],[80.289868,13.170749],[80.290189,13.173645],[80.291087,13.175429],[80.291926,13.17664],[80.293202,13.178701],[80.294964,13.181445],[80.296106,13.183206],[80.296751,13.184045],[80.297311,13.184406],[80.298128,13.184851],[80.299042,13.185427],[80.299419,13.185835],[80.300599,13.187525],[80.301608,13.188963],[80.302738,13.190677],[80.303502,13.192425],[80.304837,13.195395],[80.306074,13.198305],[80.306558,13.199934],[80.306837,13.200604],[80.307591,13.20142],[80.309015,13.20305],[80.309611,13.203901],[80.310449,13.205387],[80.311822,13.207723],[80.31232,13.208645],[80.312939,13.210154],[80.313557,13.211627],[80.313933,13.212418],[80.314431,13.2134],[80.315064,13.214287],[80.315623,13.215161],[80.316146,13.215952],[80.316498,13.216492],[80.316741,13.216995],[80.3173,13.217917],[80.317689,13.218468],[80.317944,13.219067],[80.318284,13.21987],[80.318477,13.220588],[80.318549,13.221186],[80.31851,13.221883],[80.318643,13.222112],[80.318653,13.22111],[80.318631,13.220787],[80.318334,13.219631],[80.317956,13.218761],[80.317526,13.218021],[80.316877,13.21695],[80.316403,13.216109],[80.315484,13.2147],[80.314922,13.213873],[80.314499,13.213211],[80.314105,13.212492],[80.313632,13.211544],[80.312977,13.209913],[80.312104,13.207951],[80.311265,13.20647],[80.310813,13.205723],[80.310179,13.20458],[80.309567,13.203416],[80.308866,13.202617],[80.307946,13.201574],[80.307034,13.20043],[80.306764,13.200035],[80.306408,13.198964],[80.306009,13.197722],[80.305244,13.195911],[80.30448,13.19423],[80.303745,13.192663],[80.303512,13.19216],[80.30301,13.191003],[80.302339,13.189803],[80.301573,13.188681],[80.300639,13.187343],[80.299859,13.186207],[80.299195,13.185373],[80.298552,13.184919],[80.297696,13.184457],[80.29684,13.18391],[80.296738,13.183802],[80.296038,13.182773],[80.294922,13.181062],[80.294018,13.179603],[80.293326,13.178517],[80.292633,13.177403],[80.291918,13.176288],[80.291568,13.175677],[80.291029,13.17485],[80.290584,13.174103],[80.290417,13.173708],[80.290273,13.17276],[80.290088,13.171015],[80.289887,13.169371],[80.289629,13.167382],[80.289436,13.165903],[80.289264,13.164654],[80.289136,13.163369],[80.288925,13.162687],[80.288655,13.162284],[80.287818,13.16048],[80.286938,13.158626],[80.286064,13.156872],[80.28554,13.155809],[80.284877,13.15435],[80.284113,13.152683],[80.28313,13.15067],[80.282184,13.148665],[80.281311,13.146826],[80.280705,13.14559],[80.28009,13.144335],[80.279389,13.142858],[80.278976,13.141994],[80.278438,13.14088],[80.278025,13.139916],[80.277737,13.139214],[80.277261,13.137775],[80.276773,13.136135],[80.276097,13.134006],[80.275921,13.133406],[80.275183,13.130889],[80.274607,13.128949],[80.274183,13.127187],[80.273739,13.125581],[80.27345,13.124081],[80.273324,13.123426],[80.273112,13.122483],[80.27295,13.121905],[80.272591,13.120736],[80.272098,13.118842],[80.271739,13.117335],[80.271605,13.116729],[80.2715,13.116363],[80.271324,13.115595],[80.270986,13.114243],[80.27081,13.113602],[80.270598,13.11287],[80.270486,13.112553],[80.270359,13.112124],[80.270253,13.111581],[80.270274,13.111152],[80.270295,13.110793],[80.270352,13.11044],[80.27038,13.110314],[80.270429,13.110243],[80.270493,13.110187],[80.270577,13.11018],[80.270767,13.110081],[80.271436,13.1088],[80.271859,13.107778],[80.272464,13.106602],[80.272845,13.105624],[80.273077,13.10494],[80.273197,13.10437],[80.27319,13.103962],[80.273218,13.103546],[80.273472,13.102602],[80.273762,13.101518],[80.274112,13.100317],[80.274162,13.099628],[80.274212,13.098414],[80.274226,13.097273],[80.274226,13.097271],[80.274232,13.097221],[80.274232,13.09722],[80.274234,13.097109],[80.274237,13.097033],[80.274243,13.096982],[80.274245,13.096932],[80.274246,13.096842],[80.274239,13.096272],[80.274228,13.095878],[80.274227,13.095675],[80.274213,13.095284],[80.274219,13.095],[80.274221,13.094656],[80.27422,13.094557],[80.27422,13.094521],[80.274212,13.094269],[80.274205,13.094133],[80.274173,13.093982],[80.274171,13.093946],[80.27417,13.093934],[80.274177,13.093913],[80.274185,13.09389],[80.274194,13.093877],[80.274199,13.093869],[80.274209,13.093861],[80.274215,13.093854],[80.274218,13.09385],[80.274222,13.093841],[80.274224,13.093824],[80.274225,13.093809],[80.274237,13.093708],[80.274268,13.093545],[80.274275,13.093506],[80.274279,13.093483],[80.27429,13.093449],[80.274301,13.093431],[80.274318,13.093413],[80.274334,13.093399],[80.274355,13.093375],[80.274462,13.093209],[80.274515,13.093117],[80.274531,13.093074],[80.274543,13.093032],[80.274557,13.092974],[80.274563,13.092919],[80.274573,13.092804],[80.274568,13.092759],[80.274545,13.092701],[80.274451,13.092463],[80.27441,13.092332],[80.274392,13.092256],[80.274386,13.092193],[80.274374,13.092126],[80.274348,13.092012],[80.27433,13.091863],[80.274331,13.091825],[80.274337,13.091763],[80.274335,13.091739],[80.274327,13.09171],[80.274315,13.091675],[80.274307,13.091657],[80.274291,13.091635],[80.274267,13.091617],[80.274128,13.091221],[80.274115,13.091197],[80.274101,13.091187],[80.274086,13.091161],[80.274072,13.091133],[80.274046,13.091062],[80.274046,13.091026],[80.27406,13.090961],[80.274064,13.090888],[80.274077,13.090765],[80.274095,13.090628],[80.27406,13.09057],[80.274061,13.09052],[80.274065,13.090484],[80.274116,13.090448],[80.274129,13.09038],[80.274133,13.090265],[80.274137,13.090131],[80.27415,13.089885],[80.27414,13.089549],[80.274168,13.089324],[80.274192,13.089169],[80.274184,13.089022],[80.274182,13.088905],[80.274194,13.088792],[80.274202,13.088635],[80.274209,13.088498],[80.274202,13.088323],[80.274192,13.088179],[80.274192,13.088173],[80.274205,13.087807],[80.274216,13.087607],[80.274222,13.0875],[80.274229,13.087193],[80.274235,13.087051],[80.27425,13.086921],[80.274282,13.0867],[80.274316,13.086473],[80.274345,13.086301],[80.274386,13.086019],[80.274415,13.085844],[80.274446,13.085665],[80.274469,13.08552],[80.274499,13.085292],[80.274526,13.085138],[80.274568,13.084882],[80.274608,13.084622],[80.274646,13.084385],[80.274673,13.084211],[80.274721,13.08394],[80.274757,13.083733],[80.274775,13.08366],[80.274793,13.083589],[80.274815,13.083459],[80.274835,13.083328],[80.274856,13.083156],[80.274947,13.082761],[80.275009,13.082305],[80.275003,13.082244],[80.275013,13.082147],[80.275011,13.08187],[80.275022,13.08181],[80.275081,13.081483],[80.275083,13.081473],[80.275087,13.081463],[80.275092,13.081458],[80.275099,13.081454],[80.275111,13.081444],[80.275123,13.081422],[80.27513,13.081404],[80.275131,13.081393],[80.275143,13.081259],[80.275162,13.081075],[80.275238,13.080621],[80.27528,13.080316],[80.275299,13.080175],[80.275288,13.080113],[80.275288,13.080076],[80.275291,13.080047],[80.275307,13.079995],[80.275315,13.079964],[80.275326,13.079919],[80.275329,13.079877],[80.275318,13.079827],[80.275311,13.079791],[80.275297,13.079712],[80.275296,13.079644],[80.275283,13.079414],[80.275289,13.079366],[80.275299,13.079346],[80.27531,13.079331],[80.275334,13.07931],[80.275359,13.079294],[80.275391,13.07928],[80.27565,13.079295],[80.276005,13.079302],[80.276164,13.079298],[80.276276,13.079295],[80.276428,13.079351],[80.27653,13.07934],[80.276537,13.07934],[80.27675,13.079356],[80.276909,13.079364],[80.277043,13.079364],[80.277244,13.079364],[80.277361,13.07944],[80.277478,13.079398],[80.277612,13.079415],[80.277797,13.079415],[80.277931,13.07944],[80.27809,13.079431],[80.278299,13.079507],[80.278475,13.079498],[80.278642,13.079498],[80.27886,13.079524],[80.27912,13.07954],[80.27932,13.079532],[80.279471,13.079582],[80.279655,13.079557],[80.279873,13.079591],[80.280049,13.079591],[80.2803,13.079616],[80.280468,13.079616],[80.280643,13.079624],[80.280853,13.079632],[80.281012,13.079557],[80.281188,13.079457],[80.281389,13.079314],[80.281671,13.079158],[80.281704,13.079137],[80.281727,13.079111],[80.281748,13.079081],[80.28177,13.079046],[80.281787,13.079012],[80.281802,13.078966],[80.28181,13.078942],[80.281819,13.078927],[80.281831,13.078911],[80.281838,13.078902],[80.281846,13.078891],[80.281853,13.07888],[80.282044,13.078666],[80.282055,13.078659],[80.282074,13.078642],[80.282105,13.078615],[80.282115,13.07861],[80.282126,13.078604],[80.282139,13.078595],[80.282145,13.078587],[80.28216,13.078563],[80.28218,13.078537],[80.282192,13.078524],[80.282197,13.078515],[80.282207,13.078496],[80.282216,13.078479],[80.282224,13.078466],[80.28223,13.078454],[80.282238,13.078448],[80.282245,13.078444],[80.282268,13.078432],[80.282278,13.078412],[80.282307,13.078327],[80.282329,13.078243],[80.28234,13.078196],[80.282361,13.078136],[80.282373,13.078109],[80.282394,13.078079],[80.282418,13.078037],[80.282451,13.077972],[80.282464,13.077943],[80.282485,13.077888],[80.282494,13.077862],[80.282528,13.077812],[80.282547,13.077777],[80.282563,13.077752],[80.282599,13.077672],[80.282665,13.07754],[80.282691,13.07749],[80.282701,13.077463],[80.282749,13.077358],[80.282758,13.077339],[80.282774,13.07731],[80.282785,13.077295],[80.282796,13.077275],[80.282812,13.077243],[80.282826,13.077209],[80.282855,13.077154],[80.28291,13.077042],[80.283043,13.076753],[80.283183,13.076446],[80.283211,13.076389],[80.283237,13.076331],[80.283254,13.076291],[80.283262,13.076272],[80.283284,13.076212],[80.28332,13.076138],[80.283354,13.076063],[80.283385,13.075987],[80.283415,13.075911],[80.283449,13.075807],[80.283458,13.075787],[80.283465,13.075766],[80.28347,13.075745],[80.283473,13.075724],[80.283486,13.075682],[80.283498,13.07564],[80.283509,13.075598],[80.283517,13.075555],[80.283541,13.075504],[80.283562,13.075451],[80.283581,13.075398],[80.283597,13.075344],[80.283611,13.07529],[80.28368,13.075057],[80.283701,13.074969],[80.283725,13.074882],[80.283751,13.074795],[80.283788,13.074643],[80.283835,13.074445],[80.283853,13.074355],[80.283874,13.074265],[80.283896,13.074176],[80.283921,13.074087],[80.283937,13.074009],[80.283956,13.07393],[80.283976,13.073853],[80.283998,13.073776],[80.284038,13.073571],[80.284051,13.073503],[80.284062,13.073436],[80.284072,13.073368],[80.284079,13.0733],[80.284088,13.07325],[80.284095,13.0732],[80.284101,13.07315],[80.284104,13.073099],[80.284105,13.073049],[80.284102,13.073016],[80.284101,13.072983],[80.284102,13.07295],[80.284105,13.072917],[80.28411,13.072884],[80.284116,13.072852],[80.284125,13.07282],[80.284146,13.072605],[80.284156,13.072511],[80.284165,13.072416],[80.284171,13.072321],[80.284174,13.072226],[80.284181,13.072181],[80.284185,13.072136],[80.284188,13.07209],[80.284188,13.072045],[80.284186,13.071999],[80.284183,13.071954],[80.284194,13.071876],[80.284202,13.071798],[80.284207,13.07172],[80.284209,13.071642],[80.284235,13.071328],[80.284256,13.071051],[80.284258,13.071004],[80.284262,13.070958],[80.284268,13.070912],[80.284276,13.070866],[80.284272,13.070666],[80.284263,13.070654],[80.284256,13.070642],[80.284251,13.070629],[80.284248,13.070615],[80.284248,13.070601],[80.28425,13.070587],[80.284254,13.070573],[80.284265,13.070332],[80.28427,13.070286],[80.284278,13.070241],[80.284299,13.070123],[80.284303,13.070101],[80.284346,13.069938],[80.284368,13.069821],[80.284383,13.06975],[80.284408,13.069674],[80.284442,13.069572],[80.284461,13.069515],[80.284491,13.069484],[80.284549,13.069457],[80.284571,13.069455],[80.284933,13.069337],[80.285012,13.069329],[80.285034,13.069336],[80.285055,13.069338],[80.285067,13.069333],[80.285086,13.069309],[80.285126,13.069295],[80.285182,13.069286],[80.285225,13.069272],[80.28524,13.069267],[80.285254,13.069264],[80.285285,13.06926],[80.285319,13.069252],[80.285356,13.069244],[80.285386,13.069241],[80.285403,13.069237],[80.285425,13.069232],[80.285452,13.069223],[80.285468,13.069215],[80.285488,13.069213],[80.285505,13.06921],[80.285524,13.069206],[80.285552,13.069197],[80.285587,13.06918],[80.285612,13.069172],[80.285634,13.06917],[80.285656,13.069166],[80.285691,13.069158],[80.285725,13.069148],[80.28575,13.069136],[80.285782,13.069115],[80.285809,13.069101],[80.285844,13.069089],[80.285856,13.069084],[80.285871,13.069068],[80.285882,13.069055],[80.285906,13.069019],[80.285929,13.06899],[80.285945,13.06897],[80.285968,13.068954],[80.285988,13.068942],[80.286008,13.068935],[80.28616,13.068892],[80.286185,13.068886],[80.286197,13.068888],[80.28622,13.068894],[80.286249,13.06891],[80.286344,13.068969],[80.286416,13.068991],[80.286431,13.068995],[80.286444,13.068993],[80.286452,13.068988],[80.286455,13.068982],[80.286458,13.068979],[80.286484,13.068969],[80.286529,13.068957],[80.286567,13.068949],[80.286618,13.068942],[80.286722,13.068909],[80.286807,13.068883],[80.286865,13.068868],[80.286904,13.068854],[80.286927,13.068845],[80.286958,13.068838],[80.286983,13.068832],[80.287008,13.068825],[80.287039,13.068815],[80.287072,13.068805],[80.287098,13.068796],[80.287132,13.068785],[80.287175,13.068773],[80.287222,13.06876],[80.287285,13.068742],[80.287335,13.068727],[80.287391,13.068708],[80.28745,13.068687],[80.287504,13.068671],[80.287538,13.068652],[80.287579,13.068636],[80.287611,13.068619],[80.287631,13.068608],[80.287646,13.068602],[80.287669,13.068595],[80.28769,13.06859],[80.287732,13.068578],[80.287753,13.068571],[80.287783,13.06856],[80.287822,13.068544],[80.287859,13.068531],[80.287888,13.068528],[80.28791,13.068528],[80.287932,13.068527],[80.287968,13.068517],[80.288035,13.068499],[80.288053,13.068489],[80.288065,13.068479],[80.288076,13.068475],[80.288095,13.068473],[80.288148,13.068453],[80.288167,13.068444],[80.288187,13.068433],[80.288204,13.06842],[80.288226,13.068394],[80.288231,13.068386],[80.288239,13.068381],[80.288248,13.068381],[80.288255,13.06838],[80.288263,13.068373],[80.288276,13.068358],[80.288315,13.068303],[80.288335,13.068277],[80.288347,13.06826],[80.28837,13.068241],[80.288396,13.068232],[80.288484,13.068198],[80.288569,13.068168],[80.288619,13.068156],[80.288678,13.068139],[80.288704,13.068129],[80.288747,13.068105],[80.288796,13.068086],[80.288852,13.068066],[80.288884,13.068056],[80.288926,13.068039],[80.288998,13.068018],[80.289029,13.068011],[80.289065,13.068002],[80.289084,13.067991],[80.289123,13.067969],[80.289134,13.067966],[80.289156,13.067968],[80.289164,13.067968],[80.289174,13.067959],[80.289187,13.067942],[80.289188,13.067931],[80.289187,13.067919],[80.289193,13.067914],[80.2892,13.067905],[80.289204,13.067895],[80.289202,13.067883],[80.28917,13.067841],[80.289119,13.067794],[80.289095,13.067779],[80.289082,13.067771],[80.289062,13.067756],[80.289042,13.067739],[80.288973,13.067671],[80.288923,13.067594],[80.288877,13.067537],[80.288861,13.067519],[80.288839,13.067504],[80.288815,13.06749],[80.288791,13.067481],[80.288772,13.067476],[80.288756,13.067469],[80.288741,13.06746],[80.288718,13.06746],[80.288646,13.067469],[80.288613,13.067477],[80.288568,13.067483],[80.288556,13.067484],[80.288537,13.06748],[80.288522,13.067463],[80.288515,13.067443],[80.28851,13.067417],[80.288513,13.067393],[80.288523,13.06736],[80.288541,13.067334],[80.288572,13.067302],[80.288593,13.067289],[80.288632,13.067285],[80.288652,13.067288],[80.288681,13.0673],[80.288694,13.067314],[80.2887,13.067318],[80.288705,13.067312],[80.288703,13.067279],[80.288688,13.067244],[80.288612,13.067022],[80.288597,13.066979],[80.288585,13.066963],[80.288574,13.06693],[80.288564,13.06689],[80.288536,13.066846],[80.288521,13.066821],[80.288511,13.066798],[80.288513,13.066789],[80.288542,13.06674],[80.288585,13.066617],[80.288599,13.066594],[80.288617,13.066576],[80.288659,13.066551],[80.288712,13.066543],[80.288748,13.066545],[80.288812,13.066571],[80.288915,13.066624],[80.288966,13.066726],[80.28912,13.067042],[80.289231,13.067236],[80.289537,13.067786],[80.289855,13.068146],[80.289816,13.066597],[80.289122,13.06644],[80.288956,13.066391],[80.288828,13.066358],[80.28874,13.06633],[80.288726,13.066322],[80.288711,13.066316],[80.288695,13.066311],[80.288678,13.06631],[80.288662,13.06631],[80.288646,13.06631],[80.288631,13.066313],[80.288616,13.066317],[80.288602,13.066323],[80.288584,13.06633],[80.288566,13.066336],[80.288547,13.066339],[80.288528,13.066341],[80.2885,13.066338],[80.288472,13.066338],[80.288445,13.066341],[80.288417,13.066346],[80.288359,13.066357],[80.288326,13.066365],[80.28828,13.066383],[80.28816,13.066435],[80.288049,13.066478],[80.288003,13.066496],[80.287907,13.066527],[80.287859,13.066546],[80.287811,13.066567],[80.287765,13.06659],[80.28772,13.066616],[80.287661,13.066647],[80.287608,13.06667],[80.28758,13.066685],[80.287556,13.066702],[80.287536,13.066722],[80.287524,13.066736],[80.287492,13.066788],[80.287449,13.06688],[80.287428,13.066912],[80.287408,13.066929],[80.287388,13.06694],[80.287363,13.066946],[80.287342,13.066944],[80.287327,13.066942],[80.287319,13.066943],[80.287309,13.06695],[80.2873,13.066958],[80.287296,13.066967],[80.287294,13.066982],[80.287266,13.067022],[80.287215,13.067112],[80.287194,13.067149],[80.287177,13.067167],[80.28713,13.067202],[80.287063,13.067251],[80.287004,13.067297],[80.286965,13.067338],[80.286907,13.067393],[80.286895,13.067408],[80.286886,13.067414],[80.286867,13.067419],[80.28684,13.067432],[80.286822,13.067447],[80.286803,13.067455],[80.28677,13.067461],[80.286746,13.06746],[80.286722,13.067466],[80.286695,13.067476],[80.286662,13.067493],[80.286627,13.067514],[80.286607,13.067525],[80.28659,13.06753],[80.286555,13.067533],[80.286537,13.067531],[80.286522,13.067523],[80.286504,13.067513],[80.28649,13.06751],[80.28647,13.067516],[80.286414,13.06755],[80.286376,13.067571],[80.286368,13.067574],[80.286354,13.067576],[80.286342,13.06757],[80.286334,13.067563],[80.286325,13.067558],[80.286316,13.067558],[80.286306,13.067564],[80.28629,13.067572],[80.28628,13.067583],[80.286267,13.067593],[80.286239,13.067602],[80.286182,13.067612],[80.28615,13.067617],[80.286137,13.067616],[80.286131,13.06761],[80.286125,13.067601],[80.286116,13.067601],[80.286115,13.06761],[80.286118,13.067622],[80.286109,13.06763],[80.286064,13.06765],[80.28605,13.067657],[80.28604,13.067668],[80.286025,13.067673],[80.285997,13.067679],[80.285953,13.067691],[80.285927,13.067693],[80.28591,13.067685],[80.285899,13.067681],[80.285877,13.067685],[80.285845,13.067699],[80.285779,13.067722],[80.285683,13.067752],[80.285542,13.06779],[80.285382,13.06783],[80.285244,13.067861],[80.285227,13.067865],[80.285194,13.067874],[80.285062,13.067922],[80.284961,13.06795],[80.284861,13.067985],[80.284761,13.068032],[80.284713,13.068059],[80.284679,13.068068],[80.284651,13.068072],[80.284602,13.068078],[80.284582,13.068088],[80.284573,13.06811],[80.284568,13.068122],[80.284251,13.068188],[80.28422,13.068181],[80.284163,13.068176],[80.284136,13.068178],[80.284089,13.068185],[80.28388,13.068214],[80.28369,13.06823],[80.283504,13.068245],[80.283311,13.068263],[80.283206,13.068267],[80.283084,13.068263],[80.28297,13.068254],[80.282869,13.068241],[80.282836,13.068228],[80.282788,13.0682],[80.282749,13.068168],[80.282702,13.068105],[80.282674,13.068057],[80.282666,13.068039],[80.28266,13.068013],[80.282651,13.067984],[80.282646,13.067955],[80.282634,13.067781],[80.282627,13.067712],[80.282615,13.067673],[80.282613,13.067631],[80.28258,13.067631],[80.282571,13.067532],[80.282588,13.067529],[80.282562,13.067387],[80.28254,13.067292],[80.282533,13.067199],[80.282524,13.067117],[80.282518,13.067042],[80.282526,13.06699],[80.282538,13.066959],[80.282571,13.066902],[80.282607,13.066862],[80.282621,13.06684],[80.28262,13.066831],[80.282602,13.066818],[80.282575,13.066792],[80.282526,13.066698],[80.282491,13.066618],[80.28245,13.066542],[80.282408,13.066497],[80.282366,13.066453],[80.282239,13.066297],[80.282171,13.066195],[80.282115,13.066134],[80.282062,13.06609],[80.281967,13.065984],[80.281925,13.065932],[80.281873,13.065864],[80.28182,13.065815],[80.281791,13.065789],[80.281771,13.065781],[80.281737,13.065765],[80.281682,13.065724],[80.281647,13.065688],[80.281581,13.065624],[80.281546,13.065595],[80.281481,13.065539],[80.281467,13.065518],[80.281459,13.065488],[80.281449,13.065456],[80.281435,13.065415],[80.281421,13.065393],[80.281383,13.065339],[80.28135,13.065301],[80.281323,13.065261],[80.281278,13.065149],[80.281233,13.065027],[80.28119,13.064921],[80.281163,13.064833],[80.281102,13.064669],[80.28108,13.064609],[80.28107,13.064547],[80.281058,13.064471],[80.281007,13.06425],[80.280978,13.064119],[80.280977,13.064094],[80.280976,13.06407],[80.280969,13.064043],[80.280957,13.064014],[80.280921,13.063951],[80.280913,13.063897],[80.280896,13.063776],[80.280876,13.063705],[80.280851,13.063584],[80.280844,13.063521],[80.280839,13.063454],[80.280824,13.063319],[80.2808,13.063194],[80.280793,13.063163],[80.280783,13.063123],[80.280675,13.062947],[80.280647,13.062918],[80.280608,13.062878],[80.280607,13.062701],[80.280596,13.062501],[80.280577,13.062387],[80.280553,13.062214],[80.28049,13.062181],[80.280474,13.062095],[80.280451,13.061955],[80.280432,13.061809],[80.280435,13.061803],[80.280447,13.061791],[80.280453,13.061783],[80.280454,13.061769],[80.280446,13.06174],[80.280429,13.061689],[80.280405,13.061539],[80.280406,13.061518],[80.280409,13.061508],[80.280416,13.061503],[80.280427,13.0615],[80.280435,13.061499],[80.280444,13.061491],[80.280448,13.061473],[80.280424,13.0613],[80.28039,13.06112],[80.280376,13.06107],[80.280354,13.060994],[80.280367,13.060719],[80.280368,13.060681],[80.280371,13.06065],[80.280377,13.060534],[80.280342,13.060285],[80.28034,13.060114],[80.280336,13.059991],[80.280334,13.059807],[80.280343,13.059653],[80.280357,13.059547],[80.280365,13.059416],[80.280375,13.059304],[80.280378,13.05929],[80.280385,13.059276],[80.280394,13.05926],[80.280421,13.059168],[80.280449,13.058903],[80.280461,13.058523],[80.280477,13.058439],[80.280474,13.058284],[80.280504,13.058035],[80.280493,13.057897],[80.280508,13.057631],[80.280508,13.057604],[80.280503,13.057545],[80.2805,13.05753],[80.280503,13.057519],[80.280511,13.057485],[80.280519,13.057309],[80.280523,13.0572],[80.280534,13.057056],[80.28055,13.056803],[80.280556,13.056676],[80.280561,13.05655],[80.280566,13.056437],[80.280546,13.056297],[80.280544,13.056274],[80.280527,13.056213],[80.280512,13.05614],[80.280509,13.056133],[80.280518,13.05612],[80.280535,13.056104],[80.280549,13.056081],[80.280566,13.055839],[80.280588,13.055306],[80.280592,13.055026],[80.280602,13.054957],[80.280629,13.054888],[80.28064,13.05464],[80.280633,13.054226],[80.280635,13.054215],[80.280642,13.054192],[80.280672,13.054134],[80.280677,13.054125],[80.280683,13.054043],[80.280673,13.054007],[80.280646,13.053914],[80.280644,13.053835],[80.28063,13.053738],[80.2806,13.053596],[80.280502,13.053404],[80.280413,13.053196],[80.280322,13.053058],[80.280295,13.053008],[80.280169,13.052783],[80.280054,13.052581],[80.279993,13.052475],[80.279976,13.052461],[80.279842,13.052205],[80.279734,13.052026],[80.279702,13.051974],[80.279596,13.051804],[80.279526,13.051682],[80.279474,13.051593],[80.279407,13.051486],[80.27935,13.051389],[80.27925,13.0512],[80.279176,13.05106],[80.279102,13.050974],[80.279084,13.050947],[80.27902,13.050822],[80.279018,13.050792],[80.279011,13.050764],[80.27892,13.050585],[80.278894,13.050539],[80.278785,13.050376],[80.278694,13.050243],[80.278602,13.050071],[80.278483,13.04986],[80.278383,13.049682],[80.278344,13.049607],[80.278325,13.049583],[80.278308,13.049571],[80.278307,13.04956],[80.278313,13.049554],[80.278314,13.049547],[80.278311,13.049537],[80.278263,13.049396],[80.27824,13.049287],[80.278237,13.049275],[80.278236,13.049254],[80.278178,13.049066],[80.278089,13.048834],[80.277996,13.048574],[80.277927,13.048372],[80.277848,13.048174],[80.27777,13.047932],[80.277676,13.047648],[80.277627,13.0475],[80.277595,13.047403],[80.277524,13.047221],[80.277421,13.046927],[80.277353,13.046722],[80.277333,13.046701],[80.277328,13.046682],[80.277316,13.046663],[80.277305,13.046658],[80.277289,13.046659],[80.277272,13.046671],[80.277265,13.046669],[80.27724,13.046565],[80.277249,13.046555],[80.277249,13.04654],[80.277198,13.046353],[80.277152,13.046189],[80.277132,13.046171],[80.277127,13.046147],[80.277126,13.04612],[80.277115,13.046089],[80.277084,13.046051],[80.277056,13.046034],[80.277044,13.046023],[80.277032,13.045996],[80.27696,13.045771],[80.276902,13.045583],[80.276896,13.045569],[80.276888,13.045562],[80.276863,13.045567],[80.276859,13.045565],[80.276772,13.045305],[80.276724,13.04516],[80.276618,13.044837],[80.276642,13.044824],[80.276575,13.044618],[80.276467,13.044282],[80.276449,13.044205],[80.276465,13.044071],[80.276467,13.044037],[80.276464,13.044012],[80.276379,13.0438],[80.276364,13.04373],[80.276358,13.043691],[80.276359,13.04366],[80.276371,13.043522],[80.276366,13.043477],[80.276352,13.043437],[80.276332,13.043232],[80.276341,13.043158],[80.276351,13.043066],[80.276345,13.043016],[80.276337,13.042975],[80.27631,13.042835],[80.276257,13.04268],[80.276239,13.042598],[80.27623,13.042566],[80.276208,13.042511],[80.276191,13.042482],[80.276173,13.042444],[80.276156,13.042407],[80.276137,13.042367],[80.276112,13.042327],[80.276095,13.042306],[80.276079,13.042287],[80.276027,13.042221],[80.275996,13.042176],[80.275946,13.042126],[80.275915,13.042095],[80.275877,13.042058],[80.275843,13.042027],[80.275821,13.041999],[80.275814,13.041972],[80.275791,13.041903],[80.275759,13.041828],[80.275716,13.04176],[80.275676,13.041706],[80.275607,13.041599],[80.275561,13.041553],[80.275512,13.04152],[80.275473,13.041494],[80.275438,13.041476],[80.275384,13.041463],[80.275288,13.041469],[80.275191,13.041468],[80.275063,13.041482],[80.27498,13.041483],[80.274911,13.04148],[80.274861,13.041487],[80.27481,13.041503],[80.274764,13.041521],[80.274722,13.04154],[80.274686,13.041538],[80.274653,13.041527],[80.274624,13.041524],[80.274431,13.041601],[80.274381,13.041612],[80.274303,13.041625],[80.274219,13.041651],[80.274105,13.041694],[80.27396,13.041731],[80.273871,13.041753],[80.273759,13.041786],[80.273629,13.041827],[80.273549,13.041846],[80.273511,13.041852],[80.273467,13.041867],[80.27342,13.04189],[80.273371,13.041905],[80.273303,13.041918],[80.273212,13.041946],[80.273122,13.04196],[80.273085,13.041963],[80.273048,13.041975],[80.273004,13.042],[80.272946,13.042037],[80.2729,13.042062],[80.272873,13.042077],[80.272819,13.042105],[80.272752,13.042128],[80.272671,13.04213],[80.272561,13.042133],[80.272481,13.042124],[80.272372,13.042115],[80.272262,13.0421],[80.272187,13.042088],[80.272105,13.042067],[80.271964,13.042031],[80.271861,13.042002],[80.271741,13.041959],[80.271636,13.041904],[80.271523,13.041853],[80.271485,13.041834],[80.271456,13.04182],[80.271409,13.041784],[80.271366,13.041743],[80.271352,13.04171],[80.271351,13.041709],[80.271346,13.041669],[80.271335,13.041622],[80.271322,13.041578],[80.271294,13.041527],[80.271234,13.041471],[80.271212,13.041449],[80.271123,13.04134],[80.271053,13.041282],[80.270998,13.041246],[80.270983,13.041241],[80.270969,13.041233],[80.27096,13.041224],[80.270948,13.041208],[80.270934,13.041195],[80.270914,13.041183],[80.270891,13.041171],[80.270871,13.04116],[80.270855,13.041155],[80.270835,13.041147],[80.270814,13.041134],[80.270783,13.041098],[80.27075,13.041064],[80.270727,13.041044],[80.270693,13.041029],[80.270669,13.041018],[80.270647,13.04101],[80.27063,13.040998],[80.270619,13.040985],[80.270605,13.040967],[80.270591,13.04094],[80.270578,13.040923],[80.270555,13.040908],[80.270533,13.040895],[80.270511,13.040876],[80.270476,13.040848],[80.270455,13.040828],[80.270434,13.040802],[80.270405,13.040764],[80.270391,13.040743],[80.270371,13.040722],[80.270343,13.040697],[80.270317,13.040669],[80.270291,13.040641],[80.270258,13.040602],[80.270241,13.040579],[80.270221,13.040545],[80.270202,13.04051],[80.27018,13.040473],[80.27015,13.040428],[80.270137,13.040409],[80.270128,13.040403],[80.270119,13.040401],[80.270105,13.040399],[80.270087,13.040389],[80.270068,13.040374],[80.270049,13.040354],[80.270031,13.040333],[80.270019,13.040312],[80.270018,13.040298],[80.270021,13.040288],[80.270029,13.040276],[80.270041,13.040267],[80.270061,13.040254],[80.270082,13.040236],[80.270092,13.040223],[80.270098,13.040208],[80.270097,13.040196],[80.270091,13.04018],[80.270081,13.040166],[80.270066,13.040148],[80.270056,13.040136],[80.27005,13.040126],[80.270041,13.040118],[80.270025,13.040116],[80.270009,13.040115],[80.269993,13.040115],[80.269987,13.040111],[80.269978,13.040099],[80.269966,13.04008],[80.269957,13.040054],[80.269948,13.040015],[80.269944,13.039996],[80.269929,13.039963],[80.269912,13.039922],[80.269899,13.039886],[80.269887,13.039836],[80.26987,13.03979],[80.269851,13.039736],[80.269833,13.039692],[80.269823,13.039657],[80.269808,13.039625],[80.2698,13.039595],[80.26979,13.039574],[80.269778,13.039553],[80.269764,13.039536],[80.269749,13.039517],[80.269741,13.039505],[80.269732,13.039483],[80.269727,13.03946],[80.269724,13.039427],[80.269719,13.039406],[80.269713,13.039395],[80.269702,13.039392],[80.269686,13.039388],[80.269675,13.03938],[80.269667,13.039367],[80.269634,13.039258],[80.26963,13.039232],[80.26963,13.039181],[80.269625,13.039075],[80.26962,13.039007],[80.269605,13.038897],[80.269594,13.038835],[80.269583,13.038736],[80.269581,13.038701],[80.269585,13.038685],[80.269588,13.038677],[80.269589,13.038662],[80.269588,13.038645],[80.269594,13.038636],[80.269602,13.038621],[80.269611,13.038574],[80.269607,13.038541],[80.2696,13.038526],[80.269589,13.038514],[80.269574,13.038505],[80.269559,13.038493],[80.26955,13.038471],[80.26954,13.038435],[80.269535,13.038416],[80.269527,13.038373],[80.269524,13.038342],[80.269521,13.038278],[80.269526,13.038271],[80.269531,13.038267],[80.269536,13.038258],[80.269539,13.038242],[80.269539,13.038229],[80.269537,13.038217],[80.269537,13.038207],[80.269541,13.038204],[80.269549,13.038198],[80.269552,13.038189],[80.269552,13.038178],[80.269547,13.038167],[80.269538,13.038162],[80.269526,13.038165],[80.269513,13.038166],[80.269506,13.038157],[80.269502,13.03813],[80.269491,13.038077],[80.269478,13.038013],[80.269471,13.037969],[80.269454,13.03789],[80.269446,13.037839],[80.269442,13.037812],[80.269433,13.037776],[80.269415,13.037722],[80.269406,13.037683],[80.269391,13.03763],[80.269381,13.037584],[80.269377,13.037554],[80.269373,13.037531],[80.269372,13.037513],[80.269369,13.037499],[80.269355,13.037483],[80.269344,13.03747],[80.269333,13.03745],[80.269327,13.037422],[80.269328,13.0374],[80.269323,13.037374],[80.269312,13.03735],[80.269297,13.037331],[80.269283,13.037308],[80.269271,13.03729],[80.269256,13.03728],[80.269241,13.037269],[80.269226,13.037246],[80.269214,13.037216],[80.269207,13.037196],[80.269196,13.037177],[80.269182,13.037157],[80.269165,13.037126],[80.269154,13.037106],[80.269142,13.037086],[80.269135,13.037059],[80.26913,13.037041],[80.269125,13.037027],[80.269114,13.037015],[80.269103,13.037006],[80.269088,13.036991],[80.269076,13.036972],[80.269066,13.036946],[80.269045,13.036911],[80.269037,13.036894],[80.269032,13.036869],[80.26903,13.036847],[80.269027,13.036826],[80.269021,13.036812],[80.269012,13.036801],[80.269006,13.036785],[80.268999,13.036762],[80.268997,13.036744],[80.268988,13.036733],[80.268979,13.036726],[80.268974,13.036718],[80.268968,13.036709],[80.268957,13.036701],[80.268943,13.03669],[80.268929,13.036681],[80.268919,13.036667],[80.268911,13.036648],[80.26891,13.036629],[80.268908,13.036618],[80.26889,13.036587],[80.268879,13.036566],[80.268868,13.036542],[80.26886,13.036519],[80.268856,13.036502],[80.268853,13.036485],[80.268847,13.036466],[80.268839,13.03645],[80.268826,13.036434],[80.268813,13.036415],[80.26875,13.036335],[80.268748,13.036325],[80.268749,13.036313],[80.268749,13.036298],[80.268746,13.036284],[80.268742,13.036265],[80.268733,13.036247],[80.268719,13.03623],[80.268705,13.036216],[80.268686,13.0362],[80.268676,13.036194],[80.268659,13.036189],[80.268633,13.03618],[80.26861,13.03617],[80.268578,13.036157],[80.268536,13.036137],[80.268497,13.036125],[80.268466,13.036115],[80.268447,13.036104],[80.268429,13.036088],[80.268408,13.036071],[80.268396,13.036057],[80.268382,13.036045],[80.268363,13.036033],[80.268338,13.03602],[80.268308,13.036008],[80.268279,13.035997],[80.268252,13.035989],[80.268215,13.035979],[80.268186,13.035969],[80.268122,13.035942],[80.268059,13.035911],[80.268013,13.03589],[80.267996,13.035882],[80.267946,13.035867],[80.267743,13.035808],[80.267713,13.035807],[80.267697,13.035806],[80.267677,13.0358],[80.267667,13.035792],[80.267657,13.035775],[80.267643,13.035761],[80.26763,13.035748],[80.267612,13.03573],[80.267602,13.035715],[80.267591,13.035694],[80.26758,13.035683],[80.267564,13.035677],[80.267549,13.035673],[80.267531,13.035664],[80.267513,13.035648],[80.267497,13.035632],[80.26748,13.035614],[80.267447,13.035573],[80.26743,13.035547],[80.267413,13.035517],[80.267392,13.03548],[80.267371,13.035444],[80.267359,13.035421],[80.26735,13.0354],[80.267337,13.03538],[80.267326,13.035364],[80.267274,13.0353],[80.267229,13.035258],[80.267194,13.03522],[80.26717,13.035192],[80.267153,13.035163],[80.267135,13.035114],[80.267132,13.035089],[80.267107,13.035051],[80.267081,13.03503],[80.26705,13.035009],[80.267016,13.034985],[80.266963,13.034926],[80.266938,13.034884],[80.266898,13.03485],[80.266895,13.034847],[80.266752,13.034696],[80.266739,13.034682],[80.266683,13.034628],[80.266636,13.034574],[80.26653,13.034459],[80.266473,13.034412],[80.26646,13.034402],[80.266362,13.034333],[80.266325,13.034313],[80.266312,13.034294],[80.266309,13.034282],[80.266288,13.034261],[80.266242,13.034249],[80.266157,13.03421],[80.266137,13.034182],[80.266106,13.034149],[80.26606,13.034116],[80.266007,13.034088],[80.265953,13.03407],[80.265839,13.034026],[80.26574,13.033992],[80.265681,13.033979],[80.26565,13.033981],[80.265613,13.033979],[80.265579,13.03397],[80.265554,13.033952],[80.265517,13.033924],[80.265483,13.033902],[80.26544,13.033874],[80.26538,13.033843],[80.265321,13.033813],[80.265286,13.03379],[80.26526,13.033763],[80.265227,13.033742],[80.2652,13.033732],[80.265184,13.033738],[80.265163,13.033742],[80.265137,13.033732],[80.265126,13.033717],[80.265107,13.033714],[80.265091,13.03372],[80.265059,13.033715],[80.265015,13.033703],[80.264981,13.033681],[80.264978,13.033661],[80.264984,13.033642],[80.264981,13.033628],[80.264959,13.033625],[80.264922,13.033612],[80.264836,13.033576],[80.264827,13.033559],[80.26482,13.033538],[80.264799,13.033518],[80.264589,13.033422],[80.264469,13.033359],[80.264316,13.033275],[80.264216,13.033221],[80.264138,13.033167],[80.264104,13.033121],[80.264089,13.033097],[80.264071,13.03307],[80.264071,13.033069],[80.264032,13.032982],[80.263976,13.032913],[80.263927,13.032863],[80.263887,13.032813],[80.263862,13.032775],[80.263841,13.03276],[80.26382,13.032757],[80.263777,13.032742],[80.263739,13.032704],[80.263703,13.032656],[80.263666,13.032618],[80.263643,13.032588],[80.263624,13.032546],[80.263614,13.032531],[80.263591,13.032514],[80.263564,13.032481],[80.263532,13.032444],[80.263496,13.032413],[80.263454,13.032377],[80.263429,13.032342],[80.263402,13.032317],[80.263371,13.032297],[80.263324,13.03226],[80.263288,13.032225],[80.263249,13.032185],[80.263226,13.032169],[80.263197,13.03216],[80.263175,13.032142],[80.263154,13.032117],[80.263124,13.032092],[80.263099,13.032075],[80.263071,13.032056],[80.263058,13.032035],[80.263027,13.032004],[80.262943,13.031942],[80.262887,13.031902],[80.262846,13.031869],[80.262783,13.031811],[80.262556,13.031605],[80.2625,13.031544],[80.262488,13.031555],[80.262488,13.031555],[80.262484,13.031551],[80.262469,13.03154],[80.262464,13.031535],[80.262464,13.031533],[80.262465,13.03153],[80.262474,13.031517],[80.262449,13.031491],[80.262331,13.031372],[80.262294,13.031337],[80.262261,13.031306],[80.262213,13.031248],[80.262124,13.031153],[80.262009,13.031017],[80.261948,13.030953],[80.261917,13.030916],[80.261915,13.030914],[80.261863,13.030853],[80.261784,13.030753],[80.261692,13.03064],[80.261677,13.030613],[80.261663,13.03058],[80.261617,13.030478],[80.261588,13.030411],[80.261531,13.030292],[80.261504,13.030228],[80.261483,13.030178],[80.261432,13.030063],[80.261412,13.030014],[80.261404,13.029987],[80.261378,13.029935],[80.261357,13.029889],[80.261321,13.029807],[80.261294,13.029736],[80.261274,13.029679],[80.261242,13.029585],[80.261213,13.029535],[80.261202,13.029508],[80.261187,13.029464],[80.26118,13.029432],[80.261156,13.029369],[80.261154,13.029363],[80.261129,13.029307],[80.260931,13.029064],[80.260838,13.028622],[80.260755,13.028246],[80.260699,13.028005],[80.26062,13.027761],[80.260488,13.027378],[80.260482,13.027246],[80.260412,13.027051],[80.260344,13.026856],[80.260345,13.02685],[80.260352,13.026842],[80.260361,13.026833],[80.260366,13.026813],[80.260361,13.026773],[80.260352,13.026742],[80.260346,13.02672],[80.260338,13.026709],[80.26032,13.026701],[80.260296,13.026701],[80.26028,13.026697],[80.260268,13.026686],[80.260256,13.02667],[80.26024,13.026625],[80.260228,13.026575],[80.260214,13.026534],[80.260198,13.026491],[80.260187,13.02646],[80.260135,13.02635],[80.260113,13.026308],[80.260097,13.026286],[80.260082,13.02626],[80.260074,13.026237],[80.260072,13.026218],[80.260063,13.02619],[80.260016,13.026113],[80.259995,13.026096],[80.259979,13.026077],[80.259966,13.026053],[80.25995,13.026026],[80.259918,13.02599],[80.25988,13.025935],[80.259856,13.025901],[80.259834,13.025882],[80.259815,13.025864],[80.259791,13.025835],[80.259758,13.025797],[80.259701,13.025715],[80.259639,13.025652],[80.259595,13.025602],[80.259556,13.025562],[80.259474,13.025472],[80.259421,13.025416],[80.259372,13.025373],[80.259315,13.025325],[80.259248,13.025274],[80.259172,13.025216],[80.259109,13.025162],[80.259106,13.02516],[80.259105,13.025159],[80.258968,13.025033],[80.258723,13.024867],[80.258312,13.024612],[80.258305,13.024605],[80.258274,13.02458],[80.258237,13.024557],[80.258186,13.024534],[80.258125,13.02451],[80.258032,13.024471],[80.257962,13.024444],[80.257909,13.024427],[80.257856,13.024405],[80.257798,13.024372],[80.257739,13.024338],[80.257652,13.024285],[80.25761,13.024264],[80.257574,13.024245],[80.257482,13.024196],[80.257412,13.024159],[80.257213,13.024061],[80.257087,13.024001],[80.257024,13.02397],[80.256967,13.023945],[80.256917,13.023925],[80.256855,13.023902],[80.25677,13.023866],[80.25668,13.023821],[80.256614,13.023786],[80.256555,13.023757],[80.256503,13.023736],[80.256473,13.023718],[80.256435,13.023693],[80.256399,13.02368],[80.256295,13.023637],[80.256259,13.023625],[80.256215,13.023602],[80.256162,13.023572],[80.256124,13.023537],[80.256075,13.023502],[80.256014,13.023471],[80.255943,13.023443],[80.255926,13.02343],[80.255912,13.023414],[80.255873,13.023394],[80.255822,13.023383],[80.255787,13.023375],[80.255775,13.023359],[80.255767,13.023344],[80.255751,13.023339],[80.255731,13.023351],[80.255701,13.023367],[80.255674,13.02338],[80.255645,13.02339],[80.255598,13.023385],[80.255545,13.023369],[80.255401,13.023317],[80.255298,13.02327],[80.25521,13.023224],[80.255103,13.023176],[80.255057,13.023149],[80.255034,13.023126],[80.255008,13.023107],[80.254954,13.023086],[80.254863,13.023061],[80.254756,13.023045],[80.254661,13.023019],[80.254541,13.022977],[80.254431,13.022939],[80.254396,13.022927],[80.254291,13.022882],[80.254277,13.022877],[80.254166,13.022836],[80.25409,13.022795],[80.253958,13.02273],[80.253764,13.022676],[80.253655,13.022628],[80.253606,13.022606],[80.253562,13.02258],[80.2535,13.022541],[80.25344,13.022507],[80.253373,13.022462],[80.253319,13.022429],[80.253263,13.022393],[80.253228,13.022368],[80.253171,13.022328],[80.253149,13.022308],[80.253079,13.022245],[80.253028,13.022196],[80.253005,13.022169],[80.252992,13.022153],[80.252967,13.022106],[80.252939,13.022057],[80.252906,13.021995],[80.252898,13.021979],[80.252891,13.021967],[80.25288,13.021947],[80.252847,13.021927],[80.252811,13.021905],[80.25278,13.021899],[80.252759,13.021896],[80.252738,13.021892],[80.252703,13.021864],[80.252591,13.021777],[80.252551,13.021715],[80.252505,13.021639],[80.252454,13.021561],[80.252409,13.021487],[80.25239,13.021456],[80.252358,13.021407],[80.252321,13.021389],[80.252304,13.021393],[80.25229,13.021404],[80.252267,13.021391],[80.252259,13.021371],[80.25225,13.021347],[80.252228,13.021317],[80.252194,13.021276],[80.252164,13.021225],[80.252135,13.021184],[80.252117,13.021146],[80.252111,13.021119],[80.252094,13.021079],[80.252078,13.021039],[80.252042,13.020957],[80.252019,13.020887],[80.252008,13.020846],[80.251985,13.020773],[80.251939,13.02071],[80.251909,13.020668],[80.251887,13.020634],[80.251857,13.020579],[80.251792,13.020474],[80.25176,13.020429],[80.251732,13.020393],[80.251696,13.020352],[80.251671,13.020323],[80.251657,13.0203],[80.251645,13.020279],[80.251619,13.020237],[80.251554,13.020161],[80.251478,13.020062],[80.25141,13.019982],[80.251339,13.019897],[80.251211,13.019756],[80.251101,13.019657],[80.251108,13.019621],[80.251077,13.019585],[80.250935,13.019419],[80.250706,13.019219],[80.250592,13.019178],[80.250341,13.019033],[80.250227,13.018942],[80.250094,13.018866],[80.250096,13.018861],[80.249993,13.018797],[80.249805,13.018671],[80.249695,13.018565],[80.249659,13.018656],[80.249591,13.01876],[80.249629,13.018764],[80.249651,13.018771],[80.249685,13.018794],[80.249726,13.018826],[80.249813,13.018894],[80.249835,13.018904],[80.249857,13.01894],[80.249932,13.019057],[80.250445,13.019379],[80.250693,13.0195],[80.250907,13.019626],[80.250907,13.019625],[80.251062,13.01973],[80.251244,13.019903],[80.251519,13.020248],[80.251574,13.020316],[80.251679,13.020518],[80.25181,13.020732],[80.251891,13.020849],[80.25197,13.02094],[80.251983,13.020946],[80.251984,13.020953],[80.252003,13.020993],[80.252038,13.021069],[80.252089,13.021158],[80.25212,13.021214],[80.252202,13.021333],[80.252236,13.021387],[80.252258,13.021409],[80.252285,13.021426],[80.252315,13.021433],[80.252347,13.021447],[80.252371,13.021468],[80.252408,13.021526],[80.25244,13.021577],[80.252462,13.021609],[80.252479,13.021634],[80.252524,13.021708],[80.252583,13.021802],[80.252634,13.021849],[80.252705,13.021924],[80.252734,13.021947],[80.252757,13.021954],[80.252788,13.021954],[80.252817,13.021952],[80.252852,13.021961],[80.252879,13.021981],[80.252899,13.02201],[80.252907,13.022038],[80.252921,13.022112],[80.252927,13.022169],[80.252934,13.022218],[80.252946,13.02225],[80.253,13.022311],[80.253005,13.022314],[80.253094,13.022384],[80.253213,13.022476],[80.253282,13.022532],[80.253387,13.022604],[80.253512,13.022688],[80.253573,13.022721],[80.253639,13.022755],[80.253688,13.02278],[80.253736,13.022803],[80.253827,13.022828],[80.253881,13.022849],[80.253945,13.022871],[80.254012,13.0229],[80.254107,13.022938],[80.254166,13.022958],[80.254231,13.022975],[80.254293,13.022994],[80.254345,13.02301],[80.254413,13.023036],[80.254535,13.023087],[80.254616,13.023117],[80.254704,13.023144],[80.254737,13.023151],[80.255771,13.023597],[80.256641,13.023981],[80.256978,13.024109],[80.256978,13.024107],[80.257424,13.024326],[80.257673,13.024424],[80.257957,13.024607],[80.258251,13.024731],[80.258531,13.024883],[80.258537,13.024888],[80.258582,13.024919],[80.258717,13.025001],[80.258824,13.025073],[80.258855,13.025099],[80.258886,13.025117],[80.258914,13.025138],[80.258938,13.025155],[80.258966,13.025167],[80.258993,13.025184],[80.259009,13.025207],[80.259039,13.025241],[80.259069,13.025282],[80.259087,13.025303],[80.259103,13.025322],[80.259123,13.025339],[80.259161,13.025361],[80.259223,13.025402],[80.259263,13.025428],[80.259322,13.025474],[80.259382,13.025532],[80.259411,13.025556],[80.259436,13.025573],[80.259458,13.025583],[80.259473,13.02559],[80.259474,13.02559],[80.259501,13.025606],[80.259528,13.025618],[80.259547,13.025632],[80.259581,13.025667],[80.259615,13.025706],[80.259651,13.025759],[80.25968,13.025805],[80.259708,13.025856],[80.259753,13.025934],[80.25978,13.025976],[80.259811,13.026031],[80.259847,13.026118],[80.259865,13.026153],[80.259871,13.026162],[80.259878,13.026171],[80.259888,13.026178],[80.259902,13.02619],[80.259917,13.026211],[80.259926,13.02622],[80.259934,13.026223],[80.259944,13.026223],[80.25995,13.026224],[80.259958,13.026232],[80.259962,13.026241],[80.259969,13.026258],[80.259987,13.026285],[80.259998,13.026302],[80.260012,13.02636],[80.260019,13.026365],[80.260037,13.026373],[80.260052,13.02638],[80.260064,13.026391],[80.260079,13.026411],[80.260095,13.026427],[80.260104,13.026438],[80.260103,13.026463],[80.260092,13.026475],[80.260084,13.026485],[80.260084,13.026499],[80.26009,13.026521],[80.260102,13.026549],[80.260115,13.026574],[80.260119,13.026589],[80.260118,13.026607],[80.26012,13.026624],[80.260124,13.02664],[80.26013,13.026651],[80.260163,13.026658],[80.260205,13.026736],[80.260214,13.026753],[80.260217,13.026763],[80.260219,13.026771],[80.260271,13.026932],[80.260314,13.027052],[80.260354,13.027149],[80.26037,13.027191],[80.260387,13.027233],[80.260409,13.027272],[80.260491,13.027663],[80.260618,13.028144],[80.260782,13.02881],[80.260894,13.029074],[80.261078,13.029338],[80.26108,13.029367],[80.261081,13.029369],[80.261095,13.029403],[80.261107,13.029434],[80.261133,13.029531],[80.261161,13.029626],[80.261173,13.02965],[80.261187,13.029674],[80.261193,13.029704],[80.261198,13.029735],[80.261207,13.029772],[80.261253,13.029908],[80.261265,13.029963],[80.261287,13.030038],[80.261334,13.030144],[80.261359,13.030209],[80.26141,13.030339],[80.261432,13.030381],[80.261467,13.030431],[80.26151,13.030502],[80.261543,13.030546],[80.261567,13.030595],[80.261571,13.030645],[80.261575,13.030659],[80.26159,13.03068],[80.26161,13.030704],[80.261612,13.030719],[80.261626,13.030737],[80.261651,13.030755],[80.261686,13.030775],[80.261698,13.030803],[80.261737,13.030874],[80.261769,13.03092],[80.261804,13.030958],[80.261852,13.031001],[80.261914,13.031059],[80.261964,13.031131],[80.262003,13.031198],[80.262087,13.031306],[80.262119,13.031347],[80.262164,13.031397],[80.262235,13.031472],[80.262267,13.031504],[80.262293,13.031522],[80.262309,13.031533],[80.262384,13.031564],[80.262399,13.03157],[80.2624,13.031571],[80.262428,13.031583],[80.262466,13.03161],[80.262504,13.031638],[80.262568,13.031691],[80.262628,13.03175],[80.262696,13.031818],[80.262753,13.031877],[80.262826,13.031947],[80.262988,13.032094],[80.263069,13.032164],[80.263206,13.032294],[80.263289,13.032375],[80.26339,13.032465],[80.263532,13.032591],[80.263632,13.032678],[80.263764,13.032787],[80.263815,13.032832],[80.263856,13.032879],[80.263899,13.032928],[80.263953,13.032992],[80.26397,13.033014],[80.263973,13.033018],[80.264014,13.03308],[80.264102,13.033187],[80.264178,13.033255],[80.264339,13.033364],[80.264405,13.03341],[80.26448,13.033451],[80.26462,13.033525],[80.264704,13.033581],[80.264772,13.033632],[80.26497,13.033765],[80.265035,13.033806],[80.265092,13.033836],[80.265134,13.033841],[80.265169,13.033856],[80.265211,13.033879],[80.265285,13.033902],[80.265287,13.033902],[80.26533,13.033908],[80.265367,13.033927],[80.265393,13.033945],[80.265423,13.033957],[80.265463,13.033963],[80.265497,13.033984],[80.265524,13.034015],[80.265548,13.03404],[80.265587,13.034054],[80.265641,13.034058],[80.265711,13.034087],[80.265845,13.03413],[80.265959,13.034172],[80.26601,13.034212],[80.266119,13.034265],[80.266216,13.034308],[80.266226,13.034326],[80.266244,13.034354],[80.266273,13.034378],[80.266326,13.034413],[80.266383,13.034441],[80.266436,13.034456],[80.266469,13.034471],[80.266512,13.034522],[80.266542,13.034547],[80.26657,13.034575],[80.266584,13.034602],[80.266627,13.034658],[80.26675,13.034797],[80.26675,13.034798],[80.266895,13.03489],[80.266918,13.034904],[80.266936,13.03493],[80.266949,13.034954],[80.266979,13.034977],[80.267027,13.035011],[80.267054,13.035039],[80.267076,13.035087],[80.267084,13.035121],[80.267091,13.03514],[80.267108,13.035167],[80.267138,13.035203],[80.26716,13.035231],[80.267194,13.035264],[80.267224,13.035314],[80.267233,13.035346],[80.267243,13.035382],[80.267263,13.035408],[80.267377,13.03555],[80.26747,13.035669],[80.267575,13.035785],[80.267621,13.035831],[80.267661,13.035853],[80.267713,13.035875],[80.267935,13.03594],[80.267983,13.035955],[80.26805,13.035977],[80.26811,13.035998],[80.268132,13.036005],[80.268288,13.036142],[80.268415,13.03624],[80.268551,13.036402],[80.268566,13.036396]]]}]}},{"type":"Feature","properties":{"name":"KOSATHALAYAR RIVER","styleurl":"#m_ylw-pushpin"},"geometry":{"type":"GeometryCollection","geometries":[{"type":"LineString","coordinates":[[80.331749,13.234538],[80.331691,13.234193],[80.331138,13.233919],[80.330697,13.23354],[80.330463,13.233156],[80.330309,13.232639],[80.330388,13.23218],[80.329411,13.232139],[80.328767,13.232099],[80.328376,13.232022],[80.328064,13.231906],[80.327556,13.231752],[80.327303,13.231617],[80.326893,13.231348],[80.325743,13.230599],[80.324144,13.229389],[80.323576,13.228988],[80.323576,13.228989],[80.323561,13.228978],[80.323561,13.228977],[80.322701,13.22837],[80.321844,13.227679],[80.321044,13.227007],[80.320947,13.226873],[80.320791,13.226873],[80.32048,13.226183],[80.319859,13.224669],[80.318946,13.222925],[80.318655,13.222293],[80.318549,13.222111],[80.318549,13.222113],[80.318416,13.221884],[80.318416,13.221882],[80.318314,13.221708],[80.317479,13.220098],[80.316779,13.218804],[80.315992,13.2173],[80.315059,13.215632],[80.314155,13.214022],[80.313465,13.212776],[80.312844,13.211598],[80.312543,13.210889],[80.311931,13.209653],[80.311737,13.209221],[80.311135,13.208014],[80.310756,13.207228],[80.310154,13.205973],[80.308384,13.203375],[80.306895,13.201285],[80.306496,13.20071],[80.30601,13.199981],[80.305447,13.198659],[80.305078,13.197844],[80.304397,13.197254],[80.304046,13.196954],[80.302868,13.193859],[80.302702,13.192202],[80.302645,13.19157],[80.301983,13.190582],[80.301235,13.189461],[80.300476,13.188272],[80.300078,13.187639],[80.299504,13.186767],[80.299105,13.186307],[80.298608,13.18576],[80.297653,13.185173],[80.296932,13.184703],[80.296347,13.184155],[80.296151,13.184492],[80.296137,13.184516],[80.295836,13.185034],[80.295754,13.185174],[80.295552,13.185522],[80.296578,13.185314],[80.298109,13.18617],[80.299285,13.18802],[80.299721,13.189524],[80.300381,13.190961],[80.301821,13.192706],[80.302411,13.194899],[80.302972,13.196882],[80.302755,13.197628],[80.302333,13.198019],[80.302379,13.199033],[80.305292,13.201826],[80.305349,13.202362],[80.306158,13.202737],[80.306285,13.202939],[80.305904,13.203014],[80.303287,13.202787],[80.302211,13.203463],[80.301563,13.20439],[80.300908,13.204867],[80.300331,13.204922],[80.299258,13.204365],[80.297491,13.204254],[80.297169,13.204254],[80.296445,13.204405],[80.296436,13.204194],[80.295148,13.20398],[80.294592,13.203663],[80.29396,13.20279],[80.29243,13.201523],[80.290666,13.199977],[80.289917,13.199076],[80.28942,13.198567],[80.289118,13.198394],[80.28826,13.197789],[80.287568,13.19728],[80.287237,13.197126],[80.286915,13.197106],[80.286221,13.197151],[80.285469,13.197293],[80.284243,13.197451],[80.283798,13.197508],[80.28283,13.197955],[80.282213,13.198327],[80.281684,13.198871],[80.281347,13.199714],[80.281174,13.200635],[80.281196,13.201329],[80.281366,13.20176],[80.281426,13.202143],[80.281412,13.202789],[80.281434,13.203435],[80.281111,13.205252],[80.281021,13.206998],[80.280758,13.207218],[80.280759,13.207219],[80.280703,13.207265],[80.280702,13.207265],[80.280323,13.207582],[80.279415,13.209099],[80.278349,13.21046],[80.27765,13.211534],[80.276928,13.212118],[80.27568,13.213084],[80.275446,13.213621],[80.274968,13.214314],[80.274466,13.214886],[80.273952,13.215351],[80.272863,13.215934],[80.272595,13.215982],[80.27202,13.216267],[80.271738,13.216481],[80.271493,13.216756],[80.270953,13.217998],[80.270768,13.218536],[80.270387,13.219253],[80.269897,13.219861],[80.269174,13.220601],[80.267828,13.221853],[80.267143,13.222282],[80.266923,13.222341],[80.266763,13.222771],[80.26654,13.223763],[80.266428,13.224325],[80.266159,13.224635],[80.265731,13.224981],[80.265425,13.225136],[80.26496,13.225469],[80.264604,13.225947],[80.264384,13.226269],[80.264163,13.226675],[80.263978,13.227021],[80.263889,13.228217],[80.263801,13.229198],[80.263738,13.229999],[80.263491,13.23086],[80.26322,13.231469],[80.262902,13.231827],[80.262461,13.232208],[80.262486,13.232196],[80.262663,13.232436],[80.263177,13.231935],[80.263486,13.231534],[80.26387,13.230674],[80.264107,13.229856],[80.264167,13.229239],[80.26417,13.22845],[80.264158,13.227474],[80.264173,13.227186],[80.264586,13.226413],[80.265277,13.225726],[80.265982,13.22511],[80.266407,13.224954],[80.266642,13.224639],[80.266922,13.224209],[80.266981,13.22378],[80.267003,13.223353],[80.267184,13.223143],[80.267459,13.222823],[80.267865,13.222542],[80.268525,13.222142],[80.269142,13.221689],[80.269392,13.221474],[80.270029,13.220615],[80.26997,13.220916],[80.269698,13.221853],[80.269818,13.222739],[80.269909,13.223165],[80.270113,13.223543],[80.270595,13.224085],[80.270989,13.224498],[80.271515,13.22505],[80.271895,13.225443],[80.27234,13.225895],[80.272391,13.226071],[80.272595,13.226603],[80.272695,13.227517],[80.27262,13.227857],[80.272424,13.228244],[80.272139,13.228755],[80.27181,13.229529],[80.271721,13.22984],[80.271783,13.230184],[80.27184,13.230696],[80.271912,13.23117],[80.272099,13.232343],[80.27221,13.23286],[80.272193,13.23375],[80.27214,13.235152],[80.272141,13.236396],[80.272094,13.236415],[80.272936,13.236597],[80.273086,13.235449],[80.273235,13.234624],[80.273164,13.233978],[80.272983,13.233367],[80.27269,13.233079],[80.272619,13.232505],[80.272548,13.231787],[80.272393,13.231107],[80.272336,13.23082],[80.272338,13.230093],[80.272477,13.229213],[80.272576,13.228811],[80.273007,13.228295],[80.272952,13.227338],[80.272954,13.226535],[80.272878,13.225979],[80.27243,13.22548],[80.271611,13.224751],[80.270988,13.224175],[80.270521,13.223523],[80.270327,13.223025],[80.270231,13.222565],[80.270193,13.222087],[80.270333,13.221226],[80.270509,13.220863],[80.270765,13.220404],[80.270981,13.220098],[80.271178,13.219486],[80.271472,13.218971],[80.271524,13.218332],[80.272118,13.217254],[80.272416,13.216711],[80.27314,13.216564],[80.273844,13.21624],[80.274725,13.21565],[80.275567,13.21481],[80.27639,13.21397],[80.277076,13.213245],[80.277938,13.212501],[80.279015,13.21147],[80.279895,13.211052],[80.280463,13.21069],[80.281069,13.210519],[80.281441,13.210233],[80.282087,13.209776],[80.282577,13.209222],[80.282891,13.208783],[80.283537,13.208421],[80.28465,13.208424],[80.285254,13.208828],[80.286035,13.209059],[80.286543,13.209061],[80.287207,13.208929],[80.287658,13.208528],[80.287758,13.207839],[80.287838,13.206997],[80.287996,13.206309],[80.288173,13.205984],[80.288233,13.205563],[80.288469,13.205124],[80.28886,13.204819],[80.289486,13.204648],[80.289798,13.20463],[80.290169,13.20486],[80.290597,13.205302],[80.291105,13.205495],[80.291788,13.205573],[80.292453,13.205498],[80.293371,13.205195],[80.293977,13.205043],[80.294739,13.205198],[80.295188,13.2052],[80.295462,13.205028],[80.296048,13.204915],[80.296537,13.204974],[80.296868,13.20507],[80.299388,13.205288],[80.30013,13.205424],[80.301185,13.205159],[80.301714,13.204816],[80.302067,13.2043],[80.302419,13.203937],[80.302713,13.203727],[80.3033,13.203346],[80.304023,13.203195],[80.30496,13.203389],[80.305702,13.203621],[80.306424,13.203718],[80.307362,13.203918],[80.307887,13.204488],[80.308511,13.204968],[80.308958,13.205563],[80.309406,13.20631],[80.309522,13.207203],[80.309441,13.207669],[80.309223,13.208587],[80.308929,13.209237],[80.308411,13.210009],[80.307908,13.210861],[80.306765,13.212363],[80.306766,13.212363],[80.306722,13.212423],[80.306721,13.212421],[80.306614,13.212561],[80.306684,13.215547],[80.307696,13.216966],[80.309977,13.21858],[80.310912,13.219424],[80.311201,13.220937],[80.310419,13.221241],[80.310885,13.222276],[80.311429,13.2231],[80.312345,13.223773],[80.312674,13.224884],[80.314079,13.225557],[80.315153,13.225847],[80.316374,13.226765],[80.316499,13.227038],[80.316046,13.227668],[80.313928,13.230648],[80.312732,13.23231],[80.314075,13.233844],[80.313663,13.234609],[80.31403,13.235969],[80.314205,13.236314],[80.314225,13.236352],[80.316159,13.236185],[80.315927,13.235457],[80.316088,13.233697],[80.316931,13.232857],[80.317383,13.231729],[80.318379,13.231712],[80.318984,13.232173],[80.320663,13.232503],[80.324646,13.233394],[80.326127,13.234566],[80.326596,13.234777],[80.326771,13.234912],[80.327329,13.235048],[80.327785,13.235814],[80.328778,13.236831],[80.329534,13.238862],[80.330388,13.241007],[80.331749,13.234538]]},{"type":"LineString","coordinates":[[80.292455,13.204997],[80.291747,13.205163],[80.291124,13.205197],[80.290685,13.204909],[80.290039,13.204512],[80.289625,13.204224],[80.289405,13.204235],[80.288928,13.204449],[80.288476,13.204807],[80.288231,13.204998],[80.28801,13.205368],[80.287789,13.205846],[80.287506,13.206563],[80.287273,13.207136],[80.286758,13.207805],[80.286097,13.208317],[80.285804,13.208364],[80.285559,13.208555],[80.284669,13.208229],[80.283558,13.208071],[80.283422,13.208073],[80.282432,13.208321],[80.282029,13.208248],[80.281478,13.208821],[80.280229,13.210109],[80.279308,13.210349],[80.279549,13.209674],[80.280174,13.208815],[80.281082,13.207382],[80.281523,13.206701],[80.281685,13.205901],[80.281713,13.204417],[80.281703,13.203783],[80.281558,13.203304],[80.281645,13.202886],[80.281744,13.202204],[80.281649,13.20151],[80.281576,13.201163],[80.281518,13.200242],[80.281532,13.19974],[80.281704,13.19925],[80.281986,13.198796],[80.282133,13.198713],[80.282805,13.198451],[80.283477,13.19819],[80.284308,13.198073],[80.285151,13.197908],[80.285945,13.197743],[80.286385,13.197576],[80.287081,13.197375],[80.287739,13.197807],[80.288019,13.198107],[80.288372,13.198527],[80.288798,13.198899],[80.290077,13.200015],[80.290564,13.200351],[80.290732,13.200921],[80.290855,13.201058],[80.291317,13.201657],[80.29161,13.201742],[80.291964,13.201922],[80.292097,13.20203],[80.292512,13.202366],[80.292938,13.202798],[80.292876,13.202929],[80.292863,13.203133],[80.29296,13.203492],[80.293118,13.203935],[80.293398,13.204031],[80.293678,13.204247],[80.294008,13.204356],[80.294325,13.204405],[80.294569,13.204513],[80.294751,13.204657],[80.294556,13.204656],[80.294287,13.20468],[80.293872,13.204666],[80.293653,13.204618],[80.293298,13.204737],[80.292455,13.204997]]},{"type":"Polygon","coordinates":[[[80.331749,13.234538],[80.331691,13.234193],[80.331138,13.233919],[80.330697,13.23354],[80.330463,13.233156],[80.330309,13.232639],[80.330388,13.23218],[80.329411,13.232139],[80.328767,13.232099],[80.328376,13.232022],[80.328064,13.231906],[80.327556,13.231752],[80.327303,13.231617],[80.326893,13.231348],[80.325743,13.230599],[80.324144,13.229389],[80.323576,13.228988],[80.323576,13.228989],[80.323561,13.228978],[80.323561,13.228977],[80.322701,13.22837],[80.321844,13.227679],[80.321044,13.227007],[80.320947,13.226873],[80.320791,13.226873],[80.32048,13.226183],[80.319859,13.224669],[80.318946,13.222925],[80.318655,13.222293],[80.318549,13.222111],[80.318549,13.222113],[80.318416,13.221884],[80.318416,13.221882],[80.318314,13.221708],[80.317479,13.220098],[80.316779,13.218804],[80.315992,13.2173],[80.315059,13.215632],[80.314155,13.214022],[80.313465,13.212776],[80.312844,13.211598],[80.312543,13.210889],[80.311931,13.209653],[80.311737,13.209221],[80.311135,13.208014],[80.310756,13.207228],[80.310154,13.205973],[80.308384,13.203375],[80.306895,13.201285],[80.306496,13.20071],[80.30601,13.199981],[80.305447,13.198659],[80.305078,13.197844],[80.304397,13.197254],[80.304046,13.196954],[80.302868,13.193859],[80.302702,13.192202],[80.302645,13.19157],[80.301983,13.190582],[80.301235,13.189461],[80.300476,13.188272],[80.300078,13.187639],[80.299504,13.186767],[80.299105,13.186307],[80.298608,13.18576],[80.297653,13.185173],[80.296932,13.184703],[80.296347,13.184155],[80.296151,13.184492],[80.296137,13.184516],[80.295836,13.185034],[80.295754,13.185174],[80.295552,13.185522],[80.296578,13.185314],[80.298109,13.18617],[80.299285,13.18802],[80.299721,13.189524],[80.300381,13.190961],[80.301821,13.192706],[80.302411,13.194899],[80.302972,13.196882],[80.302755,13.197628],[80.302333,13.198019],[80.302379,13.199033],[80.305292,13.201826],[80.305349,13.202362],[80.306158,13.202737],[80.306285,13.202939],[80.305904,13.203014],[80.303287,13.202787],[80.302211,13.203463],[80.301563,13.20439],[80.300908,13.204867],[80.300331,13.204922],[80.299258,13.204365],[80.297491,13.204254],[80.297169,13.204254],[80.296445,13.204405],[80.296436,13.204194],[80.295148,13.20398],[80.294592,13.203663],[80.29396,13.20279],[80.29243,13.201523],[80.290666,13.199977],[80.289917,13.199076],[80.28942,13.198567],[80.289118,13.198394],[80.28826,13.197789],[80.287568,13.19728],[80.287237,13.197126],[80.286915,13.197106],[80.286221,13.197151],[80.285469,13.197293],[80.284243,13.197451],[80.283798,13.197508],[80.28283,13.197955],[80.282213,13.198327],[80.281684,13.198871],[80.281347,13.199714],[80.281174,13.200635],[80.281196,13.201329],[80.281366,13.20176],[80.281426,13.202143],[80.281412,13.202789],[80.281434,13.203435],[80.281111,13.205252],[80.281021,13.206998],[80.280758,13.207218],[80.280759,13.207219],[80.280703,13.207265],[80.280702,13.207265],[80.280323,13.207582],[80.279415,13.209099],[80.278349,13.21046],[80.27765,13.211534],[80.276928,13.212118],[80.27568,13.213084],[80.275446,13.213621],[80.274968,13.214314],[80.274466,13.214886],[80.273952,13.215351],[80.272863,13.215934],[80.272595,13.215982],[80.27202,13.216267],[80.271738,13.216481],[80.271493,13.216756],[80.270953,13.217998],[80.270768,13.218536],[80.270387,13.219253],[80.269897,13.219861],[80.269174,13.220601],[80.267828,13.221853],[80.267143,13.222282],[80.266923,13.222341],[80.266763,13.222771],[80.26654,13.223763],[80.266428,13.224325],[80.266159,13.224635],[80.265731,13.224981],[80.265425,13.225136],[80.26496,13.225469],[80.264604,13.225947],[80.264384,13.226269],[80.264163,13.226675],[80.263978,13.227021],[80.263889,13.228217],[80.263801,13.229198],[80.263738,13.229999],[80.263491,13.23086],[80.26322,13.231469],[80.262902,13.231827],[80.262461,13.232208],[80.262486,13.232196],[80.262663,13.232436],[80.263177,13.231935],[80.263486,13.231534],[80.26387,13.230674],[80.264107,13.229856],[80.264167,13.229239],[80.26417,13.22845],[80.264158,13.227474],[80.264173,13.227186],[80.264586,13.226413],[80.265277,13.225726],[80.265982,13.22511],[80.266407,13.224954],[80.266642,13.224639],[80.266922,13.224209],[80.266981,13.22378],[80.267003,13.223353],[80.267184,13.223143],[80.267459,13.222823],[80.267865,13.222542],[80.268525,13.222142],[80.269142,13.221689],[80.269392,13.221474],[80.270029,13.220615],[80.26997,13.220916],[80.269698,13.221853],[80.269818,13.222739],[80.269909,13.223165],[80.270113,13.223543],[80.270595,13.224085],[80.270989,13.224498],[80.271515,13.22505],[80.271895,13.225443],[80.27234,13.225895],[80.272391,13.226071],[80.272595,13.226603],[80.272695,13.227517],[80.27262,13.227857],[80.272424,13.228244],[80.272139,13.228755],[80.27181,13.229529],[80.271721,13.22984],[80.271783,13.230184],[80.27184,13.230696],[80.271912,13.23117],[80.272099,13.232343],[80.27221,13.23286],[80.272193,13.23375],[80.27214,13.235152],[80.272141,13.236396],[80.272094,13.236415],[80.272936,13.236597],[80.273086,13.235449],[80.273235,13.234624],[80.273164,13.233978],[80.272983,13.233367],[80.27269,13.233079],[80.272619,13.232505],[80.272548,13.231787],[80.272393,13.231107],[80.272336,13.23082],[80.272338,13.230093],[80.272477,13.229213],[80.272576,13.228811],[80.273007,13.228295],[80.272952,13.227338],[80.272954,13.226535],[80.272878,13.225979],[80.27243,13.22548],[80.271611,13.224751],[80.270988,13.224175],[80.270521,13.223523],[80.270327,13.223025],[80.270231,13.222565],[80.270193,13.222087],[80.270333,13.221226],[80.270509,13.220863],[80.270765,13.220404],[80.270981,13.220098],[80.271178,13.219486],[80.271472,13.218971],[80.271524,13.218332],[80.272118,13.217254],[80.272416,13.216711],[80.27314,13.216564],[80.273844,13.21624],[80.274725,13.21565],[80.275567,13.21481],[80.27639,13.21397],[80.277076,13.213245],[80.277938,13.212501],[80.279015,13.21147],[80.279895,13.211052],[80.280463,13.21069],[80.281069,13.210519],[80.281441,13.210233],[80.282087,13.209776],[80.282577,13.209222],[80.282891,13.208783],[80.283537,13.208421],[80.28465,13.208424],[80.285254,13.208828],[80.286035,13.209059],[80.286543,13.209061],[80.287207,13.208929],[80.287658,13.208528],[80.287758,13.207839],[80.287838,13.206997],[80.287996,13.206309],[80.288173,13.205984],[80.288233,13.205563],[80.288469,13.205124],[80.28886,13.204819],[80.289486,13.204648],[80.289798,13.20463],[80.290169,13.20486],[80.290597,13.205302],[80.291105,13.205495],[80.291788,13.205573],[80.292453,13.205498],[80.293371,13.205195],[80.293977,13.205043],[80.294739,13.205198],[80.295188,13.2052],[80.295462,13.205028],[80.296048,13.204915],[80.296537,13.204974],[80.296868,13.20507],[80.299388,13.205288],[80.30013,13.205424],[80.301185,13.205159],[80.301714,13.204816],[80.302067,13.2043],[80.302419,13.203937],[80.302713,13.203727],[80.3033,13.203346],[80.304023,13.203195],[80.30496,13.203389],[80.305702,13.203621],[80.306424,13.203718],[80.307362,13.203918],[80.307887,13.204488],[80.308511,13.204968],[80.308958,13.205563],[80.309406,13.20631],[80.309522,13.207203],[80.309441,13.207669],[80.309223,13.208587],[80.308929,13.209237],[80.308411,13.210009],[80.307908,13.210861],[80.306765,13.212363],[80.306766,13.212363],[80.306722,13.212423],[80.306721,13.212421],[80.306614,13.212561],[80.306684,13.215547],[80.307696,13.216966],[80.309977,13.21858],[80.310912,13.219424],[80.311201,13.220937],[80.310419,13.221241],[80.310885,13.222276],[80.311429,13.2231],[80.312345,13.223773],[80.312674,13.224884],[80.314079,13.225557],[80.315153,13.225847],[80.316374,13.226765],[80.316499,13.227038],[80.316046,13.227668],[80.313928,13.230648],[80.312732,13.23231],[80.314075,13.233844],[80.313663,13.234609],[80.31403,13.235969],[80.314205,13.236314],[80.314225,13.236352],[80.316159,13.236185],[80.315927,13.235457],[80.316088,13.233697],[80.316931,13.232857],[80.317383,13.231729],[80.318379,13.231712],[80.318984,13.232173],[80.320663,13.232503],[80.324646,13.233394],[80.326127,13.234566],[80.326596,13.234777],[80.326771,13.234912],[80.327329,13.235048],[80.327785,13.235814],[80.328778,13.236831],[80.329534,13.238862],[80.330388,13.241007],[80.331749,13.234538]]]}]}}]}