{"type": "FeatureCollection", "name": "chennai2015_hotspots", "crs": {"type": "name", "properties": {"name": "urn:ogc:def:crs:OGC:1.3:CRS84"}}, "features": [{"type": "Feature", "properties": {"id": "1", "location": "Sathya Moorthy Nagar 24th Block", "inundation_level": "Low Vulnerability less than 2 feet", "vulnerability": "Low Vulnerability", "inundation_ft": "<2ft", "vhvul_ab5f": "-", "hvul_3to5f": "-", "lvul_less2": "Yes", "zone": "4", "ward": "46", "sl__no_": "40", "latitude": "13.1163", "longitude": "80.2673"}, "geometry": {"type": "Point", "coordinates": [80.2672850633093, 13.1162883946757]}}, {"type": "Feature", "properties": {"id": "2", "location": "KH Road", "inundation_level": "High Vulnerability 3 to 5 Feet", "vulnerability": "High Vulnerability", "inundation_ft": "3 to 5 ft", "vhvul_ab5f": "-", "hvul_3to5f": "Yes", "lvul_less2": "-", "zone": "4", "ward": "47", "sl__no_": "41", "latitude": "13.1181", "longitude": "80.2763"}, "geometry": {"type": "Point", "coordinates": [80.2762949270001, 13.1180816275001]}}, {"type": "Feature", "properties": {"id": "3", "location": "Walltax Road", "inundation_level": "Low Vulnerability less than 2 feet", "vulnerability": "Low Vulnerability", "inundation_ft": "<2ft", "vhvul_ab5f": "-", "hvul_3to5f": "-", "lvul_less2": "Yes", "zone": "5", "ward": "54", "sl__no_": "44", "latitude": "13.101", "longitude": "80.2748"}, "geometry": {"type": "Point", "coordinates": [80.2748161933386, 13.1010411424813]}}, {"type": "Feature", "properties": {"id": "4", "location": "Sydnams Road,", "inundation_level": "Low Vulnerability less than 2 feet", "vulnerability": "Low Vulnerability", "inundation_ft": "<2ft", "vhvul_ab5f": "-", "hvul_3to5f": "-", "lvul_less2": "Yes", "zone": "5", "ward": "58", "sl__no_": "47", "latitude": "13.0881", "longitude": "80.2698"}, "geometry": {"type": "Point", "coordinates": [80.269784567655, 13.088060114306]}}, {"type": "Feature", "properties": {"id": "5", "location": "Avvai Shanmugam Salai", "inundation_level": "High Vulnerability 3 to 5 Feet", "vulnerability": "High Vulnerability", "inundation_ft": "3 to 5 ft", "hvul_3to5f": "Yes", "zone": "9", "ward": "119", "sl__no_": "140", "latitude": "13.0479", "longitude": "80.265"}, "geometry": {"type": "Point", "coordinates": [80.2650282550672, 13.0479031183923]}}, {"type": "Feature", "properties": {"id": "6", "location": "Avvai Shanmugam Salai 1st Lane", "inundation_level": "Very High Vulnerability Above 5 Feet", "vulnerability": "Very High Vulnerability", "inundation_ft": ">5ft", "vhvul_ab5f": "Yes", "zone": "9", "ward": "119", "sl__no_": "142", "latitude": "13.0472", "longitude": "80.2654"}, "geometry": {"type": "Point", "coordinates": [80.2653478313395, 13.0472136816274]}}, {"type": "Feature", "properties": {"id": "7", "location": "Lakshmipuram 2nd Street", "inundation_level": "Low Vulnerability less than 2 feet", "vulnerability": "Low Vulnerability", "inundation_ft": "<2ft", "lvul_less2": "Yes", "zone": "9", "ward": "119", "sl__no_": "141", "latitude": "13.0466", "longitude": "80.263"}, "geometry": {"type": "Point", "coordinates": [80.263020070121, 13.0466436124156]}}, {"type": "Feature", "properties": {"id": "8", "location": "Mohamadin Salai", "inundation_level": "Low Vulnerability less than 2 feet", "vulnerability": "Low Vulnerability", "inundation_ft": "<2ft", "vhvul_ab5f": "Nil", "hvul_3to5f": "Nil", "lvul_less2": "Yes", "zone": "6", "ward": "68", "sl__no_": "75", "latitude": "13.1103", "longitude": "80.2311"}, "geometry": {"type": "Point", "coordinates": [80.2311073741259, 13.1103484727694]}}, {"type": "Feature", "properties": {"id": "9", "location": "Angalamman Koil Street", "inundation_level": "Low Vulnerability less than 2 feet", "vulnerability": "Low Vulnerability", "inundation_ft": "<2ft", "vhvul_ab5f": "Nil", "hvul_3to5f": "Nil", "lvul_less2": "Yes", "zone": "6", "ward": "76", "sl__no_": "88", "latitude": "13.0958", "longitude": "80.2625"}, "geometry": {"type": "Point", "coordinates": [80.2624655846901, 13.0957894967015]}}, {"type": "Feature", "properties": {"id": "10", "location": "Sec Colony 1st to 9th Street", "inundation_level": "Low Vulnerability less than 2 feet", "vulnerability": "Low Vulnerability", "inundation_ft": "<2ft", "vhvul_ab5f": "Nil", "hvul_3to5f": "Nil", "lvul_less2": "Yes", "zone": "6", "ward": "74", "sl__no_": "85", "latitude": "13.092", "longitude": "80.2451"}, "geometry": {"type": "Point", "coordinates": [80.2451127115001, 13.0920325140001]}}, {"type": "Feature", "properties": {"id": "11", "location": "Vallavan Street", "inundation_level": "Low Vulnerability less than 2 feet", "vulnerability": "Low Vulnerability", "inundation_ft": "<2ft", "vhvul_ab5f": "Nil", "hvul_3to5f": "Nil", "lvul_less2": "Yes", "zone": "6", "ward": "75", "sl__no_": "86", "latitude": "13.0942", "longitude": "80.2518"}, "geometry": {"type": "Point", "coordinates": [80.2517956422802, 13.0942232531572]}}, {"type": "Feature", "properties": {"id": "12", "location": "Cth Road near Petrol Bunk", "inundation_level": "Low Vulnerability less than 2 feet", "vulnerability": "Low Vulnerability", "inundation_ft": "<2ft", "lvul_less2": "Yes", "zone": "7", "ward": "86", "sl__no_": "93", "latitude": "13.0992", "longitude": "80.1725"}, "geometry": {"type": "Point", "coordinates": [80.1725000544291, 13.0991886382351]}}, {"type": "Feature", "properties": {"id": "13", "location": "Gopal Reddy Colony", "inundation_level": "Low Vulnerability less than 2 feet", "vulnerability": "Low Vulnerability", "inundation_ft": "<2ft", "vhvul_ab5f": "Nil", "hvul_3to5f": "Nil", "lvul_less2": "Yes", "zone": "6", "ward": "67", "sl__no_": "71", "latitude": "13.1099", "longitude": "80.2305"}, "geometry": {"type": "Point", "coordinates": [80.230544801, 13.1099246297426]}}, {"type": "Feature", "properties": {"id": "14", "location": "Pallavan Street", "inundation_level": "Low Vulnerability less than 2 feet", "vulnerability": "Low Vulnerability", "inundation_ft": "<2ft", "vhvul_ab5f": "Nil", "hvul_3to5f": "Nil", "lvul_less2": "Yes", "zone": "6", "ward": "68", "sl__no_": "73", "latitude": "13.1113", "longitude": "80.2312"}, "geometry": {"type": "Point", "coordinates": [80.2312120732536, 13.1112845531935]}}, {"type": "Feature", "properties": {"id": "15", "location": "Decaster Road", "inundation_level": "Low Vulnerability less than 2 feet", "vulnerability": "Low Vulnerability", "inundation_ft": "<2ft", "vhvul_ab5f": "Nil", "hvul_3to5f": "Nil", "lvul_less2": "Yes", "zone": "6", "ward": "72", "sl__no_": "78", "latitude": "13.1025", "longitude": "80.2617"}, "geometry": {"type": "Point", "coordinates": [80.261692481063, 13.1024630133788]}}, {"type": "Feature", "properties": {"id": "16", "location": "Doss Nagar Pallam", "inundation_level": "Low Vulnerability less than 2 feet", "vulnerability": "Low Vulnerability", "inundation_ft": "<2ft", "vhvul_ab5f": "Nil", "hvul_3to5f": "Nil", "lvul_less2": "Yes", "zone": "6", "ward": "72", "sl__no_": "79", "latitude": "13.1088", "longitude": "80.2644"}, "geometry": {"type": "Point", "coordinates": [80.264365258647, 13.1088055717248]}}, {"type": "Feature", "properties": {"id": "17", "location": "Straganas Road", "inundation_level": "Low Vulnerability less than 2 feet", "vulnerability": "Low Vulnerability", "inundation_ft": "<2ft", "vhvul_ab5f": "Nil", "hvul_3to5f": "Nil", "lvul_less2": "Yes", "zone": "6", "ward": "76", "sl__no_": "87", "latitude": "13.0974", "longitude": "80.2584"}, "geometry": {"type": "Point", "coordinates": [80.2583894673282, 13.0973818471483]}}, {"type": "Feature", "properties": {"id": "18", "location": "Demellous Road \n(Near Haj Committee)", "inundation_level": "Low Vulnerability less than 2 feet", "vulnerability": "Low Vulnerability", "inundation_ft": "<2ft", "vhvul_ab5f": "Nil", "hvul_3to5f": "Nil", "lvul_less2": "Yes", "zone": "6", "ward": "77", "sl__no_": "89", "latitude": "13.0936", "longitude": "80.2685"}, "geometry": {"type": "Point", "coordinates": [80.2685336812426, 13.0936374765628]}}, {"type": "Feature", "properties": {"id": "19", "location": "Srinivasapuram, B.K.N Colony", "inundation_level": "Low Vulnerability less than 2 feet", "vulnerability": "Low Vulnerability", "inundation_ft": "<2ft", "lvul_less2": "Yes", "zone": "1", "ward": "12", "sl__no_": "14", "latitude": "13.1531", "longitude": "80.2943"}, "geometry": {"type": "Point", "coordinates": [80.2942619055734, 13.1531221961585]}}, {"type": "Feature", "properties": {"id": "20", "location": "Nandhi odai , Sadayankuppam battai", "inundation_level": "High Vulnerability 3 to 5 Feet", "vulnerability": "High Vulnerability", "inundation_ft": "3 to 5 ft", "hvul_3to5f": "Yes", "zone": "1", "ward": "10", "sl__no_": "13", "latitude": "13.1599", "longitude": "80.2969"}, "geometry": {"type": "Point", "coordinates": [80.2969438028548, 13.1598582542422]}}, {"type": "Feature", "properties": {"id": "21", "location": "Kalaignar nagar", "inundation_level": "Very High Vulnerability Above 5 Feet", "vulnerability": "Very High Vulnerability", "inundation_ft": ">5ft", "vhvul_ab5f": "Yes", "zone": "1", "ward": "6", "sl__no_": "10", "latitude": "13.1741", "longitude": "80.2968"}, "geometry": {"type": "Point", "coordinates": [80.296760932017, 13.1741151919426]}}, {"type": "Feature", "properties": {"id": "22", "location": "AD Colony, Ernaavoor", "inundation_level": "High Vulnerability 3 to 5 Feet", "vulnerability": "High Vulnerability", "inundation_ft": "3 to 5 ft", "hvul_3to5f": "Yes", "zone": "1", "ward": "4", "sl__no_": "5", "latitude": "13.19", "longitude": "80.3033"}, "geometry": {"type": "Point", "coordinates": [80.3033148658147, 13.189966509876]}}, {"type": "Feature", "properties": {"id": "23", "location": "SVM Nagar, Ulaganathapuram", "inundation_level": "High Vulnerability 3 to 5 Feet", "vulnerability": "High Vulnerability", "inundation_ft": "3 to 5 ft", "hvul_3to5f": "Yes", "zone": "1", "ward": "1", "sl__no_": "4", "latitude": "13.2263", "longitude": "80.3266"}, "geometry": {"type": "Point", "coordinates": [80.3265634393952, 13.2262730340807]}}, {"type": "Feature", "properties": {"id": "24", "location": "Kargil nagar, Rajaji nagar", "inundation_level": "High Vulnerability 3 to 5 Feet", "vulnerability": "High Vulnerability", "inundation_ft": "3 to 5 ft", "hvul_3to5f": "Yes", "zone": "1", "ward": "7", "sl__no_": "12", "latitude": "13.1729", "longitude": "80.2914"}, "geometry": {"type": "Point", "coordinates": [80.291359860923, 13.1729242118345]}}, {"type": "Feature", "properties": {"id": "25", "location": "Kargil nagar, Rajaji nagar", "inundation_level": "High Vulnerability 3 to 5 Feet", "vulnerability": "High Vulnerability", "inundation_ft": "3 to 5 ft", "hvul_3to5f": "Yes", "zone": "1", "ward": "7", "sl__no_": "12", "latitude": "13.1495", "longitude": "80.2702"}, "geometry": {"type": "Point", "coordinates": [80.2701579797587, 13.1494989690475]}}, {"type": "Feature", "properties": {"id": "26", "location": "Walltax Road", "inundation_level": "Low Vulnerability less than 2 feet", "vulnerability": "Low Vulnerability", "inundation_ft": "<2ft", "vhvul_ab5f": "-", "hvul_3to5f": "-", "lvul_less2": "Yes", "zone": "5", "ward": "53", "sl__no_": "43", "latitude": "13.1018", "longitude": "80.2744"}, "geometry": {"type": "Point", "coordinates": [80.2743894560229, 13.1018283943839]}}, {"type": "Feature", "properties": {"id": "27", "location": "Walltax Road", "inundation_level": "Low Vulnerability less than 2 feet", "vulnerability": "Low Vulnerability", "inundation_ft": "<2ft", "vhvul_ab5f": "-", "hvul_3to5f": "-", "lvul_less2": "Yes", "zone": "5", "ward": "54", "sl__no_": "45", "latitude": "13.0975", "longitude": "80.2753"}, "geometry": {"type": "Point", "coordinates": [80.2752611587385, 13.0974663005142]}}, {"type": "Feature", "properties": {"id": "28", "location": "EVK Sampath Salai,", "inundation_level": "Low Vulnerability less than 2 feet", "vulnerability": "Low Vulnerability", "inundation_ft": "<2ft", "vhvul_ab5f": "-", "hvul_3to5f": "-", "lvul_less2": "Yes", "zone": "5", "ward": "58", "sl__no_": "46", "latitude": "13.0805", "longitude": "80.2627"}, "geometry": {"type": "Point", "coordinates": [80.2626783459664, 13.0805388392729]}}, {"type": "Feature", "properties": {"id": "29", "location": "VOC Salai,", "inundation_level": "Low Vulnerability less than 2 feet", "vulnerability": "Low Vulnerability", "inundation_ft": "<2ft", "vhvul_ab5f": "-", "hvul_3to5f": "-", "lvul_less2": "Yes", "zone": "5", "ward": "59", "sl__no_": "48", "latitude": "13.0821", "longitude": "80.2763"}, "geometry": {"type": "Point", "coordinates": [80.2762531731689, 13.0820721849513]}}, {"type": "Feature", "properties": {"id": "30", "location": "Ghandhi Irwan Bridge Road", "inundation_level": "Low Vulnerability less than 2 feet", "vulnerability": "Low Vulnerability", "inundation_ft": "<2ft", "vhvul_ab5f": "-", "hvul_3to5f": "-", "lvul_less2": "Yes", "zone": "5", "ward": "61", "sl__no_": "49", "latitude": "13.0767", "longitude": "80.2655"}, "geometry": {"type": "Point", "coordinates": [80.2655516549322, 13.0767104247891]}}, {"type": "Feature", "properties": {"id": "31", "location": "Egmore High Road,", "inundation_level": "Low Vulnerability less than 2 feet", "vulnerability": "Low Vulnerability", "inundation_ft": "<2ft", "vhvul_ab5f": "-", "hvul_3to5f": "-", "lvul_less2": "Yes", "zone": "5", "ward": "61", "sl__no_": "50", "latitude": "13.0749", "longitude": "80.2549"}, "geometry": {"type": "Point", "coordinates": [80.2548784463204, 13.0748530951715]}}, {"type": "Feature", "properties": {"id": "32", "location": "Singanna Chetty Street,", "inundation_level": "Low Vulnerability less than 2 feet", "vulnerability": "Low Vulnerability", "inundation_ft": "<2ft", "vhvul_ab5f": "-", "hvul_3to5f": "-", "lvul_less2": "Yes", "zone": "5", "ward": "62", "sl__no_": "52", "latitude": "13.0778", "longitude": "80.2719"}, "geometry": {"type": "Point", "coordinates": [80.2718935654891, 13.0777506524376]}}, {"type": "Feature", "properties": {"id": "33", "location": "Arunachalam Road,", "inundation_level": "Low Vulnerability less than 2 feet", "vulnerability": "Low Vulnerability", "inundation_ft": "<2ft", "vhvul_ab5f": "-", "hvul_3to5f": "-", "lvul_less2": "Yes", "zone": "5", "ward": "62", "sl__no_": "51", "latitude": "13.0749", "longitude": "80.2719"}, "geometry": {"type": "Point", "coordinates": [80.2718950013169, 13.0749163120154]}}, {"type": "Feature", "properties": {"id": "34", "location": "Vijayaragavalu Roundana, \n", "inundation_level": "High Vulnerability 3 to 5 Feet", "vulnerability": "High Vulnerability", "inundation_ft": "3 to 5 ft", "vhvul_ab5f": "-", "hvul_3to5f": "Yes", "lvul_less2": "-", "zone": "5", "ward": "53", "sl__no_": "42", "latitude": "13.1117", "longitude": "80.2775"}, "geometry": {"type": "Point", "coordinates": [80.2775133443495, 13.1117357029547]}}, {"type": "Feature", "properties": {"id": "35", "location": "Chella pillayar Koil Street,", "inundation_level": "Low Vulnerability less than 2 feet", "vulnerability": "Low Vulnerability", "inundation_ft": "<2ft", "vhvul_ab5f": "-", "hvul_3to5f": "-", "lvul_less2": "Yes", "zone": "5", "ward": "63", "sl__no_": "53", "latitude": "13.0587", "longitude": "80.2683"}, "geometry": {"type": "Point", "coordinates": [80.2683376500277, 13.0586920626371]}}, {"type": "Feature", "properties": {"id": "36", "location": "G.P. Road,", "inundation_level": "Low Vulnerability less than 2 feet", "vulnerability": "Low Vulnerability", "inundation_ft": "<2ft", "vhvul_ab5f": "-", "hvul_3to5f": "-", "lvul_less2": "Yes", "zone": "5", "ward": "63", "sl__no_": "54", "latitude": "13.0622", "longitude": "80.2665"}, "geometry": {"type": "Point", "coordinates": [80.266455722515, 13.0621846193116]}}, {"type": "Feature", "properties": {"id": "37", "location": "Alapakkam main road", "inundation_level": "High Vulnerability 3 to 5 Feet", "vulnerability": "High Vulnerability", "inundation_ft": "3 to 5 ft", "hvul_3to5f": "Yes", "zone": "11", "ward": "147", "sl__no_": "188", "latitude": "13.0561", "longitude": "80.1664"}, "geometry": {"type": "Point", "coordinates": [80.1663782598076, 13.0561422005926]}}, {"type": "Feature", "properties": {"id": "38", "location": "Mullai street", "inundation_level": "Low Vulnerability less than 2 feet", "vulnerability": "Low Vulnerability", "inundation_ft": "<2ft", "lvul_less2": "Yes", "zone": "11", "ward": "150", "sl__no_": "196", "latitude": "13.0401", "longitude": "80.1548"}, "geometry": {"type": "Point", "coordinates": [80.1547845025052, 13.0401171110541]}}, {"type": "Feature", "properties": {"id": "39", "location": "Arcot road", "inundation_level": "High Vulnerability 3 to 5 Feet", "vulnerability": "High Vulnerability", "inundation_ft": "3 to 5 ft", "hvul_3to5f": "Yes", "zone": "11", "ward": "150", "sl__no_": "197", "latitude": "13.0365", "longitude": "80.1578"}, "geometry": {"type": "Point", "coordinates": [80.1577665935331, 13.036473400342]}}, {"type": "Feature", "properties": {"id": "40", "location": "Royala nagar", "inundation_level": "Very High Vulnerability Above 5 Feet", "vulnerability": "Very High Vulnerability", "inundation_ft": ">5ft", "vhvul_ab5f": "Yes", "zone": "11", "ward": "155", "sl__no_": "204", "latitude": "13.0291", "longitude": "80.1863"}, "geometry": {"type": "Point", "coordinates": [80.1862640099561, 13.0290597365937]}}, {"type": "Feature", "properties": {"id": "41", "location": "Bharathi salai", "inundation_level": "High Vulnerability 3 to 5 Feet", "vulnerability": "High Vulnerability", "inundation_ft": "3 to 5 ft", "hvul_3to5f": "Yes", "zone": "11", "ward": "154", "sl__no_": "202", "latitude": "13.0325", "longitude": "80.1765"}, "geometry": {"type": "Point", "coordinates": [80.1765186559351, 13.0324749673452]}}, {"type": "Feature", "properties": {"id": "42", "location": "Balavinayagar street", "inundation_level": "High Vulnerability 3 to 5 Feet", "vulnerability": "High Vulnerability", "inundation_ft": "3 to 5 ft", "hvul_3to5f": "Yes", "zone": "11", "ward": "148", "sl__no_": "191", "latitude": "13.0522", "longitude": "80.1852"}, "geometry": {"type": "Point", "coordinates": [80.185182177, 13.052216459]}}, {"type": "Feature", "properties": {"id": "43", "location": "Sri Lakshmi nagar", "inundation_level": "High Vulnerability 3 to 5 Feet", "vulnerability": "High Vulnerability", "inundation_ft": "3 to 5 ft", "hvul_3to5f": "Yes", "zone": "11", "ward": "149", "sl__no_": "195", "latitude": "13.05", "longitude": "80.1749"}, "geometry": {"type": "Point", "coordinates": [80.1749051500914, 13.0500365221216]}}, {"type": "Feature", "properties": {"id": "44", "location": "Ganesh avenue  1st to 10th street", "inundation_level": "High Vulnerability 3 to 5 Feet", "vulnerability": "High Vulnerability", "inundation_ft": "3 to 5 ft", "hvul_3to5f": "Yes", "zone": "11", "ward": "153", "sl__no_": "201", "latitude": "13.0267", "longitude": "80.1641"}, "geometry": {"type": "Point", "coordinates": [80.1640835145, 13.0267020205]}}, {"type": "Feature", "properties": {"id": "45", "location": "Thirumagalam  road", "inundation_level": "Low Vulnerability less than 2 feet", "vulnerability": "Low Vulnerability", "inundation_ft": "<2ft", "lvul_less2": "Yes", "zone": "7", "ward": "90", "sl__no_": "95", "latitude": "13.0872", "longitude": "80.197"}, "geometry": {"type": "Point", "coordinates": [80.1970146564914, 13.0871885483667]}}, {"type": "Feature", "properties": {"id": "46", "location": "Rangarajapuram", "inundation_level": "High Vulnerability 3 to 5 Feet", "vulnerability": "High Vulnerability", "inundation_ft": "3 to 5 ft", "vhvul_ab5f": "No", "hvul_3to5f": "Yes", "lvul_less2": "No", "zone": "10", "ward": "134", "sl__no_": "178", "latitude": "13.047", "longitude": "80.2248"}, "geometry": {"type": "Point", "coordinates": [80.2248378730001, 13.0470468985]}}, {"type": "Feature", "properties": {"id": "47", "location": "Ammaiyammal Street", "inundation_level": "Low Vulnerability less than 2 feet", "vulnerability": "Low Vulnerability", "inundation_ft": "<2ft", "vhvul_ab5f": "Nil", "hvul_3to5f": "Nil", "lvul_less2": "Yes", "zone": "6", "ward": "73", "sl__no_": "81", "latitude": "13.0987", "longitude": "80.2583"}, "geometry": {"type": "Point", "coordinates": [80.2582651834363, 13.0987091225257]}}, {"type": "Feature", "properties": {"id": "48", "location": "New Ferrance Road", "inundation_level": "Low Vulnerability less than 2 feet", "vulnerability": "Low Vulnerability", "inundation_ft": "<2ft", "vhvul_ab5f": "Nil", "hvul_3to5f": "Nil", "lvul_less2": "Yes", "zone": "6", "ward": "73", "sl__no_": "84", "latitude": "13.0974", "longitude": "80.2577"}, "geometry": {"type": "Point", "coordinates": [80.2577169573007, 13.0973922269448]}}, {"type": "Feature", "properties": {"id": "49", "location": "Kellys Road", "inundation_level": "Low Vulnerability less than 2 feet", "vulnerability": "Low Vulnerability", "inundation_ft": "<2ft", "lvul_less2": "Yes", "zone": "8", "ward": "103", "sl__no_": "105", "latitude": "13.0844", "longitude": "80.2459"}, "geometry": {"type": "Point", "coordinates": [80.2458828324935, 13.0844080755648]}}, {"type": "Feature", "properties": {"id": "50", "location": "Gnanamoorthy Nagar &  EB Colony", "inundation_level": "Low Vulnerability less than 2 feet", "vulnerability": "Low Vulnerability", "inundation_ft": "<2ft", "lvul_less2": "Yes", "zone": "7", "ward": "82", "sl__no_": "91", "latitude": "13.1201", "longitude": "80.1677"}, "geometry": {"type": "Point", "coordinates": [80.1677416170927, 13.1200954747001]}}, {"type": "Feature", "properties": {"id": "51", "location": "Gnanamoorthy Nagar &  EB Colony", "inundation_level": "Low Vulnerability less than 2 feet", "vulnerability": "Low Vulnerability", "inundation_ft": "<2ft", "lvul_less2": "Yes", "zone": "7", "ward": "82", "sl__no_": "91", "latitude": "13.1183", "longitude": "80.1637"}, "geometry": {"type": "Point", "coordinates": [80.163747121342, 13.118315868109]}}, {"type": "Feature", "properties": {"id": "52", "location": "Bhell Nagar", "inundation_level": "Low Vulnerability less than 2 feet", "vulnerability": "Low Vulnerability", "inundation_ft": "<2ft", "vhvul_ab5f": "_", "hvul_3to5f": "_", "lvul_less2": "Yes", "zone": "12", "ward": "156", "sl__no_": "206", "latitude": "13.0243", "longitude": "80.1471"}, "geometry": {"type": "Point", "coordinates": [80.147103458249, 13.0243313071228]}}, {"type": "Feature", "properties": {"id": "53", "location": "Kaviya Garden, CRR Puram Phase III, Purachi Thalivi Nagar, Bhell Nagar, Dharmarajapuram, Sathiya Nagar, Astalakshmi Avenue and Sedhu Lakshmi Avenue, River view colony", "inundation_level": "Low Vulnerability less than 2 feet", "vulnerability": "Low Vulnerability", "inundation_ft": "<2ft", "vhvul_ab5f": "_", "hvul_3to5f": "_", "lvul_less2": "Yes", "zone": "12", "ward": "157", "sl__no_": "207", "latitude": "13.0111", "longitude": "80.1795"}, "geometry": {"type": "Point", "coordinates": [80.179505740326, 13.0111415397822]}}, {"type": "Feature", "properties": {"id": "54", "location": "Kaviya Garden, CRR Puram Phase III, Purachi Thalivi Nagar, Bhell Nagar, Dharmarajapuram, Sathiya Nagar, Astalakshmi Avenue and Sedhu Lakshmi Avenue, River view colony", "inundation_level": "Low Vulnerability less than 2 feet", "vulnerability": "Low Vulnerability", "inundation_ft": "<2ft", "vhvul_ab5f": "_", "hvul_3to5f": "_", "lvul_less2": "Yes", "zone": "12", "ward": "157", "sl__no_": "207", "latitude": "13.0133", "longitude": "80.1663"}, "geometry": {"type": "Point", "coordinates": [80.1662753560007, 13.0132849939949]}}, {"type": "Feature", "properties": {"id": "55", "location": "Kaviya Garden, CRR Puram Phase III, Purachi Thalivi Nagar, Bhell Nagar, Dharmarajapuram, Sathiya Nagar, Astalakshmi Avenue and Sedhu Lakshmi Avenue, River view colony", "inundation_level": "Low Vulnerability less than 2 feet", "vulnerability": "Low Vulnerability", "inundation_ft": "<2ft", "vhvul_ab5f": "_", "hvul_3to5f": "_", "lvul_less2": "Yes", "zone": "12", "ward": "157", "sl__no_": "207", "latitude": "13.0144", "longitude": "80.1643"}, "geometry": {"type": "Point", "coordinates": [80.164292894272, 13.0144205163397]}}, {"type": "Feature", "properties": {"id": "56", "location": "Kaviya Garden, CRR Puram Phase III, Purachi Thalivi Nagar, Bhell Nagar, Dharmarajapuram, Sathiya Nagar, Astalakshmi Avenue and Sedhu Lakshmi Avenue, River view colony", "inundation_level": "Low Vulnerability less than 2 feet", "vulnerability": "Low Vulnerability", "inundation_ft": "<2ft", "vhvul_ab5f": "_", "hvul_3to5f": "_", "lvul_less2": "Yes", "zone": "12", "ward": "157", "sl__no_": "207", "latitude": "13.0229", "longitude": "80.1854"}, "geometry": {"type": "Point", "coordinates": [80.1853977592234, 13.0229004962914]}}, {"type": "Feature", "properties": {"id": "57", "location": "Thillai Ganga Nagar 25 th Street,  27th Street, 28th Street, Thillai Ganga Nagar 2nd MainRoad, and 4th Main Road", "inundation_level": "Low Vulnerability less than 2 feet", "vulnerability": "Low Vulnerability", "inundation_ft": "<2ft", "vhvul_ab5f": "_", "hvul_3to5f": "_", "lvul_less2": "Yes", "zone": "12", "ward": "162", "sl__no_": "209", "latitude": "12.9879", "longitude": "80.195"}, "geometry": {"type": "Point", "coordinates": [80.1949819243273, 12.9878514750001]}}, {"type": "Feature", "properties": {"id": "58", "location": "Thillai Ganga Nagar 25 th Street,  27th Street, 28th Street, Thillai Ganga Nagar 2nd MainRoad, and 4th Main Road", "inundation_level": "Low Vulnerability less than 2 feet", "vulnerability": "Low Vulnerability", "inundation_ft": "<2ft", "vhvul_ab5f": "_", "hvul_3to5f": "_", "lvul_less2": "Yes", "zone": "12", "ward": "162", "sl__no_": "209", "latitude": "12.9873", "longitude": "80.1953"}, "geometry": {"type": "Point", "coordinates": [80.1952537108478, 12.9872501664999]}}, {"type": "Feature", "properties": {"id": "59", "location": "Income Tax  colony Area Back  flow  of sewage water", "inundation_level": "Low Vulnerability less than 2 feet", "vulnerability": "Low Vulnerability", "inundation_ft": "<2ft", "vhvul_ab5f": "_", "hvul_3to5f": "_", "lvul_less2": "Yes", "zone": "12", "ward": "165", "sl__no_": "212", "latitude": "12.9818", "longitude": "80.2036"}, "geometry": {"type": "Point", "coordinates": [80.2036244007844, 12.9817756836427]}}, {"type": "Feature", "properties": {"id": "60", "location": "Bhuvaneswari Nagar,", "inundation_level": "Low Vulnerability less than 2 feet", "vulnerability": "Low Vulnerability", "inundation_ft": "<2ft", "vhvul_ab5f": "_", "hvul_3to5f": "_", "lvul_less2": "Yes", "zone": "12", "ward": "165", "sl__no_": "211", "latitude": "12.9792", "longitude": "80.2056"}, "geometry": {"type": "Point", "coordinates": [80.2055909457593, 12.9792503827449]}}, {"type": "Feature", "properties": {"id": "61", "location": "Bharathidasan Nagar,", "inundation_level": "Low Vulnerability less than 2 feet", "vulnerability": "Low Vulnerability", "inundation_ft": "<2ft", "vhvul_ab5f": "_", "hvul_3to5f": "_", "lvul_less2": "Yes", "zone": "12", "ward": "165", "sl__no_": "210", "latitude": "12.9777", "longitude": "80.2026"}, "geometry": {"type": "Point", "coordinates": [80.2026440109363, 12.9776800185005]}}, {"type": "Feature", "properties": {"id": "62", "location": "Nanganallur 44th street", "inundation_level": "Low Vulnerability less than 2 feet", "vulnerability": "Low Vulnerability", "inundation_ft": "<2ft", "vhvul_ab5f": "_", "hvul_3to5f": "_", "lvul_less2": "Yes", "zone": "12", "ward": "167", "sl__no_": "213", "latitude": "12.982", "longitude": "80.1879"}, "geometry": {"type": "Point", "coordinates": [80.1878903800464, 12.9819609993972]}}, {"type": "Feature", "properties": {"id": "63", "location": "Sairam avenue", "inundation_level": "High Vulnerability 3 to 5 Feet", "vulnerability": "High Vulnerability", "inundation_ft": "3 to 5 ft", "hvul_3to5f": "Yes", "zone": "11", "ward": "152", "sl__no_": "200", "latitude": "13.0366", "longitude": "80.1709"}, "geometry": {"type": "Point", "coordinates": [80.1708904820879, 13.0366083476922]}}, {"type": "Feature", "properties": {"id": "64", "location": "Pallavan Nagar", "inundation_level": "Low Vulnerability less than 2 feet", "vulnerability": "Low Vulnerability", "inundation_ft": "<2ft", "lvul_less2": "Yes", "zone": "11", "ward": "145", "sl__no_": "185", "latitude": "13.0688", "longitude": "80.1818"}, "geometry": {"type": "Point", "coordinates": [80.1818167266456, 13.068827829654]}}, {"type": "Feature", "properties": {"id": "65", "location": "Pallavan nagar", "inundation_level": "Low Vulnerability less than 2 feet", "vulnerability": "Low Vulnerability", "inundation_ft": "<2ft", "lvul_less2": "Yes", "zone": "11", "ward": "147", "sl__no_": "189", "latitude": "13.0609", "longitude": "80.1681"}, "geometry": {"type": "Point", "coordinates": [80.1681302117127, 13.0609472304787]}}, {"type": "Feature", "properties": {"id": "66", "location": "Krishna nagar", "inundation_level": "High Vulnerability 3 to 5 Feet", "vulnerability": "High Vulnerability", "inundation_ft": "3 to 5 ft", "hvul_3to5f": "Yes", "zone": "11", "ward": "147", "sl__no_": "187", "latitude": "13.051", "longitude": "80.1695"}, "geometry": {"type": "Point", "coordinates": [80.169471246188, 13.0509848826258]}}, {"type": "Feature", "properties": {"id": "67", "location": "Amman nagar", "inundation_level": "Very High Vulnerability Above 5 Feet", "vulnerability": "Very High Vulnerability", "inundation_ft": ">5ft", "vhvul_ab5f": "Yes", "zone": "11", "ward": "155", "sl__no_": "203", "latitude": "13.0255", "longitude": "80.1896"}, "geometry": {"type": "Point", "coordinates": [80.1895546502648, 13.0255152158574]}}, {"type": "Feature", "properties": {"id": "68", "location": "Bakthi vedhandha avenue", "inundation_level": "Very High Vulnerability Above 5 Feet", "vulnerability": "Very High Vulnerability", "inundation_ft": ">5ft", "vhvul_ab5f": "Yes", "zone": "11", "ward": "155", "sl__no_": "205", "latitude": "13.0305", "longitude": "80.187"}, "geometry": {"type": "Point", "coordinates": [80.1869883880133, 13.0305052998903]}}, {"type": "Feature", "properties": {"id": "69", "location": "Anbu nagar", "inundation_level": "High Vulnerability 3 to 5 Feet", "vulnerability": "High Vulnerability", "inundation_ft": "3 to 5 ft", "hvul_3to5f": "Yes", "zone": "11", "ward": "148", "sl__no_": "190", "latitude": "13.0541", "longitude": "80.1797"}, "geometry": {"type": "Point", "coordinates": [80.1797484581046, 13.0540851496301]}}, {"type": "Feature", "properties": {"id": "70", "location": "CDN nagar", "inundation_level": "Low Vulnerability less than 2 feet", "vulnerability": "Low Vulnerability", "inundation_ft": "<2ft", "lvul_less2": "Yes", "zone": "11", "ward": "148", "sl__no_": "192", "latitude": "13.0623", "longitude": "80.1788"}, "geometry": {"type": "Point", "coordinates": [80.1787827871428, 13.0623040416239]}}, {"type": "Feature", "properties": {"id": "71", "location": "Radha avenue", "inundation_level": "High Vulnerability 3 to 5 Feet", "vulnerability": "High Vulnerability", "inundation_ft": "3 to 5 ft", "hvul_3to5f": "Yes", "zone": "11", "ward": "149", "sl__no_": "194", "latitude": "13.0499", "longitude": "80.1787"}, "geometry": {"type": "Point", "coordinates": [80.178682904227, 13.0499418249976]}}, {"type": "Feature", "properties": {"id": "72", "location": "Vembuli amman koil street", "inundation_level": "Low Vulnerability less than 2 feet", "vulnerability": "Low Vulnerability", "inundation_ft": "<2ft", "lvul_less2": "Yes", "zone": "11", "ward": "143", "sl__no_": "183", "latitude": "13.0762", "longitude": "80.1661"}, "geometry": {"type": "Point", "coordinates": [80.1660879205709, 13.0762327622027]}}, {"type": "Feature", "properties": {"id": "73", "location": "MMDA Colony 4th , 5th & 6th block", "inundation_level": "Low Vulnerability less than 2 feet", "vulnerability": "Low Vulnerability", "inundation_ft": "<2ft", "lvul_less2": "Yes", "zone": "11", "ward": "144", "sl__no_": "184", "latitude": "13.0613", "longitude": "80.1764"}, "geometry": {"type": "Point", "coordinates": [80.1764182436724, 13.0613473171529]}}, {"type": "Feature", "properties": {"id": "74", "location": "KS Nagar (Thirumalai Nagar)", "inundation_level": "Medium Vulnerability\n2 to 3 Feet", "vulnerability": "Medium Vulnerability", "inundation_ft": "2 to 3 ft", "vhvul_ab5f": "-", "hvul_3to5f": "-", "zone": "3", "ward": "22", "sl__no_": "19", "latitude": "13.1659", "longitude": "80.1953"}, "geometry": {"type": "Point", "coordinates": [80.195299778362, 13.1658683276726]}}, {"type": "Feature", "properties": {"id": "75", "location": "Othai vadai Street", "inundation_level": "High Vulnerability 3 to 5 Feet", "vulnerability": "High Vulnerability", "inundation_ft": "3 to 5 ft", "vhvul_ab5f": "-", "hvul_3to5f": "Yes", "zone": "3", "ward": "23", "sl__no_": "21", "latitude": "13.1543", "longitude": "80.209"}, "geometry": {"type": "Point", "coordinates": [80.2089550044818, 13.1542916186762]}}, {"type": "Feature", "properties": {"id": "76", "location": "Ambattur Redhills road (Highway)", "inundation_level": "High Vulnerability 3 to 5 Feet", "vulnerability": "High Vulnerability", "inundation_ft": "3 to 5 ft", "vhvul_ab5f": "-", "hvul_3to5f": "Yes", "zone": "3", "ward": "24", "sl__no_": "22", "latitude": "13.1431", "longitude": "80.1867"}, "geometry": {"type": "Point", "coordinates": [80.1866676573176, 13.1430885137755]}}, {"type": "Feature", "properties": {"id": "77", "location": "Collector Nagar", "inundation_level": "Very High Vulnerability Above 5 Feet", "vulnerability": "Very High Vulnerability", "inundation_ft": ">5ft", "vhvul_ab5f": "Yes", "hvul_3to5f": "-", "zone": "3", "ward": "25", "sl__no_": "23", "latitude": "13.1486", "longitude": "80.2007"}, "geometry": {"type": "Point", "coordinates": [80.2007223423168, 13.1486333113912]}}, {"type": "Feature", "properties": {"id": "78", "location": "Aringhar Anna Nagar,", "inundation_level": "Very High Vulnerability Above 5 Feet", "vulnerability": "Very High Vulnerability", "inundation_ft": ">5ft", "vhvul_ab5f": "Yes", "hvul_3to5f": "-", "zone": "3", "ward": "25", "sl__no_": "24", "latitude": "13.1557", "longitude": "80.2024"}, "geometry": {"type": "Point", "coordinates": [80.2023594447571, 13.1557119894993]}}, {"type": "Feature", "properties": {"id": "79", "location": "Ambedhkar Nagar", "inundation_level": "High Vulnerability 3 to 5 Feet", "vulnerability": "High Vulnerability", "inundation_ft": "3 to 5 ft", "vhvul_ab5f": "-", "hvul_3to5f": "Yes", "zone": "3", "ward": "31", "sl__no_": "26", "latitude": "13.1355", "longitude": "80.2335"}, "geometry": {"type": "Point", "coordinates": [80.2334954896088, 13.13550063836]}}, {"type": "Feature", "properties": {"id": "80", "location": "Sarathy Nagar", "inundation_level": "Low Vulnerability less than 2 feet", "vulnerability": "Low Vulnerability", "inundation_ft": "<2ft", "vhvul_ab5f": "-", "hvul_3to5f": "-", "lvul_less2": "Yes", "zone": "3", "ward": "32", "sl__no_": "27", "latitude": "13.1328", "longitude": "80.2028"}, "geometry": {"type": "Point", "coordinates": [80.2028271654116, 13.1328308335401]}}, {"type": "Feature", "properties": {"id": "81", "location": "Nagi (R ) Thottam", "inundation_level": "Very High Vulnerability Above 5 Feet", "vulnerability": "Very High Vulnerability", "inundation_ft": ">5ft", "vhvul_ab5f": "Yes", "zone": "13", "ward": "170", "sl__no_": "217", "latitude": "13.0183", "longitude": "80.2112"}, "geometry": {"type": "Point", "coordinates": [80.2112031, 13.0183353000001]}}, {"type": "Feature", "properties": {"id": "82", "location": "Chitra nagar, Kotturpuram", "inundation_level": "Very High Vulnerability Above 5 Feet", "vulnerability": "Very High Vulnerability", "inundation_ft": ">5ft", "vhvul_ab5f": "Yes", "zone": "13", "ward": "172", "sl__no_": "223", "latitude": "13.024", "longitude": "80.2399"}, "geometry": {"type": "Point", "coordinates": [80.2399349, 13.0240426000001]}}, {"type": "Feature", "properties": {"id": "83", "location": "MRC Nagar", "inundation_level": "High Vulnerability 3 to 5 Feet", "vulnerability": "High Vulnerability", "inundation_ft": "3 to 5 ft", "hvul_3to5f": "Yes", "zone": "13", "ward": "173", "sl__no_": "228", "latitude": "13.0189", "longitude": "80.2706"}, "geometry": {"type": "Point", "coordinates": [80.2705550000001, 13.0189207000001]}}, {"type": "Feature", "properties": {"id": "84", "location": "Mayflower garden", "inundation_level": "High Vulnerability 3 to 5 Feet", "vulnerability": "High Vulnerability", "inundation_ft": "3 to 5 ft", "hvul_3to5f": "Yes", "zone": "13", "ward": "173", "sl__no_": "224", "latitude": "13.0218", "longitude": "80.2606"}, "geometry": {"type": "Point", "coordinates": [80.2605772000001, 13.0218371000001]}}, {"type": "Feature", "properties": {"id": "85", "location": "Nehru nagar - Veerapandiya Kattabomman street", "inundation_level": "High Vulnerability 3 to 5 Feet", "vulnerability": "High Vulnerability", "inundation_ft": "3 to 5 ft", "hvul_3to5f": "Yes", "zone": "13", "ward": "174", "sl__no_": "232", "latitude": "12.9933", "longitude": "80.2167"}, "geometry": {"type": "Point", "coordinates": [80.2166855, 12.9932884000001]}}, {"type": "Feature", "properties": {"id": "86", "location": "Kasthuribai nagar", "inundation_level": "Low Vulnerability less than 2 feet", "vulnerability": "Low Vulnerability", "inundation_ft": "<2ft", "lvul_less2": "Yes", "zone": "13", "ward": "175", "sl__no_": "237", "latitude": "13.0055", "longitude": "80.2525"}, "geometry": {"type": "Point", "coordinates": [80.2525091000001, 13.0055195]}}, {"type": "Feature", "properties": {"id": "87", "location": "Indra nagar", "inundation_level": "Low Vulnerability less than 2 feet", "vulnerability": "Low Vulnerability", "inundation_ft": "<2ft", "lvul_less2": "Yes", "zone": "13", "ward": "175", "sl__no_": "238", "latitude": "12.9958", "longitude": "80.2527"}, "geometry": {"type": "Point", "coordinates": [80.2527237, 12.9958183000001]}}, {"type": "Feature", "properties": {"id": "88", "location": "L.B road", "inundation_level": "Low Vulnerability less than 2 feet", "vulnerability": "Low Vulnerability", "inundation_ft": "<2ft", "lvul_less2": "Yes", "zone": "13", "ward": "175", "sl__no_": "236", "latitude": "12.999", "longitude": "80.2561"}, "geometry": {"type": "Point", "coordinates": [80.2560925000001, 12.998965]}}, {"type": "Feature", "properties": {"id": "89", "location": "Anna avenue", "inundation_level": "Low Vulnerability less than 2 feet", "vulnerability": "Low Vulnerability", "inundation_ft": "<2ft", "lvul_less2": "Yes", "zone": "13", "ward": "175", "sl__no_": "239", "latitude": "13.0047", "longitude": "80.2559"}, "geometry": {"type": "Point", "coordinates": [80.2558887000001, 13.0047146000001]}}, {"type": "Feature", "properties": {"id": "90", "location": "Mahalakshmi nagar III cross street", "inundation_level": "Low Vulnerability less than 2 feet", "vulnerability": "Low Vulnerability", "inundation_ft": "<2ft", "lvul_less2": "Yes", "zone": "13", "ward": "177", "sl__no_": "256", "latitude": "12.9839", "longitude": "80.2064"}, "geometry": {"type": "Point", "coordinates": [80.2063751, 12.9839423]}}, {"type": "Feature", "properties": {"id": "91", "location": "TNHB Colony III main road", "inundation_level": "Low Vulnerability less than 2 feet", "vulnerability": "Low Vulnerability", "inundation_ft": "<2ft", "lvul_less2": "Yes", "zone": "13", "ward": "177", "sl__no_": "246", "latitude": "12.9919", "longitude": "80.212"}, "geometry": {"type": "Point", "coordinates": [80.2119541000001, 12.9919294000001]}}, {"type": "Feature", "properties": {"id": "92", "location": "A.G.S Colony", "inundation_level": "Very High Vulnerability Above 5 Feet", "vulnerability": "Very High Vulnerability", "inundation_ft": ">5ft", "vhvul_ab5f": "Yes", "zone": "13", "ward": "178", "sl__no_": "258", "latitude": "12.9777", "longitude": "80.2115"}, "geometry": {"type": "Point", "coordinates": [80.2114606, 12.9776904000001]}}, {"type": "Feature", "properties": {"id": "93", "location": "Vijayanagar area", "inundation_level": "Very High Vulnerability Above 5 Feet", "vulnerability": "Very High Vulnerability", "inundation_ft": ">5ft", "vhvul_ab5f": "Yes", "zone": "13", "ward": "178", "sl__no_": "259", "latitude": "12.9755", "longitude": "80.2209"}, "geometry": {"type": "Point", "coordinates": [80.2208805000001, 12.9755367000001]}}, {"type": "Feature", "properties": {"id": "94", "location": "Gandhi road", "inundation_level": "Very High Vulnerability Above 5 Feet", "vulnerability": "Very High Vulnerability", "inundation_ft": ">5ft", "vhvul_ab5f": "Yes", "zone": "13", "ward": "179", "sl__no_": "261", "latitude": "12.9862", "longitude": "80.2263"}, "geometry": {"type": "Point", "coordinates": [80.2262878, 12.9862422]}}, {"type": "Feature", "properties": {"id": "95", "location": "Seetharam nagar", "inundation_level": "Very High Vulnerability Above 5 Feet", "vulnerability": "Very High Vulnerability", "inundation_ft": ">5ft", "vhvul_ab5f": "Yes", "zone": "13", "ward": "179", "sl__no_": "274", "latitude": "12.9813", "longitude": "80.2271"}, "geometry": {"type": "Point", "coordinates": [80.2271032, 12.9812659]}}, {"type": "Feature", "properties": {"id": "96", "location": "Velachery Taramani road (100' road)", "inundation_level": "Low Vulnerability less than 2 feet", "vulnerability": "Low Vulnerability", "inundation_ft": "<2ft", "lvul_less2": "Yes", "zone": "13", "ward": "180", "sl__no_": "277", "latitude": "12.982", "longitude": "80.218"}, "geometry": {"type": "Point", "coordinates": [80.2180051000001, 12.9819769]}}, {"type": "Feature", "properties": {"id": "97", "location": "Valmigi street", "inundation_level": "Low Vulnerability less than 2 feet", "vulnerability": "Low Vulnerability", "inundation_ft": "<2ft", "lvul_less2": "Yes", "zone": "13", "ward": "181", "sl__no_": "279", "latitude": "12.9882", "longitude": "80.26"}, "geometry": {"type": "Point", "coordinates": [80.2599549000001, 12.9881868]}}, {"type": "Feature", "properties": {"id": "98", "location": "Journalist colony", "inundation_level": "High Vulnerability 3 to 5 Feet", "vulnerability": "High Vulnerability", "inundation_ft": "3 to 5 ft", "hvul_3to5f": "Yes", "zone": "13", "ward": "182", "sl__no_": "280", "latitude": "12.9744", "longitude": "80.2604"}, "geometry": {"type": "Point", "coordinates": [80.2603626, 12.9743657000001]}}, {"type": "Feature", "properties": {"id": "99", "location": "Ganapathy colony", "inundation_level": "Low Vulnerability less than 2 feet", "vulnerability": "Low Vulnerability", "inundation_ft": "<2ft", "lvul_less2": "Yes", "zone": "13", "ward": "182", "sl__no_": "283", "latitude": "12.9768", "longitude": "80.2546"}, "geometry": {"type": "Point", "coordinates": [80.2545798, 12.9767808000001]}}, {"type": "Feature", "properties": {"id": "100", "location": "Ram Nagar (North)", "inundation_level": "Low Vulnerability less than 2 feet", "vulnerability": "Low Vulnerability", "inundation_ft": "<2ft", "lvul_less2": "Yes", "zone": "14", "ward": "169", "sl__no_": "214", "latitude": "12.969", "longitude": "80.2131"}, "geometry": {"type": "Point", "coordinates": [80.213134202, 12.9689757230001]}}, {"type": "Feature", "properties": {"id": "101", "location": "MGR Salai, MRTS (Near ICDS)", "inundation_level": "Low Vulnerability less than 2 feet", "vulnerability": "Low Vulnerability", "inundation_ft": "<2ft", "lvul_less2": "Yes", "zone": "14", "ward": "184", "sl__no_": "286", "latitude": "12.9761", "longitude": "80.2447"}, "geometry": {"type": "Point", "coordinates": [80.244657213, 12.9761159760001]}}, {"type": "Feature", "properties": {"id": "102", "location": "LIC Nagar", "inundation_level": "Low Vulnerability less than 2 feet", "vulnerability": "Low Vulnerability", "inundation_ft": "<2ft", "lvul_less2": "Yes", "zone": "14", "ward": "188", "sl__no_": "295", "latitude": "12.9536", "longitude": "80.2021"}, "geometry": {"type": "Point", "coordinates": [80.2021516, 12.9535858]}}, {"type": "Feature", "properties": {"id": "103", "location": "Rajesh Nagar", "inundation_level": "Low Vulnerability less than 2 feet", "vulnerability": "Low Vulnerability", "inundation_ft": "<2ft", "lvul_less2": "Yes", "zone": "14", "ward": "188", "sl__no_": "293", "latitude": "12.9436", "longitude": "80.2066"}, "geometry": {"type": "Point", "coordinates": [80.206614042, 12.943577129]}}, {"type": "Feature", "properties": {"id": "104", "location": "MCN Nagar", "inundation_level": "Low Vulnerability less than 2 feet", "vulnerability": "Low Vulnerability", "inundation_ft": "<2ft", "lvul_less2": "Yes", "zone": "15", "ward": "193", "sl__no_": "301", "latitude": "12.9452", "longitude": "80.2353"}, "geometry": {"type": "Point", "coordinates": [80.23526, 12.9452200000001]}}, {"type": "Feature", "properties": {"id": "105", "location": "Ellaiamman koil street", "inundation_level": "Low Vulnerability less than 2 feet", "vulnerability": "Low Vulnerability", "inundation_ft": "<2ft", "lvul_less2": "Yes", "zone": "15", "ward": "192", "sl__no_": "297", "latitude": "12.9484", "longitude": "80.2501"}, "geometry": {"type": "Point", "coordinates": [80.250133, 12.948359]}}, {"type": "Feature", "properties": {"id": "106", "location": "Construction of SWD of size 600x750m along Saraswathi Nagar South, Neelankarai", "inundation_level": "High Vulnerability 3 to 5 Feet", "vulnerability": "High Vulnerability", "inundation_ft": "3 to 5 ft", "hvul_3to5f": "Yes", "zone": "15", "ward": "192", "sl__no_": "300", "latitude": "12.949", "longitude": "80.2503"}, "geometry": {"type": "Point", "coordinates": [80.250253, 12.948982]}}, {"type": "Feature", "properties": {"id": "107", "location": "OMR - Mettukuppam\n(VPG Avenue Junction)", "inundation_level": "High Vulnerability 3 to 5 Feet", "vulnerability": "High Vulnerability", "inundation_ft": "3 to 5 ft", "hvul_3to5f": "Yes", "zone": "15", "ward": "194", "sl__no_": "303", "latitude": "12.9407", "longitude": "80.2363"}, "geometry": {"type": "Point", "coordinates": [80.236313, 12.9407310000001]}}, {"type": "Feature", "properties": {"id": "108", "location": "Lalbahadhur Sasthiri Street", "inundation_level": "Low Vulnerability less than 2 feet", "vulnerability": "Low Vulnerability", "inundation_ft": "<2ft", "lvul_less2": "Yes", "zone": "15", "ward": "197", "sl__no_": "306", "latitude": "12.9066", "longitude": "80.2306"}, "geometry": {"type": "Point", "coordinates": [80.2306405370001, 12.9066129210001]}}, {"type": "Feature", "properties": {"id": "109", "location": "John Mohammad Street", "inundation_level": "Low Vulnerability less than 2 feet", "vulnerability": "Low Vulnerability", "inundation_ft": "<2ft", "lvul_less2": "Yes", "zone": "9", "ward": "114", "sl__no_": "129", "latitude": "13.0636", "longitude": "80.2708"}, "geometry": {"type": "Point", "coordinates": [80.2707635205919, 13.0635586333844]}}, {"type": "Feature", "properties": {"id": "110", "location": "Nandhanam extension 4th Street", "inundation_level": "High Vulnerability 3 to 5 Feet", "vulnerability": "High Vulnerability", "inundation_ft": "3 to 5 ft", "hvul_3to5f": "Yes", "zone": "9", "ward": "122", "sl__no_": "158", "latitude": "13.0275", "longitude": "80.2416"}, "geometry": {"type": "Point", "coordinates": [80.241555156881, 13.0275065745428]}}, {"type": "Feature", "properties": {"id": "111", "location": "K.B.Dasan Road", "inundation_level": "High Vulnerability 3 to 5 Feet", "vulnerability": "High Vulnerability", "inundation_ft": "3 to 5 ft", "hvul_3to5f": "Yes", "zone": "9", "ward": "122", "sl__no_": "150", "latitude": "13.0353", "longitude": "80.2501"}, "geometry": {"type": "Point", "coordinates": [80.2501233808691, 13.0353256057989]}}, {"type": "Feature", "properties": {"id": "112", "location": "P.S.Siva Swamy Street", "inundation_level": "High Vulnerability 3 to 5 Feet", "vulnerability": "High Vulnerability", "inundation_ft": "3 to 5 ft", "hvul_3to5f": "Yes", "zone": "9", "ward": "119", "sl__no_": "144", "latitude": "13.0454", "longitude": "80.2631"}, "geometry": {"type": "Point", "coordinates": [80.2631351694873, 13.0453556408648]}}, {"type": "Feature", "properties": {"id": "113", "location": "Bharathishwarer colony 3rd street", "inundation_level": "Low Vulnerability less than 2 feet", "vulnerability": "Low Vulnerability", "inundation_ft": "<2ft", "lvul_less2": "Yes", "zone": "9", "ward": "112", "sl__no_": "118", "latitude": "13.0585", "longitude": "80.2212"}, "geometry": {"type": "Point", "coordinates": [80.2212064682699, 13.0584831739422]}}, {"type": "Feature", "properties": {"id": "114", "location": "Railway border road", "inundation_level": "Low Vulnerability less than 2 feet", "vulnerability": "Low Vulnerability", "inundation_ft": "<2ft", "lvul_less2": "Yes", "zone": "9", "ward": "112", "sl__no_": "115", "latitude": "13.0641", "longitude": "80.2324"}, "geometry": {"type": "Point", "coordinates": [80.2324108261175, 13.0641005571272]}}, {"type": "Feature", "properties": {"id": "115", "location": "Lock Nagar", "inundation_level": "Low Vulnerability less than 2 feet", "vulnerability": "Low Vulnerability", "inundation_ft": "<2ft", "lvul_less2": "Yes", "zone": "9", "ward": "114", "sl__no_": "130", "latitude": "13.0657", "longitude": "80.2812"}, "geometry": {"type": "Point", "coordinates": [80.2812257539986, 13.0657011379867]}}, {"type": "Feature", "properties": {"id": "116", "location": "North Usman Road", "inundation_level": "High Vulnerability 3 to 5 Feet", "vulnerability": "High Vulnerability", "inundation_ft": "3 to 5 ft", "vhvul_ab5f": "No", "hvul_3to5f": "Yes", "lvul_less2": "No", "zone": "10", "ward": "136", "sl__no_": "179", "latitude": "13.0448", "longitude": "80.2326"}, "geometry": {"type": "Point", "coordinates": [80.2325844668394, 13.0447607620094]}}, {"type": "Feature", "properties": {"id": "117", "location": "Maakkis Garden", "inundation_level": "Very High Vulnerability Above 5 Feet", "vulnerability": "Very High Vulnerability", "inundation_ft": ">5ft", "vhvul_ab5f": "Yes", "zone": "9", "ward": "111", "sl__no_": "111", "latitude": "13.0615", "longitude": "80.2555"}, "geometry": {"type": "Point", "coordinates": [80.2555503216807, 13.0615123779225]}}, {"type": "Feature", "properties": {"id": "118", "location": "Teachers Colonly", "inundation_level": "Low Vulnerability less than 2 feet", "vulnerability": "Low Vulnerability", "inundation_ft": "<2ft", "vhvul_ab5f": "Nil", "hvul_3to5f": "Nil", "lvul_less2": "Yes", "zone": "6", "ward": "65", "sl__no_": "64", "latitude": "13.1168", "longitude": "80.2091"}, "geometry": {"type": "Point", "coordinates": [80.2091212376614, 13.1167773224035]}}, {"type": "Feature", "properties": {"id": "119", "location": "Seethammal colony 3rd Street,", "inundation_level": "High Vulnerability 3 to 5 Feet", "vulnerability": "High Vulnerability", "inundation_ft": "3 to 5 ft", "hvul_3to5f": "Yes", "zone": "9", "ward": "122", "sl__no_": "152", "latitude": "13.0346", "longitude": "80.2531"}, "geometry": {"type": "Point", "coordinates": [80.2531003941631, 13.0346074098045]}}, {"type": "Feature", "properties": {"id": "161", "location": "Sundram Power Lane", "inundation_level": "Low Vulnerability less than 2 feet", "vulnerability": "Low Vulnerability", "inundation_ft": "<2ft", "vhvul_ab5f": "-", "hvul_3to5f": "-", "lvul_less2": "Yes", "zone": "4", "ward": "45", "sl__no_": "36", "latitude": "13.1112", "longitude": "80.2635"}, "geometry": {"type": "Point", "coordinates": [80.2635250340246, 13.1111550338901]}}, {"type": "Feature", "properties": {"id": "120", "location": "Seethammal colony  4th street,", "inundation_level": "High Vulnerability 3 to 5 Feet", "vulnerability": "High Vulnerability", "inundation_ft": "3 to 5 ft", "hvul_3to5f": "Yes", "zone": "9", "ward": "122", "sl__no_": "153", "latitude": "13.0348", "longitude": "80.2523"}, "geometry": {"type": "Point", "coordinates": [80.2523013808084, 13.0348267463556]}}, {"type": "Feature", "properties": {"id": "121", "location": "Tankbund Road", "inundation_level": "Very High Vulnerability Above 5 Feet", "vulnerability": "Very High Vulnerability", "inundation_ft": ">5ft", "vhvul_ab5f": "Yes", "zone": "9", "ward": "122", "sl__no_": "154", "latitude": "13.0321", "longitude": "80.2399"}, "geometry": {"type": "Point", "coordinates": [80.2398740247865, 13.0321001123585]}}, {"type": "Feature", "properties": {"id": "122", "location": "Nandhanam extension 6th Street", "inundation_level": "High Vulnerability 3 to 5 Feet", "vulnerability": "High Vulnerability", "inundation_ft": "3 to 5 ft", "hvul_3to5f": "Yes", "zone": "9", "ward": "122", "sl__no_": "160", "latitude": "13.029", "longitude": "80.2424"}, "geometry": {"type": "Point", "coordinates": [80.2423843175361, 13.0290306660151]}}, {"type": "Feature", "properties": {"id": "123", "location": "Nandhanam extension 2nd Street", "inundation_level": "High Vulnerability 3 to 5 Feet", "vulnerability": "High Vulnerability", "inundation_ft": "3 to 5 ft", "hvul_3to5f": "Yes", "zone": "9", "ward": "122", "sl__no_": "156", "latitude": "13.0293", "longitude": "80.2415"}, "geometry": {"type": "Point", "coordinates": [80.2415355388284, 13.0292799117561]}}, {"type": "Feature", "properties": {"id": "124", "location": "Nandhanam extension 1st Street", "inundation_level": "High Vulnerability 3 to 5 Feet", "vulnerability": "High Vulnerability", "inundation_ft": "3 to 5 ft", "hvul_3to5f": "Yes", "zone": "9", "ward": "122", "sl__no_": "155", "latitude": "13.0293", "longitude": "80.242"}, "geometry": {"type": "Point", "coordinates": [80.2419996852043, 13.0293358504728]}}, {"type": "Feature", "properties": {"id": "125", "location": "Nandhanam extension 3rd Street", "inundation_level": "High Vulnerability 3 to 5 Feet", "vulnerability": "High Vulnerability", "inundation_ft": "3 to 5 ft", "hvul_3to5f": "Yes", "zone": "9", "ward": "122", "sl__no_": "157", "latitude": "13.0281", "longitude": "80.2409"}, "geometry": {"type": "Point", "coordinates": [80.2408635704386, 13.0281081884432]}}, {"type": "Feature", "properties": {"id": "126", "location": "Nandhanam extension 8th Street", "inundation_level": "High Vulnerability 3 to 5 Feet", "vulnerability": "High Vulnerability", "inundation_ft": "3 to 5 ft", "hvul_3to5f": "Yes", "zone": "9", "ward": "122", "sl__no_": "162", "latitude": "13.0287", "longitude": "80.243"}, "geometry": {"type": "Point", "coordinates": [80.2430384292937, 13.0286738532867]}}, {"type": "Feature", "properties": {"id": "127", "location": "Nandhanam extension 7th Street", "inundation_level": "High Vulnerability 3 to 5 Feet", "vulnerability": "High Vulnerability", "inundation_ft": "3 to 5 ft", "hvul_3to5f": "Yes", "zone": "9", "ward": "122", "sl__no_": "161", "latitude": "13.0286", "longitude": "80.2433"}, "geometry": {"type": "Point", "coordinates": [80.2432933242921, 13.0286363619626]}}, {"type": "Feature", "properties": {"id": "128", "location": "Nandhanam extension 9th Street", "inundation_level": "High Vulnerability 3 to 5 Feet", "vulnerability": "High Vulnerability", "inundation_ft": "3 to 5 ft", "hvul_3to5f": "Yes", "zone": "9", "ward": "122", "sl__no_": "163", "latitude": "13.0291", "longitude": "80.2434"}, "geometry": {"type": "Point", "coordinates": [80.2433731531356, 13.0291090450924]}}, {"type": "Feature", "properties": {"id": "129", "location": "Cresent Road", "inundation_level": "High Vulnerability 3 to 5 Feet", "vulnerability": "High Vulnerability", "inundation_ft": "3 to 5 ft", "hvul_3to5f": "Yes", "zone": "9", "ward": "122", "sl__no_": "151", "latitude": "13.027", "longitude": "80.2475"}, "geometry": {"type": "Point", "coordinates": [80.2475242328912, 13.0269836935892]}}, {"type": "Feature", "properties": {"id": "130", "location": "R.A.Puram 3rd cross street", "inundation_level": "Low Vulnerability less than 2 feet", "vulnerability": "Low Vulnerability", "inundation_ft": "<2ft", "lvul_less2": "Yes", "zone": "9", "ward": "123", "sl__no_": "168", "latitude": "13.0268", "longitude": "80.2569"}, "geometry": {"type": "Point", "coordinates": [80.2569145366531, 13.0267927255828]}}, {"type": "Feature", "properties": {"id": "131", "location": "R.A.Puram 1st main road", "inundation_level": "Low Vulnerability less than 2 feet", "vulnerability": "Low Vulnerability", "inundation_ft": "<2ft", "lvul_less2": "Yes", "zone": "9", "ward": "123", "sl__no_": "166", "latitude": "13.028", "longitude": "80.2564"}, "geometry": {"type": "Point", "coordinates": [80.2564318876283, 13.0280005756981]}}, {"type": "Feature", "properties": {"id": "132", "location": "Kamarajapuram Main Road", "inundation_level": "Low Vulnerability less than 2 feet", "vulnerability": "Low Vulnerability", "inundation_ft": "<2ft", "lvul_less2": "Yes", "zone": "9", "ward": "110", "sl__no_": "110", "latitude": "13.0547", "longitude": "80.2377"}, "geometry": {"type": "Point", "coordinates": [80.2376795862158, 13.0546964452168]}}, {"type": "Feature", "properties": {"id": "133", "location": "Habibullah Road", "inundation_level": "Low Vulnerability less than 2 feet", "vulnerability": "Low Vulnerability", "inundation_ft": "<2ft", "lvul_less2": "Yes", "zone": "9", "ward": "113", "sl__no_": "120", "latitude": "13.0494", "longitude": "80.243"}, "geometry": {"type": "Point", "coordinates": [80.242985283004, 13.0493756877225]}}, {"type": "Feature", "properties": {"id": "134", "location": "Vembuliamman Koil street", "inundation_level": "High Vulnerability 3 to 5 Feet", "vulnerability": "High Vulnerability", "inundation_ft": "3 to 5 ft", "vhvul_ab5f": "No", "hvul_3to5f": "Yes", "lvul_less2": "No", "zone": "10", "ward": "128", "sl__no_": "175", "latitude": "13.0432", "longitude": "80.1897"}, "geometry": {"type": "Point", "coordinates": [80.1896859927334, 13.0431766718406]}}, {"type": "Feature", "properties": {"id": "135", "location": "Thiru-Vi-Ka 3rd street", "inundation_level": "Low Vulnerability less than 2 feet", "vulnerability": "Low Vulnerability", "inundation_ft": "<2ft", "lvul_less2": "Yes", "zone": "9", "ward": "121", "sl__no_": "149", "latitude": "13.0436", "longitude": "80.2664"}, "geometry": {"type": "Point", "coordinates": [80.2663751875734, 13.0435746641013]}}, {"type": "Feature", "properties": {"id": "136", "location": "Eldams Road", "inundation_level": "Low Vulnerability less than 2 feet", "vulnerability": "Low Vulnerability", "inundation_ft": "<2ft", "lvul_less2": "Yes", "zone": "9", "ward": "123", "sl__no_": "167", "latitude": "13.0387", "longitude": "80.2521"}, "geometry": {"type": "Point", "coordinates": [80.252049187744, 13.0387030373769]}}, {"type": "Feature", "properties": {"id": "137", "location": "Kasthuri Estate 2nd street", "inundation_level": "Low Vulnerability less than 2 feet", "vulnerability": "Low Vulnerability", "inundation_ft": "<2ft", "lvul_less2": "Yes", "zone": "9", "ward": "118", "sl__no_": "138", "latitude": "13.0446", "longitude": "80.2553"}, "geometry": {"type": "Point", "coordinates": [80.2553065401398, 13.0445905357321]}}, {"type": "Feature", "properties": {"id": "138", "location": "Seethammal 1st Main Road", "inundation_level": "High Vulnerability 3 to 5 Feet", "vulnerability": "High Vulnerability", "inundation_ft": "3 to 5 ft", "hvul_3to5f": "Yes", "zone": "9", "ward": "122", "sl__no_": "165", "latitude": "13.0359", "longitude": "80.2536"}, "geometry": {"type": "Point", "coordinates": [80.253568183401, 13.0359408395649]}}, {"type": "Feature", "properties": {"id": "139", "location": "Karaneswarar Pagoda Street", "inundation_level": "Low Vulnerability less than 2 feet", "vulnerability": "Low Vulnerability", "inundation_ft": "<2ft", "lvul_less2": "Yes", "zone": "9", "ward": "125", "sl__no_": "170", "latitude": "13.0391", "longitude": "80.2761"}, "geometry": {"type": "Point", "coordinates": [80.27608238073, 13.0391305142588]}}, {"type": "Feature", "properties": {"id": "140", "location": "Mayor Sundra (rao) road", "inundation_level": "Low Vulnerability less than 2 feet", "vulnerability": "Low Vulnerability", "inundation_ft": "<2ft", "lvul_less2": "Yes", "zone": "9", "ward": "118", "sl__no_": "139", "latitude": "13.0494", "longitude": "80.2487"}, "geometry": {"type": "Point", "coordinates": [80.2487197154372, 13.0494332474198]}}, {"type": "Feature", "properties": {"id": "141", "location": "Conron Smith Road", "inundation_level": "Low Vulnerability less than 2 feet", "vulnerability": "Low Vulnerability", "inundation_ft": "<2ft", "lvul_less2": "Yes", "zone": "9", "ward": "111", "sl__no_": "113", "latitude": "13.052", "longitude": "80.2577"}, "geometry": {"type": "Point", "coordinates": [80.2576823919903, 13.0520149874821]}}, {"type": "Feature", "properties": {"id": "142", "location": "School Road", "inundation_level": "Low Vulnerability less than 2 feet", "vulnerability": "Low Vulnerability", "inundation_ft": "<2ft", "lvul_less2": "Yes", "zone": "9", "ward": "110", "sl__no_": "109", "latitude": "13.0568", "longitude": "80.2401"}, "geometry": {"type": "Point", "coordinates": [80.2401172145156, 13.0568485316379]}}, {"type": "Feature", "properties": {"id": "143", "location": "Sivan koil street", "inundation_level": "Low Vulnerability less than 2 feet", "vulnerability": "Low Vulnerability", "inundation_ft": "<2ft", "lvul_less2": "Yes", "zone": "9", "ward": "112", "sl__no_": "119", "latitude": "13.0554", "longitude": "80.2209"}, "geometry": {"type": "Point", "coordinates": [80.2209137743239, 13.055371517157]}}, {"type": "Feature", "properties": {"id": "144", "location": "Vanniyar 2nd  Street", "inundation_level": "Low Vulnerability less than 2 feet", "vulnerability": "Low Vulnerability", "inundation_ft": "<2ft", "lvul_less2": "Yes", "zone": "9", "ward": "109", "sl__no_": "107", "latitude": "13.0595", "longitude": "80.2252"}, "geometry": {"type": "Point", "coordinates": [80.2251520968182, 13.059516595827]}}, {"type": "Feature", "properties": {"id": "145", "location": "Sydoji Street", "inundation_level": "Low Vulnerability less than 2 feet", "vulnerability": "Low Vulnerability", "inundation_ft": "<2ft", "lvul_less2": "Yes", "zone": "9", "ward": "114", "sl__no_": "128", "latitude": "13.0598", "longitude": "80.2766"}, "geometry": {"type": "Point", "coordinates": [80.2765932994085, 13.0597590393495]}}, {"type": "Feature", "properties": {"id": "146", "location": "Dr. Natesan Road", "inundation_level": "Low Vulnerability less than 2 feet", "vulnerability": "Low Vulnerability", "inundation_ft": "<2ft", "lvul_less2": "Yes", "zone": "9", "ward": "120", "sl__no_": "145", "latitude": "13.0498", "longitude": "80.2743"}, "geometry": {"type": "Point", "coordinates": [80.2743447676572, 13.0497631488834]}}, {"type": "Feature", "properties": {"id": "147", "location": "Dr. Besant Road", "inundation_level": "Low Vulnerability less than 2 feet", "vulnerability": "Low Vulnerability", "inundation_ft": "<2ft", "lvul_less2": "Yes", "zone": "9", "ward": "116", "sl__no_": "132", "latitude": "13.0521", "longitude": "80.2757"}, "geometry": {"type": "Point", "coordinates": [80.275667881877, 13.0521235625307]}}, {"type": "Feature", "properties": {"id": "148", "location": "Dr. Besant Road", "inundation_level": "Low Vulnerability less than 2 feet", "vulnerability": "Low Vulnerability", "inundation_ft": "<2ft", "lvul_less2": "Yes", "zone": "9", "ward": "115", "sl__no_": "131", "latitude": "13.0532", "longitude": "80.2715"}, "geometry": {"type": "Point", "coordinates": [80.2715417236522, 13.0531732018796]}}, {"type": "Feature", "properties": {"id": "149", "location": "Dismantling and Reconstruction of existing SWD along Villivakkam Sidco Nagar 2nd main road I main road to Burial Ground Compound Wall", "inundation_level": "High Vulnerability 3 to 5 Feet", "vulnerability": "High Vulnerability", "inundation_ft": "3 to 5 ft", "vhvul_ab5f": "-", "hvul_3to5f": "Yes", "lvul_less2": "-", "zone": "8", "ward": "94", "sl__no_": "98", "latitude": "13.1061", "longitude": "80.1992"}, "geometry": {"type": "Point", "coordinates": [80.1992448883697, 13.106111119106]}}, {"type": "Feature", "properties": {"id": "150", "location": "Thideer  Nagar", "inundation_level": "Very High Vulnerability Above 5 Feet", "vulnerability": "Very High Vulnerability", "inundation_ft": ">5ft", "vhvul_ab5f": "Yes", "zone": "9", "ward": "111", "sl__no_": "112", "latitude": "13.0633", "longitude": "80.2549"}, "geometry": {"type": "Point", "coordinates": [80.2548625299605, 13.0632803688288]}}, {"type": "Feature", "properties": {"id": "151", "location": "2nd Avenue, Anna Nagar (Roundana)", "inundation_level": "Low Vulnerability less than 2 feet", "vulnerability": "Low Vulnerability", "inundation_ft": "<2ft", "lvul_less2": "Yes", "zone": "8", "ward": "101", "sl__no_": "104", "latitude": "13.0846", "longitude": "80.2211"}, "geometry": {"type": "Point", "coordinates": [80.2211434611213, 13.0845946035799]}}, {"type": "Feature", "properties": {"id": "152", "location": "Trustpuram 1st cross street", "inundation_level": "Low Vulnerability less than 2 feet", "vulnerability": "Low Vulnerability", "inundation_ft": "<2ft", "lvul_less2": "Yes", "zone": "9", "ward": "112", "sl__no_": "117", "latitude": "13.0541", "longitude": "80.2241"}, "geometry": {"type": "Point", "coordinates": [80.224121559433, 13.0541175713035]}}, {"type": "Feature", "properties": {"id": "153", "location": "Thirumalai pillai Street", "inundation_level": "Low Vulnerability less than 2 feet", "vulnerability": "Low Vulnerability", "inundation_ft": "<2ft", "lvul_less2": "Yes", "zone": "9", "ward": "117", "sl__no_": "136", "latitude": "13.0489", "longitude": "80.2402"}, "geometry": {"type": "Point", "coordinates": [80.240191181575, 13.0489005855227]}}, {"type": "Feature", "properties": {"id": "154", "location": "C.N.K. Road", "inundation_level": "Low Vulnerability less than 2 feet", "vulnerability": "Low Vulnerability", "inundation_ft": "<2ft", "lvul_less2": "Yes", "zone": "9", "ward": "114", "sl__no_": "127", "latitude": "13.0637", "longitude": "80.2769"}, "geometry": {"type": "Point", "coordinates": [80.2768980959566, 13.0636727093975]}}, {"type": "Feature", "properties": {"id": "155", "location": "V.V.Koil Street", "inundation_level": "Low Vulnerability less than 2 feet", "vulnerability": "Low Vulnerability", "inundation_ft": "<2ft", "vhvul_ab5f": "Nil", "hvul_3to5f": "Nil", "lvul_less2": "Yes", "zone": "6", "ward": "78", "sl__no_": "90", "latitude": "13.0915", "longitude": "80.2648"}, "geometry": {"type": "Point", "coordinates": [80.2647902800777, 13.0914718457341]}}, {"type": "Feature", "properties": {"id": "156", "location": "Gill Nagar 1nd street", "inundation_level": "Low Vulnerability less than 2 feet", "vulnerability": "Low Vulnerability", "inundation_ft": "<2ft", "lvul_less2": "Yes", "zone": "9", "ward": "109", "sl__no_": "108", "latitude": "13.0656", "longitude": "80.224"}, "geometry": {"type": "Point", "coordinates": [80.2239644125537, 13.0655631587541]}}, {"type": "Feature", "properties": {"id": "157", "location": "Sowrastra nagar 5th street", "inundation_level": "Low Vulnerability less than 2 feet", "vulnerability": "Low Vulnerability", "inundation_ft": "<2ft", "lvul_less2": "Yes", "zone": "9", "ward": "112", "sl__no_": "116", "latitude": "13.0633", "longitude": "80.2315"}, "geometry": {"type": "Point", "coordinates": [80.231478775305, 13.0632899099557]}}, {"type": "Feature", "properties": {"id": "158", "location": "Andiyappan Street", "inundation_level": "Low Vulnerability less than 2 feet", "vulnerability": "Low Vulnerability", "inundation_ft": "<2ft", "vhvul_ab5f": "Nil", "hvul_3to5f": "Nil", "lvul_less2": "Yes", "zone": "6", "ward": "68", "sl__no_": "72", "latitude": "13.1158", "longitude": "80.2376"}, "geometry": {"type": "Point", "coordinates": [80.2375675084003, 13.1158145253677]}}, {"type": "Feature", "properties": {"id": "159", "location": "Mannarswamy Street", "inundation_level": "Low Vulnerability less than 2 feet", "vulnerability": "Low Vulnerability", "inundation_ft": "<2ft", "vhvul_ab5f": "Nil", "hvul_3to5f": "Nil", "lvul_less2": "Yes", "zone": "6", "ward": "73", "sl__no_": "83", "latitude": "13.1012", "longitude": "80.2615"}, "geometry": {"type": "Point", "coordinates": [80.2614839380633, 13.1011542907193]}}, {"type": "Feature", "properties": {"id": "160", "location": "Lal Singh Street", "inundation_level": "Low Vulnerability less than 2 feet", "vulnerability": "Low Vulnerability", "inundation_ft": "<2ft", "vhvul_ab5f": "Nil", "hvul_3to5f": "Nil", "lvul_less2": "Yes", "zone": "6", "ward": "73", "sl__no_": "82", "latitude": "13.0999", "longitude": "80.2648"}, "geometry": {"type": "Point", "coordinates": [80.2647632252519, 13.0998938105318]}}, {"type": "Feature", "properties": {"id": "162", "location": "Dismantling and reconstruction of RCC TVS Canal along Annai Sathya Nagar from Wheels India Culvert to Padi Bridge Culvert", "inundation_level": "Very High Vulnerability Above 5 Feet", "vulnerability": "Very High Vulnerability", "inundation_ft": ">5ft", "vhvul_ab5f": "Yes", "hvul_3to5f": "-", "lvul_less2": "-", "zone": "8", "ward": "94", "sl__no_": "97", "latitude": "13.1037", "longitude": "80.1963"}, "geometry": {"type": "Point", "coordinates": [80.1962548437479, 13.1036624601015]}}, {"type": "Feature", "properties": {"id": "163", "location": "Dismantling and Reconstruction of existing SWD along Kumarasamy Nagar  ,Agathiyar canal", "inundation_level": "Low Vulnerability less than 2 feet", "vulnerability": "Low Vulnerability", "inundation_ft": "<2ft", "vhvul_ab5f": "-", "hvul_3to5f": "-", "lvul_less2": "yes", "zone": "8", "ward": "95", "sl__no_": "103", "latitude": "13.102", "longitude": "80.199"}, "geometry": {"type": "Point", "coordinates": [80.199021915605, 13.102023548152]}}, {"type": "Feature", "properties": {"id": "164", "location": "B.V Colony 19 and 20th Street", "inundation_level": "Low Vulnerability less than 2 feet", "vulnerability": "Low Vulnerability", "inundation_ft": "<2ft", "vhvul_ab5f": "-", "hvul_3to5f": "-", "lvul_less2": "Yes", "zone": "4", "ward": "45", "sl__no_": "37", "latitude": "13.1147", "longitude": "80.2587"}, "geometry": {"type": "Point", "coordinates": [80.2586998002718, 13.1147287831734]}}, {"type": "Feature", "properties": {"id": "165", "location": "Annai Sathya Nagar", "inundation_level": "Low Vulnerability less than 2 feet", "vulnerability": "Low Vulnerability", "inundation_ft": "<2ft", "vhvul_ab5f": "-", "hvul_3to5f": "-", "lvul_less2": "Yes", "zone": "4", "ward": "45", "sl__no_": "38", "latitude": "13.1152", "longitude": "80.2599"}, "geometry": {"type": "Point", "coordinates": [80.2599142820432, 13.1152415896036]}}, {"type": "Feature", "properties": {"id": "166", "location": "Bharathi Main Road", "inundation_level": "Low Vulnerability less than 2 feet", "vulnerability": "Low Vulnerability", "inundation_ft": "<2ft", "vhvul_ab5f": "Nil", "hvul_3to5f": "Nil", "lvul_less2": "Yes", "zone": "6", "ward": "70", "sl__no_": "76", "latitude": "13.1107", "longitude": "80.2481"}, "geometry": {"type": "Point", "coordinates": [80.248111383164, 13.1107232999223]}}, {"type": "Feature", "properties": {"id": "167", "location": "Jawahar Nagar", "inundation_level": "Low Vulnerability less than 2 feet", "vulnerability": "Low Vulnerability", "inundation_ft": "<2ft", "vhvul_ab5f": "Nil", "hvul_3to5f": "Nil", "lvul_less2": "Yes", "zone": "6", "ward": "66", "sl__no_": "66", "latitude": "13.1142", "longitude": "80.2295"}, "geometry": {"type": "Point", "coordinates": [80.2294502735737, 13.11418699763]}}, {"type": "Feature", "properties": {"id": "168", "location": "Carnesh Nagar", "inundation_level": "Low Vulnerability less than 2 feet", "vulnerability": "Low Vulnerability", "inundation_ft": "<2ft", "vhvul_ab5f": "-", "hvul_3to5f": "-", "lvul_less2": "Yes", "zone": "4", "ward": "41", "sl__no_": "33", "latitude": "13.1261", "longitude": "80.2789"}, "geometry": {"type": "Point", "coordinates": [80.2788990144037, 13.1260770636875]}}, {"type": "Feature", "properties": {"id": "169", "location": "MN Nagar", "inundation_level": "Low Vulnerability less than 2 feet", "vulnerability": "Low Vulnerability", "inundation_ft": "<2ft", "vhvul_ab5f": "Nil", "hvul_3to5f": "Nil", "lvul_less2": "Yes", "zone": "6", "ward": "64", "sl__no_": "62", "latitude": "13.125", "longitude": "80.2194"}, "geometry": {"type": "Point", "coordinates": [80.219435508798, 13.1250294936694]}}, {"type": "Feature", "properties": {"id": "170", "location": "Gandhi Street", "inundation_level": "Low Vulnerability less than 2 feet", "vulnerability": "Low Vulnerability", "inundation_ft": "<2ft", "vhvul_ab5f": "Nil", "hvul_3to5f": "Nil", "lvul_less2": "Yes", "zone": "6", "ward": "64", "sl__no_": "61", "latitude": "13.1202", "longitude": "80.209"}, "geometry": {"type": "Point", "coordinates": [80.2090234306835, 13.1202478494207]}}, {"type": "Feature", "properties": {"id": "171", "location": "Dismantling and Reconstruction of RCC Box type storm water drain of size 1200x1200mm along Kamarajar salai from Elaya street to AE koil st", "inundation_level": "High Vulnerability 3 to 5 Feet", "vulnerability": "High Vulnerability", "inundation_ft": "3 to 5 ft", "vhvul_ab5f": "-", "hvul_3to5f": "Yes", "lvul_less2": "-", "zone": "4", "ward": "40", "sl__no_": "32", "latitude": "13.1366", "longitude": "80.2899"}, "geometry": {"type": "Point", "coordinates": [80.28991898109, 13.1365932092019]}}, {"type": "Feature", "properties": {"id": "172", "location": "Shanthi Street", "inundation_level": "Low Vulnerability less than 2 feet", "vulnerability": "Low Vulnerability", "inundation_ft": "<2ft", "vhvul_ab5f": "Nil", "hvul_3to5f": "Nil", "lvul_less2": "Yes", "zone": "6", "ward": "66", "sl__no_": "68", "latitude": "13.1254", "longitude": "80.2304"}, "geometry": {"type": "Point", "coordinates": [80.230418042364, 13.1254440845862]}}, {"type": "Feature", "properties": {"id": "173", "location": "Kamaraj Street", "inundation_level": "Low Vulnerability less than 2 feet", "vulnerability": "Low Vulnerability", "inundation_ft": "<2ft", "vhvul_ab5f": "Nil", "hvul_3to5f": "Nil", "lvul_less2": "Yes", "zone": "6", "ward": "66", "sl__no_": "67", "latitude": "13.1217", "longitude": "80.2319"}, "geometry": {"type": "Point", "coordinates": [80.2319229184608, 13.1216846173518]}}, {"type": "Feature", "properties": {"id": "174", "location": "Maduraiswamy Madam", "inundation_level": "Low Vulnerability less than 2 feet", "vulnerability": "Low Vulnerability", "inundation_ft": "<2ft", "vhvul_ab5f": "Nil", "hvul_3to5f": "Nil", "lvul_less2": "Yes", "zone": "6", "ward": "68", "sl__no_": "74", "latitude": "13.118", "longitude": "80.2384"}, "geometry": {"type": "Point", "coordinates": [80.2383935156281, 13.1180054276311]}}, {"type": "Feature", "properties": {"id": "175", "location": "Poombugar Nagar 2nd Main Road", "inundation_level": "Low Vulnerability less than 2 feet", "vulnerability": "Low Vulnerability", "inundation_ft": "<2ft", "vhvul_ab5f": "Nil", "hvul_3to5f": "Nil", "lvul_less2": "Yes", "zone": "6", "ward": "64", "sl__no_": "56", "latitude": "13.1204", "longitude": "80.2149"}, "geometry": {"type": "Point", "coordinates": [80.214892053255, 13.1204316486567]}}, {"type": "Feature", "properties": {"id": "176", "location": "Poombugar Nagar 11th Cross Street", "inundation_level": "Low Vulnerability less than 2 feet", "vulnerability": "Low Vulnerability", "inundation_ft": "<2ft", "vhvul_ab5f": "Nil", "hvul_3to5f": "Nil", "lvul_less2": "Yes", "zone": "6", "ward": "64", "sl__no_": "60", "latitude": "13.1206", "longitude": "80.2161"}, "geometry": {"type": "Point", "coordinates": [80.2160704190535, 13.1205862499399]}}, {"type": "Feature", "properties": {"id": "177", "location": "Poombugar Nagar 1st Main Road", "inundation_level": "Low Vulnerability less than 2 feet", "vulnerability": "Low Vulnerability", "inundation_ft": "<2ft", "vhvul_ab5f": "Nil", "hvul_3to5f": "Nil", "lvul_less2": "Yes", "zone": "6", "ward": "64", "sl__no_": "55", "latitude": "13.1201", "longitude": "80.2121"}, "geometry": {"type": "Point", "coordinates": [80.2121033685482, 13.1201127673288]}}, {"type": "Feature", "properties": {"id": "178", "location": "Dr. Ambedkar College Road", "inundation_level": "Low Vulnerability less than 2 feet", "vulnerability": "Low Vulnerability", "inundation_ft": "<2ft", "vhvul_ab5f": "Nil", "hvul_3to5f": "Nil", "lvul_less2": "Yes", "zone": "6", "ward": "72", "sl__no_": "80", "latitude": "13.1051", "longitude": "80.2604"}, "geometry": {"type": "Point", "coordinates": [80.2604362114772, 13.1050767223064]}}, {"type": "Feature", "properties": {"id": "179", "location": "Ragavan Street", "inundation_level": "Low Vulnerability less than 2 feet", "vulnerability": "Low Vulnerability", "inundation_ft": "<2ft", "vhvul_ab5f": "Nil", "hvul_3to5f": "Nil", "lvul_less2": "Yes", "zone": "6", "ward": "66", "sl__no_": "69", "latitude": "13.125", "longitude": "80.2304"}, "geometry": {"type": "Point", "coordinates": [80.2303586505798, 13.1250374909617]}}, {"type": "Feature", "properties": {"id": "180", "location": "Gandhimathi Street", "inundation_level": "Low Vulnerability less than 2 feet", "vulnerability": "Low Vulnerability", "inundation_ft": "<2ft", "vhvul_ab5f": "Nil", "hvul_3to5f": "Nil", "lvul_less2": "Yes", "zone": "6", "ward": "66", "sl__no_": "65", "latitude": "13.1255", "longitude": "80.2314"}, "geometry": {"type": "Point", "coordinates": [80.2314188399508, 13.1254885247419]}}, {"type": "Feature", "properties": {"id": "181", "location": "Rangasiyee Street", "inundation_level": "Low Vulnerability less than 2 feet", "vulnerability": "Low Vulnerability", "inundation_ft": "<2ft", "vhvul_ab5f": "Nil", "hvul_3to5f": "Nil", "lvul_less2": "Yes", "zone": "6", "ward": "67", "sl__no_": "70", "latitude": "13.1088", "longitude": "80.2356"}, "geometry": {"type": "Point", "coordinates": [80.2355702666054, 13.1088121382395]}}, {"type": "Feature", "properties": {"id": "182", "location": "Anjugam Nagar 4th Street", "inundation_level": "Low Vulnerability less than 2 feet", "vulnerability": "Low Vulnerability", "inundation_ft": "<2ft", "vhvul_ab5f": "Nil", "hvul_3to5f": "Nil", "lvul_less2": "Yes", "zone": "6", "ward": "64", "sl__no_": "59", "latitude": "13.1222", "longitude": "80.2218"}, "geometry": {"type": "Point", "coordinates": [80.2217834050223, 13.1222032931375]}}, {"type": "Feature", "properties": {"id": "183", "location": "Teachers Colonly", "inundation_level": "Low Vulnerability less than 2 feet", "vulnerability": "Low Vulnerability", "inundation_ft": "<2ft", "vhvul_ab5f": "Nil", "hvul_3to5f": "Nil", "lvul_less2": "Yes", "zone": "6", "ward": "65", "sl__no_": "64", "latitude": "13.1298", "longitude": "80.2184"}, "geometry": {"type": "Point", "coordinates": [80.2183901897542, 13.1297891181193]}}, {"type": "Feature", "properties": {"id": "184", "location": "Hussain Colony 4th Street", "inundation_level": "Low Vulnerability less than 2 feet", "vulnerability": "Low Vulnerability", "inundation_ft": "<2ft", "vhvul_ab5f": "Nil", "hvul_3to5f": "Nil", "lvul_less2": "Yes", "zone": "6", "ward": "65", "sl__no_": "63", "latitude": "13.1254", "longitude": "80.2022"}, "geometry": {"type": "Point", "coordinates": [80.2022199243654, 13.1254157812684]}}, {"type": "Feature", "properties": {"id": "185", "location": "Kaliamman Koil Street (infront of police station)", "inundation_level": "High Vulnerability 3 to 5 Feet", "vulnerability": "High Vulnerability", "inundation_ft": "3 to 5 ft", "vhvul_ab5f": "No", "hvul_3to5f": "Yes", "lvul_less2": "No", "zone": "10", "ward": "127", "sl__no_": "174", "latitude": "13.0632", "longitude": "80.1975"}, "geometry": {"type": "Point", "coordinates": [80.1975376001028, 13.0631850598621]}}, {"type": "Feature", "properties": {"id": "186", "location": "Dr. Radha Krishnan Salai (infornt of Reliance Building)", "inundation_level": "Low Vulnerability less than 2 feet", "vulnerability": "Low Vulnerability", "inundation_ft": "<2ft", "lvul_less2": "Yes", "zone": "9", "ward": "121", "sl__no_": "148", "latitude": "13.0443", "longitude": "80.2688"}, "geometry": {"type": "Point", "coordinates": [80.2688391556216, 13.0442740832774]}}, {"type": "Feature", "properties": {"id": "187", "location": "Royapettah High Road", "inundation_level": "Low Vulnerability less than 2 feet", "vulnerability": "Low Vulnerability", "inundation_ft": "<2ft", "lvul_less2": "Yes", "zone": "9", "ward": "119", "sl__no_": "143", "latitude": "13.0382", "longitude": "80.2676"}, "geometry": {"type": "Point", "coordinates": [80.2676437580071, 13.038234906864]}}, {"type": "Feature", "properties": {"id": "188", "location": "G.N.C.Road", "inundation_level": "Very High Vulnerability Above 5 Feet", "vulnerability": "Very High Vulnerability", "inundation_ft": ">5ft", "vhvul_ab5f": "Yes", "zone": "9", "ward": "117", "sl__no_": "134", "latitude": "13.0485", "longitude": "80.2458"}, "geometry": {"type": "Point", "coordinates": [80.245842854571, 13.0485086262691]}}, {"type": "Feature", "properties": {"id": "189", "location": "Kodambakkam High road", "inundation_level": "Low Vulnerability less than 2 feet", "vulnerability": "Low Vulnerability", "inundation_ft": "<2ft", "lvul_less2": "Yes", "zone": "9", "ward": "113", "sl__no_": "123", "latitude": "13.0529", "longitude": "80.2455"}, "geometry": {"type": "Point", "coordinates": [80.2454726460324, 13.052942829804]}}, {"type": "Feature", "properties": {"id": "190", "location": "Whites Road", "inundation_level": "Low Vulnerability less than 2 feet", "vulnerability": "Low Vulnerability", "inundation_ft": "<2ft", "lvul_less2": "Yes", "zone": "9", "ward": "111", "sl__no_": "114", "latitude": "13.0573", "longitude": "80.2609"}, "geometry": {"type": "Point", "coordinates": [80.2609406585174, 13.057335305202]}}, {"type": "Feature", "properties": {"id": "191", "location": "Kasthuri Estate 1st street", "inundation_level": "Low Vulnerability less than 2 feet", "vulnerability": "Low Vulnerability", "inundation_ft": "<2ft", "lvul_less2": "Yes", "zone": "9", "ward": "118", "sl__no_": "137", "latitude": "13.0423", "longitude": "80.2553"}, "geometry": {"type": "Point", "coordinates": [80.2552902206962, 13.0423242242245]}}, {"type": "Feature", "properties": {"id": "192", "location": "Nandhanam extension 5th street", "inundation_level": "High Vulnerability 3 to 5 Feet", "vulnerability": "High Vulnerability", "inundation_ft": "3 to 5 ft", "hvul_3to5f": "Yes", "zone": "9", "ward": "122", "sl__no_": "159", "latitude": "13.0278", "longitude": "80.2425"}, "geometry": {"type": "Point", "coordinates": [80.242509381052, 13.0278074959051]}}, {"type": "Feature", "properties": {"id": "193", "location": "Nandhanam extension 10th Street", "inundation_level": "High Vulnerability 3 to 5 Feet", "vulnerability": "High Vulnerability", "inundation_ft": "3 to 5 ft", "hvul_3to5f": "Yes", "zone": "9", "ward": "122", "sl__no_": "164", "latitude": "13.0288", "longitude": "80.2438"}, "geometry": {"type": "Point", "coordinates": [80.2438310843892, 13.0287636366057]}}, {"type": "Feature", "properties": {"id": "194", "location": "North Usman Road", "inundation_level": "High Vulnerability 3 to 5 Feet", "vulnerability": "High Vulnerability", "inundation_ft": "3 to 5 ft", "hvul_3to5f": "Yes", "zone": "9", "ward": "117", "sl__no_": "133", "latitude": "13.0507", "longitude": "80.2338"}, "geometry": {"type": "Point", "coordinates": [80.2337715657565, 13.0506662568154]}}, {"type": "Feature", "properties": {"id": "195", "location": "Rajamannar Salai", "inundation_level": "High Vulnerability 3 to 5 Feet", "vulnerability": "High Vulnerability", "inundation_ft": "3 to 5 ft", "vhvul_ab5f": "No", "hvul_3to5f": "Yes", "lvul_less2": "No", "zone": "10", "ward": "131", "sl__no_": "177", "latitude": "13.0429", "longitude": "80.2041"}, "geometry": {"type": "Point", "coordinates": [80.2041406712132, 13.0428817233912]}}, {"type": "Feature", "properties": {"id": "196", "location": "Kutcherry Road", "inundation_level": "Low Vulnerability less than 2 feet", "vulnerability": "Low Vulnerability", "inundation_ft": "<2ft", "lvul_less2": "Yes", "zone": "9", "ward": "124", "sl__no_": "169", "latitude": "13.036", "longitude": "80.2692"}, "geometry": {"type": "Point", "coordinates": [80.2692478979514, 13.0360012139856]}}, {"type": "Feature", "properties": {"id": "197", "location": "Santhome Hign Road", "inundation_level": "Low Vulnerability less than 2 feet", "vulnerability": "Low Vulnerability", "inundation_ft": "<2ft", "lvul_less2": "Yes", "zone": "9", "ward": "126", "sl__no_": "171", "latitude": "13.0261", "longitude": "80.2752"}, "geometry": {"type": "Point", "coordinates": [80.2752023355019, 13.0260771442647]}}, {"type": "Feature", "properties": {"id": "198", "location": "New Kubera Nagar 5th & 7th Street", "inundation_level": "Low Vulnerability less than 2 feet", "vulnerability": "Low Vulnerability", "inundation_ft": "<2ft", "lvul_less2": "Yes", "zone": "14", "ward": "187", "sl__no_": "292", "latitude": "12.9607", "longitude": "80.1941"}, "geometry": {"type": "Point", "coordinates": [80.194094212, 12.9607347285001]}}, {"type": "Feature", "properties": {"id": "199", "location": "Karthikeyapuram", "inundation_level": "Low Vulnerability less than 2 feet", "vulnerability": "Low Vulnerability", "inundation_ft": "<2ft", "lvul_less2": "Yes", "zone": "14", "ward": "187", "sl__no_": "291", "latitude": "12.9599", "longitude": "80.1949"}, "geometry": {"type": "Point", "coordinates": [80.1948959638866, 12.9599362568798]}}, {"type": "Feature", "properties": {"id": "200", "location": "Rajaji Nagar", "inundation_level": "Low Vulnerability less than 2 feet", "vulnerability": "Low Vulnerability", "inundation_ft": "<2ft", "lvul_less2": "Yes", "zone": "14", "ward": "188", "sl__no_": "294", "latitude": "12.9599", "longitude": "80.205"}, "geometry": {"type": "Point", "coordinates": [80.2050093845, 12.9599415845]}}, {"type": "Feature", "properties": {"id": "201", "location": "Ram Nagar area", "inundation_level": "Very High Vulnerability Above 5 Feet", "vulnerability": "Very High Vulnerability", "inundation_ft": ">5ft", "vhvul_ab5f": "Yes", "zone": "13", "ward": "178", "sl__no_": "260", "latitude": "12.9718", "longitude": "80.2161"}, "geometry": {"type": "Point", "coordinates": [80.2161085583533, 12.971813180895]}}, {"type": "Feature", "properties": {"id": "202", "location": "Dhandeeswaram nagar", "inundation_level": "Very High Vulnerability Above 5 Feet", "vulnerability": "Very High Vulnerability", "inundation_ft": ">5ft", "vhvul_ab5f": "Yes", "zone": "13", "ward": "179", "sl__no_": "273", "latitude": "12.9817", "longitude": "80.2243"}, "geometry": {"type": "Point", "coordinates": [80.2243461929586, 12.9816617541788]}}, {"type": "Feature", "properties": {"id": "203", "location": "Bhuvaneshwari nagar I & III cross street & III main road", "inundation_level": "Very High Vulnerability Above 5 Feet", "vulnerability": "Very High Vulnerability", "inundation_ft": ">5ft", "vhvul_ab5f": "Yes", "zone": "13", "ward": "179", "sl__no_": "269", "latitude": "12.9699", "longitude": "80.2219"}, "geometry": {"type": "Point", "coordinates": [80.2218611714329, 12.9699220821439]}}, {"type": "Feature", "properties": {"id": "204", "location": "V.G.P Selva nagar  Extn I to V streets", "inundation_level": "Very High Vulnerability Above 5 Feet", "vulnerability": "Very High Vulnerability", "inundation_ft": ">5ft", "vhvul_ab5f": "Yes", "zone": "13", "ward": "179", "sl__no_": "267", "latitude": "12.972", "longitude": "80.224"}, "geometry": {"type": "Point", "coordinates": [80.2239710878816, 12.9719948947151]}}, {"type": "Feature", "properties": {"id": "205", "location": "Seshadripuram I main road", "inundation_level": "Very High Vulnerability Above 5 Feet", "vulnerability": "Very High Vulnerability", "inundation_ft": ">5ft", "vhvul_ab5f": "Yes", "zone": "13", "ward": "179", "sl__no_": "271", "latitude": "12.9799", "longitude": "80.2303"}, "geometry": {"type": "Point", "coordinates": [80.2302707826799, 12.9799409968559]}}, {"type": "Feature", "properties": {"id": "206", "location": "Sastri nagar II, IX & XV cross street", "inundation_level": "High Vulnerability 3 to 5 Feet", "vulnerability": "High Vulnerability", "inundation_ft": "3 to 5 ft", "hvul_3to5f": "Yes", "zone": "13", "ward": "176", "sl__no_": "240", "latitude": "13", "longitude": "80.2576"}, "geometry": {"type": "Point", "coordinates": [80.2575772148925, 12.9999673426114]}}, {"type": "Feature", "properties": {"id": "207", "location": "A.G.S Colony III main road", "inundation_level": "Low Vulnerability less than 2 feet", "vulnerability": "Low Vulnerability", "inundation_ft": "<2ft", "lvul_less2": "Yes", "zone": "13", "ward": "177", "sl__no_": "255", "latitude": "12.9784", "longitude": "80.2094"}, "geometry": {"type": "Point", "coordinates": [80.2093730603424, 12.9784499758648]}}, {"type": "Feature", "properties": {"id": "208", "location": "Sastri nagar II, IX & XV cross street", "inundation_level": "High Vulnerability 3 to 5 Feet", "vulnerability": "High Vulnerability", "inundation_ft": "3 to 5 ft", "hvul_3to5f": "Yes", "zone": "13", "ward": "176", "sl__no_": "240", "latitude": "12.9973", "longitude": "80.2603"}, "geometry": {"type": "Point", "coordinates": [80.2603431215598, 12.9972751450347]}}, {"type": "Feature", "properties": {"id": "209", "location": "Nehru nagar - Periyar street", "inundation_level": "High Vulnerability 3 to 5 Feet", "vulnerability": "High Vulnerability", "inundation_ft": "3 to 5 ft", "hvul_3to5f": "Yes", "zone": "13", "ward": "174", "sl__no_": "233", "latitude": "12.9931", "longitude": "80.2168"}, "geometry": {"type": "Point", "coordinates": [80.2167689201732, 12.9931253702752]}}, {"type": "Feature", "properties": {"id": "210", "location": "Construction of RCC Box type storm water drain along EB colony 2nd street from EB colony main road to Radha Nagar extension main road", "inundation_level": "High Vulnerability 3 to 5 Feet", "vulnerability": "High Vulnerability", "inundation_ft": "3 to 5 ft", "hvul_3to5f": "Yes", "zone": "13", "ward": "177", "sl__no_": "242", "latitude": "12.9852", "longitude": "80.2134"}, "geometry": {"type": "Point", "coordinates": [80.2134475464776, 12.9851583937743]}}, {"type": "Feature", "properties": {"id": "211", "location": "Construction of storm water drain along Lakshmi nagar 2nd street from Lakshmi Nagar main road to  Rajiv Gandhi nagar main road", "inundation_level": "High Vulnerability 3 to 5 Feet", "vulnerability": "High Vulnerability", "inundation_ft": "3 to 5 ft", "hvul_3to5f": "Yes", "zone": "13", "ward": "177", "sl__no_": "243", "latitude": "12.9823", "longitude": "80.2172"}, "geometry": {"type": "Point", "coordinates": [80.2171612235204, 12.9823403444461]}}, {"type": "Feature", "properties": {"id": "212", "location": "Astalakshmi nagar II, III, IV & V streets", "inundation_level": "Low Vulnerability less than 2 feet", "vulnerability": "Low Vulnerability", "inundation_ft": "<2ft", "lvul_less2": "Yes", "zone": "13", "ward": "177", "sl__no_": "241", "latitude": "12.9855", "longitude": "80.2151"}, "geometry": {"type": "Point", "coordinates": [80.2151172582998, 12.9855134259026]}}, {"type": "Feature", "properties": {"id": "213", "location": "Astalakshmi nagar II, III, IV & V streets", "inundation_level": "Low Vulnerability less than 2 feet", "vulnerability": "Low Vulnerability", "inundation_ft": "<2ft", "lvul_less2": "Yes", "zone": "13", "ward": "177", "sl__no_": "241", "latitude": "12.9859", "longitude": "80.2146"}, "geometry": {"type": "Point", "coordinates": [80.2146129112375, 12.9859034123926]}}, {"type": "Feature", "properties": {"id": "214", "location": "Avvai nagar", "inundation_level": "Low Vulnerability less than 2 feet", "vulnerability": "Low Vulnerability", "inundation_ft": "<2ft", "lvul_less2": "Yes", "zone": "13", "ward": "182", "sl__no_": "281", "latitude": "12.9804", "longitude": "80.2589"}, "geometry": {"type": "Point", "coordinates": [80.2588957257604, 12.9804453408548]}}, {"type": "Feature", "properties": {"id": "215", "location": "Wipro Salai", "inundation_level": "High Vulnerability 3 to 5 Feet", "vulnerability": "High Vulnerability", "inundation_ft": "3 to 5 ft", "hvul_3to5f": "Yes", "zone": "15", "ward": "197", "sl__no_": "305", "latitude": "12.9065", "longitude": "80.2254"}, "geometry": {"type": "Point", "coordinates": [80.2254035966374, 12.9065341808379]}}, {"type": "Feature", "properties": {"id": "216", "location": "Dr.Radhakrishnan nagar", "inundation_level": "Low Vulnerability less than 2 feet", "vulnerability": "Low Vulnerability", "inundation_ft": "<2ft", "lvul_less2": "Yes", "zone": "13", "ward": "181", "sl__no_": "278", "latitude": "12.9935", "longitude": "80.2584"}, "geometry": {"type": "Point", "coordinates": [80.2584170556839, 12.9934935851982]}}, {"type": "Feature", "properties": {"id": "217", "location": "Tansi nagar II, III, V, VII & X streets", "inundation_level": "Very High Vulnerability Above 5 Feet", "vulnerability": "Very High Vulnerability", "inundation_ft": ">5ft", "vhvul_ab5f": "Yes", "zone": "13", "ward": "179", "sl__no_": "272", "latitude": "12.9775", "longitude": "80.2249"}, "geometry": {"type": "Point", "coordinates": [80.2249016148388, 12.9774887832005]}}, {"type": "Feature", "properties": {"id": "218", "location": "Udayam nagar & extn", "inundation_level": "Very High Vulnerability Above 5 Feet", "vulnerability": "Very High Vulnerability", "inundation_ft": ">5ft", "vhvul_ab5f": "Yes", "zone": "13", "ward": "179", "sl__no_": "266", "latitude": "12.9789", "longitude": "80.2324"}, "geometry": {"type": "Point", "coordinates": [80.2324344830574, 12.9788872981509]}}, {"type": "Feature", "properties": {"id": "219", "location": "Veenus colony II street", "inundation_level": "Very High Vulnerability Above 5 Feet", "vulnerability": "Very High Vulnerability", "inundation_ft": ">5ft", "vhvul_ab5f": "Yes", "zone": "13", "ward": "179", "sl__no_": "270", "latitude": "12.9739", "longitude": "80.2277"}, "geometry": {"type": "Point", "coordinates": [80.2277189751021, 12.9738518902312]}}, {"type": "Feature", "properties": {"id": "220", "location": "Annai sathya nagar", "inundation_level": "High Vulnerability 3 to 5 Feet", "vulnerability": "High Vulnerability", "inundation_ft": "3 to 5 ft", "hvul_3to5f": "Yes", "zone": "11", "ward": "151", "sl__no_": "199", "latitude": "13.0363", "longitude": "80.1866"}, "geometry": {"type": "Point", "coordinates": [80.1865583717144, 13.0363478392443]}}, {"type": "Feature", "properties": {"id": "221", "location": "Gajalakshmi nagar", "inundation_level": "Very High Vulnerability Above 5 Feet", "vulnerability": "Very High Vulnerability", "inundation_ft": ">5ft", "vhvul_ab5f": "Yes", "zone": "11", "ward": "143", "sl__no_": "180", "latitude": "13.069", "longitude": "80.1663"}, "geometry": {"type": "Point", "coordinates": [80.1663306130019, 13.0689642854469]}}, {"type": "Feature", "properties": {"id": "222", "location": "VGN nagar phase III", "inundation_level": "High Vulnerability 3 to 5 Feet", "vulnerability": "High Vulnerability", "inundation_ft": "3 to 5 ft", "hvul_3to5f": "Yes", "zone": "11", "ward": "143", "sl__no_": "181", "latitude": "13.0709", "longitude": "80.1635"}, "geometry": {"type": "Point", "coordinates": [80.1635362469633, 13.0708595196158]}}, {"type": "Feature", "properties": {"id": "223", "location": "Metro nagar", "inundation_level": "Low Vulnerability less than 2 feet", "vulnerability": "Low Vulnerability", "inundation_ft": "<2ft", "lvul_less2": "Yes", "zone": "11", "ward": "146", "sl__no_": "186", "latitude": "13.045", "longitude": "80.1627"}, "geometry": {"type": "Point", "coordinates": [80.1626900363647, 13.0449672720351]}}, {"type": "Feature", "properties": {"id": "224", "location": "Sakthi nagar", "inundation_level": "Low Vulnerability less than 2 feet", "vulnerability": "Low Vulnerability", "inundation_ft": "<2ft", "lvul_less2": "yes", "zone": "11", "ward": "143", "sl__no_": "182", "latitude": "13.071", "longitude": "80.167"}, "geometry": {"type": "Point", "coordinates": [80.1670324211569, 13.0710121390452]}}, {"type": "Feature", "properties": {"id": "225", "location": "MMDA Colony 4th , 5th & 6th block", "inundation_level": "Low Vulnerability less than 2 feet", "vulnerability": "Low Vulnerability", "inundation_ft": "<2ft", "lvul_less2": "Yes", "zone": "11", "ward": "144", "sl__no_": "184", "latitude": "13.0637", "longitude": "80.1755"}, "geometry": {"type": "Point", "coordinates": [80.1755077083127, 13.0636760496372]}}, {"type": "Feature", "properties": {"id": "226", "location": "Officers colony", "inundation_level": "High Vulnerability 3 to 5 Feet", "vulnerability": "High Vulnerability", "inundation_ft": "3 to 5 ft", "hvul_3to5f": "Yes", "zone": "11", "ward": "151", "sl__no_": "198", "latitude": "13.0361", "longitude": "80.1582"}, "geometry": {"type": "Point", "coordinates": [80.1582462333791, 13.0361383683184]}}, {"type": "Feature", "properties": {"id": "227", "location": "Annai Sathya Nagar", "inundation_level": "Low Vulnerability less than 2 feet", "vulnerability": "Low Vulnerability", "inundation_ft": "<2ft", "lvul_less2": "Yes", "zone": "7", "ward": "86", "sl__no_": "94", "latitude": "13.0931", "longitude": "80.1843"}, "geometry": {"type": "Point", "coordinates": [80.1843374935674, 13.0931123035411]}}, {"type": "Feature", "properties": {"id": "228", "location": "Punitha Anthoniyar Street", "inundation_level": "High Vulnerability 3 to 5 Feet", "vulnerability": "High Vulnerability", "inundation_ft": "3 to 5 ft", "vhvul_ab5f": "-", "hvul_3to5f": "Yes", "zone": "3", "ward": "23", "sl__no_": "20", "latitude": "13.1608", "longitude": "80.206"}, "geometry": {"type": "Point", "coordinates": [80.2060199373327, 13.1608448950423]}}, {"type": "Feature", "properties": {"id": "229", "location": "Mahalakshmi Nagar", "inundation_level": "High Vulnerability 3 to 5 Feet", "vulnerability": "High Vulnerability", "inundation_ft": "3 to 5 ft", "vhvul_ab5f": "-", "hvul_3to5f": "Yes", "zone": "3", "ward": "22", "sl__no_": "18", "latitude": "13.1695", "longitude": "80.2035"}, "geometry": {"type": "Point", "coordinates": [80.2035109976134, 13.1694811668582]}}, {"type": "Feature", "properties": {"id": "230", "location": "GNT Road (Near Roundana)", "inundation_level": "High Vulnerability 3 to 5 Feet", "vulnerability": "High Vulnerability", "inundation_ft": "3 to 5 ft", "vhvul_ab5f": "-", "hvul_3to5f": "Yes", "zone": "3", "ward": "25", "sl__no_": "25", "latitude": "13.1353", "longitude": "80.2327"}, "geometry": {"type": "Point", "coordinates": [80.2327248577139, 13.1353127060756]}}, {"type": "Feature", "properties": {"id": "231", "location": "Manali New Town 60 Feet Road", "inundation_level": "Low Vulnerability less than 2 feet", "vulnerability": "Low Vulnerability", "inundation_ft": "<2ft", "vhvul_ab5f": "-", "hvul_3to5f": "-", "lvul_less2": "Yes ( Only during flood)", "zone": "2", "ward": "15", "sl__no_": "15", "latitude": "13.2094", "longitude": "80.2756"}, "geometry": {"type": "Point", "coordinates": [80.2756225614672, 13.2094010478996]}}, {"type": "Feature", "properties": {"id": "232", "location": "TH Road jn.of MRF Road", "inundation_level": "Low Vulnerability less than 2 feet", "vulnerability": "Low Vulnerability", "inundation_ft": "<2ft", "lvul_less2": "Yes", "zone": "1", "ward": "5", "sl__no_": "7", "latitude": "13.1777", "longitude": "80.3104"}, "geometry": {"type": "Point", "coordinates": [80.3103559510646, 13.1777394496991]}}, {"type": "Feature", "properties": {"id": "233", "location": "SVM Nagar I main road", "inundation_level": "Low Vulnerability less than 2 feet", "vulnerability": "Low Vulnerability", "inundation_ft": "<2ft", "lvul_less2": "Yes", "zone": "1", "ward": "1", "sl__no_": "1", "latitude": "13.2204", "longitude": "80.3244"}, "geometry": {"type": "Point", "coordinates": [80.3244504536644, 13.2203516526953]}}, {"type": "Feature", "properties": {"id": "234", "location": "Kathivakkam high road", "inundation_level": "Low Vulnerability less than 2 feet", "vulnerability": "Low Vulnerability", "inundation_ft": "<2ft", "lvul_less2": "Yes", "zone": "1", "ward": "4", "sl__no_": "6", "latitude": "13.2095", "longitude": "80.3148"}, "geometry": {"type": "Point", "coordinates": [80.3147740284106, 13.2094750632438]}}, {"type": "Feature", "properties": {"id": "235", "location": "Kamaraj salai", "inundation_level": "High Vulnerability 3 to 5 Feet", "vulnerability": "High Vulnerability", "inundation_ft": "3 to 5 ft", "hvul_3to5f": "Yes", "zone": "1", "ward": "1", "sl__no_": "3", "latitude": "13.1874", "longitude": "80.3077"}, "geometry": {"type": "Point", "coordinates": [80.3077062470699, 13.1873981499003]}}, {"type": "Feature", "properties": {"id": "236", "location": "SVM Nagar II main road", "inundation_level": "Low Vulnerability less than 2 feet", "vulnerability": "Low Vulnerability", "inundation_ft": "<2ft", "lvul_less2": "Yes", "zone": "1", "ward": "1", "sl__no_": "2", "latitude": "13.2232", "longitude": "80.3249"}, "geometry": {"type": "Point", "coordinates": [80.3248660677043, 13.2232311568594]}}, {"type": "Feature", "properties": {"id": "237", "location": "T.H. Road (MRF road junction)", "inundation_level": "High Vulnerability 3 to 5 Feet", "vulnerability": "High Vulnerability", "inundation_ft": "3 to 5 ft", "hvul_3to5f": "Yes", "zone": "1", "ward": "5", "sl__no_": "8", "latitude": "13.1785", "longitude": "80.3072"}, "geometry": {"type": "Point", "coordinates": [80.3071632711468, 13.1785500194391]}}, {"type": "Feature", "properties": {"id": "238", "location": "T.H. Road near Liftgate", "inundation_level": "Low Vulnerability less than 2 feet", "vulnerability": "Low Vulnerability", "inundation_ft": "<2ft", "lvul_less2": "Yes", "zone": "1", "ward": "5", "sl__no_": "9", "latitude": "13.159", "longitude": "80.3022"}, "geometry": {"type": "Point", "coordinates": [80.302157531852, 13.159027115811]}}, {"type": "Feature", "properties": {"id": "239", "location": "Manali Express road, (Mullai nagar, Jothi nagar, TKS Nagar)", "inundation_level": "High Vulnerability 3 to 5 Feet", "vulnerability": "High Vulnerability", "inundation_ft": "3 to 5 ft", "hvul_3to5f": "Yes", "zone": "1", "ward": "6", "sl__no_": "11", "latitude": "13.1821", "longitude": "80.2998"}, "geometry": {"type": "Point", "coordinates": [80.2998063190897, 13.1820862968362]}}, {"type": "Feature", "properties": {"id": "240", "location": "Rajiv Gandhi Nagar from TPP Salai to Andarkuppam Main Road", "inundation_level": "Low Vulnerability less than 2 feet", "vulnerability": "Low Vulnerability", "inundation_ft": "<2ft", "vhvul_ab5f": "-", "hvul_3to5f": "-", "lvul_less2": "Yes ( Only during flood)", "zone": "2", "ward": "16", "sl__no_": "16", "latitude": "13.1934", "longitude": "80.2697"}, "geometry": {"type": "Point", "coordinates": [80.2696696079474, 13.1934030016639]}}, {"type": "Feature", "properties": {"id": "241", "location": "From Kanniammanpet pond to Kadappakkam Lake", "inundation_level": "Low Vulnerability less than 2 feet", "vulnerability": "Low Vulnerability", "inundation_ft": "<2ft", "vhvul_ab5f": "-", "hvul_3to5f": "-", "lvul_less2": "Yes ( Only during flood)", "zone": "2", "ward": "16", "sl__no_": "17", "latitude": "13.1979", "longitude": "80.253"}, "geometry": {"type": "Point", "coordinates": [80.2529608877424, 13.197875912595]}}, {"type": "Feature", "properties": {"id": "242", "location": "NAS Garden & TVS Nagar", "inundation_level": "Low Vulnerability less than 2 feet", "vulnerability": "Low Vulnerability", "inundation_ft": "<2ft", "lvul_less2": "Yes", "zone": "7", "ward": "83", "sl__no_": "92", "latitude": "13.121", "longitude": "80.1914"}, "geometry": {"type": "Point", "coordinates": [80.1913628008196, 13.1209962122826]}}, {"type": "Feature", "properties": {"id": "243", "location": "Vandiamman Koil st", "inundation_level": "Low Vulnerability less than 2 feet", "vulnerability": "Low Vulnerability", "inundation_ft": "<2ft", "lvul_less2": "Yes", "zone": "7", "ward": "93", "sl__no_": "96", "latitude": "13.0761", "longitude": "80.1876"}, "geometry": {"type": "Point", "coordinates": [80.1876023526793, 13.0761203030433]}}, {"type": "Feature", "properties": {"id": "244", "location": "Construction of RCC Open Box type Retaining Wall and Bed including chain link fencing to Kodungaiyur canal North wing from Ch.0.0 to Ch.850m", "inundation_level": "High Vulnerability 3 to 5 Feet", "vulnerability": "High Vulnerability", "inundation_ft": "3 to 5 ft", "vhvul_ab5f": "-", "hvul_3to5f": "Yes", "lvul_less2": "-", "zone": "4", "ward": "34", "sl__no_": "28", "latitude": "13.1366", "longitude": "80.2554"}, "geometry": {"type": "Point", "coordinates": [80.2553879781834, 13.1365531991952]}}, {"type": "Feature", "properties": {"id": "245", "location": "Construction of RCC Open Box type Retaining Wall and Bed including chain link fencing to Kodungaiyur canal North wing from Ch.850 to Ch.1150m", "inundation_level": "High Vulnerability 3 to 5 Feet", "vulnerability": "High Vulnerability", "inundation_ft": "3 to 5 ft", "vhvul_ab5f": "-", "hvul_3to5f": "Yes", "lvul_less2": "-", "zone": "4", "ward": "34", "sl__no_": "29", "latitude": "13.1333", "longitude": "80.2631"}, "geometry": {"type": "Point", "coordinates": [80.2631340297412, 13.1332732578923]}}, {"type": "Feature", "properties": {"id": "246", "location": "Construction of RCC Open Box type Retaining Wall and Bed including chain link fencing to Kodungaiyur canal North wing from Ch.1675 to Ch.2191m", "inundation_level": "High Vulnerability 3 to 5 Feet", "vulnerability": "High Vulnerability", "inundation_ft": "3 to 5 ft", "vhvul_ab5f": "-", "hvul_3to5f": "Yes", "lvul_less2": "-", "zone": "4", "ward": "34", "sl__no_": "30", "latitude": "13.1308", "longitude": "80.2729"}, "geometry": {"type": "Point", "coordinates": [80.2729352165245, 13.1308324017305]}}, {"type": "Feature", "properties": {"id": "247", "location": "Dismantling and Reconstruction of RCC Box type storm water drain of size 1200x1200mm along T.H Road from North Terminal road to AE koil st", "inundation_level": "Low Vulnerability less than 2 feet", "vulnerability": "Low Vulnerability", "inundation_ft": "<2ft", "vhvul_ab5f": "-", "lvul_less2": "Yes", "zone": "4", "ward": "39", "sl__no_": "31", "latitude": "13.1385", "longitude": "80.2946"}, "geometry": {"type": "Point", "coordinates": [80.2946475731544, 13.1384673277369]}}, {"type": "Feature", "properties": {"id": "248", "location": "Providing Re-sectioning concrete lining and laying service road in link canal from Ch.2500 to 2940 in Captain Cotton Canal", "inundation_level": "High Vulnerability 3 to 5 Feet", "vulnerability": "High Vulnerability", "inundation_ft": "3 to 5 ft", "vhvul_ab5f": "-", "hvul_3to5f": "Yes", "lvul_less2": "-", "zone": "4", "ward": "41", "sl__no_": "34", "latitude": "13.1264", "longitude": "80.26"}, "geometry": {"type": "Point", "coordinates": [80.2599850151173, 13.1264007375079]}}, {"type": "Feature", "properties": {"id": "249", "location": "Providing Re-sectioning concrete lining and laying service road in link canal from Ch.2940 to 3360 in Captain Cotton Canal", "inundation_level": "High Vulnerability 3 to 5 Feet", "vulnerability": "High Vulnerability", "inundation_ft": "3 to 5 ft", "vhvul_ab5f": "-", "hvul_3to5f": "Yes", "lvul_less2": "-", "zone": "4", "ward": "41", "sl__no_": "35", "latitude": "13.1256", "longitude": "80.2529"}, "geometry": {"type": "Point", "coordinates": [80.2529039601173, 13.1255729394595]}}, {"type": "Feature", "properties": {"id": "250", "location": "Samuthirya Colony 1st Street", "inundation_level": "Low Vulnerability less than 2 feet", "vulnerability": "Low Vulnerability", "inundation_ft": "<2ft", "vhvul_ab5f": "Nil", "hvul_3to5f": "Nil", "lvul_less2": "Yes", "zone": "6", "ward": "64", "sl__no_": "58", "latitude": "13.123", "longitude": "80.2222"}, "geometry": {"type": "Point", "coordinates": [80.2222383127098, 13.1230183607964]}}, {"type": "Feature", "properties": {"id": "251", "location": "Konnur High Road", "inundation_level": "Low Vulnerability less than 2 feet", "vulnerability": "Low Vulnerability", "inundation_ft": "<2ft", "vhvul_ab5f": "Nil", "hvul_3to5f": "Nil", "lvul_less2": "Yes", "zone": "6", "ward": "71", "sl__no_": "77", "latitude": "13.0973", "longitude": "80.2424"}, "geometry": {"type": "Point", "coordinates": [80.2424072913355, 13.0972941615972]}}, {"type": "Feature", "properties": {"id": "252", "location": "Dismantling and Re-Construction of SWD of size 900x900mm along Anna Nagar 18th main road (South) Ch.500m (Reach I) from 100 feet road to Ch.500m", "inundation_level": "Low Vulnerability less than 2 feet", "vulnerability": "Low Vulnerability", "inundation_ft": "<2ft", "vhvul_ab5f": "-", "hvul_3to5f": "-", "lvul_less2": "yes", "zone": "8", "ward": "95", "sl__no_": "99", "latitude": "13.0948", "longitude": "80.2007"}, "geometry": {"type": "Point", "coordinates": [80.2007171907028, 13.0948308279793]}}, {"type": "Feature", "properties": {"id": "253", "location": "Dismantling and Re-Construction of SWD of size 900x900mm along Anna Nagar 18th main road (South) from Ch.500m (Reach 2) to Otteri Nullah canal", "inundation_level": "Low Vulnerability less than 2 feet", "vulnerability": "Low Vulnerability", "inundation_ft": "<2ft", "vhvul_ab5f": "-", "hvul_3to5f": "-", "lvul_less2": "yes", "zone": "8", "ward": "95", "sl__no_": "100", "latitude": "13.0948", "longitude": "80.2026"}, "geometry": {"type": "Point", "coordinates": [80.2026210671741, 13.0947649498042]}}, {"type": "Feature", "properties": {"id": "254", "location": "Dismantling and Re-Construction of SWD of size 900x900mm along Anna Nagar 18th main road (North) Ch.425m from Vasantham Colony to 2nd street (Reach II)", "inundation_level": "Low Vulnerability less than 2 feet", "vulnerability": "Low Vulnerability", "inundation_ft": "<2ft", "vhvul_ab5f": "-", "hvul_3to5f": "-", "lvul_less2": "yes", "zone": "8", "ward": "95", "sl__no_": "101", "latitude": "13.0947", "longitude": "80.2054"}, "geometry": {"type": "Point", "coordinates": [80.205359665084, 13.0946872760385]}}, {"type": "Feature", "properties": {"id": "255", "location": "Dismantling and Reconstruction of SWD of size 900x900mm along Anna Nagar 18th main road (North) from 100' road to Ch.425m (Reach I)", "inundation_level": "Low Vulnerability less than 2 feet", "vulnerability": "Low Vulnerability", "inundation_ft": "<2ft", "vhvul_ab5f": "-", "hvul_3to5f": "-", "lvul_less2": "yes", "zone": "8", "ward": "95", "sl__no_": "102", "latitude": "13.0946", "longitude": "80.2074"}, "geometry": {"type": "Point", "coordinates": [80.2073806428466, 13.0946360772694]}}, {"type": "Feature", "properties": {"id": "256", "location": "G.N.Chetty  Road", "inundation_level": "Low Vulnerability less than 2 feet", "vulnerability": "Low Vulnerability", "inundation_ft": "<2ft", "lvul_less2": "Yes", "zone": "9", "ward": "113", "sl__no_": "121", "latitude": "13.0503", "longitude": "80.2485"}, "geometry": {"type": "Point", "coordinates": [80.2484982014515, 13.0503148284995]}}, {"type": "Feature", "properties": {"id": "257", "location": "Improvements of storm water drain and construction of 3 road crossing culverts Habibullah Road", "inundation_level": "Low Vulnerability less than 2 feet", "vulnerability": "Low Vulnerability", "inundation_ft": "<2ft", "lvul_less2": "Yes", "zone": "9", "ward": "113", "sl__no_": "126", "latitude": "13.05", "longitude": "80.2384"}, "geometry": {"type": "Point", "coordinates": [80.2383894669489, 13.0500428460528]}}, {"type": "Feature", "properties": {"id": "258", "location": "North usman street", "inundation_level": "Low Vulnerability less than 2 feet", "vulnerability": "Low Vulnerability", "inundation_ft": "<2ft", "lvul_less2": "Yes", "zone": "9", "ward": "113", "sl__no_": "122", "latitude": "13.0533", "longitude": "80.2345"}, "geometry": {"type": "Point", "coordinates": [80.2344889528919, 13.0532811175151]}}, {"type": "Feature", "properties": {"id": "259", "location": "Sarathapuram Street", "inundation_level": "High Vulnerability 3 to 5 Feet", "vulnerability": "High Vulnerability", "inundation_ft": "3 to 5 ft", "hvul_3to5f": "Yes", "zone": "9", "ward": "113", "sl__no_": "124", "latitude": "13.0321", "longitude": "80.2636"}, "geometry": {"type": "Point", "coordinates": [80.2636136718525, 13.0321335522518]}}, {"type": "Feature", "properties": {"id": "260", "location": "Improvements of storm water drain at North Usman Road", "inundation_level": "Low Vulnerability less than 2 feet", "vulnerability": "Low Vulnerability", "inundation_ft": "<2ft", "lvul_less2": "Yes", "zone": "9", "ward": "113", "sl__no_": "125", "latitude": "13.0512", "longitude": "80.234"}, "geometry": {"type": "Point", "coordinates": [80.2339585805982, 13.0512463350481]}}, {"type": "Feature", "properties": {"id": "261", "location": "South boug road", "inundation_level": "High Vulnerability 3 to 5 Feet", "vulnerability": "High Vulnerability", "inundation_ft": "3 to 5 ft", "hvul_3to5f": "Yes", "zone": "9", "ward": "117", "sl__no_": "135", "latitude": "13.0347", "longitude": "80.2421"}, "geometry": {"type": "Point", "coordinates": [80.2420860831955, 13.0346672899552]}}, {"type": "Feature", "properties": {"id": "262", "location": "100 feet road (junction of Kaliamman Koil Street)", "inundation_level": "High Vulnerability 3 to 5 Feet", "vulnerability": "High Vulnerability", "inundation_ft": "3 to 5 ft", "vhvul_ab5f": "No", "hvul_3to5f": "Yes", "lvul_less2": "No", "zone": "10", "ward": "127", "sl__no_": "173", "latitude": "13.0722", "longitude": "80.2021"}, "geometry": {"type": "Point", "coordinates": [80.202108059594, 13.0721882918519]}}, {"type": "Feature", "properties": {"id": "263", "location": "Construction of Storm water drain of size 900x900mm RCC Box type drain along Kaliamman koil street at Koyambedu from Metro Water Office in Dn.111 to 100 ft road in Dn.127", "inundation_level": "High Vulnerability 3 to 5 Feet", "vulnerability": "High Vulnerability", "inundation_ft": "3 to 5 ft", "vhvul_ab5f": "No", "hvul_3to5f": "Yes", "lvul_less2": "No", "zone": "10", "ward": "0", "sl__no_": "310", "latitude": "13.0666", "longitude": "80.1991"}, "geometry": {"type": "Point", "coordinates": [80.199099917725, 13.0666311654188]}}, {"type": "Feature", "properties": {"id": "264", "location": "Kaliamman Koil Street(from CMWSSB STP to Sai nagar annex )", "inundation_level": "High Vulnerability 3 to 5 Feet", "vulnerability": "High Vulnerability", "inundation_ft": "3 to 5 ft", "vhvul_ab5f": "No", "hvul_3to5f": "Yes", "lvul_less2": "No", "zone": "10", "ward": "127", "sl__no_": "172", "latitude": "13.0594", "longitude": "80.1954"}, "geometry": {"type": "Point", "coordinates": [80.1953895346036, 13.0594352302225]}}, {"type": "Feature", "properties": {"id": "265", "location": "100 feet Road (junction of periyar pathai)", "inundation_level": "High Vulnerability 3 to 5 Feet", "vulnerability": "High Vulnerability", "inundation_ft": "3 to 5 ft", "vhvul_ab5f": "No", "hvul_3to5f": "Yes", "lvul_less2": "No", "zone": "10", "ward": "130", "sl__no_": "176", "latitude": "13.0503", "longitude": "80.2141"}, "geometry": {"type": "Point", "coordinates": [80.2141032723539, 13.0503387110137]}}, {"type": "Feature", "properties": {"id": "266", "location": "Ganesapuram Main  Road", "inundation_level": "Low Vulnerability less than 2 feet", "vulnerability": "Low Vulnerability", "inundation_ft": "<2ft", "vhvul_ab5f": "-", "hvul_3to5f": "-", "lvul_less2": "Yes", "zone": "4", "ward": "45", "sl__no_": "39", "latitude": "13.1099", "longitude": "80.2607"}, "geometry": {"type": "Point", "coordinates": [80.2607351698797, 13.109887052247]}}, {"type": "Feature", "properties": {"id": "267", "location": "Dhanammal Nagar", "inundation_level": "Low Vulnerability less than 2 feet", "vulnerability": "Low Vulnerability", "inundation_ft": "<2ft", "vhvul_ab5f": "Nil", "hvul_3to5f": "Nil", "lvul_less2": "Yes", "zone": "6", "ward": "64", "sl__no_": "57", "latitude": "13.1291", "longitude": "80.2191"}, "geometry": {"type": "Point", "coordinates": [80.219056492558, 13.1291270917659]}}, {"type": "Feature", "properties": {"id": "268", "location": "MMDA Colony 4th , 5th & 6th block", "inundation_level": "Low Vulnerability less than 2 feet", "vulnerability": "Low Vulnerability", "inundation_ft": "<2ft", "lvul_less2": "Yes", "zone": "11", "ward": "144", "sl__no_": "184", "latitude": "13.0631", "longitude": "80.1765"}, "geometry": {"type": "Point", "coordinates": [80.1764905125287, 13.0630815737678]}}, {"type": "Feature", "properties": {"id": "269", "location": "Kaviya Garden, CRR Puram Phase III, Purachi Thalivi Nagar, Bhell Nagar, Dharmarajapuram, Sathiya Nagar, Astalakshmi Avenue and Sedhu Lakshmi Avenue, River view colony", "inundation_level": "Low Vulnerability less than 2 feet", "vulnerability": "Low Vulnerability", "inundation_ft": "<2ft", "vhvul_ab5f": "_", "hvul_3to5f": "_", "lvul_less2": "Yes", "zone": "12", "ward": "157", "sl__no_": "207", "latitude": "13.0188", "longitude": "80.1768"}, "geometry": {"type": "Point", "coordinates": [80.1768512926149, 13.0188314181566]}}, {"type": "Feature", "properties": {"id": "270", "location": "Kaviya Garden, CRR Puram Phase III, Purachi Thalivi Nagar, Bhell Nagar, Dharmarajapuram, Sathiya Nagar, Astalakshmi Avenue and Sedhu Lakshmi Avenue, River view colony", "inundation_level": "Low Vulnerability less than 2 feet", "vulnerability": "Low Vulnerability", "inundation_ft": "<2ft", "vhvul_ab5f": "_", "hvul_3to5f": "_", "lvul_less2": "Yes", "zone": "12", "ward": "157", "sl__no_": "207", "latitude": "13.019", "longitude": "80.1817"}, "geometry": {"type": "Point", "coordinates": [80.1816958752228, 13.0189979804271]}}, {"type": "Feature", "properties": {"id": "271", "location": "Kaviya Garden, CRR Puram Phase III, Purachi Thalivi Nagar, Bhell Nagar, Dharmarajapuram, Sathiya Nagar, Astalakshmi Avenue and Sedhu Lakshmi Avenue, River view colony", "inundation_level": "Low Vulnerability less than 2 feet", "vulnerability": "Low Vulnerability", "inundation_ft": "<2ft", "vhvul_ab5f": "_", "hvul_3to5f": "_", "lvul_less2": "Yes", "zone": "12", "ward": "157", "sl__no_": "207", "latitude": "13.021", "longitude": "80.1823"}, "geometry": {"type": "Point", "coordinates": [80.1822669458642, 13.021008624977]}}, {"type": "Feature", "properties": {"id": "272", "location": "Kaviya Garden, CRR Puram Phase III, Purachi Thalivi Nagar, Bhell Nagar, Dharmarajapuram, Sathiya Nagar, Astalakshmi Avenue and Sedhu Lakshmi Avenue, River view colony", "inundation_level": "Low Vulnerability less than 2 feet", "vulnerability": "Low Vulnerability", "inundation_ft": "<2ft", "vhvul_ab5f": "_", "hvul_3to5f": "_", "lvul_less2": "Yes", "zone": "12", "ward": "157", "sl__no_": "207", "latitude": "13.0069", "longitude": "80.1644"}, "geometry": {"type": "Point", "coordinates": [80.1644328856255, 13.0069388720495]}}, {"type": "Feature", "properties": {"id": "273", "location": "Thillai Ganga Nagar 25 th Street,  27th Street, 28th Street, Thillai Ganga Nagar 2nd MainRoad, and 4th Main Road", "inundation_level": "Low Vulnerability less than 2 feet", "vulnerability": "Low Vulnerability", "inundation_ft": "<2ft", "vhvul_ab5f": "_", "hvul_3to5f": "_", "lvul_less2": "Yes", "zone": "12", "ward": "162", "sl__no_": "209", "latitude": "12.989", "longitude": "80.1927"}, "geometry": {"type": "Point", "coordinates": [80.192664661558, 12.9889759087466]}}, {"type": "Feature", "properties": {"id": "274", "location": "Thillai Ganga Nagar 25 th Street,  27th Street, 28th Street, Thillai Ganga Nagar 2nd MainRoad, and 4th Main Road", "inundation_level": "Low Vulnerability less than 2 feet", "vulnerability": "Low Vulnerability", "inundation_ft": "<2ft", "vhvul_ab5f": "_", "hvul_3to5f": "_", "lvul_less2": "Yes", "zone": "12", "ward": "162", "sl__no_": "209", "latitude": "12.9916", "longitude": "80.1944"}, "geometry": {"type": "Point", "coordinates": [80.1944339679076, 12.9916036403116]}}, {"type": "Feature", "properties": {"id": "275", "location": "Thillai Ganga Nagar 25 th Street,  27th Street, 28th Street, Thillai Ganga Nagar 2nd MainRoad, and 4th Main Road", "inundation_level": "Low Vulnerability less than 2 feet", "vulnerability": "Low Vulnerability", "inundation_ft": "<2ft", "vhvul_ab5f": "_", "hvul_3to5f": "_", "lvul_less2": "Yes", "zone": "12", "ward": "162", "sl__no_": "209", "latitude": "12.9907", "longitude": "80.1918"}, "geometry": {"type": "Point", "coordinates": [80.1918115377897, 12.9907377305828]}}, {"type": "Feature", "properties": {"id": "276", "location": "Sastri nagar II, IX & XV cross street", "inundation_level": "High Vulnerability 3 to 5 Feet", "vulnerability": "High Vulnerability", "inundation_ft": "3 to 5 ft", "hvul_3to5f": "Yes", "zone": "13", "ward": "176", "sl__no_": "240", "latitude": "12.9998", "longitude": "80.257"}, "geometry": {"type": "Point", "coordinates": [80.2569865097343, 12.9998155544288]}}, {"type": "Feature", "properties": {"id": "277", "location": "Astalakshmi nagar II, III, IV & V streets", "inundation_level": "Low Vulnerability less than 2 feet", "vulnerability": "Low Vulnerability", "inundation_ft": "<2ft", "lvul_less2": "Yes", "zone": "13", "ward": "177", "sl__no_": "241", "latitude": "12.994", "longitude": "80.2694"}, "geometry": {"type": "Point", "coordinates": [80.2693758288391, 12.9939511579635]}}, {"type": "Feature", "properties": {"id": "278", "location": "Astalakshmi nagar II, III, IV & V streets", "inundation_level": "Low Vulnerability less than 2 feet", "vulnerability": "Low Vulnerability", "inundation_ft": "<2ft", "lvul_less2": "Yes", "zone": "13", "ward": "177", "sl__no_": "241", "latitude": "12.9934", "longitude": "80.2699"}, "geometry": {"type": "Point", "coordinates": [80.2698560318111, 12.9933835145426]}}, {"type": "Feature", "properties": {"id": "279", "location": "Nethaji colony I to IV cross streets", "inundation_level": "Low Vulnerability less than 2 feet", "vulnerability": "Low Vulnerability", "inundation_ft": "<2ft", "lvul_less2": "Yes", "zone": "13", "ward": "177", "sl__no_": "252", "latitude": "12.9826", "longitude": "80.2107"}, "geometry": {"type": "Point", "coordinates": [80.2107490667184, 12.9825740687091]}}, {"type": "Feature", "properties": {"id": "280", "location": "Nethaji colony I to IV cross streets", "inundation_level": "Low Vulnerability less than 2 feet", "vulnerability": "Low Vulnerability", "inundation_ft": "<2ft", "lvul_less2": "Yes", "zone": "13", "ward": "177", "sl__no_": "252", "latitude": "12.9827", "longitude": "80.2114"}, "geometry": {"type": "Point", "coordinates": [80.2113628074455, 12.9826594918295]}}, {"type": "Feature", "properties": {"id": "281", "location": "Nethaji colony I to IV cross streets", "inundation_level": "Low Vulnerability less than 2 feet", "vulnerability": "Low Vulnerability", "inundation_ft": "<2ft", "lvul_less2": "Yes", "zone": "13", "ward": "177", "sl__no_": "252", "latitude": "12.9827", "longitude": "80.2119"}, "geometry": {"type": "Point", "coordinates": [80.2118854767004, 12.9827471107387]}}, {"type": "Feature", "properties": {"id": "282", "location": "Nethaji colony I to IV cross streets", "inundation_level": "Low Vulnerability less than 2 feet", "vulnerability": "Low Vulnerability", "inundation_ft": "<2ft", "lvul_less2": "Yes", "zone": "13", "ward": "177", "sl__no_": "252", "latitude": "12.9826", "longitude": "80.2122"}, "geometry": {"type": "Point", "coordinates": [80.2121976717621, 12.9825927667264]}}, {"type": "Feature", "properties": {"id": "283", "location": "Andal nagar extn I to III streets", "inundation_level": "Low Vulnerability less than 2 feet", "vulnerability": "Low Vulnerability", "inundation_ft": "<2ft", "lvul_less2": "Yes", "zone": "13", "ward": "177", "sl__no_": "253", "latitude": "12.9796", "longitude": "80.2114"}, "geometry": {"type": "Point", "coordinates": [80.2113849232109, 12.9795932370038]}}, {"type": "Feature", "properties": {"id": "284", "location": "Andal nagar extn I to III streets", "inundation_level": "Low Vulnerability less than 2 feet", "vulnerability": "Low Vulnerability", "inundation_ft": "<2ft", "lvul_less2": "Yes", "zone": "13", "ward": "177", "sl__no_": "253", "latitude": "12.98", "longitude": "80.2116"}, "geometry": {"type": "Point", "coordinates": [80.2116284956263, 12.9800151834657]}}, {"type": "Feature", "properties": {"id": "285", "location": "Andal nagar extn I to III streets", "inundation_level": "Low Vulnerability less than 2 feet", "vulnerability": "Low Vulnerability", "inundation_ft": "<2ft", "lvul_less2": "Yes", "zone": "13", "ward": "177", "sl__no_": "253", "latitude": "12.9803", "longitude": "80.2112"}, "geometry": {"type": "Point", "coordinates": [80.2112129294501, 12.9803002586549]}}, {"type": "Feature", "properties": {"id": "286", "location": "V.G.P Selva nagar  I cross street & I main road", "inundation_level": "Very High Vulnerability Above 5 Feet", "vulnerability": "Very High Vulnerability", "inundation_ft": ">5ft", "vhvul_ab5f": "Yes", "zone": "13", "ward": "179", "sl__no_": "268", "latitude": "12.9721", "longitude": "80.2198"}, "geometry": {"type": "Point", "coordinates": [80.2198149862411, 12.9720791128307]}}, {"type": "Feature", "properties": {"id": "287", "location": "V.G.P Selva nagar  I cross street & I main road", "inundation_level": "Very High Vulnerability Above 5 Feet", "vulnerability": "Very High Vulnerability", "inundation_ft": ">5ft", "vhvul_ab5f": "Yes", "zone": "13", "ward": "179", "sl__no_": "268", "latitude": "12.9713", "longitude": "80.2216"}, "geometry": {"type": "Point", "coordinates": [80.2215987056334, 12.9712545148988]}}, {"type": "Feature", "properties": {"id": "288", "location": "Sastri street (Part)", "inundation_level": "Very High Vulnerability Above 5 Feet", "vulnerability": "Very High Vulnerability", "inundation_ft": ">5ft", "vhvul_ab5f": "Yes", "zone": "13", "ward": "179", "sl__no_": "265", "latitude": "12.9761", "longitude": "80.2278"}, "geometry": {"type": "Point", "coordinates": [80.2278302455463, 12.9760563887355]}}, {"type": "Feature", "properties": {"id": "289", "location": "Vallalar street - Annai Indra nagar", "inundation_level": "Very High Vulnerability Above 5 Feet", "vulnerability": "Very High Vulnerability", "inundation_ft": ">5ft", "vhvul_ab5f": "Yes", "zone": "13", "ward": "179", "sl__no_": "262", "latitude": "12.9767", "longitude": "80.2263"}, "geometry": {"type": "Point", "coordinates": [80.2262898531484, 12.9766929734428]}}, {"type": "Feature", "properties": {"id": "290", "location": "Sivasakthi  street - Annai Indra nagar", "inundation_level": "Very High Vulnerability Above 5 Feet", "vulnerability": "Very High Vulnerability", "inundation_ft": ">5ft", "vhvul_ab5f": "Yes", "zone": "13", "ward": "179", "sl__no_": "263", "latitude": "12.9761", "longitude": "80.2275"}, "geometry": {"type": "Point", "coordinates": [80.2274796772192, 12.9761207453881]}}, {"type": "Feature", "properties": {"id": "291", "location": "A.G.S Colony VI street", "inundation_level": "Low Vulnerability less than 2 feet", "vulnerability": "Low Vulnerability", "inundation_ft": "<2ft", "lvul_less2": "Yes", "zone": "13", "ward": "177", "sl__no_": "247", "latitude": "12.9784", "longitude": "80.2103"}, "geometry": {"type": "Point", "coordinates": [80.2102978773894, 12.9783533494631]}}, {"type": "Feature", "properties": {"id": "292", "location": "Mahalakshmi nagar III cross street", "inundation_level": "Low Vulnerability less than 2 feet", "vulnerability": "Low Vulnerability", "inundation_ft": "<2ft", "lvul_less2": "Yes", "zone": "13", "ward": "177", "sl__no_": "256", "latitude": "12.983", "longitude": "80.207"}, "geometry": {"type": "Point", "coordinates": [80.2069600527818, 12.9829975258502]}}, {"type": "Feature", "properties": {"id": "293", "location": "Mosque street", "inundation_level": "Low Vulnerability less than 2 feet", "vulnerability": "Low Vulnerability", "inundation_ft": "<2ft", "lvul_less2": "Yes", "zone": "13", "ward": "174", "sl__no_": "231", "latitude": "13.0005", "longitude": "80.2097"}, "geometry": {"type": "Point", "coordinates": [80.2096540606674, 13.0004659181931]}}, {"type": "Feature", "properties": {"id": "294", "location": "Ambedkar nagar II main road", "inundation_level": "Low Vulnerability less than 2 feet", "vulnerability": "Low Vulnerability", "inundation_ft": "<2ft", "lvul_less2": "Yes", "zone": "13", "ward": "177", "sl__no_": "244", "latitude": "12.991", "longitude": "80.2083"}, "geometry": {"type": "Point", "coordinates": [80.2083030069338, 12.9910313098412]}}, {"type": "Feature", "properties": {"id": "295", "location": "Ambedkar nagar I cross street", "inundation_level": "Low Vulnerability less than 2 feet", "vulnerability": "Low Vulnerability", "inundation_ft": "<2ft", "lvul_less2": "Yes", "zone": "13", "ward": "177", "sl__no_": "250", "latitude": "12.9921", "longitude": "80.2096"}, "geometry": {"type": "Point", "coordinates": [80.2095901897728, 12.9920542816723]}}, {"type": "Feature", "properties": {"id": "296", "location": "Neruppumedu", "inundation_level": "Very High Vulnerability Above 5 Feet", "vulnerability": "Very High Vulnerability", "inundation_ft": ">5ft", "vhvul_ab5f": "Yes", "zone": "13", "ward": "170", "sl__no_": "219", "latitude": "13.0181", "longitude": "80.2189"}, "geometry": {"type": "Point", "coordinates": [80.2189415943178, 13.0180786327318]}}, {"type": "Feature", "properties": {"id": "297", "location": "Venkateswara nagar III main road", "inundation_level": "Low Vulnerability less than 2 feet", "vulnerability": "Low Vulnerability", "inundation_ft": "<2ft", "lvul_less2": "Yes", "zone": "13", "ward": "177", "sl__no_": "254", "latitude": "12.9796", "longitude": "80.2167"}, "geometry": {"type": "Point", "coordinates": [80.2167177731038, 12.9795674377268]}}, {"type": "Feature", "properties": {"id": "298", "location": "Vinayagapuram", "inundation_level": "Very High Vulnerability Above 5 Feet", "vulnerability": "Very High Vulnerability", "inundation_ft": ">5ft", "vhvul_ab5f": "Yes", "zone": "13", "ward": "170", "sl__no_": "220", "latitude": "13.0202", "longitude": "80.2133"}, "geometry": {"type": "Point", "coordinates": [80.2133309496151, 13.020153355478]}}, {"type": "Feature", "properties": {"id": "299", "location": "C.S.I.R road", "inundation_level": "Low Vulnerability less than 2 feet", "vulnerability": "Low Vulnerability", "inundation_ft": "<2ft", "lvul_less2": "Yes", "zone": "13", "ward": "180", "sl__no_": "276", "latitude": "12.9863", "longitude": "80.2467"}, "geometry": {"type": "Point", "coordinates": [80.2467393552384, 12.9863075667413]}}, {"type": "Feature", "properties": {"id": "300", "location": "Nehru nagar -  Anbil Dharmalingam street", "inundation_level": "High Vulnerability 3 to 5 Feet", "vulnerability": "High Vulnerability", "inundation_ft": "3 to 5 ft", "hvul_3to5f": "Yes", "zone": "13", "ward": "174", "sl__no_": "234", "latitude": "12.9933", "longitude": "80.2165"}, "geometry": {"type": "Point", "coordinates": [80.2164505473592, 12.9933385819253]}}, {"type": "Feature", "properties": {"id": "301", "location": "Kamarajar street - Nehru nagar", "inundation_level": "Low Vulnerability less than 2 feet", "vulnerability": "Low Vulnerability", "inundation_ft": "<2ft", "lvul_less2": "Yes", "zone": "13", "ward": "177", "sl__no_": "245", "latitude": "12.9946", "longitude": "80.2127"}, "geometry": {"type": "Point", "coordinates": [80.2126657042389, 12.9946118523895]}}, {"type": "Feature", "properties": {"id": "302", "location": "Kasthuri avenue", "inundation_level": "High Vulnerability 3 to 5 Feet", "vulnerability": "High Vulnerability", "inundation_ft": "3 to 5 ft", "hvul_3to5f": "Yes", "zone": "13", "ward": "173", "sl__no_": "230", "latitude": "13.0182", "longitude": "80.2711"}, "geometry": {"type": "Point", "coordinates": [80.2711214418071, 13.0182028734741]}}, {"type": "Feature", "properties": {"id": "303", "location": "Vasantha avenue", "inundation_level": "High Vulnerability 3 to 5 Feet", "vulnerability": "High Vulnerability", "inundation_ft": "3 to 5 ft", "hvul_3to5f": "Yes", "zone": "13", "ward": "173", "sl__no_": "229", "latitude": "13.0188", "longitude": "80.2714"}, "geometry": {"type": "Point", "coordinates": [80.2713917528555, 13.018750671655]}}, {"type": "Feature", "properties": {"id": "304", "location": "Srinivasa avenue", "inundation_level": "High Vulnerability 3 to 5 Feet", "vulnerability": "High Vulnerability", "inundation_ft": "3 to 5 ft", "hvul_3to5f": "Yes", "zone": "13", "ward": "173", "sl__no_": "227", "latitude": "13.022", "longitude": "80.2612"}, "geometry": {"type": "Point", "coordinates": [80.2612110361528, 13.0220070977117]}}, {"type": "Feature", "properties": {"id": "305", "location": "R.A Puram IV cross street", "inundation_level": "High Vulnerability 3 to 5 Feet", "vulnerability": "High Vulnerability", "inundation_ft": "3 to 5 ft", "hvul_3to5f": "Yes", "zone": "13", "ward": "173", "sl__no_": "225", "latitude": "13.0231", "longitude": "80.2605"}, "geometry": {"type": "Point", "coordinates": [80.2604542404856, 13.0231223056731]}}, {"type": "Feature", "properties": {"id": "306", "location": "Valleswaranthottam", "inundation_level": "High Vulnerability 3 to 5 Feet", "vulnerability": "High Vulnerability", "inundation_ft": "3 to 5 ft", "hvul_3to5f": "Yes", "zone": "13", "ward": "173", "sl__no_": "226", "latitude": "13.0235", "longitude": "80.2602"}, "geometry": {"type": "Point", "coordinates": [80.2601752354216, 13.0235067661204]}}, {"type": "Feature", "properties": {"id": "307", "location": "Chetti thottam", "inundation_level": "Very High Vulnerability Above 5 Feet", "vulnerability": "Very High Vulnerability", "inundation_ft": ">5ft", "vhvul_ab5f": "Yes", "zone": "13", "ward": "170", "sl__no_": "218", "latitude": "13.0181", "longitude": "80.2177"}, "geometry": {"type": "Point", "coordinates": [80.2177377431667, 13.0180704625763]}}, {"type": "Feature", "properties": {"id": "308", "location": "Anusuyamandapam", "inundation_level": "Very High Vulnerability Above 5 Feet", "vulnerability": "Very High Vulnerability", "inundation_ft": ">5ft", "vhvul_ab5f": "Yes", "zone": "13", "ward": "170", "sl__no_": "221", "latitude": "13.0163", "longitude": "80.2252"}, "geometry": {"type": "Point", "coordinates": [80.2251868534779, 13.0163120298697]}}, {"type": "Feature", "properties": {"id": "309", "location": "Velachery main road", "inundation_level": "High Vulnerability 3 to 5 Feet", "vulnerability": "High Vulnerability", "inundation_ft": "3 to 5 ft", "hvul_3to5f": "Yes", "zone": "13", "ward": "174", "sl__no_": "235", "latitude": "13.0002", "longitude": "80.2199"}, "geometry": {"type": "Point", "coordinates": [80.2199290252127, 13.0002055838718]}}, {"type": "Feature", "properties": {"id": "310", "location": "Sarathy nagar", "inundation_level": "Very High Vulnerability Above 5 Feet", "vulnerability": "Very High Vulnerability", "inundation_ft": ">5ft", "vhvul_ab5f": "Yes", "zone": "13", "ward": "179", "sl__no_": "275", "latitude": "12.9754", "longitude": "80.2221"}, "geometry": {"type": "Point", "coordinates": [80.2220603053275, 12.9753611419158]}}, {"type": "Feature", "properties": {"id": "311", "location": "ASK Nagar", "inundation_level": "Low Vulnerability less than 2 feet", "vulnerability": "Low Vulnerability", "inundation_ft": "<2ft", "lvul_less2": "Yes", "zone": "13", "ward": "177", "sl__no_": "248", "latitude": "12.9927", "longitude": "80.2077"}, "geometry": {"type": "Point", "coordinates": [80.207729304247, 12.9926609137497]}}, {"type": "Feature", "properties": {"id": "312", "location": "Brindavan nagar II street", "inundation_level": "High Vulnerability 3 to 5 Feet", "vulnerability": "High Vulnerability", "inundation_ft": "3 to 5 ft", "hvul_3to5f": "Yes", "zone": "13", "ward": "177", "sl__no_": "257", "latitude": "12.9829", "longitude": "80.2097"}, "geometry": {"type": "Point", "coordinates": [80.2096845344201, 12.9829152706641]}}, {"type": "Feature", "properties": {"id": "313", "location": "Ex Service man colony", "inundation_level": "Low Vulnerability less than 2 feet", "vulnerability": "Low Vulnerability", "inundation_ft": "<2ft", "lvul_less2": "Yes", "zone": "13", "ward": "177", "sl__no_": "249", "latitude": "12.9929", "longitude": "80.209"}, "geometry": {"type": "Point", "coordinates": [80.2089722223386, 12.9928653622571]}}, {"type": "Feature", "properties": {"id": "314", "location": "Kamatchiamman street - Annai Indra nagar", "inundation_level": "Very High Vulnerability Above 5 Feet", "vulnerability": "Very High Vulnerability", "inundation_ft": ">5ft", "vhvul_ab5f": "Yes", "zone": "13", "ward": "179", "sl__no_": "264", "latitude": "12.9757", "longitude": "80.2275"}, "geometry": {"type": "Point", "coordinates": [80.2274658298561, 12.9757310352756]}}, {"type": "Feature", "properties": {"id": "315", "location": "Construction of SWD of size 600x750mm along Kumaraguru Avenue , Neelankarai", "inundation_level": "Low Vulnerability less than 2 feet", "vulnerability": "Low Vulnerability", "inundation_ft": "<2ft", "lvul_less2": "Yes", "zone": "15", "ward": "192", "sl__no_": "298", "latitude": "12.9507", "longitude": "80.2539"}, "geometry": {"type": "Point", "coordinates": [80.2539200000001, 12.9507312]}}, {"type": "Feature", "properties": {"id": "316", "location": "Construction of SWD of size 1200x1200mm along Pandian Salai, Neelankarai", "inundation_level": "Low Vulnerability less than 2 feet", "vulnerability": "Low Vulnerability", "inundation_ft": "<2ft", "lvul_less2": "Yes", "zone": "15", "ward": "192", "sl__no_": "299", "latitude": "12.9497", "longitude": "80.2517"}, "geometry": {"type": "Point", "coordinates": [80.2517152000001, 12.9496595]}}, {"type": "Feature", "properties": {"id": "317", "location": "Construction of storm water drain along Ist Avenue Main Road, Vettuvankeni", "inundation_level": "Low Vulnerability less than 2 feet", "vulnerability": "Low Vulnerability", "inundation_ft": "<2ft", "lvul_less2": "Yes", "zone": "15", "ward": "196", "sl__no_": "304", "latitude": "12.9364", "longitude": "80.2515"}, "geometry": {"type": "Point", "coordinates": [80.2515006, 12.936401]}}, {"type": "Feature", "properties": {"id": "318", "location": "Construction of SWD of size 900x900mm along Karpaga Vinayagar Koil Street, Vettuvankeni", "inundation_level": "Low Vulnerability less than 2 feet", "vulnerability": "Low Vulnerability", "inundation_ft": "<2ft", "lvul_less2": "Yes", "zone": "15", "ward": "193", "sl__no_": "302", "latitude": "12.9463", "longitude": "80.237"}, "geometry": {"type": "Point", "coordinates": [80.2370167000001, 12.946324]}}, {"type": "Feature", "properties": {"id": "319", "location": "TNHB Colony - EWS lanes", "inundation_level": "Low Vulnerability less than 2 feet", "vulnerability": "Low Vulnerability", "inundation_ft": "<2ft", "lvul_less2": "Yes", "zone": "13", "ward": "177", "sl__no_": "251", "latitude": "12.9923", "longitude": "80.2132"}, "geometry": {"type": "Point", "coordinates": [80.2132175, 12.9922718]}}, {"type": "Feature", "properties": {"id": "320", "location": "Puzhuthivakkam Bust Stand", "inundation_level": "Low Vulnerability less than 2 feet", "vulnerability": "Low Vulnerability", "inundation_ft": "<2ft", "lvul_less2": "Yes", "zone": "14", "ward": "169", "sl__no_": "216", "latitude": "12.9741", "longitude": "80.2028"}, "geometry": {"type": "Point", "coordinates": [80.2027944000001, 12.9740782000001]}}, {"type": "Feature", "properties": {"id": "321", "location": "ECR, Near BATA Showroom", "inundation_level": "Low Vulnerability less than 2 feet", "vulnerability": "Low Vulnerability", "inundation_ft": "<2ft", "lvul_less2": "Yes", "zone": "14", "ward": "183", "sl__no_": "284", "latitude": "12.9741", "longitude": "80.2585"}, "geometry": {"type": "Point", "coordinates": [80.2585039000001, 12.9740573]}}, {"type": "Feature", "properties": {"id": "322", "location": "Madipakkam Bus Stand", "inundation_level": "Low Vulnerability less than 2 feet", "vulnerability": "Low Vulnerability", "inundation_ft": "<2ft", "lvul_less2": "Yes", "zone": "14", "ward": "188", "sl__no_": "296", "latitude": "12.9631", "longitude": "80.1984"}, "geometry": {"type": "Point", "coordinates": [80.1984465, 12.9630532]}}, {"type": "Feature", "properties": {"id": "323", "location": "OMR, Jn. of Thirumalai Nagar", "inundation_level": "Low Vulnerability less than 2 feet", "vulnerability": "Low Vulnerability", "inundation_ft": "<2ft", "lvul_less2": "Yes", "zone": "14", "ward": "186", "sl__no_": "290", "latitude": "12.9594", "longitude": "80.2445"}, "geometry": {"type": "Point", "coordinates": [80.2445215000001, 12.9593546]}}, {"type": "Feature", "properties": {"id": "324", "location": "ECR, Govindan Nagar", "inundation_level": "Low Vulnerability less than 2 feet", "vulnerability": "Low Vulnerability", "inundation_ft": "<2ft", "lvul_less2": "Yes", "zone": "14", "ward": "185", "sl__no_": "289", "latitude": "12.9586", "longitude": "80.2518"}, "geometry": {"type": "Point", "coordinates": [80.2518225, 12.9586096000001]}}, {"type": "Feature", "properties": {"id": "325", "location": "OMR, MGR Salai Jn.", "inundation_level": "Low Vulnerability less than 2 feet", "vulnerability": "Low Vulnerability", "inundation_ft": "<2ft", "lvul_less2": "Yes", "zone": "14", "ward": "184", "sl__no_": "287", "latitude": "12.964", "longitude": "80.2469"}, "geometry": {"type": "Point", "coordinates": [80.2468657, 12.9640465000001]}}, {"type": "Feature", "properties": {"id": "326", "location": "ECR, Palgalai Nagar", "inundation_level": "Low Vulnerability less than 2 feet", "vulnerability": "Low Vulnerability", "inundation_ft": "<2ft", "lvul_less2": "Yes", "zone": "14", "ward": "185", "sl__no_": "288", "latitude": "12.9639", "longitude": "80.2615"}, "geometry": {"type": "Point", "coordinates": [80.2615428000001, 12.963874]}}, {"type": "Feature", "properties": {"id": "327", "location": "ECR Opp. Fish market", "inundation_level": "Low Vulnerability less than 2 feet", "vulnerability": "Low Vulnerability", "inundation_ft": "<2ft", "lvul_less2": "Yes", "zone": "14", "ward": "183", "sl__no_": "285", "latitude": "12.9695", "longitude": "80.2575"}, "geometry": {"type": "Point", "coordinates": [80.2574846, 12.9694858000001]}}]}