{"type":"FeatureCollection","crs":{"type":"name","properties":{"name":"urn:ogc:def:crs:OGC:1.3:CRS84"}},"features":[{"type":"Feature","properties":{},"geometry":{"type":"Point","coordinates":[80.235729,13.039165]}},{"type":"Feature","properties":{},"geometry":{"type":"Point","coordinates":[80.238013,13.045398]}},{"type":"Feature","properties":{},"geometry":{"type":"Point","coordinates":[80.237944,13.045425]}},{"type":"Feature","properties":{},"geometry":{"type":"Point","coordinates":[80.236164,13.04561]}},{"type":"Feature","properties":{},"geometry":{"type":"Point","coordinates":[80.198779,13.097055]}},{"type":"Feature","properties":{},"geometry":{"type":"Point","coordinates":[80.200661,13.092833]}},{"type":"Feature","properties":{},"geometry":{"type":"Point","coordinates":[80.202377,13.094192]}},{"type":"Feature","properties":{},"geometry":{"type":"Point","coordinates":[80.204216,13.092846]}},{"type":"Feature","properties":{},"geometry":{"type":"Point","coordinates":[80.205412,13.09473]}},{"type":"Feature","properties":{},"geometry":{"type":"Point","coordinates":[80.20213,13.094864]}},{"type":"Feature","properties":{},"geometry":{"type":"Point","coordinates":[80.204071,13.096778]}},{"type":"Feature","properties":{},"geometry":{"type":"Point","coordinates":[80.205795,13.096124]}},{"type":"Feature","properties":{},"geometry":{"type":"Point","coordinates":[80.206566,13.09589]}},{"type":"Feature","properties":{},"geometry":{"type":"Point","coordinates":[80.207563,13.095246]}},{"type":"Feature","properties":{},"geometry":{"type":"Point","coordinates":[80.207127,13.093301]}},{"type":"Feature","properties":{},"geometry":{"type":"Point","coordinates":[80.20383,13.097208]}},{"type":"Feature","properties":{},"geometry":{"type":"Point","coordinates":[80.227353,13.092109]}},{"type":"Feature","properties":{},"geometry":{"type":"Point","coordinates":[80.229013,13.093469]}},{"type":"Feature","properties":{},"geometry":{"type":"Point","coordinates":[80.230796,13.097391]}},{"type":"Feature","properties":{},"geometry":{"type":"Point","coordinates":[80.229202,13.094232]}},{"type":"Feature","properties":{},"geometry":{"type":"Point","coordinates":[80.199344,13.093042]}},{"type":"Feature","properties":{},"geometry":{"type":"Point","coordinates":[80.198807,13.094972]}},{"type":"Feature","properties":{},"geometry":{"type":"Point","coordinates":[80.230651,13.090495]}},{"type":"Feature","properties":{},"geometry":{"type":"Point","coordinates":[80.200157,13.095515]}},{"type":"Feature","properties":{},"geometry":{"type":"Point","coordinates":[80.200102,13.0963]}},{"type":"Feature","properties":{},"geometry":{"type":"Point","coordinates":[80.239862,13.044721]}},{"type":"Feature","properties":{},"geometry":{"type":"Point","coordinates":[80.201074,13.099649]}},{"type":"Feature","properties":{},"geometry":{"type":"Point","coordinates":[80.200403,13.098032]}},{"type":"Feature","properties":{},"geometry":{"type":"Point","coordinates":[80.196126,13.095602]}},{"type":"Feature","properties":{},"geometry":{"type":"Point","coordinates":[80.199883,13.097003]}},{"type":"Feature","properties":{},"geometry":{"type":"Point","coordinates":[80.202358,13.09628]}},{"type":"Feature","properties":{},"geometry":{"type":"Point","coordinates":[80.202515,13.095427]}},{"type":"Feature","properties":{},"geometry":{"type":"Point","coordinates":[80.201521,13.093536]}},{"type":"Feature","properties":{},"geometry":{"type":"Point","coordinates":[80.205875,13.101876]}},{"type":"Feature","properties":{},"geometry":{"type":"Point","coordinates":[80.242169,13.086425]}},{"type":"Feature","properties":{},"geometry":{"type":"Point","coordinates":[80.239734,13.09397]}},{"type":"Feature","properties":{},"geometry":{"type":"Point","coordinates":[80.239638,13.093539]}},{"type":"Feature","properties":{},"geometry":{"type":"Point","coordinates":[80.238949,13.085368]}},{"type":"Feature","properties":{},"geometry":{"type":"Point","coordinates":[80.216537,13.085443]}},{"type":"Feature","properties":{},"geometry":{"type":"Point","coordinates":[80.216606,13.091206]}},{"type":"Feature","properties":{},"geometry":{"type":"Point","coordinates":[80.218892,13.080534]}},{"type":"Feature","properties":{},"geometry":{"type":"Point","coordinates":[80.220414,13.087153]}},{"type":"Feature","properties":{},"geometry":{"type":"Point","coordinates":[80.223341,13.083989]}},{"type":"Feature","properties":{},"geometry":{"type":"Point","coordinates":[80.21891,13.089365]}},{"type":"Feature","properties":{},"geometry":{"type":"Point","coordinates":[80.205121,13.101142]}},{"type":"Feature","properties":{},"geometry":{"type":"Point","coordinates":[80.212489,13.10424]}},{"type":"Feature","properties":{},"geometry":{"type":"Point","coordinates":[80.20403,13.102864]}},{"type":"Feature","properties":{},"geometry":{"type":"Point","coordinates":[80.199605,13.101269]}},{"type":"Feature","properties":{},"geometry":{"type":"Point","coordinates":[80.201278,13.10085]}},{"type":"Feature","properties":{},"geometry":{"type":"Point","coordinates":[80.206676,13.101704]}},{"type":"Feature","properties":{},"geometry":{"type":"Point","coordinates":[80.233669,13.035362]}},{"type":"Feature","properties":{},"geometry":{"type":"Point","coordinates":[80.236079,13.046879]}},{"type":"Feature","properties":{},"geometry":{"type":"Point","coordinates":[80.234965,13.04474]}},{"type":"Feature","properties":{},"geometry":{"type":"Point","coordinates":[80.235683,13.045058]}},{"type":"Feature","properties":{},"geometry":{"type":"Point","coordinates":[80.238001,13.044324]}},{"type":"Feature","properties":{},"geometry":{"type":"Point","coordinates":[80.204077,13.092401]}},{"type":"Feature","properties":{},"geometry":{"type":"Point","coordinates":[80.235604,13.080544]}},{"type":"Feature","properties":{},"geometry":{"type":"Point","coordinates":[80.246808,13.084107]}},{"type":"Feature","properties":{},"geometry":{"type":"Point","coordinates":[80.24783,13.083211]}},{"type":"Feature","properties":{},"geometry":{"type":"Point","coordinates":[80.244277,13.081916]}},{"type":"Feature","properties":{},"geometry":{"type":"Point","coordinates":[80.239997,13.08262]}},{"type":"Feature","properties":{},"geometry":{"type":"Point","coordinates":[80.231246,13.081934]}},{"type":"Feature","properties":{},"geometry":{"type":"Point","coordinates":[80.236774,13.082191]}},{"type":"Feature","properties":{},"geometry":{"type":"Point","coordinates":[80.238124,13.073577]}},{"type":"Feature","properties":{},"geometry":{"type":"Point","coordinates":[80.23194,13.072197]}},{"type":"Feature","properties":{},"geometry":{"type":"Point","coordinates":[80.24787,13.07309]}},{"type":"Feature","properties":{},"geometry":{"type":"Point","coordinates":[80.24128,13.069703]}},{"type":"Feature","properties":{},"geometry":{"type":"Point","coordinates":[80.21535,13.081622]}},{"type":"Feature","properties":{},"geometry":{"type":"Point","coordinates":[80.214173,13.058556]}},{"type":"Feature","properties":{},"geometry":{"type":"Point","coordinates":[80.216332,13.083911]}},{"type":"Feature","properties":{},"geometry":{"type":"Point","coordinates":[80.214843,13.077761]}},{"type":"Feature","properties":{},"geometry":{"type":"Point","coordinates":[80.212114,13.079486]}},{"type":"Feature","properties":{},"geometry":{"type":"Point","coordinates":[80.21455,13.088033]}},{"type":"Feature","properties":{},"geometry":{"type":"Point","coordinates":[80.236023,13.071958]}},{"type":"Feature","properties":{},"geometry":{"type":"Point","coordinates":[80.20157,13.092277]}},{"type":"Feature","properties":{},"geometry":{"type":"Point","coordinates":[80.200979,13.087078]}},{"type":"Feature","properties":{},"geometry":{"type":"Point","coordinates":[80.230662,13.043231]}},{"type":"Feature","properties":{},"geometry":{"type":"Point","coordinates":[80.233716,13.043834]}},{"type":"Feature","properties":{},"geometry":{"type":"Point","coordinates":[80.232952,13.04395]}},{"type":"Feature","properties":{},"geometry":{"type":"Point","coordinates":[80.232452,13.037858]}},{"type":"Feature","properties":{},"geometry":{"type":"Point","coordinates":[80.235203,13.037343]}},{"type":"Feature","properties":{},"geometry":{"type":"Point","coordinates":[80.22184,13.069295]}},{"type":"Feature","properties":{},"geometry":{"type":"Point","coordinates":[80.221964,13.069791]}},{"type":"Feature","properties":{},"geometry":{"type":"Point","coordinates":[80.227667,13.068733]}},{"type":"Feature","properties":{},"geometry":{"type":"Point","coordinates":[80.204762,13.103996]}},{"type":"Feature","properties":{},"geometry":{"type":"Point","coordinates":[80.199689,13.105151]}},{"type":"Feature","properties":{},"geometry":{"type":"Point","coordinates":[80.227529,13.068929]}},{"type":"Feature","properties":{},"geometry":{"type":"Point","coordinates":[80.238489,13.043776]}},{"type":"Feature","properties":{},"geometry":{"type":"Point","coordinates":[80.244088,13.04216]}},{"type":"Feature","properties":{},"geometry":{"type":"Point","coordinates":[80.238575,13.043486]}},{"type":"Feature","properties":{},"geometry":{"type":"Point","coordinates":[80.238494,13.042615]}},{"type":"Feature","properties":{},"geometry":{"type":"Point","coordinates":[80.23967,13.042962]}},{"type":"Feature","properties":{},"geometry":{"type":"Point","coordinates":[80.240531,13.04274]}},{"type":"Feature","properties":{},"geometry":{"type":"Point","coordinates":[80.240716,13.041629]}},{"type":"Feature","properties":{},"geometry":{"type":"Point","coordinates":[80.241945,13.041485]}},{"type":"Feature","properties":{},"geometry":{"type":"Point","coordinates":[80.227698,13.064069]}},{"type":"Feature","properties":{},"geometry":{"type":"Point","coordinates":[80.254316,13.058998]}},{"type":"Feature","properties":{},"geometry":{"type":"Point","coordinates":[80.230954,13.06493]}},{"type":"Feature","properties":{},"geometry":{"type":"Point","coordinates":[80.224519,13.055752]}},{"type":"Feature","properties":{},"geometry":{"type":"Point","coordinates":[80.224218,13.053537]}},{"type":"Feature","properties":{},"geometry":{"type":"Point","coordinates":[80.218097,13.052714]}},{"type":"Feature","properties":{},"geometry":{"type":"Point","coordinates":[80.218246,13.054663]}},{"type":"Feature","properties":{},"geometry":{"type":"Point","coordinates":[80.230848,13.055601]}},{"type":"Feature","properties":{},"geometry":{"type":"Point","coordinates":[80.219258,13.053425]}},{"type":"Feature","properties":{},"geometry":{"type":"Point","coordinates":[80.212644,13.056514]}},{"type":"Feature","properties":{},"geometry":{"type":"Point","coordinates":[80.241968,13.036027]}},{"type":"Feature","properties":{},"geometry":{"type":"Point","coordinates":[80.242746,13.039088]}},{"type":"Feature","properties":{},"geometry":{"type":"Point","coordinates":[80.240672,13.039385]}},{"type":"Feature","properties":{},"geometry":{"type":"Point","coordinates":[80.24686,13.045545]}},{"type":"Feature","properties":{},"geometry":{"type":"Point","coordinates":[80.246868,13.045005]}},{"type":"Feature","properties":{},"geometry":{"type":"Point","coordinates":[80.246597,13.043418]}},{"type":"Feature","properties":{},"geometry":{"type":"Point","coordinates":[80.245158,13.046518]}},{"type":"Feature","properties":{},"geometry":{"type":"Point","coordinates":[80.24514,13.045832]}},{"type":"Feature","properties":{},"geometry":{"type":"Point","coordinates":[80.243038,13.047922]}},{"type":"Feature","properties":{},"geometry":{"type":"Point","coordinates":[80.243473,13.045262]}},{"type":"Feature","properties":{},"geometry":{"type":"Point","coordinates":[80.234455,13.048105]}},{"type":"Feature","properties":{},"geometry":{"type":"Point","coordinates":[80.23106,13.051168]}},{"type":"Feature","properties":{},"geometry":{"type":"Point","coordinates":[80.232084,13.049152]}},{"type":"Feature","properties":{},"geometry":{"type":"Point","coordinates":[80.239279,13.034147]}},{"type":"Feature","properties":{},"geometry":{"type":"Point","coordinates":[80.252406,13.03952]}},{"type":"Feature","properties":{},"geometry":{"type":"Point","coordinates":[80.261699,13.042715]}},{"type":"Feature","properties":{},"geometry":{"type":"Point","coordinates":[80.262867,13.042586]}},{"type":"Feature","properties":{},"geometry":{"type":"Point","coordinates":[80.232275,13.063303]}},{"type":"Feature","properties":{},"geometry":{"type":"Point","coordinates":[80.230745,13.063704]}},{"type":"Feature","properties":{},"geometry":{"type":"Point","coordinates":[80.232255,13.063669]}},{"type":"Feature","properties":{},"geometry":{"type":"Point","coordinates":[80.232393,13.064104]}},{"type":"Feature","properties":{},"geometry":{"type":"Point","coordinates":[80.241715,13.03693]}},{"type":"Feature","properties":{},"geometry":{"type":"Point","coordinates":[80.240934,13.036145]}},{"type":"Feature","properties":{},"geometry":{"type":"Point","coordinates":[80.26322,13.042598]}},{"type":"Feature","properties":{},"geometry":{"type":"Point","coordinates":[80.211661,13.055204]}},{"type":"Feature","properties":{},"geometry":{"type":"Point","coordinates":[80.259031,13.02639]}},{"type":"Feature","properties":{},"geometry":{"type":"Point","coordinates":[80.259366,13.027749]}},{"type":"Feature","properties":{},"geometry":{"type":"Point","coordinates":[80.25786,13.033305]}},{"type":"Feature","properties":{},"geometry":{"type":"Point","coordinates":[80.259169,13.032377]}},{"type":"Feature","properties":{},"geometry":{"type":"Point","coordinates":[80.256858,13.034906]}},{"type":"Feature","properties":{},"geometry":{"type":"Point","coordinates":[80.258659,13.033444]}},{"type":"Feature","properties":{},"geometry":{"type":"Point","coordinates":[80.260901,13.034755]}},{"type":"Feature","properties":{},"geometry":{"type":"Point","coordinates":[80.254602,13.031029]}},{"type":"Feature","properties":{},"geometry":{"type":"Point","coordinates":[80.273653,13.039201]}},{"type":"Feature","properties":{},"geometry":{"type":"Point","coordinates":[80.272582,13.039345]}},{"type":"Feature","properties":{},"geometry":{"type":"Point","coordinates":[80.269718,13.038884]}},{"type":"Feature","properties":{},"geometry":{"type":"Point","coordinates":[80.270281,13.038177]}},{"type":"Feature","properties":{},"geometry":{"type":"Point","coordinates":[80.266307,13.033702]}},{"type":"Feature","properties":{},"geometry":{"type":"Point","coordinates":[80.266534,13.032776]}},{"type":"Feature","properties":{},"geometry":{"type":"Point","coordinates":[80.269321,13.032908]}},{"type":"Feature","properties":{},"geometry":{"type":"Point","coordinates":[80.271871,13.030533]}},{"type":"Feature","properties":{},"geometry":{"type":"Point","coordinates":[80.275078,13.048859]}},{"type":"Feature","properties":{},"geometry":{"type":"Point","coordinates":[80.278284,13.051028]}},{"type":"Feature","properties":{},"geometry":{"type":"Point","coordinates":[80.265646,13.043685]}},{"type":"Feature","properties":{},"geometry":{"type":"Point","coordinates":[80.256402,13.027405]}},{"type":"Feature","properties":{},"geometry":{"type":"Point","coordinates":[80.252156,13.031158]}},{"type":"Feature","properties":{},"geometry":{"type":"Point","coordinates":[80.257174,13.028781]}},{"type":"Feature","properties":{},"geometry":{"type":"Point","coordinates":[80.249583,13.029059]}},{"type":"Feature","properties":{},"geometry":{"type":"Point","coordinates":[80.248076,13.029369]}},{"type":"Feature","properties":{},"geometry":{"type":"Point","coordinates":[80.211663,13.054465]}},{"type":"Feature","properties":{},"geometry":{"type":"Point","coordinates":[80.210786,13.046943]}},{"type":"Feature","properties":{},"geometry":{"type":"Point","coordinates":[80.213658,13.04723]}},{"type":"Feature","properties":{},"geometry":{"type":"Point","coordinates":[80.21306,13.048673]}},{"type":"Feature","properties":{},"geometry":{"type":"Point","coordinates":[80.210784,13.052235]}},{"type":"Feature","properties":{},"geometry":{"type":"Point","coordinates":[80.218378,13.055758]}},{"type":"Feature","properties":{},"geometry":{"type":"Point","coordinates":[80.215439,13.057649]}},{"type":"Feature","properties":{},"geometry":{"type":"Point","coordinates":[80.194186,13.054222]}},{"type":"Feature","properties":{},"geometry":{"type":"Point","coordinates":[80.188177,13.048185]}},{"type":"Feature","properties":{},"geometry":{"type":"Point","coordinates":[80.187155,13.052107]}},{"type":"Feature","properties":{},"geometry":{"type":"Point","coordinates":[80.200808,13.072778]}},{"type":"Feature","properties":{},"geometry":{"type":"Point","coordinates":[80.197222,13.073455]}},{"type":"Feature","properties":{},"geometry":{"type":"Point","coordinates":[80.195745,13.07069]}},{"type":"Feature","properties":{},"geometry":{"type":"Point","coordinates":[80.196285,13.071053]}},{"type":"Feature","properties":{},"geometry":{"type":"Point","coordinates":[80.204977,13.072593]}},{"type":"Feature","properties":{},"geometry":{"type":"Point","coordinates":[80.192389,13.065122]}},{"type":"Feature","properties":{},"geometry":{"type":"Point","coordinates":[80.193657,13.065316]}},{"type":"Feature","properties":{},"geometry":{"type":"Point","coordinates":[80.196822,13.065568]}},{"type":"Feature","properties":{},"geometry":{"type":"Point","coordinates":[80.191301,13.062561]}},{"type":"Feature","properties":{},"geometry":{"type":"Point","coordinates":[80.192828,13.061903]}},{"type":"Feature","properties":{},"geometry":{"type":"Point","coordinates":[80.195647,13.061494]}},{"type":"Feature","properties":{},"geometry":{"type":"Point","coordinates":[80.26323,13.028706]}},{"type":"Feature","properties":{},"geometry":{"type":"Point","coordinates":[80.270501,13.027764]}},{"type":"Feature","properties":{},"geometry":{"type":"Point","coordinates":[80.268943,13.053504]}},{"type":"Feature","properties":{},"geometry":{"type":"Point","coordinates":[80.210659,13.019371]}},{"type":"Feature","properties":{},"geometry":{"type":"Point","coordinates":[80.204993,13.061997]}},{"type":"Feature","properties":{},"geometry":{"type":"Point","coordinates":[80.194338,13.060464]}},{"type":"Feature","properties":{},"geometry":{"type":"Point","coordinates":[80.194502,13.060402]}},{"type":"Feature","properties":{},"geometry":{"type":"Point","coordinates":[80.194948,13.060323]}},{"type":"Feature","properties":{},"geometry":{"type":"Point","coordinates":[80.192391,13.058242]}},{"type":"Feature","properties":{},"geometry":{"type":"Point","coordinates":[80.189721,13.058887]}},{"type":"Feature","properties":{},"geometry":{"type":"Point","coordinates":[80.196235,13.058049]}},{"type":"Feature","properties":{},"geometry":{"type":"Point","coordinates":[80.197173,13.057241]}},{"type":"Feature","properties":{},"geometry":{"type":"Point","coordinates":[80.199122,13.058943]}},{"type":"Feature","properties":{},"geometry":{"type":"Point","coordinates":[80.197192,13.056816]}},{"type":"Feature","properties":{},"geometry":{"type":"Point","coordinates":[80.203724,13.062094]}},{"type":"Feature","properties":{},"geometry":{"type":"Point","coordinates":[80.191445,13.06161]}},{"type":"Feature","properties":{},"geometry":{"type":"Point","coordinates":[80.196541,13.07382]}},{"type":"Feature","properties":{},"geometry":{"type":"Point","coordinates":[80.197619,13.073237]}},{"type":"Feature","properties":{},"geometry":{"type":"Point","coordinates":[80.197631,13.07355]}},{"type":"Feature","properties":{},"geometry":{"type":"Point","coordinates":[80.208216,13.066304]}},{"type":"Feature","properties":{},"geometry":{"type":"Point","coordinates":[80.206882,13.072778]}},{"type":"Feature","properties":{},"geometry":{"type":"Point","coordinates":[80.200567,13.073809]}},{"type":"Feature","properties":{},"geometry":{"type":"Point","coordinates":[80.207744,13.069521]}},{"type":"Feature","properties":{},"geometry":{"type":"Point","coordinates":[80.224573,13.036389]}},{"type":"Feature","properties":{},"geometry":{"type":"Point","coordinates":[80.223302,13.03852]}},{"type":"Feature","properties":{},"geometry":{"type":"Point","coordinates":[80.222303,13.04286]}},{"type":"Feature","properties":{},"geometry":{"type":"Point","coordinates":[80.22278,13.041547]}},{"type":"Feature","properties":{},"geometry":{"type":"Point","coordinates":[80.226655,13.037701]}},{"type":"Feature","properties":{},"geometry":{"type":"Point","coordinates":[80.24499,13.002128]}},{"type":"Feature","properties":{},"geometry":{"type":"Point","coordinates":[80.224794,13.041253]}},{"type":"Feature","properties":{},"geometry":{"type":"Point","coordinates":[80.219248,13.040092]}},{"type":"Feature","properties":{},"geometry":{"type":"Point","coordinates":[80.217714,13.037234]}},{"type":"Feature","properties":{},"geometry":{"type":"Point","coordinates":[80.221013,13.038577]}},{"type":"Feature","properties":{},"geometry":{"type":"Point","coordinates":[80.222985,13.052951]}},{"type":"Feature","properties":{},"geometry":{"type":"Point","coordinates":[80.224828,13.047824]}},{"type":"Feature","properties":{},"geometry":{"type":"Point","coordinates":[80.222278,13.050694]}},{"type":"Feature","properties":{},"geometry":{"type":"Point","coordinates":[80.222153,13.051572]}},{"type":"Feature","properties":{},"geometry":{"type":"Point","coordinates":[80.225518,13.052353]}},{"type":"Feature","properties":{},"geometry":{"type":"Point","coordinates":[80.225618,13.052346]}},{"type":"Feature","properties":{},"geometry":{"type":"Point","coordinates":[80.228018,13.051188]}},{"type":"Feature","properties":{},"geometry":{"type":"Point","coordinates":[80.22961,13.050635]}},{"type":"Feature","properties":{},"geometry":{"type":"Point","coordinates":[80.21912,13.049809]}},{"type":"Feature","properties":{},"geometry":{"type":"Point","coordinates":[80.227362,13.048999]}},{"type":"Feature","properties":{},"geometry":{"type":"Point","coordinates":[80.223872,13.047294]}},{"type":"Feature","properties":{},"geometry":{"type":"Point","coordinates":[80.226442,13.046712]}},{"type":"Feature","properties":{},"geometry":{"type":"Point","coordinates":[80.226451,13.045114]}},{"type":"Feature","properties":{},"geometry":{"type":"Point","coordinates":[80.227212,13.050248]}},{"type":"Feature","properties":{},"geometry":{"type":"Point","coordinates":[80.217469,13.048928]}},{"type":"Feature","properties":{},"geometry":{"type":"Point","coordinates":[80.215935,13.046672]}},{"type":"Feature","properties":{},"geometry":{"type":"Point","coordinates":[80.216757,13.038888]}},{"type":"Feature","properties":{},"geometry":{"type":"Point","coordinates":[80.217611,13.037305]}},{"type":"Feature","properties":{},"geometry":{"type":"Point","coordinates":[80.219002,13.051837]}},{"type":"Feature","properties":{},"geometry":{"type":"Point","coordinates":[80.175206,13.063674]}},{"type":"Feature","properties":{},"geometry":{"type":"Point","coordinates":[80.261687,13.003393]}},{"type":"Feature","properties":{},"geometry":{"type":"Point","coordinates":[80.215888,13.04935]}},{"type":"Feature","properties":{},"geometry":{"type":"Point","coordinates":[80.217103,13.049306]}},{"type":"Feature","properties":{},"geometry":{"type":"Point","coordinates":[80.217171,13.041453]}},{"type":"Feature","properties":{},"geometry":{"type":"Point","coordinates":[80.216797,13.041496]}},{"type":"Feature","properties":{},"geometry":{"type":"Point","coordinates":[80.218188,13.040934]}},{"type":"Feature","properties":{},"geometry":{"type":"Point","coordinates":[80.215562,13.038208]}},{"type":"Feature","properties":{},"geometry":{"type":"Point","coordinates":[80.20524,13.044072]}},{"type":"Feature","properties":{},"geometry":{"type":"Point","coordinates":[80.199502,13.036569]}},{"type":"Feature","properties":{},"geometry":{"type":"Point","coordinates":[80.200126,13.038855]}},{"type":"Feature","properties":{},"geometry":{"type":"Point","coordinates":[80.203575,13.03784]}},{"type":"Feature","properties":{},"geometry":{"type":"Point","coordinates":[80.203588,13.037519]}},{"type":"Feature","properties":{},"geometry":{"type":"Point","coordinates":[80.203301,13.036736]}},{"type":"Feature","properties":{},"geometry":{"type":"Point","coordinates":[80.2007,13.044064]}},{"type":"Feature","properties":{},"geometry":{"type":"Point","coordinates":[80.199111,13.044425]}},{"type":"Feature","properties":{},"geometry":{"type":"Point","coordinates":[80.197296,13.04426]}},{"type":"Feature","properties":{},"geometry":{"type":"Point","coordinates":[80.197711,13.046505]}},{"type":"Feature","properties":{},"geometry":{"type":"Point","coordinates":[80.203488,13.045974]}},{"type":"Feature","properties":{},"geometry":{"type":"Point","coordinates":[80.207852,13.043496]}},{"type":"Feature","properties":{},"geometry":{"type":"Point","coordinates":[80.201261,13.044484]}},{"type":"Feature","properties":{},"geometry":{"type":"Point","coordinates":[80.202886,13.039327]}},{"type":"Feature","properties":{},"geometry":{"type":"Point","coordinates":[80.203002,13.036406]}},{"type":"Feature","properties":{},"geometry":{"type":"Point","coordinates":[80.202615,13.037767]}},{"type":"Feature","properties":{},"geometry":{"type":"Point","coordinates":[80.207303,13.045528]}},{"type":"Feature","properties":{},"geometry":{"type":"Point","coordinates":[80.216891,13.030382]}},{"type":"Feature","properties":{},"geometry":{"type":"Point","coordinates":[80.176291,13.065065]}},{"type":"Feature","properties":{},"geometry":{"type":"Point","coordinates":[80.215178,13.027875]}},{"type":"Feature","properties":{},"geometry":{"type":"Point","coordinates":[80.214812,13.027512]}},{"type":"Feature","properties":{},"geometry":{"type":"Point","coordinates":[80.214853,13.030307]}},{"type":"Feature","properties":{},"geometry":{"type":"Point","coordinates":[80.216239,13.02965]}},{"type":"Feature","properties":{},"geometry":{"type":"Point","coordinates":[80.215383,13.029811]}},{"type":"Feature","properties":{},"geometry":{"type":"Point","coordinates":[80.212532,13.02661]}},{"type":"Feature","properties":{},"geometry":{"type":"Point","coordinates":[80.21469,13.030069]}},{"type":"Feature","properties":{},"geometry":{"type":"Point","coordinates":[80.214635,13.02962]}},{"type":"Feature","properties":{},"geometry":{"type":"Point","coordinates":[80.215001,13.028966]}},{"type":"Feature","properties":{},"geometry":{"type":"Point","coordinates":[80.204746,13.031721]}},{"type":"Feature","properties":{},"geometry":{"type":"Point","coordinates":[80.191078,13.032553]}},{"type":"Feature","properties":{},"geometry":{"type":"Point","coordinates":[80.188983,13.033094]}},{"type":"Feature","properties":{},"geometry":{"type":"Point","coordinates":[80.192134,13.030235]}},{"type":"Feature","properties":{},"geometry":{"type":"Point","coordinates":[80.221096,13.017958]}},{"type":"Feature","properties":{},"geometry":{"type":"Point","coordinates":[80.219169,13.02285]}},{"type":"Feature","properties":{},"geometry":{"type":"Point","coordinates":[80.232879,13.029624]}},{"type":"Feature","properties":{},"geometry":{"type":"Point","coordinates":[80.232564,13.028354]}},{"type":"Feature","properties":{},"geometry":{"type":"Point","coordinates":[80.234203,13.030578]}},{"type":"Feature","properties":{},"geometry":{"type":"Point","coordinates":[80.2244,13.031111]}},{"type":"Feature","properties":{},"geometry":{"type":"Point","coordinates":[80.2247,13.031789]}},{"type":"Feature","properties":{},"geometry":{"type":"Point","coordinates":[80.219816,13.027474]}},{"type":"Feature","properties":{},"geometry":{"type":"Point","coordinates":[80.199924,13.060805]}},{"type":"Feature","properties":{},"geometry":{"type":"Point","coordinates":[80.20512,13.055201]}},{"type":"Feature","properties":{},"geometry":{"type":"Point","coordinates":[80.205079,13.055841]}},{"type":"Feature","properties":{},"geometry":{"type":"Point","coordinates":[80.229456,12.980586]}},{"type":"Feature","properties":{},"geometry":{"type":"Point","coordinates":[80.208232,13.057697]}},{"type":"Feature","properties":{},"geometry":{"type":"Point","coordinates":[80.209165,13.058617]}},{"type":"Feature","properties":{},"geometry":{"type":"Point","coordinates":[80.207713,13.06058]}},{"type":"Feature","properties":{},"geometry":{"type":"Point","coordinates":[80.204859,13.054182]}},{"type":"Feature","properties":{},"geometry":{"type":"Point","coordinates":[80.206009,13.053527]}},{"type":"Feature","properties":{},"geometry":{"type":"Point","coordinates":[80.202446,13.048804]}},{"type":"Feature","properties":{},"geometry":{"type":"Point","coordinates":[80.204017,13.051706]}},{"type":"Feature","properties":{},"geometry":{"type":"Point","coordinates":[80.202773,13.051813]}},{"type":"Feature","properties":{},"geometry":{"type":"Point","coordinates":[80.202374,13.05343]}},{"type":"Feature","properties":{},"geometry":{"type":"Point","coordinates":[80.202459,13.053028]}},{"type":"Feature","properties":{},"geometry":{"type":"Point","coordinates":[80.202322,13.052874]}},{"type":"Feature","properties":{},"geometry":{"type":"Point","coordinates":[80.200989,13.053494]}},{"type":"Feature","properties":{},"geometry":{"type":"Point","coordinates":[80.201027,13.053071]}},{"type":"Feature","properties":{},"geometry":{"type":"Point","coordinates":[80.198301,13.05333]}},{"type":"Feature","properties":{},"geometry":{"type":"Point","coordinates":[80.198191,13.052528]}},{"type":"Feature","properties":{},"geometry":{"type":"Point","coordinates":[80.200603,13.050922]}},{"type":"Feature","properties":{},"geometry":{"type":"Point","coordinates":[80.20132,13.052136]}},{"type":"Feature","properties":{},"geometry":{"type":"Point","coordinates":[80.198591,13.056305]}},{"type":"Feature","properties":{},"geometry":{"type":"Point","coordinates":[80.201445,13.052519]}},{"type":"Feature","properties":{},"geometry":{"type":"Point","coordinates":[80.201333,13.052525]}},{"type":"Feature","properties":{},"geometry":{"type":"Point","coordinates":[80.200647,13.058049]}},{"type":"Feature","properties":{},"geometry":{"type":"Point","coordinates":[80.201503,13.055291]}},{"type":"Feature","properties":{},"geometry":{"type":"Point","coordinates":[80.202181,13.056282]}},{"type":"Feature","properties":{},"geometry":{"type":"Point","coordinates":[80.200959,13.059919]}},{"type":"Feature","properties":{},"geometry":{"type":"Point","coordinates":[80.204988,12.989311]}},{"type":"Feature","properties":{},"geometry":{"type":"Point","coordinates":[80.200335,13.057828]}},{"type":"Feature","properties":{},"geometry":{"type":"Point","coordinates":[80.200218,13.055903]}},{"type":"Feature","properties":{},"geometry":{"type":"Point","coordinates":[80.201209,13.056059]}},{"type":"Feature","properties":{},"geometry":{"type":"Point","coordinates":[80.20144,13.058688]}},{"type":"Feature","properties":{},"geometry":{"type":"Point","coordinates":[80.198183,13.05231]}},{"type":"Feature","properties":{},"geometry":{"type":"Point","coordinates":[80.199275,13.051885]}},{"type":"Feature","properties":{},"geometry":{"type":"Point","coordinates":[80.206408,13.056866]}},{"type":"Feature","properties":{},"geometry":{"type":"Point","coordinates":[80.218377,13.055765]}},{"type":"Feature","properties":{},"geometry":{"type":"Point","coordinates":[80.206062,12.992489]}},{"type":"Feature","properties":{},"geometry":{"type":"Point","coordinates":[80.20526,12.982277]}},{"type":"Feature","properties":{},"geometry":{"type":"Point","coordinates":[80.203736,12.983582]}},{"type":"Feature","properties":{},"geometry":{"type":"Point","coordinates":[80.2039,12.984921]}},{"type":"Feature","properties":{},"geometry":{"type":"Point","coordinates":[80.165232,13.076539]}},{"type":"Feature","properties":{},"geometry":{"type":"Point","coordinates":[80.166732,13.078693]}},{"type":"Feature","properties":{},"geometry":{"type":"Point","coordinates":[80.167687,13.077547]}},{"type":"Feature","properties":{},"geometry":{"type":"Point","coordinates":[80.167927,13.077073]}},{"type":"Feature","properties":{},"geometry":{"type":"Point","coordinates":[80.162775,13.07357]}},{"type":"Feature","properties":{},"geometry":{"type":"Point","coordinates":[80.170267,13.077778]}},{"type":"Feature","properties":{},"geometry":{"type":"Point","coordinates":[80.170521,13.066907]}},{"type":"Feature","properties":{},"geometry":{"type":"Point","coordinates":[80.180739,13.048094]}},{"type":"Feature","properties":{},"geometry":{"type":"Point","coordinates":[80.247449,13.125305]}},{"type":"Feature","properties":{},"geometry":{"type":"Point","coordinates":[80.246249,13.140558]}},{"type":"Feature","properties":{},"geometry":{"type":"Point","coordinates":[80.168656,13.06759]}},{"type":"Feature","properties":{},"geometry":{"type":"Point","coordinates":[80.248765,13.1436]}},{"type":"Feature","properties":{},"geometry":{"type":"Point","coordinates":[80.249454,13.144995]}},{"type":"Feature","properties":{},"geometry":{"type":"Point","coordinates":[80.250573,13.141503]}},{"type":"Feature","properties":{},"geometry":{"type":"Point","coordinates":[80.249612,13.141845]}},{"type":"Feature","properties":{},"geometry":{"type":"Point","coordinates":[80.252123,13.142713]}},{"type":"Feature","properties":{},"geometry":{"type":"Point","coordinates":[80.250881,13.143717]}},{"type":"Feature","properties":{},"geometry":{"type":"Point","coordinates":[80.252157,13.139605]}},{"type":"Feature","properties":{},"geometry":{"type":"Point","coordinates":[80.247947,13.145558]}},{"type":"Feature","properties":{},"geometry":{"type":"Point","coordinates":[80.274237,13.126451]}},{"type":"Feature","properties":{},"geometry":{"type":"Point","coordinates":[80.287071,13.133774]}},{"type":"Feature","properties":{},"geometry":{"type":"Point","coordinates":[80.286004,13.133005]}},{"type":"Feature","properties":{},"geometry":{"type":"Point","coordinates":[80.291916,13.136979]}},{"type":"Feature","properties":{},"geometry":{"type":"Point","coordinates":[80.292327,13.136682]}},{"type":"Feature","properties":{},"geometry":{"type":"Point","coordinates":[80.271531,13.130319]}},{"type":"Feature","properties":{},"geometry":{"type":"Point","coordinates":[80.271183,13.129622]}},{"type":"Feature","properties":{},"geometry":{"type":"Point","coordinates":[80.270859,13.129173]}},{"type":"Feature","properties":{},"geometry":{"type":"Point","coordinates":[80.270737,13.128929]}},{"type":"Feature","properties":{},"geometry":{"type":"Point","coordinates":[80.25118,13.142854]}},{"type":"Feature","properties":{},"geometry":{"type":"Point","coordinates":[80.248699,13.141595]}},{"type":"Feature","properties":{},"geometry":{"type":"Point","coordinates":[80.247554,13.143627]}},{"type":"Feature","properties":{},"geometry":{"type":"Point","coordinates":[80.247268,13.143327]}},{"type":"Feature","properties":{},"geometry":{"type":"Point","coordinates":[80.247989,13.144533]}},{"type":"Feature","properties":{},"geometry":{"type":"Point","coordinates":[80.248142,13.145338]}},{"type":"Feature","properties":{},"geometry":{"type":"Point","coordinates":[80.167492,13.068783]}},{"type":"Feature","properties":{},"geometry":{"type":"Point","coordinates":[80.165728,13.069182]}},{"type":"Feature","properties":{},"geometry":{"type":"Point","coordinates":[80.172865,13.067425]}},{"type":"Feature","properties":{},"geometry":{"type":"Point","coordinates":[80.167011,13.068871]}},{"type":"Feature","properties":{},"geometry":{"type":"Point","coordinates":[80.250725,13.120288]}},{"type":"Feature","properties":{},"geometry":{"type":"Point","coordinates":[80.251655,13.120254]}},{"type":"Feature","properties":{},"geometry":{"type":"Point","coordinates":[80.251279,13.115376]}},{"type":"Feature","properties":{},"geometry":{"type":"Point","coordinates":[80.25076,13.119502]}},{"type":"Feature","properties":{},"geometry":{"type":"Point","coordinates":[80.249338,13.119272]}},{"type":"Feature","properties":{},"geometry":{"type":"Point","coordinates":[80.250436,13.11987]}},{"type":"Feature","properties":{},"geometry":{"type":"Point","coordinates":[80.250512,13.11976]}},{"type":"Feature","properties":{},"geometry":{"type":"Point","coordinates":[80.261287,13.113547]}},{"type":"Feature","properties":{},"geometry":{"type":"Point","coordinates":[80.269351,13.126965]}},{"type":"Feature","properties":{},"geometry":{"type":"Point","coordinates":[80.269979,13.126777]}},{"type":"Feature","properties":{},"geometry":{"type":"Point","coordinates":[80.251454,13.118919]}},{"type":"Feature","properties":{},"geometry":{"type":"Point","coordinates":[80.250928,13.118405]}},{"type":"Feature","properties":{},"geometry":{"type":"Point","coordinates":[80.245846,13.115785]}},{"type":"Feature","properties":{},"geometry":{"type":"Point","coordinates":[80.245533,13.114942]}},{"type":"Feature","properties":{},"geometry":{"type":"Point","coordinates":[80.245315,13.113671]}},{"type":"Feature","properties":{},"geometry":{"type":"Point","coordinates":[80.248354,13.120511]}},{"type":"Feature","properties":{},"geometry":{"type":"Point","coordinates":[80.249699,13.120243]}},{"type":"Feature","properties":{},"geometry":{"type":"Point","coordinates":[80.249864,13.11999]}},{"type":"Feature","properties":{},"geometry":{"type":"Point","coordinates":[80.25019,13.119783]}},{"type":"Feature","properties":{},"geometry":{"type":"Point","coordinates":[80.250901,13.120416]}},{"type":"Feature","properties":{},"geometry":{"type":"Point","coordinates":[80.247922,13.121898]}},{"type":"Feature","properties":{},"geometry":{"type":"Point","coordinates":[80.162756,13.066747]}},{"type":"Feature","properties":{},"geometry":{"type":"Point","coordinates":[80.249646,13.122128]}},{"type":"Feature","properties":{},"geometry":{"type":"Point","coordinates":[80.249634,13.121576]}},{"type":"Feature","properties":{},"geometry":{"type":"Point","coordinates":[80.253335,13.120537]}},{"type":"Feature","properties":{},"geometry":{"type":"Point","coordinates":[80.253019,13.118919]}},{"type":"Feature","properties":{},"geometry":{"type":"Point","coordinates":[80.253909,13.117203]}},{"type":"Feature","properties":{},"geometry":{"type":"Point","coordinates":[80.255825,13.117252]}},{"type":"Feature","properties":{},"geometry":{"type":"Point","coordinates":[80.258765,13.118919]}},{"type":"Feature","properties":{},"geometry":{"type":"Point","coordinates":[80.258597,13.118954]}},{"type":"Feature","properties":{},"geometry":{"type":"Point","coordinates":[80.25904,13.119086]}},{"type":"Feature","properties":{},"geometry":{"type":"Point","coordinates":[80.259231,13.1209]}},{"type":"Feature","properties":{},"geometry":{"type":"Point","coordinates":[80.257774,13.1231]}},{"type":"Feature","properties":{},"geometry":{"type":"Point","coordinates":[80.257935,13.123118]}},{"type":"Feature","properties":{},"geometry":{"type":"Point","coordinates":[80.256519,13.123156]}},{"type":"Feature","properties":{},"geometry":{"type":"Point","coordinates":[80.256658,13.123617]}},{"type":"Feature","properties":{},"geometry":{"type":"Point","coordinates":[80.267724,13.083445]}},{"type":"Feature","properties":{},"geometry":{"type":"Point","coordinates":[80.253298,13.069382]}},{"type":"Feature","properties":{},"geometry":{"type":"Point","coordinates":[80.251998,13.070489]}},{"type":"Feature","properties":{},"geometry":{"type":"Point","coordinates":[80.253437,13.070044]}},{"type":"Feature","properties":{},"geometry":{"type":"Point","coordinates":[80.260039,13.114559]}},{"type":"Feature","properties":{},"geometry":{"type":"Point","coordinates":[80.258609,13.113526]}},{"type":"Feature","properties":{},"geometry":{"type":"Point","coordinates":[80.258195,13.113569]}},{"type":"Feature","properties":{},"geometry":{"type":"Point","coordinates":[80.264782,13.117117]}},{"type":"Feature","properties":{},"geometry":{"type":"Point","coordinates":[80.278337,13.117486]}},{"type":"Feature","properties":{},"geometry":{"type":"Point","coordinates":[80.249588,13.122594]}},{"type":"Feature","properties":{},"geometry":{"type":"Point","coordinates":[80.177095,13.058026]}},{"type":"Feature","properties":{},"geometry":{"type":"Point","coordinates":[80.209603,13.113261]}},{"type":"Feature","properties":{},"geometry":{"type":"Point","coordinates":[80.216052,13.112199]}},{"type":"Feature","properties":{},"geometry":{"type":"Point","coordinates":[80.207073,13.112086]}},{"type":"Feature","properties":{},"geometry":{"type":"Point","coordinates":[80.229994,13.110374]}},{"type":"Feature","properties":{},"geometry":{"type":"Point","coordinates":[80.230741,13.111023]}},{"type":"Feature","properties":{},"geometry":{"type":"Point","coordinates":[80.226338,13.121194]}},{"type":"Feature","properties":{},"geometry":{"type":"Point","coordinates":[80.224913,13.124148]}},{"type":"Feature","properties":{},"geometry":{"type":"Point","coordinates":[80.221472,13.11435]}},{"type":"Feature","properties":{},"geometry":{"type":"Point","coordinates":[80.221602,13.114657]}},{"type":"Feature","properties":{},"geometry":{"type":"Point","coordinates":[80.226775,13.124989]}},{"type":"Feature","properties":{},"geometry":{"type":"Point","coordinates":[80.223907,13.116643]}},{"type":"Feature","properties":{},"geometry":{"type":"Point","coordinates":[80.22462,13.112923]}},{"type":"Feature","properties":{},"geometry":{"type":"Point","coordinates":[80.230552,13.112038]}},{"type":"Feature","properties":{},"geometry":{"type":"Point","coordinates":[80.226924,13.110263]}},{"type":"Feature","properties":{},"geometry":{"type":"Point","coordinates":[80.236633,13.112932]}},{"type":"Feature","properties":{},"geometry":{"type":"Point","coordinates":[80.23696,13.115865]}},{"type":"Feature","properties":{},"geometry":{"type":"Point","coordinates":[80.267233,13.069214]}},{"type":"Feature","properties":{},"geometry":{"type":"Point","coordinates":[80.283147,13.101428]}},{"type":"Feature","properties":{},"geometry":{"type":"Point","coordinates":[80.273867,13.105546]}},{"type":"Feature","properties":{},"geometry":{"type":"Point","coordinates":[80.209972,13.113291]}},{"type":"Feature","properties":{},"geometry":{"type":"Point","coordinates":[80.208978,13.111548]}},{"type":"Feature","properties":{},"geometry":{"type":"Point","coordinates":[80.207443,13.115499]}},{"type":"Feature","properties":{},"geometry":{"type":"Point","coordinates":[80.209046,13.113809]}},{"type":"Feature","properties":{},"geometry":{"type":"Point","coordinates":[80.201502,13.127215]}},{"type":"Feature","properties":{},"geometry":{"type":"Point","coordinates":[80.177628,13.059121]}},{"type":"Feature","properties":{},"geometry":{"type":"Point","coordinates":[80.235907,13.122028]}},{"type":"Feature","properties":{},"geometry":{"type":"Point","coordinates":[80.23474,13.118192]}},{"type":"Feature","properties":{},"geometry":{"type":"Point","coordinates":[80.242693,13.124701]}},{"type":"Feature","properties":{},"geometry":{"type":"Point","coordinates":[80.247904,13.108076]}},{"type":"Feature","properties":{},"geometry":{"type":"Point","coordinates":[80.242958,13.105296]}},{"type":"Feature","properties":{},"geometry":{"type":"Point","coordinates":[80.24813,13.103678]}},{"type":"Feature","properties":{},"geometry":{"type":"Point","coordinates":[80.249651,13.100407]}},{"type":"Feature","properties":{},"geometry":{"type":"Point","coordinates":[80.266845,13.101852]}},{"type":"Feature","properties":{},"geometry":{"type":"Point","coordinates":[80.263639,13.105007]}},{"type":"Feature","properties":{},"geometry":{"type":"Point","coordinates":[80.262326,13.105589]}},{"type":"Feature","properties":{},"geometry":{"type":"Point","coordinates":[80.265864,13.108452]}},{"type":"Feature","properties":{},"geometry":{"type":"Point","coordinates":[80.260956,13.105974]}},{"type":"Feature","properties":{},"geometry":{"type":"Point","coordinates":[80.262331,13.105677]}},{"type":"Feature","properties":{},"geometry":{"type":"Point","coordinates":[80.266223,13.108511]}},{"type":"Feature","properties":{},"geometry":{"type":"Point","coordinates":[80.25768,13.092407]}},{"type":"Feature","properties":{},"geometry":{"type":"Point","coordinates":[80.262161,13.092373]}},{"type":"Feature","properties":{},"geometry":{"type":"Point","coordinates":[80.260192,13.09341]}},{"type":"Feature","properties":{},"geometry":{"type":"Point","coordinates":[80.262077,13.091545]}},{"type":"Feature","properties":{},"geometry":{"type":"Point","coordinates":[80.237989,13.112529]}},{"type":"Feature","properties":{},"geometry":{"type":"Point","coordinates":[80.23586,13.115216]}},{"type":"Feature","properties":{},"geometry":{"type":"Point","coordinates":[80.235189,13.116096]}},{"type":"Feature","properties":{},"geometry":{"type":"Point","coordinates":[80.238261,13.121886]}},{"type":"Feature","properties":{},"geometry":{"type":"Point","coordinates":[80.233612,13.120216]}},{"type":"Feature","properties":{},"geometry":{"type":"Point","coordinates":[80.234523,13.122269]}},{"type":"Feature","properties":{},"geometry":{"type":"Point","coordinates":[80.172718,13.060606]}},{"type":"Feature","properties":{},"geometry":{"type":"Point","coordinates":[80.157939,13.120075]}},{"type":"Feature","properties":{},"geometry":{"type":"Point","coordinates":[80.155784,13.116631]}},{"type":"Feature","properties":{},"geometry":{"type":"Point","coordinates":[80.157285,13.118539]}},{"type":"Feature","properties":{},"geometry":{"type":"Point","coordinates":[80.144514,13.121038]}},{"type":"Feature","properties":{},"geometry":{"type":"Point","coordinates":[80.168135,13.114943]}},{"type":"Feature","properties":{},"geometry":{"type":"Point","coordinates":[80.167894,13.114852]}},{"type":"Feature","properties":{},"geometry":{"type":"Point","coordinates":[80.166916,13.120006]}},{"type":"Feature","properties":{},"geometry":{"type":"Point","coordinates":[80.1708,13.11566]}},{"type":"Feature","properties":{},"geometry":{"type":"Point","coordinates":[80.166233,13.12009]}},{"type":"Feature","properties":{},"geometry":{"type":"Point","coordinates":[80.164033,13.120435]}},{"type":"Feature","properties":{},"geometry":{"type":"Point","coordinates":[80.162499,13.119222]}},{"type":"Feature","properties":{},"geometry":{"type":"Point","coordinates":[80.169785,13.11869]}},{"type":"Feature","properties":{},"geometry":{"type":"Point","coordinates":[80.169323,13.120314]}},{"type":"Feature","properties":{},"geometry":{"type":"Point","coordinates":[80.168305,13.121613]}},{"type":"Feature","properties":{},"geometry":{"type":"Point","coordinates":[80.169827,13.127259]}},{"type":"Feature","properties":{},"geometry":{"type":"Point","coordinates":[80.252518,13.096714]}},{"type":"Feature","properties":{},"geometry":{"type":"Point","coordinates":[80.254452,13.092815]}},{"type":"Feature","properties":{},"geometry":{"type":"Point","coordinates":[80.253271,13.093816]}},{"type":"Feature","properties":{},"geometry":{"type":"Point","coordinates":[80.253633,13.092496]}},{"type":"Feature","properties":{},"geometry":{"type":"Point","coordinates":[80.142672,13.117326]}},{"type":"Feature","properties":{},"geometry":{"type":"Point","coordinates":[80.158045,13.118155]}},{"type":"Feature","properties":{},"geometry":{"type":"Point","coordinates":[80.170449,13.118281]}},{"type":"Feature","properties":{},"geometry":{"type":"Point","coordinates":[80.145935,13.116527]}},{"type":"Feature","properties":{},"geometry":{"type":"Point","coordinates":[80.167853,13.115202]}},{"type":"Feature","properties":{},"geometry":{"type":"Point","coordinates":[80.172191,13.058687]}},{"type":"Feature","properties":{},"geometry":{"type":"Point","coordinates":[80.172017,13.130241]}},{"type":"Feature","properties":{},"geometry":{"type":"Point","coordinates":[80.171426,13.129432]}},{"type":"Feature","properties":{},"geometry":{"type":"Point","coordinates":[80.171458,13.12902]}},{"type":"Feature","properties":{},"geometry":{"type":"Point","coordinates":[80.174774,13.129422]}},{"type":"Feature","properties":{},"geometry":{"type":"Point","coordinates":[80.174592,13.129809]}},{"type":"Feature","properties":{},"geometry":{"type":"Point","coordinates":[80.17486,13.131146]}},{"type":"Feature","properties":{},"geometry":{"type":"Point","coordinates":[80.169883,13.124934]}},{"type":"Feature","properties":{},"geometry":{"type":"Point","coordinates":[80.164962,13.117151]}},{"type":"Feature","properties":{},"geometry":{"type":"Point","coordinates":[80.172728,13.1291]}},{"type":"Feature","properties":{},"geometry":{"type":"Point","coordinates":[80.169614,13.127084]}},{"type":"Feature","properties":{},"geometry":{"type":"Point","coordinates":[80.171604,13.1273]}},{"type":"Feature","properties":{},"geometry":{"type":"Point","coordinates":[80.170872,13.126256]}},{"type":"Feature","properties":{},"geometry":{"type":"Point","coordinates":[80.172559,13.126548]}},{"type":"Feature","properties":{},"geometry":{"type":"Point","coordinates":[80.170389,13.128108]}},{"type":"Feature","properties":{},"geometry":{"type":"Point","coordinates":[80.175526,13.13779]}},{"type":"Feature","properties":{},"geometry":{"type":"Point","coordinates":[80.159968,13.121897]}},{"type":"Feature","properties":{},"geometry":{"type":"Point","coordinates":[80.155793,13.114604]}},{"type":"Feature","properties":{},"geometry":{"type":"Point","coordinates":[80.17034,13.120182]}},{"type":"Feature","properties":{},"geometry":{"type":"Point","coordinates":[80.169586,13.125345]}},{"type":"Feature","properties":{},"geometry":{"type":"Point","coordinates":[80.173226,13.127713]}},{"type":"Feature","properties":{},"geometry":{"type":"Point","coordinates":[80.173064,13.127376]}},{"type":"Feature","properties":{},"geometry":{"type":"Point","coordinates":[80.172214,13.127561]}},{"type":"Feature","properties":{},"geometry":{"type":"Point","coordinates":[80.172524,13.127622]}},{"type":"Feature","properties":{},"geometry":{"type":"Point","coordinates":[80.171047,13.121515]}},{"type":"Feature","properties":{},"geometry":{"type":"Point","coordinates":[80.174813,13.064988]}},{"type":"Feature","properties":{},"geometry":{"type":"Point","coordinates":[80.175051,13.100713]}},{"type":"Feature","properties":{},"geometry":{"type":"Point","coordinates":[80.171076,13.103433]}},{"type":"Feature","properties":{},"geometry":{"type":"Point","coordinates":[80.172881,13.103082]}},{"type":"Feature","properties":{},"geometry":{"type":"Point","coordinates":[80.17436,13.101029]}},{"type":"Feature","properties":{},"geometry":{"type":"Point","coordinates":[80.167215,13.100423]}},{"type":"Feature","properties":{},"geometry":{"type":"Point","coordinates":[80.16754,13.101082]}},{"type":"Feature","properties":{},"geometry":{"type":"Point","coordinates":[80.14997,13.110988]}},{"type":"Feature","properties":{},"geometry":{"type":"Point","coordinates":[80.169096,13.103441]}},{"type":"Feature","properties":{},"geometry":{"type":"Point","coordinates":[80.149767,13.110967]}},{"type":"Feature","properties":{},"geometry":{"type":"Point","coordinates":[80.149168,13.109044]}},{"type":"Feature","properties":{},"geometry":{"type":"Point","coordinates":[80.170486,13.10526]}},{"type":"Feature","properties":{},"geometry":{"type":"Point","coordinates":[80.170357,13.104689]}},{"type":"Feature","properties":{},"geometry":{"type":"Point","coordinates":[80.149948,13.093139]}},{"type":"Feature","properties":{},"geometry":{"type":"Point","coordinates":[80.150961,13.093844]}},{"type":"Feature","properties":{},"geometry":{"type":"Point","coordinates":[80.153634,13.093903]}},{"type":"Feature","properties":{},"geometry":{"type":"Point","coordinates":[80.199736,13.127743]}},{"type":"Feature","properties":{},"geometry":{"type":"Point","coordinates":[80.194178,13.123465]}},{"type":"Feature","properties":{},"geometry":{"type":"Point","coordinates":[80.194038,13.120291]}},{"type":"Feature","properties":{},"geometry":{"type":"Point","coordinates":[80.180989,13.105842]}},{"type":"Feature","properties":{},"geometry":{"type":"Point","coordinates":[80.182621,13.103978]}},{"type":"Feature","properties":{},"geometry":{"type":"Point","coordinates":[80.17813,13.101388]}},{"type":"Feature","properties":{},"geometry":{"type":"Point","coordinates":[80.151343,13.09378]}},{"type":"Feature","properties":{},"geometry":{"type":"Point","coordinates":[80.184842,13.107898]}},{"type":"Feature","properties":{},"geometry":{"type":"Point","coordinates":[80.172114,13.064287]}},{"type":"Feature","properties":{},"geometry":{"type":"Point","coordinates":[80.158558,13.092177]}},{"type":"Feature","properties":{},"geometry":{"type":"Point","coordinates":[80.158504,13.092268]}},{"type":"Feature","properties":{},"geometry":{"type":"Point","coordinates":[80.15836,13.091472]}},{"type":"Feature","properties":{},"geometry":{"type":"Point","coordinates":[80.158953,13.091842]}},{"type":"Feature","properties":{},"geometry":{"type":"Point","coordinates":[80.159292,13.090834]}},{"type":"Feature","properties":{},"geometry":{"type":"Point","coordinates":[80.156957,13.090343]}},{"type":"Feature","properties":{},"geometry":{"type":"Point","coordinates":[80.155821,13.087497]}},{"type":"Feature","properties":{},"geometry":{"type":"Point","coordinates":[80.175198,13.099429]}},{"type":"Feature","properties":{},"geometry":{"type":"Point","coordinates":[80.156865,13.083916]}},{"type":"Feature","properties":{},"geometry":{"type":"Point","coordinates":[80.159429,13.086452]}},{"type":"Feature","properties":{},"geometry":{"type":"Point","coordinates":[80.158882,13.098832]}},{"type":"Feature","properties":{},"geometry":{"type":"Point","coordinates":[80.157918,13.101594]}},{"type":"Feature","properties":{},"geometry":{"type":"Point","coordinates":[80.154249,13.092513]}},{"type":"Feature","properties":{},"geometry":{"type":"Point","coordinates":[80.148206,13.088352]}},{"type":"Feature","properties":{},"geometry":{"type":"Point","coordinates":[80.148839,13.093675]}},{"type":"Feature","properties":{},"geometry":{"type":"Point","coordinates":[80.1493,13.090821]}},{"type":"Feature","properties":{},"geometry":{"type":"Point","coordinates":[80.150058,13.089845]}},{"type":"Feature","properties":{},"geometry":{"type":"Point","coordinates":[80.156498,13.093121]}},{"type":"Feature","properties":{},"geometry":{"type":"Point","coordinates":[80.147079,13.089035]}},{"type":"Feature","properties":{},"geometry":{"type":"Point","coordinates":[80.148573,13.087763]}},{"type":"Feature","properties":{},"geometry":{"type":"Point","coordinates":[80.157766,13.100314]}},{"type":"Feature","properties":{},"geometry":{"type":"Point","coordinates":[80.158572,13.100997]}},{"type":"Feature","properties":{},"geometry":{"type":"Point","coordinates":[80.154304,13.093922]}},{"type":"Feature","properties":{},"geometry":{"type":"Point","coordinates":[80.155008,13.09405]}},{"type":"Feature","properties":{},"geometry":{"type":"Point","coordinates":[80.187117,13.068254]}},{"type":"Feature","properties":{},"geometry":{"type":"Point","coordinates":[80.182481,13.095204]}},{"type":"Feature","properties":{},"geometry":{"type":"Point","coordinates":[80.178191,13.094148]}},{"type":"Feature","properties":{},"geometry":{"type":"Point","coordinates":[80.194082,13.100001]}},{"type":"Feature","properties":{},"geometry":{"type":"Point","coordinates":[80.187179,13.094446]}},{"type":"Feature","properties":{},"geometry":{"type":"Point","coordinates":[80.187187,13.094886]}},{"type":"Feature","properties":{},"geometry":{"type":"Point","coordinates":[80.187214,13.099532]}},{"type":"Feature","properties":{},"geometry":{"type":"Point","coordinates":[80.188295,13.093692]}},{"type":"Feature","properties":{},"geometry":{"type":"Point","coordinates":[80.188427,13.087116]}},{"type":"Feature","properties":{},"geometry":{"type":"Point","coordinates":[80.187153,13.086904]}},{"type":"Feature","properties":{},"geometry":{"type":"Point","coordinates":[80.183912,13.088167]}},{"type":"Feature","properties":{},"geometry":{"type":"Point","coordinates":[80.185705,13.088076]}},{"type":"Feature","properties":{},"geometry":{"type":"Point","coordinates":[80.188827,13.087939]}},{"type":"Feature","properties":{},"geometry":{"type":"Point","coordinates":[80.188058,13.088519]}},{"type":"Feature","properties":{},"geometry":{"type":"Point","coordinates":[80.186328,13.089001]}},{"type":"Feature","properties":{},"geometry":{"type":"Point","coordinates":[80.185366,13.088675]}},{"type":"Feature","properties":{},"geometry":{"type":"Point","coordinates":[80.184019,13.089259]}},{"type":"Feature","properties":{},"geometry":{"type":"Point","coordinates":[80.183509,13.092955]}},{"type":"Feature","properties":{},"geometry":{"type":"Point","coordinates":[80.186726,13.097415]}},{"type":"Feature","properties":{},"geometry":{"type":"Point","coordinates":[80.185231,13.094717]}},{"type":"Feature","properties":{},"geometry":{"type":"Point","coordinates":[80.177968,13.095589]}},{"type":"Feature","properties":{},"geometry":{"type":"Point","coordinates":[80.177358,13.088047]}},{"type":"Feature","properties":{},"geometry":{"type":"Point","coordinates":[80.183056,13.092937]}},{"type":"Feature","properties":{},"geometry":{"type":"Point","coordinates":[80.174543,13.100848]}},{"type":"Feature","properties":{},"geometry":{"type":"Point","coordinates":[80.189245,13.080814]}},{"type":"Feature","properties":{},"geometry":{"type":"Point","coordinates":[80.189092,13.080651]}},{"type":"Feature","properties":{},"geometry":{"type":"Point","coordinates":[80.190304,13.083538]}},{"type":"Feature","properties":{},"geometry":{"type":"Point","coordinates":[80.194608,13.088634]}},{"type":"Feature","properties":{},"geometry":{"type":"Point","coordinates":[80.173893,13.081838]}},{"type":"Feature","properties":{},"geometry":{"type":"Point","coordinates":[80.166061,13.083841]}},{"type":"Feature","properties":{},"geometry":{"type":"Point","coordinates":[80.165613,13.08277]}},{"type":"Feature","properties":{},"geometry":{"type":"Point","coordinates":[80.165822,13.083169]}},{"type":"Feature","properties":{},"geometry":{"type":"Point","coordinates":[80.169173,13.084669]}},{"type":"Feature","properties":{},"geometry":{"type":"Point","coordinates":[80.181355,13.08342]}},{"type":"Feature","properties":{},"geometry":{"type":"Point","coordinates":[80.182344,13.084788]}},{"type":"Feature","properties":{},"geometry":{"type":"Point","coordinates":[80.182753,13.082642]}},{"type":"Feature","properties":{},"geometry":{"type":"Point","coordinates":[80.183273,13.083899]}},{"type":"Feature","properties":{},"geometry":{"type":"Point","coordinates":[80.182749,13.085186]}},{"type":"Feature","properties":{},"geometry":{"type":"Point","coordinates":[80.181746,13.083887]}},{"type":"Feature","properties":{},"geometry":{"type":"Point","coordinates":[80.182416,13.094008]}},{"type":"Feature","properties":{},"geometry":{"type":"Point","coordinates":[80.189785,13.090137]}},{"type":"Feature","properties":{},"geometry":{"type":"Point","coordinates":[80.188587,13.09003]}},{"type":"Feature","properties":{},"geometry":{"type":"Point","coordinates":[80.183288,13.089446]}},{"type":"Feature","properties":{},"geometry":{"type":"Point","coordinates":[80.189801,13.08229]}},{"type":"Feature","properties":{},"geometry":{"type":"Point","coordinates":[80.189259,13.081573]}},{"type":"Feature","properties":{},"geometry":{"type":"Point","coordinates":[80.182319,13.08589]}},{"type":"Feature","properties":{},"geometry":{"type":"Point","coordinates":[80.191548,13.087711]}},{"type":"Feature","properties":{},"geometry":{"type":"Point","coordinates":[80.162112,13.081005]}},{"type":"Feature","properties":{},"geometry":{"type":"Point","coordinates":[80.18657,13.083307]}},{"type":"Feature","properties":{},"geometry":{"type":"Point","coordinates":[80.184669,13.084441]}},{"type":"Feature","properties":{},"geometry":{"type":"Point","coordinates":[80.184984,13.081909]}},{"type":"Feature","properties":{},"geometry":{"type":"Point","coordinates":[80.177871,13.058121]}},{"type":"Feature","properties":{},"geometry":{"type":"Point","coordinates":[80.188377,13.067099]}},{"type":"Feature","properties":{},"geometry":{"type":"Point","coordinates":[80.187987,13.066875]}},{"type":"Feature","properties":{},"geometry":{"type":"Point","coordinates":[80.189658,13.062509]}},{"type":"Feature","properties":{},"geometry":{"type":"Point","coordinates":[80.32078,13.221551]}},{"type":"Feature","properties":{},"geometry":{"type":"Point","coordinates":[80.318492,13.214243]}},{"type":"Feature","properties":{},"geometry":{"type":"Point","coordinates":[80.319023,13.215024]}},{"type":"Feature","properties":{},"geometry":{"type":"Point","coordinates":[80.316697,13.213945]}},{"type":"Feature","properties":{},"geometry":{"type":"Point","coordinates":[80.319101,13.215305]}},{"type":"Feature","properties":{},"geometry":{"type":"Point","coordinates":[80.318954,13.215128]}},{"type":"Feature","properties":{},"geometry":{"type":"Point","coordinates":[80.31919,13.215035]}},{"type":"Feature","properties":{},"geometry":{"type":"Point","coordinates":[80.189796,13.063846]}},{"type":"Feature","properties":{},"geometry":{"type":"Point","coordinates":[80.329597,13.228524]}},{"type":"Feature","properties":{},"geometry":{"type":"Point","coordinates":[80.32962,13.228282]}},{"type":"Feature","properties":{},"geometry":{"type":"Point","coordinates":[80.324954,13.228888]}},{"type":"Feature","properties":{},"geometry":{"type":"Point","coordinates":[80.327992,13.226665]}},{"type":"Feature","properties":{},"geometry":{"type":"Point","coordinates":[80.327328,13.229208]}},{"type":"Feature","properties":{},"geometry":{"type":"Point","coordinates":[80.326366,13.227194]}},{"type":"Feature","properties":{},"geometry":{"type":"Point","coordinates":[80.326469,13.225253]}},{"type":"Feature","properties":{},"geometry":{"type":"Point","coordinates":[80.326382,13.225153]}},{"type":"Feature","properties":{},"geometry":{"type":"Point","coordinates":[80.324585,13.225813]}},{"type":"Feature","properties":{},"geometry":{"type":"Point","coordinates":[80.323986,13.221321]}},{"type":"Feature","properties":{},"geometry":{"type":"Point","coordinates":[80.326111,13.222055]}},{"type":"Feature","properties":{},"geometry":{"type":"Point","coordinates":[80.322771,13.221784]}},{"type":"Feature","properties":{},"geometry":{"type":"Point","coordinates":[80.322829,13.222729]}},{"type":"Feature","properties":{},"geometry":{"type":"Point","coordinates":[80.322397,13.226596]}},{"type":"Feature","properties":{},"geometry":{"type":"Point","coordinates":[80.323768,13.220668]}},{"type":"Feature","properties":{},"geometry":{"type":"Point","coordinates":[80.298174,13.178969]}},{"type":"Feature","properties":{},"geometry":{"type":"Point","coordinates":[80.300284,13.175162]}},{"type":"Feature","properties":{},"geometry":{"type":"Point","coordinates":[80.327244,13.223381]}},{"type":"Feature","properties":{},"geometry":{"type":"Point","coordinates":[80.328114,13.224746]}},{"type":"Feature","properties":{},"geometry":{"type":"Point","coordinates":[80.329002,13.225084]}},{"type":"Feature","properties":{},"geometry":{"type":"Point","coordinates":[80.330854,13.231936]}},{"type":"Feature","properties":{},"geometry":{"type":"Point","coordinates":[80.329742,13.231419]}},{"type":"Feature","properties":{},"geometry":{"type":"Point","coordinates":[80.33009,13.22931]}},{"type":"Feature","properties":{},"geometry":{"type":"Point","coordinates":[80.189515,13.059588]}},{"type":"Feature","properties":{},"geometry":{"type":"Point","coordinates":[80.299353,13.170157]}},{"type":"Feature","properties":{},"geometry":{"type":"Point","coordinates":[80.296014,13.175163]}},{"type":"Feature","properties":{},"geometry":{"type":"Point","coordinates":[80.29858,13.17631]}},{"type":"Feature","properties":{},"geometry":{"type":"Point","coordinates":[80.294699,13.174024]}},{"type":"Feature","properties":{},"geometry":{"type":"Point","coordinates":[80.31514,13.187323]}},{"type":"Feature","properties":{},"geometry":{"type":"Point","coordinates":[80.314607,13.186307]}},{"type":"Feature","properties":{},"geometry":{"type":"Point","coordinates":[80.315991,13.186228]}},{"type":"Feature","properties":{},"geometry":{"type":"Point","coordinates":[80.315766,13.184297]}},{"type":"Feature","properties":{},"geometry":{"type":"Point","coordinates":[80.313102,13.185546]}},{"type":"Feature","properties":{},"geometry":{"type":"Point","coordinates":[80.312114,13.184698]}},{"type":"Feature","properties":{},"geometry":{"type":"Point","coordinates":[80.311142,13.177575]}},{"type":"Feature","properties":{},"geometry":{"type":"Point","coordinates":[80.313231,13.177036]}},{"type":"Feature","properties":{},"geometry":{"type":"Point","coordinates":[80.311559,13.179006]}},{"type":"Feature","properties":{},"geometry":{"type":"Point","coordinates":[80.310686,13.185015]}},{"type":"Feature","properties":{},"geometry":{"type":"Point","coordinates":[80.306983,13.181763]}},{"type":"Feature","properties":{},"geometry":{"type":"Point","coordinates":[80.307982,13.184126]}},{"type":"Feature","properties":{},"geometry":{"type":"Point","coordinates":[80.311146,13.17752]}},{"type":"Feature","properties":{},"geometry":{"type":"Point","coordinates":[80.292609,13.176592]}},{"type":"Feature","properties":{},"geometry":{"type":"Point","coordinates":[80.293531,13.178037]}},{"type":"Feature","properties":{},"geometry":{"type":"Point","coordinates":[80.29454,13.179576]}},{"type":"Feature","properties":{},"geometry":{"type":"Point","coordinates":[80.300901,13.17295]}},{"type":"Feature","properties":{},"geometry":{"type":"Point","coordinates":[80.295665,13.172255]}},{"type":"Feature","properties":{},"geometry":{"type":"Point","coordinates":[80.295485,13.171431]}},{"type":"Feature","properties":{},"geometry":{"type":"Point","coordinates":[80.188302,13.060722]}},{"type":"Feature","properties":{},"geometry":{"type":"Point","coordinates":[80.316153,13.200152]}},{"type":"Feature","properties":{},"geometry":{"type":"Point","coordinates":[80.31231,13.191328]}},{"type":"Feature","properties":{},"geometry":{"type":"Point","coordinates":[80.313806,13.188209]}},{"type":"Feature","properties":{},"geometry":{"type":"Point","coordinates":[80.320078,13.197351]}},{"type":"Feature","properties":{},"geometry":{"type":"Point","coordinates":[80.319772,13.196904]}},{"type":"Feature","properties":{},"geometry":{"type":"Point","coordinates":[80.314737,13.189129]}},{"type":"Feature","properties":{},"geometry":{"type":"Point","coordinates":[80.316858,13.189068]}},{"type":"Feature","properties":{},"geometry":{"type":"Point","coordinates":[80.296034,13.167176]}},{"type":"Feature","properties":{},"geometry":{"type":"Point","coordinates":[80.296541,13.166566]}},{"type":"Feature","properties":{},"geometry":{"type":"Point","coordinates":[80.290241,13.168769]}},{"type":"Feature","properties":{},"geometry":{"type":"Point","coordinates":[80.290004,13.167518]}},{"type":"Feature","properties":{},"geometry":{"type":"Point","coordinates":[80.290151,13.169616]}},{"type":"Feature","properties":{},"geometry":{"type":"Point","coordinates":[80.291834,13.172863]}},{"type":"Feature","properties":{},"geometry":{"type":"Point","coordinates":[80.297527,13.168548]}},{"type":"Feature","properties":{},"geometry":{"type":"Point","coordinates":[80.299142,13.169016]}},{"type":"Feature","properties":{},"geometry":{"type":"Point","coordinates":[80.315835,13.190616]}},{"type":"Feature","properties":{},"geometry":{"type":"Point","coordinates":[80.318948,13.195489]}},{"type":"Feature","properties":{},"geometry":{"type":"Point","coordinates":[80.319344,13.195608]}},{"type":"Feature","properties":{},"geometry":{"type":"Point","coordinates":[80.315158,13.197103]}},{"type":"Feature","properties":{},"geometry":{"type":"Point","coordinates":[80.319927,13.197223]}},{"type":"Feature","properties":{},"geometry":{"type":"Point","coordinates":[80.320419,13.198304]}},{"type":"Feature","properties":{},"geometry":{"type":"Point","coordinates":[80.180491,13.064017]}},{"type":"Feature","properties":{},"geometry":{"type":"Point","coordinates":[80.275805,13.199269]}},{"type":"Feature","properties":{},"geometry":{"type":"Point","coordinates":[80.249021,13.167802]}},{"type":"Feature","properties":{},"geometry":{"type":"Point","coordinates":[80.201853,13.155107]}},{"type":"Feature","properties":{},"geometry":{"type":"Point","coordinates":[80.203639,13.139881]}},{"type":"Feature","properties":{},"geometry":{"type":"Point","coordinates":[80.202238,13.141014]}},{"type":"Feature","properties":{},"geometry":{"type":"Point","coordinates":[80.203226,13.142489]}},{"type":"Feature","properties":{},"geometry":{"type":"Point","coordinates":[80.204989,13.140465]}},{"type":"Feature","properties":{},"geometry":{"type":"Point","coordinates":[80.201259,13.143353]}},{"type":"Feature","properties":{},"geometry":{"type":"Point","coordinates":[80.200897,13.142555]}},{"type":"Feature","properties":{},"geometry":{"type":"Point","coordinates":[80.198229,13.142742]}},{"type":"Feature","properties":{},"geometry":{"type":"Point","coordinates":[80.198255,13.142013]}},{"type":"Feature","properties":{},"geometry":{"type":"Point","coordinates":[80.199883,13.141307]}},{"type":"Feature","properties":{},"geometry":{"type":"Point","coordinates":[80.206547,13.144202]}},{"type":"Feature","properties":{},"geometry":{"type":"Point","coordinates":[80.206105,13.144546]}},{"type":"Feature","properties":{},"geometry":{"type":"Point","coordinates":[80.180831,13.066502]}},{"type":"Feature","properties":{},"geometry":{"type":"Point","coordinates":[80.196334,13.14212]}},{"type":"Feature","properties":{},"geometry":{"type":"Point","coordinates":[80.202904,13.151369]}},{"type":"Feature","properties":{},"geometry":{"type":"Point","coordinates":[80.200428,13.151395]}},{"type":"Feature","properties":{},"geometry":{"type":"Point","coordinates":[80.203792,13.150882]}},{"type":"Feature","properties":{},"geometry":{"type":"Point","coordinates":[80.201795,13.149633]}},{"type":"Feature","properties":{},"geometry":{"type":"Point","coordinates":[80.20288,13.14796]}},{"type":"Feature","properties":{},"geometry":{"type":"Point","coordinates":[80.202024,13.14849]}},{"type":"Feature","properties":{},"geometry":{"type":"Point","coordinates":[80.201808,13.146716]}},{"type":"Feature","properties":{},"geometry":{"type":"Point","coordinates":[80.200952,13.146481]}},{"type":"Feature","properties":{},"geometry":{"type":"Point","coordinates":[80.199653,13.148047]}},{"type":"Feature","properties":{},"geometry":{"type":"Point","coordinates":[80.198977,13.149832]}},{"type":"Feature","properties":{},"geometry":{"type":"Point","coordinates":[80.195414,13.143758]}},{"type":"Feature","properties":{},"geometry":{"type":"Point","coordinates":[80.195022,13.146053]}},{"type":"Feature","properties":{},"geometry":{"type":"Point","coordinates":[80.196566,13.145721]}},{"type":"Feature","properties":{},"geometry":{"type":"Point","coordinates":[80.1959,13.142673]}},{"type":"Feature","properties":{},"geometry":{"type":"Point","coordinates":[80.204472,13.147774]}},{"type":"Feature","properties":{},"geometry":{"type":"Point","coordinates":[80.205337,13.149488]}},{"type":"Feature","properties":{},"geometry":{"type":"Point","coordinates":[80.202498,13.143933]}},{"type":"Feature","properties":{},"geometry":{"type":"Point","coordinates":[80.201288,13.145599]}},{"type":"Feature","properties":{},"geometry":{"type":"Point","coordinates":[80.203831,13.144897]}},{"type":"Feature","properties":{},"geometry":{"type":"Point","coordinates":[80.200213,13.143632]}},{"type":"Feature","properties":{},"geometry":{"type":"Point","coordinates":[80.199912,13.144963]}},{"type":"Feature","properties":{},"geometry":{"type":"Point","coordinates":[80.19878,13.144404]}},{"type":"Feature","properties":{},"geometry":{"type":"Point","coordinates":[80.182447,13.064913]}},{"type":"Feature","properties":{},"geometry":{"type":"Point","coordinates":[80.208663,13.136597]}},{"type":"Feature","properties":{},"geometry":{"type":"Point","coordinates":[80.207496,13.137579]}},{"type":"Feature","properties":{},"geometry":{"type":"Point","coordinates":[80.205839,13.13825]}},{"type":"Feature","properties":{},"geometry":{"type":"Point","coordinates":[80.209073,13.139914]}},{"type":"Feature","properties":{},"geometry":{"type":"Point","coordinates":[80.22779,13.149639]}},{"type":"Feature","properties":{},"geometry":{"type":"Point","coordinates":[80.226424,13.153296]}},{"type":"Feature","properties":{},"geometry":{"type":"Point","coordinates":[80.219891,13.130617]}},{"type":"Feature","properties":{},"geometry":{"type":"Point","coordinates":[80.21665,13.130955]}},{"type":"Feature","properties":{},"geometry":{"type":"Point","coordinates":[80.216204,13.131375]}},{"type":"Feature","properties":{},"geometry":{"type":"Point","coordinates":[80.216962,13.131768]}},{"type":"Feature","properties":{},"geometry":{"type":"Point","coordinates":[80.219733,13.131792]}},{"type":"Feature","properties":{},"geometry":{"type":"Point","coordinates":[80.219305,13.132116]}},{"type":"Feature","properties":{},"geometry":{"type":"Point","coordinates":[80.219904,13.134076]}},{"type":"Feature","properties":{},"geometry":{"type":"Point","coordinates":[80.220622,13.133856]}},{"type":"Feature","properties":{},"geometry":{"type":"Point","coordinates":[80.217513,13.132919]}},{"type":"Feature","properties":{},"geometry":{"type":"Point","coordinates":[80.211377,13.13437]}},{"type":"Feature","properties":{},"geometry":{"type":"Point","coordinates":[80.205695,13.150206]}},{"type":"Feature","properties":{},"geometry":{"type":"Point","coordinates":[80.20731,13.1532]}},{"type":"Feature","properties":{},"geometry":{"type":"Point","coordinates":[80.208084,13.152967]}},{"type":"Feature","properties":{},"geometry":{"type":"Point","coordinates":[80.208249,13.152978]}},{"type":"Feature","properties":{},"geometry":{"type":"Point","coordinates":[80.208636,13.152313]}},{"type":"Feature","properties":{},"geometry":{"type":"Point","coordinates":[80.227679,13.147998]}},{"type":"Feature","properties":{},"geometry":{"type":"Point","coordinates":[80.205699,13.140458]}},{"type":"Feature","properties":{},"geometry":{"type":"Point","coordinates":[80.182492,13.063389]}},{"type":"Feature","properties":{},"geometry":{"type":"Point","coordinates":[80.182821,13.062237]}},{"type":"Feature","properties":{},"geometry":{"type":"Point","coordinates":[80.206629,13.136161]}},{"type":"Feature","properties":{},"geometry":{"type":"Point","coordinates":[80.22358,13.131149]}},{"type":"Feature","properties":{},"geometry":{"type":"Point","coordinates":[80.208087,13.144787]}},{"type":"Feature","properties":{},"geometry":{"type":"Point","coordinates":[80.206868,13.142238]}},{"type":"Feature","properties":{},"geometry":{"type":"Point","coordinates":[80.207608,13.138955]}},{"type":"Feature","properties":{},"geometry":{"type":"Point","coordinates":[80.20995,13.135109]}},{"type":"Feature","properties":{},"geometry":{"type":"Point","coordinates":[80.210827,13.133802]}},{"type":"Feature","properties":{},"geometry":{"type":"Point","coordinates":[80.222181,13.130505]}},{"type":"Feature","properties":{},"geometry":{"type":"Point","coordinates":[80.223706,13.131581]}},{"type":"Feature","properties":{},"geometry":{"type":"Point","coordinates":[80.220204,13.131654]}},{"type":"Feature","properties":{},"geometry":{"type":"Point","coordinates":[80.218752,13.132053]}},{"type":"Feature","properties":{},"geometry":{"type":"Point","coordinates":[80.208713,13.141161]}},{"type":"Feature","properties":{},"geometry":{"type":"Point","coordinates":[80.239963,13.152382]}},{"type":"Feature","properties":{},"geometry":{"type":"Point","coordinates":[80.230242,13.154288]}},{"type":"Feature","properties":{},"geometry":{"type":"Point","coordinates":[80.230223,13.154931]}},{"type":"Feature","properties":{},"geometry":{"type":"Point","coordinates":[80.230127,13.155296]}},{"type":"Feature","properties":{},"geometry":{"type":"Point","coordinates":[80.230257,13.155787]}},{"type":"Feature","properties":{},"geometry":{"type":"Point","coordinates":[80.243932,13.151374]}},{"type":"Feature","properties":{},"geometry":{"type":"Point","coordinates":[80.210916,13.136389]}},{"type":"Feature","properties":{},"geometry":{"type":"Point","coordinates":[80.211788,13.138186]}},{"type":"Feature","properties":{},"geometry":{"type":"Point","coordinates":[80.211012,13.13831]}},{"type":"Feature","properties":{},"geometry":{"type":"Point","coordinates":[80.210177,13.138902]}},{"type":"Feature","properties":{},"geometry":{"type":"Point","coordinates":[80.209128,13.139382]}},{"type":"Feature","properties":{},"geometry":{"type":"Point","coordinates":[80.183797,13.063737]}},{"type":"Feature","properties":{},"geometry":{"type":"Point","coordinates":[80.231109,13.151]}},{"type":"Feature","properties":{},"geometry":{"type":"Point","coordinates":[80.232627,13.142616]}},{"type":"Feature","properties":{},"geometry":{"type":"Point","coordinates":[80.235606,13.13933]}},{"type":"Feature","properties":{},"geometry":{"type":"Point","coordinates":[80.235595,13.141754]}},{"type":"Feature","properties":{},"geometry":{"type":"Point","coordinates":[80.238753,13.134019]}},{"type":"Feature","properties":{},"geometry":{"type":"Point","coordinates":[80.208523,13.12882]}},{"type":"Feature","properties":{},"geometry":{"type":"Point","coordinates":[80.209796,13.130309]}},{"type":"Feature","properties":{},"geometry":{"type":"Point","coordinates":[80.210721,13.130853]}},{"type":"Feature","properties":{},"geometry":{"type":"Point","coordinates":[80.208114,13.12887]}},{"type":"Feature","properties":{},"geometry":{"type":"Point","coordinates":[80.207628,13.130061]}},{"type":"Feature","properties":{},"geometry":{"type":"Point","coordinates":[80.206325,13.130272]}},{"type":"Feature","properties":{},"geometry":{"type":"Point","coordinates":[80.207,13.129075]}},{"type":"Feature","properties":{},"geometry":{"type":"Point","coordinates":[80.208335,13.132113]}},{"type":"Feature","properties":{},"geometry":{"type":"Point","coordinates":[80.208542,13.131561]}},{"type":"Feature","properties":{},"geometry":{"type":"Point","coordinates":[80.208008,13.133379]}},{"type":"Feature","properties":{},"geometry":{"type":"Point","coordinates":[80.207872,13.1353]}},{"type":"Feature","properties":{},"geometry":{"type":"Point","coordinates":[80.243552,13.148535]}},{"type":"Feature","properties":{},"geometry":{"type":"Point","coordinates":[80.244692,13.145693]}},{"type":"Feature","properties":{},"geometry":{"type":"Point","coordinates":[80.24723,13.150719]}},{"type":"Feature","properties":{},"geometry":{"type":"Point","coordinates":[80.228921,13.149478]}},{"type":"Feature","properties":{},"geometry":{"type":"Point","coordinates":[80.232569,13.148587]}},{"type":"Feature","properties":{},"geometry":{"type":"Point","coordinates":[80.228916,13.149166]}},{"type":"Feature","properties":{},"geometry":{"type":"Point","coordinates":[80.234364,13.140684]}},{"type":"Feature","properties":{},"geometry":{"type":"Point","coordinates":[80.234217,13.146977]}},{"type":"Feature","properties":{},"geometry":{"type":"Point","coordinates":[80.179547,13.063418]}},{"type":"Feature","properties":{},"geometry":{"type":"Point","coordinates":[80.184771,13.063891]}},{"type":"Feature","properties":{},"geometry":{"type":"Point","coordinates":[80.202047,13.132632]}},{"type":"Feature","properties":{},"geometry":{"type":"Point","coordinates":[80.201922,13.132979]}},{"type":"Feature","properties":{},"geometry":{"type":"Point","coordinates":[80.205638,13.13119]}},{"type":"Feature","properties":{},"geometry":{"type":"Point","coordinates":[80.205916,13.130375]}},{"type":"Feature","properties":{},"geometry":{"type":"Point","coordinates":[80.205674,13.128525]}},{"type":"Feature","properties":{},"geometry":{"type":"Point","coordinates":[80.205091,13.129906]}},{"type":"Feature","properties":{},"geometry":{"type":"Point","coordinates":[80.202606,13.129124]}},{"type":"Feature","properties":{},"geometry":{"type":"Point","coordinates":[80.203949,13.129263]}},{"type":"Feature","properties":{},"geometry":{"type":"Point","coordinates":[80.204688,13.131757]}},{"type":"Feature","properties":{},"geometry":{"type":"Point","coordinates":[80.203971,13.131677]}},{"type":"Feature","properties":{},"geometry":{"type":"Point","coordinates":[80.224206,13.137985]}},{"type":"Feature","properties":{},"geometry":{"type":"Point","coordinates":[80.233597,13.126647]}},{"type":"Feature","properties":{},"geometry":{"type":"Point","coordinates":[80.222257,13.137248]}},{"type":"Feature","properties":{},"geometry":{"type":"Point","coordinates":[80.220371,13.136711]}},{"type":"Feature","properties":{},"geometry":{"type":"Point","coordinates":[80.230477,13.136469]}},{"type":"Feature","properties":{},"geometry":{"type":"Point","coordinates":[80.226779,13.131354]}},{"type":"Feature","properties":{},"geometry":{"type":"Point","coordinates":[80.229336,13.129918]}},{"type":"Feature","properties":{},"geometry":{"type":"Point","coordinates":[80.206998,13.134471]}},{"type":"Feature","properties":{},"geometry":{"type":"Point","coordinates":[80.205929,13.134066]}},{"type":"Feature","properties":{},"geometry":{"type":"Point","coordinates":[80.204979,13.133774]}},{"type":"Feature","properties":{},"geometry":{"type":"Point","coordinates":[80.207567,13.132844]}},{"type":"Feature","properties":{},"geometry":{"type":"Point","coordinates":[80.20533,13.132729]}},{"type":"Feature","properties":{},"geometry":{"type":"Point","coordinates":[80.205399,13.132165]}},{"type":"Feature","properties":{},"geometry":{"type":"Point","coordinates":[80.186012,13.059929]}},{"type":"Feature","properties":{},"geometry":{"type":"Point","coordinates":[80.194013,13.144577]}},{"type":"Feature","properties":{},"geometry":{"type":"Point","coordinates":[80.203735,13.138829]}},{"type":"Feature","properties":{},"geometry":{"type":"Point","coordinates":[80.203976,13.136902]}},{"type":"Feature","properties":{},"geometry":{"type":"Point","coordinates":[80.205434,13.136582]}},{"type":"Feature","properties":{},"geometry":{"type":"Point","coordinates":[80.205605,13.136286]}},{"type":"Feature","properties":{},"geometry":{"type":"Point","coordinates":[80.203704,13.135639]}},{"type":"Feature","properties":{},"geometry":{"type":"Point","coordinates":[80.204534,13.1364]}},{"type":"Feature","properties":{},"geometry":{"type":"Point","coordinates":[80.203104,13.136401]}},{"type":"Feature","properties":{},"geometry":{"type":"Point","coordinates":[80.203237,13.137013]}},{"type":"Feature","properties":{},"geometry":{"type":"Point","coordinates":[80.202953,13.139096]}},{"type":"Feature","properties":{},"geometry":{"type":"Point","coordinates":[80.201511,13.138105]}},{"type":"Feature","properties":{},"geometry":{"type":"Point","coordinates":[80.201297,13.13776]}},{"type":"Feature","properties":{},"geometry":{"type":"Point","coordinates":[80.201269,13.136571]}},{"type":"Feature","properties":{},"geometry":{"type":"Point","coordinates":[80.200265,13.137295]}},{"type":"Feature","properties":{},"geometry":{"type":"Point","coordinates":[80.191628,13.145411]}},{"type":"Feature","properties":{},"geometry":{"type":"Point","coordinates":[80.190399,13.1468]}},{"type":"Feature","properties":{},"geometry":{"type":"Point","coordinates":[80.189516,13.144598]}},{"type":"Feature","properties":{},"geometry":{"type":"Point","coordinates":[80.199456,13.130695]}},{"type":"Feature","properties":{},"geometry":{"type":"Point","coordinates":[80.196177,13.129057]}},{"type":"Feature","properties":{},"geometry":{"type":"Point","coordinates":[80.19696,13.131031]}},{"type":"Feature","properties":{},"geometry":{"type":"Point","coordinates":[80.197461,13.13217]}},{"type":"Feature","properties":{},"geometry":{"type":"Point","coordinates":[80.197125,13.130593]}},{"type":"Feature","properties":{},"geometry":{"type":"Point","coordinates":[80.198224,13.130622]}},{"type":"Feature","properties":{},"geometry":{"type":"Point","coordinates":[80.183905,13.068683]}},{"type":"Feature","properties":{},"geometry":{"type":"Point","coordinates":[80.203264,13.133505]}},{"type":"Feature","properties":{},"geometry":{"type":"Point","coordinates":[80.20064,13.133602]}},{"type":"Feature","properties":{},"geometry":{"type":"Point","coordinates":[80.20067,13.132989]}},{"type":"Feature","properties":{},"geometry":{"type":"Point","coordinates":[80.201421,13.132793]}},{"type":"Feature","properties":{},"geometry":{"type":"Point","coordinates":[80.200138,13.131228]}},{"type":"Feature","properties":{},"geometry":{"type":"Point","coordinates":[80.200195,13.130841]}},{"type":"Feature","properties":{},"geometry":{"type":"Point","coordinates":[80.194008,13.149694]}},{"type":"Feature","properties":{},"geometry":{"type":"Point","coordinates":[80.196892,13.151379]}},{"type":"Feature","properties":{},"geometry":{"type":"Point","coordinates":[80.19914,13.136277]}},{"type":"Feature","properties":{},"geometry":{"type":"Point","coordinates":[80.199532,13.134167]}},{"type":"Feature","properties":{},"geometry":{"type":"Point","coordinates":[80.198075,13.133324]}},{"type":"Feature","properties":{},"geometry":{"type":"Point","coordinates":[80.197633,13.132648]}},{"type":"Feature","properties":{},"geometry":{"type":"Point","coordinates":[80.196051,13.133027]}},{"type":"Feature","properties":{},"geometry":{"type":"Point","coordinates":[80.196627,13.134605]}},{"type":"Feature","properties":{},"geometry":{"type":"Point","coordinates":[80.180472,13.140329]}},{"type":"Feature","properties":{},"geometry":{"type":"Point","coordinates":[80.183543,13.138547]}},{"type":"Feature","properties":{},"geometry":{"type":"Point","coordinates":[80.18633,13.140118]}},{"type":"Feature","properties":{},"geometry":{"type":"Point","coordinates":[80.200545,13.139448]}},{"type":"Feature","properties":{},"geometry":{"type":"Point","coordinates":[80.20159,13.136747]}},{"type":"Feature","properties":{},"geometry":{"type":"Point","coordinates":[80.201316,13.13565]}},{"type":"Feature","properties":{},"geometry":{"type":"Point","coordinates":[80.201815,13.1353]}},{"type":"Feature","properties":{},"geometry":{"type":"Point","coordinates":[80.202778,13.134892]}},{"type":"Feature","properties":{},"geometry":{"type":"Point","coordinates":[80.20438,13.134613]}},{"type":"Feature","properties":{},"geometry":{"type":"Point","coordinates":[80.203122,13.134324]}},{"type":"Feature","properties":{},"geometry":{"type":"Point","coordinates":[80.183608,13.069314]}},{"type":"Feature","properties":{},"geometry":{"type":"Point","coordinates":[80.196855,13.137515]}},{"type":"Feature","properties":{},"geometry":{"type":"Point","coordinates":[80.196043,13.138474]}},{"type":"Feature","properties":{},"geometry":{"type":"Point","coordinates":[80.197851,13.138628]}},{"type":"Feature","properties":{},"geometry":{"type":"Point","coordinates":[80.196814,13.139532]}},{"type":"Feature","properties":{},"geometry":{"type":"Point","coordinates":[80.194336,13.140418]}},{"type":"Feature","properties":{},"geometry":{"type":"Point","coordinates":[80.193033,13.138508]}},{"type":"Feature","properties":{},"geometry":{"type":"Point","coordinates":[80.193136,13.134312]}},{"type":"Feature","properties":{},"geometry":{"type":"Point","coordinates":[80.194916,13.132946]}},{"type":"Feature","properties":{},"geometry":{"type":"Point","coordinates":[80.195903,13.131597]}},{"type":"Feature","properties":{},"geometry":{"type":"Point","coordinates":[80.190154,13.137524]}},{"type":"Feature","properties":{},"geometry":{"type":"Point","coordinates":[80.188921,13.136328]}},{"type":"Feature","properties":{},"geometry":{"type":"Point","coordinates":[80.187922,13.14156]}},{"type":"Feature","properties":{},"geometry":{"type":"Point","coordinates":[80.186435,13.141947]}},{"type":"Feature","properties":{},"geometry":{"type":"Point","coordinates":[80.185215,13.140253]}},{"type":"Feature","properties":{},"geometry":{"type":"Point","coordinates":[80.178046,13.140825]}},{"type":"Feature","properties":{},"geometry":{"type":"Point","coordinates":[80.187638,13.146032]}},{"type":"Feature","properties":{},"geometry":{"type":"Point","coordinates":[80.200609,13.140071]}},{"type":"Feature","properties":{},"geometry":{"type":"Point","coordinates":[80.200005,13.139071]}},{"type":"Feature","properties":{},"geometry":{"type":"Point","coordinates":[80.199245,13.139662]}},{"type":"Feature","properties":{},"geometry":{"type":"Point","coordinates":[80.198271,13.139616]}},{"type":"Feature","properties":{},"geometry":{"type":"Point","coordinates":[80.198169,13.138329]}},{"type":"Feature","properties":{},"geometry":{"type":"Point","coordinates":[80.197482,13.135843]}},{"type":"Feature","properties":{},"geometry":{"type":"Point","coordinates":[80.181379,13.141309]}},{"type":"Feature","properties":{},"geometry":{"type":"Point","coordinates":[80.182846,13.069463]}},{"type":"Feature","properties":{},"geometry":{"type":"Point","coordinates":[80.184238,13.065796]}},{"type":"Feature","properties":{},"geometry":{"type":"Point","coordinates":[80.182659,13.14426]}},{"type":"Feature","properties":{},"geometry":{"type":"Point","coordinates":[80.180775,13.143565]}},{"type":"Feature","properties":{},"geometry":{"type":"Point","coordinates":[80.179051,13.144167]}},{"type":"Feature","properties":{},"geometry":{"type":"Point","coordinates":[80.177988,13.144043]}},{"type":"Feature","properties":{},"geometry":{"type":"Point","coordinates":[80.177796,13.143147]}},{"type":"Feature","properties":{},"geometry":{"type":"Point","coordinates":[80.194685,13.153064]}},{"type":"Feature","properties":{},"geometry":{"type":"Point","coordinates":[80.19179,13.136752]}},{"type":"Feature","properties":{},"geometry":{"type":"Point","coordinates":[80.198057,13.135777]}},{"type":"Feature","properties":{},"geometry":{"type":"Point","coordinates":[80.194065,13.134414]}},{"type":"Feature","properties":{},"geometry":{"type":"Point","coordinates":[80.196122,13.134127]}},{"type":"Feature","properties":{},"geometry":{"type":"Point","coordinates":[80.194107,13.131176]}},{"type":"Feature","properties":{},"geometry":{"type":"Point","coordinates":[80.194922,13.128773]}},{"type":"Feature","properties":{},"geometry":{"type":"Point","coordinates":[80.187781,13.143974]}},{"type":"Feature","properties":{},"geometry":{"type":"Point","coordinates":[80.186504,13.143618]}},{"type":"Feature","properties":{},"geometry":{"type":"Point","coordinates":[80.184961,13.147045]}},{"type":"Feature","properties":{},"geometry":{"type":"Point","coordinates":[80.183577,13.146662]}},{"type":"Feature","properties":{},"geometry":{"type":"Point","coordinates":[80.18277,13.145925]}},{"type":"Feature","properties":{},"geometry":{"type":"Point","coordinates":[80.181474,13.145263]}},{"type":"Feature","properties":{},"geometry":{"type":"Point","coordinates":[80.182041,13.142482]}},{"type":"Feature","properties":{},"geometry":{"type":"Point","coordinates":[80.17891,13.142646]}},{"type":"Feature","properties":{},"geometry":{"type":"Point","coordinates":[80.20913,12.968047]}},{"type":"Feature","properties":{},"geometry":{"type":"Point","coordinates":[80.187488,13.148796]}},{"type":"Feature","properties":{},"geometry":{"type":"Point","coordinates":[80.184429,13.065252]}},{"type":"Feature","properties":{},"geometry":{"type":"Point","coordinates":[80.184768,13.063903]}},{"type":"Feature","properties":{},"geometry":{"type":"Point","coordinates":[80.183096,13.065709]}},{"type":"Feature","properties":{},"geometry":{"type":"Point","coordinates":[80.162558,13.045728]}},{"type":"Feature","properties":{},"geometry":{"type":"Point","coordinates":[80.163824,13.056291]}},{"type":"Feature","properties":{},"geometry":{"type":"Point","coordinates":[80.161972,13.054856]}},{"type":"Feature","properties":{},"geometry":{"type":"Point","coordinates":[80.163008,13.062761]}},{"type":"Feature","properties":{},"geometry":{"type":"Point","coordinates":[80.165217,13.05343]}},{"type":"Feature","properties":{},"geometry":{"type":"Point","coordinates":[80.164107,13.054055]}},{"type":"Feature","properties":{},"geometry":{"type":"Point","coordinates":[80.163238,13.055476]}},{"type":"Feature","properties":{},"geometry":{"type":"Point","coordinates":[80.161406,13.051339]}},{"type":"Feature","properties":{},"geometry":{"type":"Point","coordinates":[80.165358,13.058745]}},{"type":"Feature","properties":{},"geometry":{"type":"Point","coordinates":[80.167874,13.051872]}},{"type":"Feature","properties":{},"geometry":{"type":"Point","coordinates":[80.167306,13.051425]}},{"type":"Feature","properties":{},"geometry":{"type":"Point","coordinates":[80.173967,13.052313]}},{"type":"Feature","properties":{},"geometry":{"type":"Point","coordinates":[80.171333,13.049244]}},{"type":"Feature","properties":{},"geometry":{"type":"Point","coordinates":[80.169732,13.042203]}},{"type":"Feature","properties":{},"geometry":{"type":"Point","coordinates":[80.172106,13.064276]}},{"type":"Feature","properties":{},"geometry":{"type":"Point","coordinates":[80.170481,13.059084]}},{"type":"Feature","properties":{},"geometry":{"type":"Point","coordinates":[80.170804,13.058446]}},{"type":"Feature","properties":{},"geometry":{"type":"Point","coordinates":[80.171724,13.057397]}},{"type":"Feature","properties":{},"geometry":{"type":"Point","coordinates":[80.165498,13.04935]}},{"type":"Feature","properties":{},"geometry":{"type":"Point","coordinates":[80.170179,13.045822]}},{"type":"Feature","properties":{},"geometry":{"type":"Point","coordinates":[80.166767,13.058495]}},{"type":"Feature","properties":{},"geometry":{"type":"Point","coordinates":[80.169377,13.055906]}},{"type":"Feature","properties":{},"geometry":{"type":"Point","coordinates":[80.171772,13.064189]}},{"type":"Feature","properties":{},"geometry":{"type":"Point","coordinates":[80.175974,13.053948]}},{"type":"Feature","properties":{},"geometry":{"type":"Point","coordinates":[80.167117,13.054646]}},{"type":"Feature","properties":{},"geometry":{"type":"Point","coordinates":[80.172375,13.06097]}},{"type":"Feature","properties":{},"geometry":{"type":"Point","coordinates":[80.169882,13.061028]}},{"type":"Feature","properties":{},"geometry":{"type":"Point","coordinates":[80.174864,13.053118]}},{"type":"Feature","properties":{},"geometry":{"type":"Point","coordinates":[80.16967,13.049064]}},{"type":"Feature","properties":{},"geometry":{"type":"Point","coordinates":[80.165456,13.049247]}},{"type":"Feature","properties":{},"geometry":{"type":"Point","coordinates":[80.185689,13.052263]}},{"type":"Feature","properties":{},"geometry":{"type":"Point","coordinates":[80.189728,13.058875]}},{"type":"Feature","properties":{},"geometry":{"type":"Point","coordinates":[80.189351,13.057083]}},{"type":"Feature","properties":{},"geometry":{"type":"Point","coordinates":[80.180586,13.049262]}},{"type":"Feature","properties":{},"geometry":{"type":"Point","coordinates":[80.160337,13.037285]}},{"type":"Feature","properties":{},"geometry":{"type":"Point","coordinates":[80.16792,13.036005]}},{"type":"Feature","properties":{},"geometry":{"type":"Point","coordinates":[80.170584,13.029228]}},{"type":"Feature","properties":{},"geometry":{"type":"Point","coordinates":[80.170563,13.026623]}},{"type":"Feature","properties":{},"geometry":{"type":"Point","coordinates":[80.163545,13.036723]}},{"type":"Feature","properties":{},"geometry":{"type":"Point","coordinates":[80.169705,13.037859]}},{"type":"Feature","properties":{},"geometry":{"type":"Point","coordinates":[80.172132,13.037549]}},{"type":"Feature","properties":{},"geometry":{"type":"Point","coordinates":[80.24003,12.925259]}},{"type":"Feature","properties":{},"geometry":{"type":"Point","coordinates":[80.213784,12.896386]}},{"type":"Feature","properties":{},"geometry":{"type":"Point","coordinates":[80.173876,13.036754]}},{"type":"Feature","properties":{},"geometry":{"type":"Point","coordinates":[80.186,13.044605]}},{"type":"Feature","properties":{},"geometry":{"type":"Point","coordinates":[80.18502,13.041986]}},{"type":"Feature","properties":{},"geometry":{"type":"Point","coordinates":[80.183947,13.041348]}},{"type":"Feature","properties":{},"geometry":{"type":"Point","coordinates":[80.179953,13.038413]}},{"type":"Feature","properties":{},"geometry":{"type":"Point","coordinates":[80.177332,13.039571]}},{"type":"Feature","properties":{},"geometry":{"type":"Point","coordinates":[80.179853,13.040766]}},{"type":"Feature","properties":{},"geometry":{"type":"Point","coordinates":[80.171889,13.040916]}},{"type":"Feature","properties":{},"geometry":{"type":"Point","coordinates":[80.187573,13.040657]}},{"type":"Feature","properties":{},"geometry":{"type":"Point","coordinates":[80.164599,13.025376]}},{"type":"Feature","properties":{},"geometry":{"type":"Point","coordinates":[80.165566,13.021762]}},{"type":"Feature","properties":{},"geometry":{"type":"Point","coordinates":[80.163193,13.032068]}},{"type":"Feature","properties":{},"geometry":{"type":"Point","coordinates":[80.161226,13.031263]}},{"type":"Feature","properties":{},"geometry":{"type":"Point","coordinates":[80.160748,13.029057]}},{"type":"Feature","properties":{},"geometry":{"type":"Point","coordinates":[80.159276,13.028713]}},{"type":"Feature","properties":{},"geometry":{"type":"Point","coordinates":[80.160301,13.02432]}},{"type":"Feature","properties":{},"geometry":{"type":"Point","coordinates":[80.157819,13.029112]}},{"type":"Feature","properties":{},"geometry":{"type":"Point","coordinates":[80.157586,13.032575]}},{"type":"Feature","properties":{},"geometry":{"type":"Point","coordinates":[80.154138,13.031281]}},{"type":"Feature","properties":{},"geometry":{"type":"Point","coordinates":[80.154765,13.029997]}},{"type":"Feature","properties":{},"geometry":{"type":"Point","coordinates":[80.156152,13.024776]}},{"type":"Feature","properties":{},"geometry":{"type":"Point","coordinates":[80.158613,13.030032]}},{"type":"Feature","properties":{},"geometry":{"type":"Point","coordinates":[80.164688,13.024202]}},{"type":"Feature","properties":{},"geometry":{"type":"Point","coordinates":[80.214692,12.893689]}},{"type":"Feature","properties":{},"geometry":{"type":"Point","coordinates":[80.191137,13.028034]}},{"type":"Feature","properties":{},"geometry":{"type":"Point","coordinates":[80.185998,13.036761]}},{"type":"Feature","properties":{},"geometry":{"type":"Point","coordinates":[80.187978,13.034671]}},{"type":"Feature","properties":{},"geometry":{"type":"Point","coordinates":[80.184208,12.98482]}},{"type":"Feature","properties":{},"geometry":{"type":"Point","coordinates":[80.185904,12.98326]}},{"type":"Feature","properties":{},"geometry":{"type":"Point","coordinates":[80.171583,12.986568]}},{"type":"Feature","properties":{},"geometry":{"type":"Point","coordinates":[80.173138,12.986051]}},{"type":"Feature","properties":{},"geometry":{"type":"Point","coordinates":[80.151108,13.023071]}},{"type":"Feature","properties":{},"geometry":{"type":"Point","coordinates":[80.159025,13.020074]}},{"type":"Feature","properties":{},"geometry":{"type":"Point","coordinates":[80.156544,13.017232]}},{"type":"Feature","properties":{},"geometry":{"type":"Point","coordinates":[80.155536,13.01655]}},{"type":"Feature","properties":{},"geometry":{"type":"Point","coordinates":[80.15771,13.01969]}},{"type":"Feature","properties":{},"geometry":{"type":"Point","coordinates":[80.154638,13.019747]}},{"type":"Feature","properties":{},"geometry":{"type":"Point","coordinates":[80.199142,13.022142]}},{"type":"Feature","properties":{},"geometry":{"type":"Point","coordinates":[80.199027,12.981544]}},{"type":"Feature","properties":{},"geometry":{"type":"Point","coordinates":[80.190402,12.97738]}},{"type":"Feature","properties":{},"geometry":{"type":"Point","coordinates":[80.184382,13.044425]}},{"type":"Feature","properties":{},"geometry":{"type":"Point","coordinates":[80.182434,13.051491]}},{"type":"Feature","properties":{},"geometry":{"type":"Point","coordinates":[80.17558,13.064648]}},{"type":"Feature","properties":{},"geometry":{"type":"Point","coordinates":[80.229513,12.911014]}},{"type":"Feature","properties":{},"geometry":{"type":"Point","coordinates":[80.229456,12.912276]}},{"type":"Feature","properties":{},"geometry":{"type":"Point","coordinates":[80.212887,13.10231]}},{"type":"Feature","properties":{},"geometry":{"type":"Point","coordinates":[80.226115,12.919511]}},{"type":"Feature","properties":{},"geometry":{"type":"Point","coordinates":[80.181156,13.051455]}},{"type":"Feature","properties":{},"geometry":{"type":"Point","coordinates":[80.247344,12.896304]}},{"type":"Feature","properties":{},"geometry":{"type":"Point","coordinates":[80.250619,12.885149]}},{"type":"Feature","properties":{},"geometry":{"type":"Point","coordinates":[80.247181,12.892937]}},{"type":"Feature","properties":{},"geometry":{"type":"Point","coordinates":[80.246122,12.896506]}},{"type":"Feature","properties":{},"geometry":{"type":"Point","coordinates":[80.227547,12.888138]}},{"type":"Feature","properties":{},"geometry":{"type":"Point","coordinates":[80.179683,13.04255]}},{"type":"Feature","properties":{},"geometry":{"type":"Point","coordinates":[80.180119,13.045529]}},{"type":"Feature","properties":{},"geometry":{"type":"Point","coordinates":[80.229547,12.885087]}},{"type":"Feature","properties":{},"geometry":{"type":"Point","coordinates":[80.237717,13.044373]}},{"type":"Feature","properties":{},"geometry":{"type":"Point","coordinates":[80.201939,13.075212]}},{"type":"Feature","properties":{},"geometry":{"type":"Point","coordinates":[80.203919,13.072425]}},{"type":"Feature","properties":{},"geometry":{"type":"Point","coordinates":[80.199401,13.073487]}},{"type":"Feature","properties":{},"geometry":{"type":"Point","coordinates":[80.224772,13.052446]}},{"type":"Feature","properties":{},"geometry":{"type":"Point","coordinates":[80.218116,13.048927]}},{"type":"Feature","properties":{},"geometry":{"type":"Point","coordinates":[80.249796,13.139809]}},{"type":"Feature","properties":{},"geometry":{"type":"Point","coordinates":[80.240207,13.14562]}},{"type":"Feature","properties":{},"geometry":{"type":"Point","coordinates":[80.231694,13.095652]}},{"type":"Feature","properties":{},"geometry":{"type":"Point","coordinates":[80.232027,13.097239]}},{"type":"Feature","properties":{},"geometry":{"type":"Point","coordinates":[80.197928,13.097098]}},{"type":"Feature","properties":{},"geometry":{"type":"Point","coordinates":[80.2174,13.061792]}},{"type":"Feature","properties":{},"geometry":{"type":"Point","coordinates":[80.229411,12.879727]}},{"type":"Feature","properties":{},"geometry":{"type":"Point","coordinates":[80.203338,13.045499]}},{"type":"Feature","properties":{},"geometry":{"type":"Point","coordinates":[80.225436,13.030723]}},{"type":"Feature","properties":{},"geometry":{"type":"Point","coordinates":[80.205999,13.053056]}},{"type":"Feature","properties":{},"geometry":{"type":"Point","coordinates":[80.197522,13.056263]}},{"type":"Feature","properties":{},"geometry":{"type":"Point","coordinates":[80.20092,13.057984]}},{"type":"Feature","properties":{},"geometry":{"type":"Point","coordinates":[80.205669,12.991486]}},{"type":"Feature","properties":{},"geometry":{"type":"Point","coordinates":[80.230941,13.056255]}},{"type":"Feature","properties":{},"geometry":{"type":"Point","coordinates":[80.273916,13.049179]}},{"type":"Feature","properties":{},"geometry":{"type":"Point","coordinates":[80.277648,13.037586]}},{"type":"Feature","properties":{},"geometry":{"type":"Point","coordinates":[80.270693,13.128798]}},{"type":"Feature","properties":{},"geometry":{"type":"Point","coordinates":[80.270387,13.128503]}},{"type":"Feature","properties":{},"geometry":{"type":"Point","coordinates":[80.27028,13.12832]}},{"type":"Feature","properties":{},"geometry":{"type":"Point","coordinates":[80.270171,13.128216]}},{"type":"Feature","properties":{},"geometry":{"type":"Point","coordinates":[80.261304,13.11309]}},{"type":"Feature","properties":{},"geometry":{"type":"Point","coordinates":[80.257862,13.123201]}},{"type":"Feature","properties":{},"geometry":{"type":"Point","coordinates":[80.254977,13.073956]}},{"type":"Feature","properties":{},"geometry":{"type":"Point","coordinates":[80.238179,13.115673]}},{"type":"Feature","properties":{},"geometry":{"type":"Point","coordinates":[80.241591,13.019958]}},{"type":"Feature","properties":{},"geometry":{"type":"Point","coordinates":[80.172957,13.059696]}},{"type":"Feature","properties":{},"geometry":{"type":"Point","coordinates":[80.147582,13.087114]}},{"type":"Feature","properties":{},"geometry":{"type":"Point","coordinates":[80.177187,13.093826]}},{"type":"Feature","properties":{},"geometry":{"type":"Point","coordinates":[80.186425,13.084439]}},{"type":"Feature","properties":{},"geometry":{"type":"Point","coordinates":[80.327626,13.224568]}},{"type":"Feature","properties":{},"geometry":{"type":"Point","coordinates":[80.329288,13.227796]}},{"type":"Feature","properties":{},"geometry":{"type":"Point","coordinates":[80.292317,13.176036]}},{"type":"Feature","properties":{},"geometry":{"type":"Point","coordinates":[80.317044,13.187738]}},{"type":"Feature","properties":{},"geometry":{"type":"Point","coordinates":[80.314963,13.196962]}},{"type":"Feature","properties":{},"geometry":{"type":"Point","coordinates":[80.201103,13.142809]}},{"type":"Feature","properties":{},"geometry":{"type":"Point","coordinates":[80.204512,13.14384]}},{"type":"Feature","properties":{},"geometry":{"type":"Point","coordinates":[80.260127,13.093443]}},{"type":"Feature","properties":{},"geometry":{"type":"Point","coordinates":[80.170746,13.128327]}},{"type":"Feature","properties":{},"geometry":{"type":"Point","coordinates":[80.173289,13.130931]}},{"type":"Feature","properties":{},"geometry":{"type":"Point","coordinates":[80.197562,13.112168]}},{"type":"Feature","properties":{},"geometry":{"type":"Point","coordinates":[80.150635,13.090802]}},{"type":"Feature","properties":{},"geometry":{"type":"Point","coordinates":[80.201887,13.137034]}},{"type":"Feature","properties":{},"geometry":{"type":"Point","coordinates":[80.19139,13.140773]}},{"type":"Feature","properties":{},"geometry":{"type":"Point","coordinates":[80.200399,13.138865]}},{"type":"Feature","properties":{},"geometry":{"type":"Point","coordinates":[80.193446,13.132266]}},{"type":"Feature","properties":{},"geometry":{"type":"Point","coordinates":[80.186005,13.148007]}},{"type":"Feature","properties":{},"geometry":{"type":"Point","coordinates":[80.205076,13.149719]}},{"type":"Feature","properties":{},"geometry":{"type":"Point","coordinates":[80.211417,13.134841]}},{"type":"Feature","properties":{},"geometry":{"type":"Point","coordinates":[80.205938,13.134508]}},{"type":"Feature","properties":{},"geometry":{"type":"Point","coordinates":[80.226349,13.132499]}},{"type":"Feature","properties":{},"geometry":{"type":"Point","coordinates":[80.231112,13.130768]}},{"type":"Feature","properties":{},"geometry":{"type":"Point","coordinates":[80.205726,12.976611]}},{"type":"Feature","properties":{},"geometry":{"type":"Point","coordinates":[80.200591,13.037578]}},{"type":"Feature","properties":{},"geometry":{"type":"Point","coordinates":[80.263592,13.105794]}},{"type":"Feature","properties":{},"geometry":{"type":"Point","coordinates":[80.182239,13.091571]}},{"type":"Feature","properties":{},"geometry":{"type":"Point","coordinates":[80.200907,13.143937]}},{"type":"Feature","properties":{},"geometry":{"type":"Point","coordinates":[80.198888,13.11316]}},{"type":"Feature","properties":{},"geometry":{"type":"Point","coordinates":[80.202518,13.097244]}},{"type":"Feature","properties":{},"geometry":{"type":"Point","coordinates":[80.184127,13.092479]}},{"type":"Feature","properties":{},"geometry":{"type":"Point","coordinates":[80.207272,13.105759]}},{"type":"Feature","properties":{},"geometry":{"type":"Point","coordinates":[80.250392,13.140527]}},{"type":"Feature","properties":{},"geometry":{"type":"Point","coordinates":[80.229547,13.090794]}},{"type":"Feature","properties":{},"geometry":{"type":"Point","coordinates":[80.219053,13.092953]}},{"type":"Feature","properties":{},"geometry":{"type":"Point","coordinates":[80.217188,13.089778]}},{"type":"Feature","properties":{},"geometry":{"type":"Point","coordinates":[80.219764,13.079671]}},{"type":"Feature","properties":{},"geometry":{"type":"Point","coordinates":[80.199519,13.104133]}},{"type":"Feature","properties":{},"geometry":{"type":"Point","coordinates":[80.199108,13.103081]}},{"type":"Feature","properties":{},"geometry":{"type":"Point","coordinates":[80.206683,13.104147]}},{"type":"Feature","properties":{},"geometry":{"type":"Point","coordinates":[80.212945,12.89393]}},{"type":"Feature","properties":{},"geometry":{"type":"Point","coordinates":[80.200799,13.097682]}},{"type":"Feature","properties":{},"geometry":{"type":"Point","coordinates":[80.227649,12.889562]}},{"type":"Feature","properties":{},"geometry":{"type":"Point","coordinates":[80.211408,13.136055]}},{"type":"Feature","properties":{},"geometry":{"type":"Point","coordinates":[80.217149,13.13277]}},{"type":"Feature","properties":{},"geometry":{"type":"Point","coordinates":[80.183858,13.142775]}},{"type":"Feature","properties":{},"geometry":{"type":"Point","coordinates":[80.209012,13.016501]}},{"type":"Feature","properties":{},"geometry":{"type":"Point","coordinates":[80.211696,13.018621]}},{"type":"Feature","properties":{},"geometry":{"type":"Point","coordinates":[80.206526,13.01591]}},{"type":"Feature","properties":{},"geometry":{"type":"Point","coordinates":[80.208268,13.016133]}},{"type":"Feature","properties":{},"geometry":{"type":"Point","coordinates":[80.208917,13.01496]}},{"type":"Feature","properties":{},"geometry":{"type":"Point","coordinates":[80.211253,13.015921]}},{"type":"Feature","properties":{},"geometry":{"type":"Point","coordinates":[80.212757,13.015663]}},{"type":"Feature","properties":{},"geometry":{"type":"Point","coordinates":[80.210611,13.01535]}},{"type":"Feature","properties":{},"geometry":{"type":"Point","coordinates":[80.209685,13.015751]}},{"type":"Feature","properties":{},"geometry":{"type":"Point","coordinates":[80.212631,13.01495]}},{"type":"Feature","properties":{},"geometry":{"type":"Point","coordinates":[80.211999,13.012712]}},{"type":"Feature","properties":{},"geometry":{"type":"Point","coordinates":[80.213124,13.013152]}},{"type":"Feature","properties":{},"geometry":{"type":"Point","coordinates":[80.212778,13.012193]}},{"type":"Feature","properties":{},"geometry":{"type":"Point","coordinates":[80.21144,13.012216]}},{"type":"Feature","properties":{},"geometry":{"type":"Point","coordinates":[80.206781,13.010575]}},{"type":"Feature","properties":{},"geometry":{"type":"Point","coordinates":[80.208004,13.010251]}},{"type":"Feature","properties":{},"geometry":{"type":"Point","coordinates":[80.208016,13.010588]}},{"type":"Feature","properties":{},"geometry":{"type":"Point","coordinates":[80.207318,13.009533]}},{"type":"Feature","properties":{},"geometry":{"type":"Point","coordinates":[80.273653,13.00307]}},{"type":"Feature","properties":{},"geometry":{"type":"Point","coordinates":[80.235805,12.899643]}},{"type":"Feature","properties":{},"geometry":{"type":"Point","coordinates":[80.208189,13.00891]}},{"type":"Feature","properties":{},"geometry":{"type":"Point","coordinates":[80.209881,13.010474]}},{"type":"Feature","properties":{},"geometry":{"type":"Point","coordinates":[80.243997,13.004989]}},{"type":"Feature","properties":{},"geometry":{"type":"Point","coordinates":[80.242912,13.019408]}},{"type":"Feature","properties":{},"geometry":{"type":"Point","coordinates":[80.245667,13.020115]}},{"type":"Feature","properties":{},"geometry":{"type":"Point","coordinates":[80.247315,13.012635]}},{"type":"Feature","properties":{},"geometry":{"type":"Point","coordinates":[80.271572,13.018689]}},{"type":"Feature","properties":{},"geometry":{"type":"Point","coordinates":[80.271597,13.018009]}},{"type":"Feature","properties":{},"geometry":{"type":"Point","coordinates":[80.208867,13.001863]}},{"type":"Feature","properties":{},"geometry":{"type":"Point","coordinates":[80.216408,12.997247]}},{"type":"Feature","properties":{},"geometry":{"type":"Point","coordinates":[80.216297,12.989152]}},{"type":"Feature","properties":{},"geometry":{"type":"Point","coordinates":[80.216632,12.988756]}},{"type":"Feature","properties":{},"geometry":{"type":"Point","coordinates":[80.222701,12.988412]}},{"type":"Feature","properties":{},"geometry":{"type":"Point","coordinates":[80.208207,12.998351]}},{"type":"Feature","properties":{},"geometry":{"type":"Point","coordinates":[80.210688,12.99885]}},{"type":"Feature","properties":{},"geometry":{"type":"Point","coordinates":[80.212403,12.998647]}},{"type":"Feature","properties":{},"geometry":{"type":"Point","coordinates":[80.212015,13.003692]}},{"type":"Feature","properties":{},"geometry":{"type":"Point","coordinates":[80.252933,12.990828]}},{"type":"Feature","properties":{},"geometry":{"type":"Point","coordinates":[80.253237,12.998914]}},{"type":"Feature","properties":{},"geometry":{"type":"Point","coordinates":[80.252429,13.005324]}},{"type":"Feature","properties":{},"geometry":{"type":"Point","coordinates":[80.249985,13.004487]}},{"type":"Feature","properties":{},"geometry":{"type":"Point","coordinates":[80.254443,13.006834]}},{"type":"Feature","properties":{},"geometry":{"type":"Point","coordinates":[80.251531,13.002421]}},{"type":"Feature","properties":{},"geometry":{"type":"Point","coordinates":[80.250449,13.003837]}},{"type":"Feature","properties":{},"geometry":{"type":"Point","coordinates":[80.254064,13.001375]}},{"type":"Feature","properties":{},"geometry":{"type":"Point","coordinates":[80.261839,13.01024]}},{"type":"Feature","properties":{},"geometry":{"type":"Point","coordinates":[80.257717,13.005047]}},{"type":"Feature","properties":{},"geometry":{"type":"Point","coordinates":[80.258936,13.004947]}},{"type":"Feature","properties":{},"geometry":{"type":"Point","coordinates":[80.26288,13.003658]}},{"type":"Feature","properties":{},"geometry":{"type":"Point","coordinates":[80.273858,13.003575]}},{"type":"Feature","properties":{},"geometry":{"type":"Point","coordinates":[80.260466,13.002756]}},{"type":"Feature","properties":{},"geometry":{"type":"Point","coordinates":[80.266727,13.000458]}},{"type":"Feature","properties":{},"geometry":{"type":"Point","coordinates":[80.265173,12.999701]}},{"type":"Feature","properties":{},"geometry":{"type":"Point","coordinates":[80.265046,12.999211]}},{"type":"Feature","properties":{},"geometry":{"type":"Point","coordinates":[80.270829,13.000307]}},{"type":"Feature","properties":{},"geometry":{"type":"Point","coordinates":[80.269059,13.000527]}},{"type":"Feature","properties":{},"geometry":{"type":"Point","coordinates":[80.270772,12.999931]}},{"type":"Feature","properties":{},"geometry":{"type":"Point","coordinates":[80.270658,12.999543]}},{"type":"Feature","properties":{},"geometry":{"type":"Point","coordinates":[80.270667,12.999157]}},{"type":"Feature","properties":{},"geometry":{"type":"Point","coordinates":[80.268927,12.999379]}},{"type":"Feature","properties":{},"geometry":{"type":"Point","coordinates":[80.264769,12.996453]}},{"type":"Feature","properties":{},"geometry":{"type":"Point","coordinates":[80.265138,12.996041]}},{"type":"Feature","properties":{},"geometry":{"type":"Point","coordinates":[80.26443,12.998413]}},{"type":"Feature","properties":{},"geometry":{"type":"Point","coordinates":[80.263063,12.99764]}},{"type":"Feature","properties":{},"geometry":{"type":"Point","coordinates":[80.261518,13.008476]}},{"type":"Feature","properties":{},"geometry":{"type":"Point","coordinates":[80.262577,13.002029]}},{"type":"Feature","properties":{},"geometry":{"type":"Point","coordinates":[80.268955,13.000999]}},{"type":"Feature","properties":{},"geometry":{"type":"Point","coordinates":[80.272944,13.002595]}},{"type":"Feature","properties":{},"geometry":{"type":"Point","coordinates":[80.219948,12.985901]}},{"type":"Feature","properties":{},"geometry":{"type":"Point","coordinates":[80.219102,12.985004]}},{"type":"Feature","properties":{},"geometry":{"type":"Point","coordinates":[80.218688,12.982607]}},{"type":"Feature","properties":{},"geometry":{"type":"Point","coordinates":[80.219982,12.982263]}},{"type":"Feature","properties":{},"geometry":{"type":"Point","coordinates":[80.216196,12.978192]}},{"type":"Feature","properties":{},"geometry":{"type":"Point","coordinates":[80.211879,12.977349]}},{"type":"Feature","properties":{},"geometry":{"type":"Point","coordinates":[80.220578,12.985822]}},{"type":"Feature","properties":{},"geometry":{"type":"Point","coordinates":[80.214275,12.978546]}},{"type":"Feature","properties":{},"geometry":{"type":"Point","coordinates":[80.219173,12.97991]}},{"type":"Feature","properties":{},"geometry":{"type":"Point","coordinates":[80.212934,12.977608]}},{"type":"Feature","properties":{},"geometry":{"type":"Point","coordinates":[80.216422,12.977043]}},{"type":"Feature","properties":{},"geometry":{"type":"Point","coordinates":[80.213403,12.974926]}},{"type":"Feature","properties":{},"geometry":{"type":"Point","coordinates":[80.216371,12.972695]}},{"type":"Feature","properties":{},"geometry":{"type":"Point","coordinates":[80.219069,12.975331]}},{"type":"Feature","properties":{},"geometry":{"type":"Point","coordinates":[80.217637,12.977488]}},{"type":"Feature","properties":{},"geometry":{"type":"Point","coordinates":[80.21791,12.970354]}},{"type":"Feature","properties":{},"geometry":{"type":"Point","coordinates":[80.218578,12.970894]}},{"type":"Feature","properties":{},"geometry":{"type":"Point","coordinates":[80.223262,12.983245]}},{"type":"Feature","properties":{},"geometry":{"type":"Point","coordinates":[80.228592,12.976836]}},{"type":"Feature","properties":{},"geometry":{"type":"Point","coordinates":[80.224383,12.985713]}},{"type":"Feature","properties":{},"geometry":{"type":"Point","coordinates":[80.223303,12.985418]}},{"type":"Feature","properties":{},"geometry":{"type":"Point","coordinates":[80.230704,12.986887]}},{"type":"Feature","properties":{},"geometry":{"type":"Point","coordinates":[80.230982,12.986886]}},{"type":"Feature","properties":{},"geometry":{"type":"Point","coordinates":[80.226689,12.982708]}},{"type":"Feature","properties":{},"geometry":{"type":"Point","coordinates":[80.22634,12.980215]}},{"type":"Feature","properties":{},"geometry":{"type":"Point","coordinates":[80.22576,12.981]}},{"type":"Feature","properties":{},"geometry":{"type":"Point","coordinates":[80.224493,12.981824]}},{"type":"Feature","properties":{},"geometry":{"type":"Point","coordinates":[80.231167,12.981317]}},{"type":"Feature","properties":{},"geometry":{"type":"Point","coordinates":[80.223518,12.978406]}},{"type":"Feature","properties":{},"geometry":{"type":"Point","coordinates":[80.225409,12.980015]}},{"type":"Feature","properties":{},"geometry":{"type":"Point","coordinates":[80.226105,12.979813]}},{"type":"Feature","properties":{},"geometry":{"type":"Point","coordinates":[80.23033,12.980069]}},{"type":"Feature","properties":{},"geometry":{"type":"Point","coordinates":[80.233203,12.979853]}},{"type":"Feature","properties":{},"geometry":{"type":"Point","coordinates":[80.22401,12.976493]}},{"type":"Feature","properties":{},"geometry":{"type":"Point","coordinates":[80.226207,12.97797]}},{"type":"Feature","properties":{},"geometry":{"type":"Point","coordinates":[80.228953,12.977491]}},{"type":"Feature","properties":{},"geometry":{"type":"Point","coordinates":[80.235752,12.983142]}},{"type":"Feature","properties":{},"geometry":{"type":"Point","coordinates":[80.235991,12.983026]}},{"type":"Feature","properties":{},"geometry":{"type":"Point","coordinates":[80.236181,12.983558]}},{"type":"Feature","properties":{},"geometry":{"type":"Point","coordinates":[80.23679,12.983359]}},{"type":"Feature","properties":{},"geometry":{"type":"Point","coordinates":[80.236911,12.983543]}},{"type":"Feature","properties":{},"geometry":{"type":"Point","coordinates":[80.25197,12.989154]}},{"type":"Feature","properties":{},"geometry":{"type":"Point","coordinates":[80.234227,12.981529]}},{"type":"Feature","properties":{},"geometry":{"type":"Point","coordinates":[80.236793,12.982908]}},{"type":"Feature","properties":{},"geometry":{"type":"Point","coordinates":[80.23928,12.980927]}},{"type":"Feature","properties":{},"geometry":{"type":"Point","coordinates":[80.256009,12.983357]}},{"type":"Feature","properties":{},"geometry":{"type":"Point","coordinates":[80.256598,12.97858]}},{"type":"Feature","properties":{},"geometry":{"type":"Point","coordinates":[80.25616,12.975908]}},{"type":"Feature","properties":{},"geometry":{"type":"Point","coordinates":[80.261464,12.974251]}},{"type":"Feature","properties":{},"geometry":{"type":"Point","coordinates":[80.256145,12.984331]}},{"type":"Feature","properties":{},"geometry":{"type":"Point","coordinates":[80.209045,12.996382]}},{"type":"Feature","properties":{},"geometry":{"type":"Point","coordinates":[80.207322,12.995387]}},{"type":"Feature","properties":{},"geometry":{"type":"Point","coordinates":[80.206782,12.990691]}},{"type":"Feature","properties":{},"geometry":{"type":"Point","coordinates":[80.208382,12.992696]}},{"type":"Feature","properties":{},"geometry":{"type":"Point","coordinates":[80.20943,12.995188]}},{"type":"Feature","properties":{},"geometry":{"type":"Point","coordinates":[80.209143,12.99525]}},{"type":"Feature","properties":{},"geometry":{"type":"Point","coordinates":[80.20961,12.994819]}},{"type":"Feature","properties":{},"geometry":{"type":"Point","coordinates":[80.210085,12.993957]}},{"type":"Feature","properties":{},"geometry":{"type":"Point","coordinates":[80.21244,12.99372]}},{"type":"Feature","properties":{},"geometry":{"type":"Point","coordinates":[80.214441,12.994205]}},{"type":"Feature","properties":{},"geometry":{"type":"Point","coordinates":[80.214167,12.9948]}},{"type":"Feature","properties":{},"geometry":{"type":"Point","coordinates":[80.214405,12.995343]}},{"type":"Feature","properties":{},"geometry":{"type":"Point","coordinates":[80.214321,12.989438]}},{"type":"Feature","properties":{},"geometry":{"type":"Point","coordinates":[80.211221,12.989772]}},{"type":"Feature","properties":{},"geometry":{"type":"Point","coordinates":[80.216739,12.986062]}},{"type":"Feature","properties":{},"geometry":{"type":"Point","coordinates":[80.215826,12.985842]}},{"type":"Feature","properties":{},"geometry":{"type":"Point","coordinates":[80.215583,12.985568]}},{"type":"Feature","properties":{},"geometry":{"type":"Point","coordinates":[80.214636,12.986095]}},{"type":"Feature","properties":{},"geometry":{"type":"Point","coordinates":[80.215478,12.98408]}},{"type":"Feature","properties":{},"geometry":{"type":"Point","coordinates":[80.21429,12.98368]}},{"type":"Feature","properties":{},"geometry":{"type":"Point","coordinates":[80.213906,12.981728]}},{"type":"Feature","properties":{},"geometry":{"type":"Point","coordinates":[80.215739,12.9815]}},{"type":"Feature","properties":{},"geometry":{"type":"Point","coordinates":[80.213909,12.980727]}},{"type":"Feature","properties":{},"geometry":{"type":"Point","coordinates":[80.212627,12.980487]}},{"type":"Feature","properties":{},"geometry":{"type":"Point","coordinates":[80.213317,12.979834]}},{"type":"Feature","properties":{},"geometry":{"type":"Point","coordinates":[80.210493,12.979201]}},{"type":"Feature","properties":{},"geometry":{"type":"Point","coordinates":[80.208937,12.979851]}},{"type":"Feature","properties":{},"geometry":{"type":"Point","coordinates":[80.207651,12.979735]}},{"type":"Feature","properties":{},"geometry":{"type":"Point","coordinates":[80.207626,12.980735]}},{"type":"Feature","properties":{},"geometry":{"type":"Point","coordinates":[80.206623,12.981923]}},{"type":"Feature","properties":{},"geometry":{"type":"Point","coordinates":[80.203742,12.985622]}},{"type":"Feature","properties":{},"geometry":{"type":"Point","coordinates":[80.205123,12.986055]}},{"type":"Feature","properties":{},"geometry":{"type":"Point","coordinates":[80.204277,12.98814]}},{"type":"Feature","properties":{},"geometry":{"type":"Point","coordinates":[80.20653,12.984211]}},{"type":"Feature","properties":{},"geometry":{"type":"Point","coordinates":[80.207898,12.984404]}},{"type":"Feature","properties":{},"geometry":{"type":"Point","coordinates":[80.207525,12.983808]}},{"type":"Feature","properties":{},"geometry":{"type":"Point","coordinates":[80.208592,12.98768]}},{"type":"Feature","properties":{},"geometry":{"type":"Point","coordinates":[80.208999,12.98669]}},{"type":"Feature","properties":{},"geometry":{"type":"Point","coordinates":[80.209548,12.987049]}},{"type":"Feature","properties":{},"geometry":{"type":"Point","coordinates":[80.210342,12.986959]}},{"type":"Feature","properties":{},"geometry":{"type":"Point","coordinates":[80.209866,12.986193]}},{"type":"Feature","properties":{},"geometry":{"type":"Point","coordinates":[80.209632,12.985233]}},{"type":"Feature","properties":{},"geometry":{"type":"Point","coordinates":[80.210286,12.985033]}},{"type":"Feature","properties":{},"geometry":{"type":"Point","coordinates":[80.210323,12.984308]}},{"type":"Feature","properties":{},"geometry":{"type":"Point","coordinates":[80.215079,12.985772]}},{"type":"Feature","properties":{},"geometry":{"type":"Point","coordinates":[80.216775,12.980661]}},{"type":"Feature","properties":{},"geometry":{"type":"Point","coordinates":[80.216634,12.980135]}},{"type":"Feature","properties":{},"geometry":{"type":"Point","coordinates":[80.204693,12.976429]}},{"type":"Feature","properties":{},"geometry":{"type":"Point","coordinates":[80.198958,12.974948]}},{"type":"Feature","properties":{},"geometry":{"type":"Point","coordinates":[80.201181,12.973821]}},{"type":"Feature","properties":{},"geometry":{"type":"Point","coordinates":[80.202123,12.966502]}},{"type":"Feature","properties":{},"geometry":{"type":"Point","coordinates":[80.197871,12.97416]}},{"type":"Feature","properties":{},"geometry":{"type":"Point","coordinates":[80.206155,12.9749]}},{"type":"Feature","properties":{},"geometry":{"type":"Point","coordinates":[80.20396,12.970848]}},{"type":"Feature","properties":{},"geometry":{"type":"Point","coordinates":[80.20324,12.970326]}},{"type":"Feature","properties":{},"geometry":{"type":"Point","coordinates":[80.200657,12.971516]}},{"type":"Feature","properties":{},"geometry":{"type":"Point","coordinates":[80.199883,12.971195]}},{"type":"Feature","properties":{},"geometry":{"type":"Point","coordinates":[80.195166,12.968192]}},{"type":"Feature","properties":{},"geometry":{"type":"Point","coordinates":[80.193918,12.970029]}},{"type":"Feature","properties":{},"geometry":{"type":"Point","coordinates":[80.204461,12.975374]}},{"type":"Feature","properties":{},"geometry":{"type":"Point","coordinates":[80.201472,12.968961]}},{"type":"Feature","properties":{},"geometry":{"type":"Point","coordinates":[80.195586,12.97888]}},{"type":"Feature","properties":{},"geometry":{"type":"Point","coordinates":[80.196627,12.977796]}},{"type":"Feature","properties":{},"geometry":{"type":"Point","coordinates":[80.190844,12.97529]}},{"type":"Feature","properties":{},"geometry":{"type":"Point","coordinates":[80.195152,12.974882]}},{"type":"Feature","properties":{},"geometry":{"type":"Point","coordinates":[80.208501,12.943734]}},{"type":"Feature","properties":{},"geometry":{"type":"Point","coordinates":[80.210874,12.942]}},{"type":"Feature","properties":{},"geometry":{"type":"Point","coordinates":[80.21275,12.942844]}},{"type":"Feature","properties":{},"geometry":{"type":"Point","coordinates":[80.236962,12.960705]}},{"type":"Feature","properties":{},"geometry":{"type":"Point","coordinates":[80.240369,12.928731]}},{"type":"Feature","properties":{},"geometry":{"type":"Point","coordinates":[80.242254,12.927381]}},{"type":"Feature","properties":{},"geometry":{"type":"Point","coordinates":[80.215079,12.896332]}},{"type":"Feature","properties":{},"geometry":{"type":"Point","coordinates":[80.216382,12.896278]}},{"type":"Feature","properties":{},"geometry":{"type":"Point","coordinates":[80.213768,12.894552]}},{"type":"Feature","properties":{},"geometry":{"type":"Point","coordinates":[80.214311,12.894494]}},{"type":"Feature","properties":{},"geometry":{"type":"Point","coordinates":[80.215057,12.894484]}},{"type":"Feature","properties":{},"geometry":{"type":"Point","coordinates":[80.21554,12.894434]}},{"type":"Feature","properties":{},"geometry":{"type":"Point","coordinates":[80.213136,12.896426]}},{"type":"Feature","properties":{},"geometry":{"type":"Point","coordinates":[80.217699,12.894896]}},{"type":"Feature","properties":{},"geometry":{"type":"Point","coordinates":[80.219136,12.894744]}},{"type":"Feature","properties":{},"geometry":{"type":"Point","coordinates":[80.21872,12.894781]}},{"type":"Feature","properties":{},"geometry":{"type":"Point","coordinates":[80.218083,12.894089]}},{"type":"Feature","properties":{},"geometry":{"type":"Point","coordinates":[80.218622,12.894037]}},{"type":"Feature","properties":{},"geometry":{"type":"Point","coordinates":[80.216798,12.894236]}},{"type":"Feature","properties":{},"geometry":{"type":"Point","coordinates":[80.221235,12.895341]}},{"type":"Feature","properties":{},"geometry":{"type":"Point","coordinates":[80.224281,12.894565]}},{"type":"Feature","properties":{},"geometry":{"type":"Point","coordinates":[80.227018,12.895365]}},{"type":"Feature","properties":{},"geometry":{"type":"Point","coordinates":[80.227459,12.895576]}},{"type":"Feature","properties":{},"geometry":{"type":"Point","coordinates":[80.21345,12.89311]}},{"type":"Feature","properties":{},"geometry":{"type":"Point","coordinates":[80.214558,12.892954]}},{"type":"Feature","properties":{},"geometry":{"type":"Point","coordinates":[80.216968,12.893449]}},{"type":"Feature","properties":{},"geometry":{"type":"Point","coordinates":[80.213679,12.89387]}},{"type":"Feature","properties":{},"geometry":{"type":"Point","coordinates":[80.214816,12.895273]}},{"type":"Feature","properties":{},"geometry":{"type":"Point","coordinates":[80.216414,12.895105]}},{"type":"Feature","properties":{},"geometry":{"type":"Point","coordinates":[80.216134,12.895134]}},{"type":"Feature","properties":{},"geometry":{"type":"Point","coordinates":[80.218687,12.892553]}},{"type":"Feature","properties":{},"geometry":{"type":"Point","coordinates":[80.217349,12.892389]}},{"type":"Feature","properties":{},"geometry":{"type":"Point","coordinates":[80.217597,12.893383]}},{"type":"Feature","properties":{},"geometry":{"type":"Point","coordinates":[80.218583,12.893346]}},{"type":"Feature","properties":{},"geometry":{"type":"Point","coordinates":[80.214665,12.892193]}},{"type":"Feature","properties":{},"geometry":{"type":"Point","coordinates":[80.216706,12.892301]}},{"type":"Feature","properties":{},"geometry":{"type":"Point","coordinates":[80.218966,12.894007]}},{"type":"Feature","properties":{},"geometry":{"type":"Point","coordinates":[80.217424,12.894998]}},{"type":"Feature","properties":{},"geometry":{"type":"Point","coordinates":[80.222107,12.897454]}},{"type":"Feature","properties":{},"geometry":{"type":"Point","coordinates":[80.223154,12.89515]}},{"type":"Feature","properties":{},"geometry":{"type":"Point","coordinates":[80.223207,12.895519]}},{"type":"Feature","properties":{},"geometry":{"type":"Point","coordinates":[80.22269,12.896015]}},{"type":"Feature","properties":{},"geometry":{"type":"Point","coordinates":[80.224252,12.89632]}},{"type":"Feature","properties":{},"geometry":{"type":"Point","coordinates":[80.227118,12.896984]}},{"type":"Feature","properties":{},"geometry":{"type":"Point","coordinates":[80.224771,12.898434]}},{"type":"Feature","properties":{},"geometry":{"type":"Point","coordinates":[80.22952,12.897644]}},{"type":"Feature","properties":{},"geometry":{"type":"Point","coordinates":[80.229611,12.900278]}},{"type":"Feature","properties":{},"geometry":{"type":"Point","coordinates":[80.230868,12.900521]}},{"type":"Feature","properties":{},"geometry":{"type":"Point","coordinates":[80.228906,12.90879]}},{"type":"Feature","properties":{},"geometry":{"type":"Point","coordinates":[80.23098,12.91053]}},{"type":"Feature","properties":{},"geometry":{"type":"Point","coordinates":[80.233635,12.910502]}},{"type":"Feature","properties":{},"geometry":{"type":"Point","coordinates":[80.229312,12.9113]}},{"type":"Feature","properties":{},"geometry":{"type":"Point","coordinates":[80.229373,12.912572]}},{"type":"Feature","properties":{},"geometry":{"type":"Point","coordinates":[80.231243,12.913528]}},{"type":"Feature","properties":{},"geometry":{"type":"Point","coordinates":[80.230935,12.912481]}},{"type":"Feature","properties":{},"geometry":{"type":"Point","coordinates":[80.231013,12.912715]}},{"type":"Feature","properties":{},"geometry":{"type":"Point","coordinates":[80.230848,12.912221]}},{"type":"Feature","properties":{},"geometry":{"type":"Point","coordinates":[80.230819,12.911913]}},{"type":"Feature","properties":{},"geometry":{"type":"Point","coordinates":[80.229279,12.912059]}},{"type":"Feature","properties":{},"geometry":{"type":"Point","coordinates":[80.22925,12.911823]}},{"type":"Feature","properties":{},"geometry":{"type":"Point","coordinates":[80.230847,12.911613]}},{"type":"Feature","properties":{},"geometry":{"type":"Point","coordinates":[80.232144,12.913796]}},{"type":"Feature","properties":{},"geometry":{"type":"Point","coordinates":[80.232904,12.913935]}},{"type":"Feature","properties":{},"geometry":{"type":"Point","coordinates":[80.235163,12.913755]}},{"type":"Feature","properties":{},"geometry":{"type":"Point","coordinates":[80.234299,12.913387]}},{"type":"Feature","properties":{},"geometry":{"type":"Point","coordinates":[80.232252,12.913019]}},{"type":"Feature","properties":{},"geometry":{"type":"Point","coordinates":[80.233554,12.915197]}},{"type":"Feature","properties":{},"geometry":{"type":"Point","coordinates":[80.233498,12.915727]}},{"type":"Feature","properties":{},"geometry":{"type":"Point","coordinates":[80.233491,12.918929]}},{"type":"Feature","properties":{},"geometry":{"type":"Point","coordinates":[80.233511,12.917887]}},{"type":"Feature","properties":{},"geometry":{"type":"Point","coordinates":[80.236329,12.917129]}},{"type":"Feature","properties":{},"geometry":{"type":"Point","coordinates":[80.225641,12.916889]}},{"type":"Feature","properties":{},"geometry":{"type":"Point","coordinates":[80.225659,12.91765]}},{"type":"Feature","properties":{},"geometry":{"type":"Point","coordinates":[80.227298,12.91981]}},{"type":"Feature","properties":{},"geometry":{"type":"Point","coordinates":[80.228233,12.923029]}},{"type":"Feature","properties":{},"geometry":{"type":"Point","coordinates":[80.235353,12.906094]}},{"type":"Feature","properties":{},"geometry":{"type":"Point","coordinates":[80.236369,12.90687]}},{"type":"Feature","properties":{},"geometry":{"type":"Point","coordinates":[80.23297,12.903812]}},{"type":"Feature","properties":{},"geometry":{"type":"Point","coordinates":[80.232284,12.903504]}},{"type":"Feature","properties":{},"geometry":{"type":"Point","coordinates":[80.235051,12.89946]}},{"type":"Feature","properties":{},"geometry":{"type":"Point","coordinates":[80.233812,12.899733]}},{"type":"Feature","properties":{},"geometry":{"type":"Point","coordinates":[80.234486,12.899672]}},{"type":"Feature","properties":{},"geometry":{"type":"Point","coordinates":[80.233424,12.898125]}},{"type":"Feature","properties":{},"geometry":{"type":"Point","coordinates":[80.23345,12.897877]}},{"type":"Feature","properties":{},"geometry":{"type":"Point","coordinates":[80.234782,12.898505]}},{"type":"Feature","properties":{},"geometry":{"type":"Point","coordinates":[80.232328,12.894472]}},{"type":"Feature","properties":{},"geometry":{"type":"Point","coordinates":[80.233039,12.891849]}},{"type":"Feature","properties":{},"geometry":{"type":"Point","coordinates":[80.232942,12.891287]}},{"type":"Feature","properties":{},"geometry":{"type":"Point","coordinates":[80.231817,12.890368]}},{"type":"Feature","properties":{},"geometry":{"type":"Point","coordinates":[80.229891,12.890787]}},{"type":"Feature","properties":{},"geometry":{"type":"Point","coordinates":[80.230939,12.892405]}},{"type":"Feature","properties":{},"geometry":{"type":"Point","coordinates":[80.230993,12.897059]}},{"type":"Feature","properties":{},"geometry":{"type":"Point","coordinates":[80.235908,12.89983]}},{"type":"Feature","properties":{},"geometry":{"type":"Point","coordinates":[80.231273,12.902706]}},{"type":"Feature","properties":{},"geometry":{"type":"Point","coordinates":[80.227832,12.894544]}},{"type":"Feature","properties":{},"geometry":{"type":"Point","coordinates":[80.227478,12.898345]}},{"type":"Feature","properties":{},"geometry":{"type":"Point","coordinates":[80.230004,12.901018]}},{"type":"Feature","properties":{},"geometry":{"type":"Point","coordinates":[80.233331,12.903216]}},{"type":"Feature","properties":{},"geometry":{"type":"Point","coordinates":[80.23345,12.902949]}},{"type":"Feature","properties":{},"geometry":{"type":"Point","coordinates":[80.234335,12.903462]}},{"type":"Feature","properties":{},"geometry":{"type":"Point","coordinates":[80.233293,12.908275]}},{"type":"Feature","properties":{},"geometry":{"type":"Point","coordinates":[80.231258,12.905946]}},{"type":"Feature","properties":{},"geometry":{"type":"Point","coordinates":[80.230548,12.905554]}},{"type":"Feature","properties":{},"geometry":{"type":"Point","coordinates":[80.235631,12.915004]}},{"type":"Feature","properties":{},"geometry":{"type":"Point","coordinates":[80.233925,12.917987]}},{"type":"Feature","properties":{},"geometry":{"type":"Point","coordinates":[80.231232,12.910784]}},{"type":"Feature","properties":{},"geometry":{"type":"Point","coordinates":[80.232219,12.905903]}},{"type":"Feature","properties":{},"geometry":{"type":"Point","coordinates":[80.22817,12.916553]}},{"type":"Feature","properties":{},"geometry":{"type":"Point","coordinates":[80.231693,12.917081]}},{"type":"Feature","properties":{},"geometry":{"type":"Point","coordinates":[80.236238,12.902672]}},{"type":"Feature","properties":{},"geometry":{"type":"Point","coordinates":[80.230488,12.899732]}},{"type":"Feature","properties":{},"geometry":{"type":"Point","coordinates":[80.23436,12.902268]}},{"type":"Feature","properties":{},"geometry":{"type":"Point","coordinates":[80.214621,12.893284]}},{"type":"Feature","properties":{},"geometry":{"type":"Point","coordinates":[80.230761,12.897118]}},{"type":"Feature","properties":{},"geometry":{"type":"Point","coordinates":[80.245194,12.881907]}},{"type":"Feature","properties":{},"geometry":{"type":"Point","coordinates":[80.245704,12.885271]}},{"type":"Feature","properties":{},"geometry":{"type":"Point","coordinates":[80.245993,12.88633]}},{"type":"Feature","properties":{},"geometry":{"type":"Point","coordinates":[80.245651,12.887935]}},{"type":"Feature","properties":{},"geometry":{"type":"Point","coordinates":[80.246744,12.893838]}},{"type":"Feature","properties":{},"geometry":{"type":"Point","coordinates":[80.246601,12.8945]}},{"type":"Feature","properties":{},"geometry":{"type":"Point","coordinates":[80.246822,12.895498]}},{"type":"Feature","properties":{},"geometry":{"type":"Point","coordinates":[80.244989,12.880491]}},{"type":"Feature","properties":{},"geometry":{"type":"Point","coordinates":[80.24512,12.881323]}},{"type":"Feature","properties":{},"geometry":{"type":"Point","coordinates":[80.246891,12.880286]}},{"type":"Feature","properties":{},"geometry":{"type":"Point","coordinates":[80.248469,12.880984]}},{"type":"Feature","properties":{},"geometry":{"type":"Point","coordinates":[80.248549,12.881432]}},{"type":"Feature","properties":{},"geometry":{"type":"Point","coordinates":[80.250001,12.881282]}},{"type":"Feature","properties":{},"geometry":{"type":"Point","coordinates":[80.250107,12.881899]}},{"type":"Feature","properties":{},"geometry":{"type":"Point","coordinates":[80.250261,12.882912]}},{"type":"Feature","properties":{},"geometry":{"type":"Point","coordinates":[80.250318,12.884061]}},{"type":"Feature","properties":{},"geometry":{"type":"Point","coordinates":[80.249113,12.884868]}},{"type":"Feature","properties":{},"geometry":{"type":"Point","coordinates":[80.248894,12.883621]}},{"type":"Feature","properties":{},"geometry":{"type":"Point","coordinates":[80.249346,12.886489]}},{"type":"Feature","properties":{},"geometry":{"type":"Point","coordinates":[80.249212,12.885886]}},{"type":"Feature","properties":{},"geometry":{"type":"Point","coordinates":[80.250605,12.886245]}},{"type":"Feature","properties":{},"geometry":{"type":"Point","coordinates":[80.249405,12.879707]}},{"type":"Feature","properties":{},"geometry":{"type":"Point","coordinates":[80.247183,12.882271]}},{"type":"Feature","properties":{},"geometry":{"type":"Point","coordinates":[80.247303,12.883253]}},{"type":"Feature","properties":{},"geometry":{"type":"Point","coordinates":[80.247473,12.88391]}},{"type":"Feature","properties":{},"geometry":{"type":"Point","coordinates":[80.247436,12.885058]}},{"type":"Feature","properties":{},"geometry":{"type":"Point","coordinates":[80.249116,12.885346]}},{"type":"Feature","properties":{},"geometry":{"type":"Point","coordinates":[80.247722,12.885601]}},{"type":"Feature","properties":{},"geometry":{"type":"Point","coordinates":[80.247983,12.886034]}},{"type":"Feature","properties":{},"geometry":{"type":"Point","coordinates":[80.24593,12.885155]}},{"type":"Feature","properties":{},"geometry":{"type":"Point","coordinates":[80.246679,12.884493]}},{"type":"Feature","properties":{},"geometry":{"type":"Point","coordinates":[80.245705,12.884016]}},{"type":"Feature","properties":{},"geometry":{"type":"Point","coordinates":[80.24756,12.884488]}},{"type":"Feature","properties":{},"geometry":{"type":"Point","coordinates":[80.248993,12.884236]}},{"type":"Feature","properties":{},"geometry":{"type":"Point","coordinates":[80.245618,12.883567]}},{"type":"Feature","properties":{},"geometry":{"type":"Point","coordinates":[80.245448,12.882923]}},{"type":"Feature","properties":{},"geometry":{"type":"Point","coordinates":[80.245505,12.882443]}},{"type":"Feature","properties":{},"geometry":{"type":"Point","coordinates":[80.247315,12.882712]}},{"type":"Feature","properties":{},"geometry":{"type":"Point","coordinates":[80.251603,12.881654]}},{"type":"Feature","properties":{},"geometry":{"type":"Point","coordinates":[80.251316,12.881132]}},{"type":"Feature","properties":{},"geometry":{"type":"Point","coordinates":[80.247967,12.897942]}},{"type":"Feature","properties":{},"geometry":{"type":"Point","coordinates":[80.248391,12.899358]}},{"type":"Feature","properties":{},"geometry":{"type":"Point","coordinates":[80.252551,12.895583]}},{"type":"Feature","properties":{},"geometry":{"type":"Point","coordinates":[80.252785,12.897342]}},{"type":"Feature","properties":{},"geometry":{"type":"Point","coordinates":[80.253574,12.90248]}},{"type":"Feature","properties":{},"geometry":{"type":"Point","coordinates":[80.247607,12.895468]}},{"type":"Feature","properties":{},"geometry":{"type":"Point","coordinates":[80.24764,12.894053]}},{"type":"Feature","properties":{},"geometry":{"type":"Point","coordinates":[80.253038,12.894688]}},{"type":"Feature","properties":{},"geometry":{"type":"Point","coordinates":[80.251259,12.893563]}},{"type":"Feature","properties":{},"geometry":{"type":"Point","coordinates":[80.253069,12.898687]}},{"type":"Feature","properties":{},"geometry":{"type":"Point","coordinates":[80.253333,12.900637]}},{"type":"Feature","properties":{},"geometry":{"type":"Point","coordinates":[80.249001,12.90124]}},{"type":"Feature","properties":{},"geometry":{"type":"Point","coordinates":[80.252138,12.892017]}},{"type":"Feature","properties":{},"geometry":{"type":"Point","coordinates":[80.252359,12.892767]}},{"type":"Feature","properties":{},"geometry":{"type":"Point","coordinates":[80.25245,12.891956]}},{"type":"Feature","properties":{},"geometry":{"type":"Point","coordinates":[80.252144,12.88961]}},{"type":"Feature","properties":{},"geometry":{"type":"Point","coordinates":[80.252125,12.888373]}},{"type":"Feature","properties":{},"geometry":{"type":"Point","coordinates":[80.252544,12.886972]}},{"type":"Feature","properties":{},"geometry":{"type":"Point","coordinates":[80.252007,12.887325]}},{"type":"Feature","properties":{},"geometry":{"type":"Point","coordinates":[80.251881,12.887309]}},{"type":"Feature","properties":{},"geometry":{"type":"Point","coordinates":[80.251133,12.889212]}},{"type":"Feature","properties":{},"geometry":{"type":"Point","coordinates":[80.246564,12.891951]}},{"type":"Feature","properties":{},"geometry":{"type":"Point","coordinates":[80.248802,12.890497]}},{"type":"Feature","properties":{},"geometry":{"type":"Point","coordinates":[80.252789,12.890918]}},{"type":"Feature","properties":{},"geometry":{"type":"Point","coordinates":[80.251982,12.891034]}},{"type":"Feature","properties":{},"geometry":{"type":"Point","coordinates":[80.243841,12.883255]}},{"type":"Feature","properties":{},"geometry":{"type":"Point","coordinates":[80.245707,12.89889]}},{"type":"Feature","properties":{},"geometry":{"type":"Point","coordinates":[80.248381,12.902354]}},{"type":"Feature","properties":{},"geometry":{"type":"Point","coordinates":[80.244536,12.905211]}},{"type":"Feature","properties":{},"geometry":{"type":"Point","coordinates":[80.243085,12.905353]}},{"type":"Feature","properties":{},"geometry":{"type":"Point","coordinates":[80.240644,12.905606]}},{"type":"Feature","properties":{},"geometry":{"type":"Point","coordinates":[80.241355,12.905575]}},{"type":"Feature","properties":{},"geometry":{"type":"Point","coordinates":[80.241448,12.906673]}},{"type":"Feature","properties":{},"geometry":{"type":"Point","coordinates":[80.245067,12.889206]}},{"type":"Feature","properties":{},"geometry":{"type":"Point","coordinates":[80.246379,12.895374]}},{"type":"Feature","properties":{},"geometry":{"type":"Point","coordinates":[80.24557,12.895582]}},{"type":"Feature","properties":{},"geometry":{"type":"Point","coordinates":[80.244937,12.895689]}},{"type":"Feature","properties":{},"geometry":{"type":"Point","coordinates":[80.243302,12.895265]}},{"type":"Feature","properties":{},"geometry":{"type":"Point","coordinates":[80.229267,12.876443]}},{"type":"Feature","properties":{},"geometry":{"type":"Point","coordinates":[80.232154,12.883759]}},{"type":"Feature","properties":{},"geometry":{"type":"Point","coordinates":[80.230568,12.885725]}},{"type":"Feature","properties":{},"geometry":{"type":"Point","coordinates":[80.23049,12.885422]}},{"type":"Feature","properties":{},"geometry":{"type":"Point","coordinates":[80.230754,12.887765]}},{"type":"Feature","properties":{},"geometry":{"type":"Point","coordinates":[80.230986,12.888887]}},{"type":"Feature","properties":{},"geometry":{"type":"Point","coordinates":[80.231174,12.88923]}},{"type":"Feature","properties":{},"geometry":{"type":"Point","coordinates":[80.228415,12.887453]}},{"type":"Feature","properties":{},"geometry":{"type":"Point","coordinates":[80.230913,12.887447]}},{"type":"Feature","properties":{},"geometry":{"type":"Point","coordinates":[80.231649,12.887437]}},{"type":"Feature","properties":{},"geometry":{"type":"Point","coordinates":[80.231284,12.885985]}},{"type":"Feature","properties":{},"geometry":{"type":"Point","coordinates":[80.231041,12.888106]}},{"type":"Feature","properties":{},"geometry":{"type":"Point","coordinates":[80.231733,12.888066]}},{"type":"Feature","properties":{},"geometry":{"type":"Point","coordinates":[80.227479,12.887518]}},{"type":"Feature","properties":{},"geometry":{"type":"Point","coordinates":[80.226962,12.880231]}},{"type":"Feature","properties":{},"geometry":{"type":"Point","coordinates":[80.230104,12.884493]}},{"type":"Feature","properties":{},"geometry":{"type":"Point","coordinates":[80.227078,12.885068]}},{"type":"Feature","properties":{},"geometry":{"type":"Point","coordinates":[80.229694,12.886404]}},{"type":"Feature","properties":{},"geometry":{"type":"Point","coordinates":[80.229573,12.885875]}},{"type":"Feature","properties":{},"geometry":{"type":"Point","coordinates":[80.229138,12.889148]}},{"type":"Feature","properties":{},"geometry":{"type":"Point","coordinates":[80.229443,12.886932]}},{"type":"Feature","properties":{},"geometry":{"type":"Point","coordinates":[80.227552,12.888489]}},{"type":"Feature","properties":{},"geometry":{"type":"Point","coordinates":[80.227585,12.88892]}},{"type":"Feature","properties":{},"geometry":{"type":"Point","coordinates":[80.2306,12.888292]}},{"type":"Feature","properties":{},"geometry":{"type":"Point","coordinates":[80.229621,12.88902]}},{"type":"Feature","properties":{},"geometry":{"type":"Point","coordinates":[80.229909,12.8888]}},{"type":"Feature","properties":{},"geometry":{"type":"Point","coordinates":[80.230265,12.889386]}},{"type":"Feature","properties":{},"geometry":{"type":"Point","coordinates":[80.230262,12.889706]}},{"type":"Feature","properties":{},"geometry":{"type":"Point","coordinates":[80.227499,12.887906]}},{"type":"Feature","properties":{},"geometry":{"type":"Point","coordinates":[80.230444,12.88942]}},{"type":"Feature","properties":{},"geometry":{"type":"Point","coordinates":[80.230276,12.888381]}},{"type":"Feature","properties":{},"geometry":{"type":"Point","coordinates":[80.228722,12.887598]}},{"type":"Feature","properties":{},"geometry":{"type":"Point","coordinates":[80.250688,12.886425]}},{"type":"Feature","properties":{},"geometry":{"type":"Point","coordinates":[80.228113,12.883257]}},{"type":"Feature","properties":{},"geometry":{"type":"Point","coordinates":[80.228537,12.884042]}},{"type":"Feature","properties":{},"geometry":{"type":"Point","coordinates":[80.227992,12.87653]}},{"type":"Feature","properties":{},"geometry":{"type":"Point","coordinates":[80.22814,12.877321]}},{"type":"Feature","properties":{},"geometry":{"type":"Point","coordinates":[80.227121,12.877336]}},{"type":"Feature","properties":{},"geometry":{"type":"Point","coordinates":[80.226974,12.880736]}},{"type":"Feature","properties":{},"geometry":{"type":"Point","coordinates":[80.229509,12.877564]}},{"type":"Feature","properties":{},"geometry":{"type":"Point","coordinates":[80.248487,12.886973]}},{"type":"Feature","properties":{},"geometry":{"type":"Point","coordinates":[80.24922,12.887062]}},{"type":"Feature","properties":{},"geometry":{"type":"Point","coordinates":[80.250178,12.887179]}},{"type":"Feature","properties":{},"geometry":{"type":"Point","coordinates":[80.252758,12.888526]}},{"type":"Feature","properties":{},"geometry":{"type":"Point","coordinates":[80.246037,12.886882]}},{"type":"Feature","properties":{},"geometry":{"type":"Point","coordinates":[80.247017,12.889622]}},{"type":"Feature","properties":{},"geometry":{"type":"Point","coordinates":[80.249228,12.890274]}},{"type":"Feature","properties":{},"geometry":{"type":"Point","coordinates":[80.247111,12.887795]}},{"type":"Feature","properties":{},"geometry":{"type":"Point","coordinates":[80.247948,12.887719]}},{"type":"Feature","properties":{},"geometry":{"type":"Point","coordinates":[80.248193,12.888275]}},{"type":"Feature","properties":{},"geometry":{"type":"Point","coordinates":[80.24639,12.888511]}},{"type":"Feature","properties":{},"geometry":{"type":"Point","coordinates":[80.248185,12.888946]}},{"type":"Feature","properties":{},"geometry":{"type":"Point","coordinates":[80.245614,12.889159]}},{"type":"Feature","properties":{},"geometry":{"type":"Point","coordinates":[80.246454,12.887635]}},{"type":"Feature","properties":{},"geometry":{"type":"Point","coordinates":[80.247438,12.887257]}},{"type":"Feature","properties":{},"geometry":{"type":"Point","coordinates":[80.251353,12.894181]}},{"type":"Feature","properties":{},"geometry":{"type":"Point","coordinates":[80.247698,12.894626]}},{"type":"Feature","properties":{},"geometry":{"type":"Point","coordinates":[80.23058,12.886107]}},{"type":"Feature","properties":{},"geometry":{"type":"Point","coordinates":[80.247051,12.896466]}},{"type":"Feature","properties":{},"geometry":{"type":"Point","coordinates":[80.252023,12.893009]}},{"type":"Feature","properties":{},"geometry":{"type":"Point","coordinates":[80.24953,12.894461]}},{"type":"Feature","properties":{},"geometry":{"type":"Point","coordinates":[80.247177,12.891307]}},{"type":"Feature","properties":{},"geometry":{"type":"Point","coordinates":[80.244457,12.890122]}},{"type":"Feature","properties":{},"geometry":{"type":"Point","coordinates":[80.227396,12.887233]}},{"type":"Feature","properties":{},"geometry":{"type":"Point","coordinates":[80.227026,12.882108]}},{"type":"Feature","properties":{},"geometry":{"type":"Point","coordinates":[80.2338,12.890185]}},{"type":"Feature","properties":{},"geometry":{"type":"Point","coordinates":[80.233361,12.889534]}},{"type":"Feature","properties":{},"geometry":{"type":"Point","coordinates":[80.232306,12.888062]}},{"type":"Feature","properties":{},"geometry":{"type":"Point","coordinates":[80.228751,12.882992]}},{"type":"Feature","properties":{},"geometry":{"type":"Point","coordinates":[80.230149,12.883947]}},{"type":"Feature","properties":{},"geometry":{"type":"Point","coordinates":[80.230407,12.884396]}},{"type":"Feature","properties":{},"geometry":{"type":"Point","coordinates":[80.230563,12.884657]}},{"type":"Feature","properties":{},"geometry":{"type":"Point","coordinates":[80.232015,12.889114]}},{"type":"Feature","properties":{},"geometry":{"type":"Point","coordinates":[80.229018,12.889851]}},{"type":"Feature","properties":{},"geometry":{"type":"Point","coordinates":[80.23255,12.887333]}},{"type":"Feature","properties":{},"geometry":{"type":"Point","coordinates":[80.242821,12.898417]}},{"type":"Feature","properties":{},"geometry":{"type":"Point","coordinates":[80.245736,12.890259]}},{"type":"Feature","properties":{},"geometry":{"type":"Point","coordinates":[80.246382,12.888002]}},{"type":"Feature","properties":{},"geometry":{"type":"Point","coordinates":[80.242759,12.898883]}},{"type":"Feature","properties":{},"geometry":{"type":"Point","coordinates":[80.244613,12.898123]}},{"type":"Feature","properties":{},"geometry":{"type":"Point","coordinates":[80.244004,12.898494]}},{"type":"Feature","properties":{},"geometry":{"type":"Point","coordinates":[80.245935,12.89815]}},{"type":"Feature","properties":{},"geometry":{"type":"Point","coordinates":[80.251694,12.887816]}},{"type":"Feature","properties":{},"geometry":{"type":"Point","coordinates":[80.249863,12.888638]}},{"type":"Feature","properties":{},"geometry":{"type":"Point","coordinates":[80.247215,12.888729]}},{"type":"Feature","properties":{},"geometry":{"type":"Point","coordinates":[80.247706,12.889395]}},{"type":"Feature","properties":{},"geometry":{"type":"Point","coordinates":[80.247787,12.886637]}},{"type":"Feature","properties":{},"geometry":{"type":"Point","coordinates":[80.251354,12.880686]}},{"type":"Feature","properties":{},"geometry":{"type":"Point","coordinates":[80.246973,12.881738]}},{"type":"Feature","properties":{},"geometry":{"type":"Point","coordinates":[80.248769,12.879558]}},{"type":"Feature","properties":{},"geometry":{"type":"Point","coordinates":[80.247856,12.880096]}},{"type":"Feature","properties":{},"geometry":{"type":"Point","coordinates":[80.229877,12.879593]}},{"type":"Feature","properties":{},"geometry":{"type":"Point","coordinates":[80.229779,12.880735]}},{"type":"Feature","properties":{},"geometry":{"type":"Point","coordinates":[80.229343,12.880491]}},{"type":"Feature","properties":{},"geometry":{"type":"Point","coordinates":[80.227021,12.880392]}},{"type":"Feature","properties":{},"geometry":{"type":"Point","coordinates":[80.252282,12.886259]}},{"type":"Feature","properties":{},"geometry":{"type":"Point","coordinates":[80.250846,12.890808]}},{"type":"Feature","properties":{},"geometry":{"type":"Point","coordinates":[80.247662,12.897075]}},{"type":"Feature","properties":{},"geometry":{"type":"Point","coordinates":[80.2114,12.876566]}},{"type":"Feature","properties":{},"geometry":{"type":"Point","coordinates":[80.21145,12.875781]}},{"type":"Feature","properties":{},"geometry":{"type":"Point","coordinates":[80.210604,12.877654]}},{"type":"Feature","properties":{},"geometry":{"type":"Point","coordinates":[80.210295,12.875978]}},{"type":"Feature","properties":{},"geometry":{"type":"Point","coordinates":[80.209964,12.874172]}}]}